# https://github.com/mikedh/trimesh
v -0.01624925 0.97157650 0.23691425
v -0.00754960 0.96627798 0.23529134
v -0.00696775 0.96422200 0.23603175
v -0.02007850 0.97041000 0.23542150
v -0.00927900 0.96731600 0.23484200
v -0.03483650 0.96422250 0.23404213
v -0.03635683 0.97305082 0.23633453
v 0.03251050 0.97041000 0.23389600
v -0.01214440 0.96001389 0.23994766
v -0.01393450 0.97419200 0.24049700
v -0.00808752 0.98504852 0.25890714
v -0.01083700 0.97041000 0.23594650
v -0.01081552 0.96892207 0.23531929
v -0.01419075 0.96731600 0.23460200
v -0.05001857 0.96332896 0.23271591
v -0.04062000 0.96732300 0.23226200
v 0.00386825 0.96625275 0.23533825
v -0.04334400 0.96858400 0.23220400
v -0.03830805 0.97464511 0.23823974
v -0.04257726 0.99064824 0.26458523
v 0.00336450 0.96788450 0.23510250
v 0.00928800 0.96592500 0.23529800
v -0.00155150 0.96422200 0.23609900
v -0.04654700 0.97041000 0.23223300
v -0.04709800 0.97660500 0.23970400
v -0.00318546 0.99088433 0.26861097
v 0.00309300 0.97041000 0.23605200
v 0.01397975 0.96886300 0.23512625
v 0.01396600 0.95463800 0.24461263
v -0.03095175 0.94817468 0.24983768
v -0.05294500 0.97666300 0.23833400
v -0.05572700 0.97878600 0.24149300
v -0.05330000 0.97651100 0.23879800
v 0.00839371 0.97868177 0.24895102
v 0.01547600 0.96731600 0.23459600
v 0.01512712 0.96528448 0.23532187
v 0.01612087 0.96422375 0.23569212
v -0.04953900 0.97041000 0.23177000
v -0.05263300 0.97466300 0.23529800
v -0.05280000 0.97701800 0.23910200
v -0.05608200 0.97749600 0.23764600
v -0.05263300 0.97836600 0.24149300
v -0.02360350 0.98514225 0.25775250
v -0.02045073 1.00087613 0.28376522
v -0.00770815 1.00563647 0.29163781
v 0.01091059 0.96909960 0.23532322
v 0.02517934 0.95476783 0.24468154
v -0.05809700 0.96731600 0.22911100
v -0.05572700 0.96731600 0.22961800
v -0.05572700 0.97660500 0.23762400
v -0.05882800 0.97747400 0.23839200
v 0.02791602 0.97838284 0.24703681
v 0.02970658 0.96305351 0.23567971
v -0.00224454 0.93369696 0.26300486
v -0.05882800 0.96794600 0.22911100
v -0.06186400 0.97041000 0.22909600
v -0.02476700 0.99408100 0.27245400
v -0.06806075 0.96731250 0.22673725
v -0.06346900 0.96731600 0.22790750
v -0.07596497 0.97429443 0.22876415
v 0.02140672 0.99085250 0.26756729
v -0.01373439 0.93013694 0.26493584
v -0.03891144 0.94108741 0.25504968
v -0.06792900 0.98280000 0.24550000
v -0.05961154 1.00008491 0.27688359
v 0.01328661 0.97224242 0.23787468
v 0.03716400 0.92398175 0.26743825
v 0.01567504 0.91581540 0.27473776
v -0.07110200 0.96730900 0.22595100
v -0.07121100 0.96771500 0.22600900
v -0.07121100 0.97041000 0.22669100
v -0.07121100 0.98103900 0.24149300
v -0.07150800 0.98290100 0.24489200
v -0.07100800 0.98306100 0.24471000
v -0.07121100 0.98456100 0.24768100
v -0.02319800 1.00068950 0.28313400
v 0.05994162 0.96312800 0.23136679
v -0.04469962 0.97041000 0.23241100
v -0.07430500 0.97041000 0.22561100
v -0.06155630 0.97835535 0.23938231
v -0.07015300 0.98237200 0.24405800
v -0.07426900 0.98240100 0.24434800
v -0.06903496 0.98715822 0.25280566
v -0.04153370 1.00840127 0.29282648
v 0.04776797 0.95300714 0.24353472
v 0.07055606 0.93985444 0.25148960
v -0.05895929 0.96020926 0.23487319
v -0.07739900 0.98383600 0.24458700
v -0.07430500 0.98280000 0.24371100
v -0.06484900 0.99468300 0.26648400
v -0.06189300 0.99816800 0.27293200
v -0.06211100 0.99972600 0.27542500
v -0.03546033 1.00833403 0.29352901
v 0.05484792 0.95076979 0.24466710
v 0.02989779 0.91673482 0.27292626
v -0.00593229 0.91771428 0.27369879
v -0.06358718 0.91211449 0.27120771
v -0.07069791 0.93865845 0.25087661
v -0.09027854 0.98546396 0.24323323
v -0.06998650 1.00009900 0.27410950
v -0.06811700 0.99687800 0.26935300
v -0.06507400 0.99716800 0.26902700
v -0.06458900 0.99878400 0.27278000
v -0.06516800 0.99851600 0.27294700
v -0.06792900 0.99957400 0.27228000
v -0.01217000 1.01044200 0.29809650
v 0.02848615 1.00072187 0.28258997
v 0.04234349 1.00219881 0.28350334
v -0.07078000 0.92190461 0.26343860
v -0.10682000 0.96732350 0.21423500
v -0.07365808 0.99892395 0.27133439
v -0.07093600 0.99824000 0.27086700
v -0.06506000 0.99845100 0.27228000
v -0.06785334 1.00310655 0.27924238
v 0.07799650 0.97041175 0.22399537
v 0.02965550 0.96575450 0.23406125
v -0.03704240 0.91730810 0.27155586
v -0.11336085 1.00048654 0.26025682
v -0.02736316 1.00520777 0.29017540
v 0.05605554 1.00232872 0.28138139
v 0.04359559 0.97396488 0.23606068
v 0.04050829 0.93371722 0.26077139
v -0.03715700 0.90848900 0.27685200
v -0.09111365 0.92450714 0.25691902
v -0.09134150 0.97041000 0.21923650
v -0.02625616 1.02592572 0.31840563
v 0.01711578 0.94710791 0.25059572
v -0.03405500 0.90848900 0.27719300
v -0.03436000 0.90614100 0.27919300
v -0.03764900 0.90474300 0.27812000
v -0.03992400 0.90539500 0.27827200
v -0.06357944 0.90433557 0.27521427
v -0.08631140 0.96356045 0.22372138
v -0.09597700 0.97367800 0.21982200
v -0.09081253 0.97514548 0.22433145
v -0.09042041 1.01265782 0.28726399
v 0.06005438 0.99601772 0.27057218
v 0.06914802 0.97478537 0.23027691
v 0.07816846 0.96314688 0.22712610
v 0.07703808 0.94297958 0.24696766
v 0.05675944 0.92323990 0.26543841
v 0.03718050 0.91306450 0.27423300
v 0.03096000 0.90848900 0.27733800
v -0.02405988 0.90496275 0.28042820
v -0.03669300 0.90501100 0.27849700
v -0.03755500 0.90538700 0.27817800
v -0.08330851 0.92002511 0.26180745
v -0.09128627 0.95585896 0.23080914
v -0.09064400 0.97196225 0.22057175
v -0.09557100 0.97351800 0.21980000
v -0.09907800 0.97467000 0.21982200
v -0.09689991 1.00335707 0.27157109
v 0.04494363 0.89081300 0.28434225
v 0.03408300 0.90488000 0.27905500
v 0.03443800 0.90558300 0.27833800
v 0.03094500 0.90539500 0.27896100
v -0.08580599 0.90532077 0.26971113
v -0.09365825 0.96731600 0.21877650
v -0.10675699 0.99012376 0.24461190
v -0.04642646 1.01507971 0.30140025
v -0.01150350 1.01121350 0.29919425
v 0.00866976 1.02526670 0.31879931
v 0.02649059 1.01316494 0.30098366
v 0.08828957 1.01279548 0.28937526
v 0.08586603 0.99324040 0.25940245
v 0.03715500 0.90539500 0.27831600
v 0.03780700 0.90521400 0.27777200
v 0.03360400 0.90475000 0.27850400
v 0.03939663 0.88614131 0.28784039
v -0.09355677 0.94854840 0.23750700
v -0.09907800 0.96812000 0.21672100
v -0.09907800 0.97158400 0.21672100
v -0.09907800 0.97041000 0.21608300
v -0.10217200 0.97041000 0.21482200
v 0.03705018 1.02577663 0.31718178
v 0.03940991 1.00924702 0.29396631
v 0.09787582 0.98471669 0.23989750
v -0.01190732 0.89156743 0.28863749
v -0.10042411 0.91855698 0.25813309
v -0.10526600 0.97054800 0.21362700
v -0.10719425 0.97347475 0.21437862
v -0.03399000 1.02640400 0.31863800
v -0.01697000 1.03132400 0.32583800
v -0.01174250 1.03110850 0.32599975
v 0.09107111 1.00121834 0.27092690
v 0.06049484 0.91080333 0.27232331
v -0.10756289 0.89481348 0.26881043
v -0.10836000 0.97041000 0.21225700
v -0.11146100 0.97351100 0.21254000
v -0.12885580 0.99603775 0.24410721
v -0.05127681 1.03120814 0.32237525
v -0.03424739 1.03291736 0.32693013
v -0.00777200 1.02678800 0.32068100
v -0.12018323 0.93216570 0.24141844
v -0.12803523 0.95240566 0.22177379
v -0.04364325 1.02556913 0.31624487
v 0.09773463 0.96090218 0.22402605
v 0.03715500 0.90230100 0.27988100
v -0.04138034 0.88639336 0.28755127
v -0.04175785 0.87016275 0.29471632
v -0.08050000 0.88062900 0.28275000
v -0.11160751 0.96386019 0.21537086
v -0.11455500 0.97251800 0.21053300
v -0.11937675 0.97351100 0.20876150
v -0.11515250 0.97351100 0.21084100
v -0.12236572 0.97664685 0.21109509
v -0.11461300 1.00466000 0.26615000
v -0.12180040 1.02766906 0.29851909
v -0.09904725 1.03968988 0.32108487
v 0.05542806 1.03020676 0.32032218
v 0.06385288 0.96731600 0.22779550
v -0.09397008 0.89055376 0.27492811
v -0.11532850 0.97041000 0.20932275
v -0.12797556 0.97041000 0.20343300
v 0.02887722 1.02674928 0.31917483
v 0.06531373 1.03252241 0.32145158
v 0.10384679 0.91959985 0.25611291
v 0.08578536 0.91225826 0.26581600
v 0.00666610 0.88044801 0.29371992
v -0.01629680 0.87144492 0.29691287
v -0.12655300 0.90813400 0.25387600
v -0.12492840 0.91721517 0.24935207
v -0.12075000 0.97193200 0.20743200
v -0.12384400 0.97041000 0.20565600
v -0.14022701 0.98437826 0.21598813
v 0.01355187 1.04228400 0.33826537
v 0.04634946 1.04254210 0.33644173
v 0.08350670 0.88732796 0.27870693
v -0.11418992 0.88920687 0.26904934
v -0.13003900 0.90230100 0.25557900
v -0.13014700 0.90544500 0.25368100
v -0.13077925 0.90730225 0.25253388
v -0.13007500 0.90579300 0.25407200
v -0.14113037 0.94838909 0.21977996
v -0.12938213 0.97312338 0.20349200
v -0.14154343 0.99433976 0.23356340
v -0.08736583 1.02553693 0.30743243
v -0.08668800 1.03456300 0.31889100
v -0.07893500 1.03243250 0.31830450
v -0.07022079 1.03289798 0.32082656
v -0.01870172 1.04685433 0.34336669
v 0.11495691 1.00243188 0.26441585
v 0.11779103 0.98494226 0.22964739
v 0.07966580 0.89621731 0.27544483
v -0.09257785 0.87716049 0.28138561
v -0.13038600 0.90501800 0.25405700
v -0.13311800 0.90851800 0.25079700
v -0.13300900 0.91468400 0.24728300
v -0.14065821 0.92369573 0.23835876
v -0.12693700 0.97143900 0.20433800
v -0.12693700 0.97041000 0.20412800
v -0.12561787 0.97500000 0.20748337
v -0.14580943 0.97792138 0.19761964
v -0.12502595 1.01191139 0.27324303
v -0.08841950 1.03542150 0.31941650
v 0.03903401 1.05391803 0.34980947
v 0.09984207 1.02837069 0.30673199
v 0.06213419 0.83473087 0.30304625
v -0.13592200 0.91179300 0.24736200
v -0.13645800 0.91119100 0.24718100
v -0.13346600 0.91437900 0.24784100
v -0.13663200 0.91116900 0.24801400
v -0.15157397 0.95549007 0.20809500
v -0.13863200 0.97351100 0.19815000
v -0.09278436 1.04750457 0.33265586
v 0.01545038 1.06438125 0.36173963
v 0.00736963 1.03859250 0.33437625
v 0.09597500 0.97041000 0.21769100
v 0.12435795 0.95121279 0.22401870
v 0.11657212 0.91760184 0.25253479
v 0.07120100 0.86036087 0.29289405
v 0.02795895 0.87195949 0.29541728
v -0.11469980 0.85956230 0.28059356
v -0.13932000 0.91159000 0.24632600
v -0.13465750 0.97041000 0.20025100
v -0.13313200 0.97219200 0.20124400
v -0.13602350 0.97351100 0.19969700
v -0.07118649 1.06321687 0.35501233
v -0.00522314 1.03961155 0.33617850
v 0.02104411 1.06520178 0.36264263
v 0.09933415 1.01340133 0.28601043
v 0.10681100 0.97351100 0.21509750
v 0.09907600 0.96972200 0.21672100
v 0.05591799 0.87911932 0.28826245
v 0.04201985 0.87102667 0.29428775
v 0.01077978 0.86311735 0.30015856
v -0.09854022 0.85656282 0.28701684
v -0.13407917 0.88597780 0.26246368
v -0.15847275 0.95598876 0.20419482
v -0.12258158 1.03237547 0.30474239
v -0.09286800 1.03853400 0.32192000
v 0.05176617 1.05866722 0.35355156
v 0.09716812 0.97432427 0.22032661
v 0.09877900 0.97041000 0.21662300
v -0.07121100 0.85786300 0.29412600
v -0.07430500 0.85642100 0.29393700
v -0.07708700 0.85578400 0.29298100
v -0.07777243 0.86272438 0.29096955
v -0.13075429 0.84216355 0.28077205
v -0.15149778 0.94442833 0.21779366
v -0.18082105 1.01182069 0.24067014
v -0.14162171 1.01632394 0.27141093
v -0.10217200 1.04336600 0.32508600
v -0.07771742 1.06060783 0.35085010
v 0.07139324 1.05283472 0.34386696
v 0.11814672 1.02303308 0.29249224
v 0.10835800 0.97225000 0.21362700
v 0.10142400 0.96730900 0.21671300
v 0.10651000 0.97041000 0.21362700
v 0.10899200 0.96731600 0.21388050
v 0.12540004 0.96619986 0.20799823
v 0.10627508 0.88129690 0.27458837
v 0.05974092 0.86017510 0.29524658
v -0.00411340 0.85417538 0.30347378
v -0.03371351 0.85268477 0.30189714
v -0.07428300 0.85640000 0.29423400
v -0.07479800 0.85604500 0.29414700
v -0.07711075 0.85460438 0.29388825
v -0.07953982 0.85017092 0.29479749
v -0.10227850 0.83422260 0.29400196
v -0.15598904 0.91877658 0.23426499
v -0.14381869 1.02592339 0.28581007
v -0.04026142 1.07074172 0.36664419
v 0.09951849 1.04296211 0.32544976
v 0.11261100 0.97351100 0.21238575
v 0.10835800 0.96841700 0.21362700
v 0.11238393 0.93763055 0.24028801
v 0.14272504 0.93474812 0.22998128
v 0.11318706 0.90131631 0.26279267
v 0.10767808 0.86682472 0.28049327
v -0.06224395 0.85510106 0.29727619
v -0.13087169 0.96681430 0.20468423
v -0.16853759 1.00356604 0.23443731
v -0.17077722 1.01731525 0.25578186
v -0.00759453 1.06789857 0.36580790
v 0.05586065 1.06743506 0.36139594
v 0.12057400 0.97041000 0.20741700
v 0.11455300 0.97133700 0.21053300
v 0.11392200 0.97041000 0.21053300
v 0.10990850 0.97041000 0.21227150
v 0.11739300 0.96729400 0.21046800
v 0.12777162 0.90118161 0.25695699
v -0.14423888 0.88907127 0.25682261
v -0.15744875 0.97196050 0.18766350
v -0.11437514 1.05703129 0.33712861
v 0.13900333 1.01526712 0.27272551
v 0.12136068 1.00487441 0.26495047
v 0.15065656 0.97505800 0.19183137
v 0.12074800 0.97351100 0.20832300
v 0.12074800 0.97081600 0.20743200
v 0.11455300 0.97041000 0.21024300
v 0.11455300 0.96970000 0.21053300
v -0.17150729 0.98016510 0.18151675
v -0.15534763 1.02619496 0.27961481
v 0.02143686 1.08226773 0.37873308
v 0.09985116 1.05347788 0.33780947
v 0.12646517 1.00004899 0.25455701
v 0.14677937 1.00150651 0.24525332
v 0.12539950 0.97196050 0.20550450
v 0.12899918 0.88438694 0.26463342
v 0.08605762 0.84734520 0.29402346
v -0.03024239 0.84273682 0.30569024
v -0.04575952 0.81276435 0.31248011
v -0.16266942 0.85168203 0.26206567
v -0.16545265 0.89479784 0.24298640
v -0.18049559 0.93877047 0.20701096
v -0.16483598 0.97012537 0.18521567
v -0.17468554 0.99340497 0.20938867
v -0.14103750 1.04433400 0.31170750
v -0.13003900 1.04654700 0.31889100
v -0.11531550 1.05017725 0.32887950
v -0.05630275 1.07282932 0.36659911
v 0.03996886 1.08029869 0.37494839
v 0.15788177 0.99832519 0.23182118
v 0.11010479 0.84529109 0.28746116
v 0.07352154 0.84207503 0.29924476
v 0.01469315 0.81295236 0.31538332
v -0.17054345 0.92200856 0.22455705
v -0.10791115 1.06460456 0.34719186
v -0.08720346 1.06349417 0.35178336
v 0.07010773 1.06214251 0.35379563
v 0.10100619 1.07053434 0.35469448
v 0.12987700 1.00762400 0.26509200
v 0.15552506 0.90058851 0.24421568
v 0.13946972 0.86018650 0.27040248
v 0.04814600 0.86965550 0.29348450
v -0.15753496 0.81335710 0.27653054
v -0.17028100 0.87443400 0.24888400
v -0.16974500 0.87706400 0.24787700
v -0.16869050 0.87773450 0.24844900
v -0.16710000 0.88103500 0.24801400
v -0.18142801 0.90454019 0.22858000
v -0.19044574 1.00857859 0.22719747
v -0.17466641 1.03236214 0.27801738
v -0.13776600 1.04594750 0.31504600
v -0.15834186 1.07406838 0.33773814
v -0.10551244 1.07049878 0.35365741
v -0.02910206 1.09350116 0.38853601
v 0.01625663 1.06648075 0.36382900
v 0.00546750 1.09187975 0.38785175
v 0.01238200 1.07877600 0.37581300
v 0.14533300 1.02733311 0.28639493
v 0.17301689 0.99826722 0.22151343
v 0.13827268 0.97677627 0.20210186
v 0.13197898 0.85399692 0.27588002
v 0.05914500 0.83474200 0.30430600
v -0.03560602 0.82227255 0.31101257
v -0.09816362 0.81966381 0.29977178
v -0.10814590 0.82060921 0.29669004
v -0.13559617 0.82462737 0.28431205
v -0.17002700 0.87775300 0.24776800
v -0.17064300 0.87815800 0.24831200
v -0.16824500 0.88115100 0.24767400
v -0.17028100 0.88062900 0.24636200
v -0.17916277 0.89226861 0.23612726
v -0.16423829 1.03768786 0.29135772
v -0.04836277 1.09469658 0.38725277
v 0.08062365 1.09344497 0.38104326
v 0.16308028 0.94718763 0.20856757
v 0.10910822 0.82481083 0.29466482
v 0.03844496 0.83087253 0.30846062
v 0.00209105 0.82383217 0.31307892
v -0.08136120 0.80923119 0.30697482
v -0.17343300 0.88057800 0.24453700
v -0.18701806 0.94408735 0.19901525
v -0.16981350 0.97660500 0.17920600
v -0.15701950 0.97505800 0.18780300
v -0.17330600 0.97660500 0.17642000
v -0.20500467 0.99810357 0.19174177
v -0.15480400 1.05027200 0.31268200
v -0.10647692 1.09756510 0.37855518
v -0.00703816 1.09114736 0.38755292
v 0.01069750 1.08286600 0.37958850
v 0.09475366 1.07580930 0.36110662
v 0.13899200 0.97020700 0.19813500
v 0.13899200 0.96768600 0.20029500
v 0.14773485 0.91547724 0.24001330
v -0.01782547 0.81181837 0.31583392
v -0.17628842 0.84322459 0.25627299
v -0.20720921 0.95710397 0.17665760
v -0.17957700 0.97351100 0.17347800
v -0.17338200 0.97618500 0.17647100
v -0.21010442 1.01973912 0.23079859
v -0.15378759 1.06547292 0.33048464
v -0.14273748 1.07608778 0.34593320
v 0.05605276 1.08247027 0.37525825
v 0.13938535 1.04294753 0.31068248
v 0.13931800 1.02194100 0.28174300
v 0.14989833 1.00732355 0.25425572
v 0.14002900 0.97044600 0.19825100
v 0.13968100 0.97036600 0.19894000
v 0.14242000 0.96819300 0.19815000
v 0.09589175 0.82117249 0.30025323
v -0.13906949 0.83238722 0.28067495
v -0.17283019 0.87189789 0.24857023
v -0.21627168 0.96054262 0.16812001
v -0.17756300 0.97660500 0.17337700
v -0.18267100 0.97890200 0.17028300
v -0.18297500 0.97969900 0.17028300
v -0.18596800 0.98587900 0.17987600
v -0.18885900 0.98698100 0.17957200
v -0.21201895 0.99635779 0.17899182
v -0.20752917 1.00701791 0.20817098
v -0.19311436 1.05338685 0.29475017
v -0.16412350 1.05000281 0.30785831
v 0.14252800 1.02324500 0.28183000
v 0.14899900 1.02328900 0.27849000
v 0.14232500 1.02294100 0.28196000
v 0.17920018 0.89607865 0.23343672
v -0.03055409 0.80551050 0.31609055
v -0.05118761 0.78189412 0.31885343
v -0.20365399 0.89184878 0.22073624
v -0.21794100 0.98124950 0.14297600
v -0.18421800 0.97815200 0.16883400
v -0.18882300 0.98503900 0.17339900
v -0.18945300 0.98568400 0.17599300
v -0.18654700 0.98616900 0.17920300
v -0.18926500 0.98521300 0.17621700
v -0.18087785 0.98693731 0.18864635
v -0.15390400 1.05132200 0.31431375
v 0.00157201 1.09486903 0.39053509
v 0.01668761 1.10371351 0.39712996
v 0.02246062 1.09458700 0.38938337
v 0.14227882 1.06734197 0.33817377
v 0.14634700 1.02418700 0.28164900
v 0.14201400 1.02286100 0.28226500
v 0.14551300 1.02305000 0.28023600
v 0.14548500 1.02252800 0.27888100
v 0.14860700 1.02091200 0.27554800
v 0.15152000 1.00245700 0.24478300
v 0.14689400 0.96985575 0.19463050
v 0.16902133 0.94081996 0.21072548
v 0.16730224 0.88433805 0.24587931
v 0.14067161 0.83613413 0.27793447
v -0.13675334 0.80694521 0.28851933
v -0.19273169 0.86460590 0.23882861
v -0.19171551 0.98276138 0.16590183
v -0.19757091 0.98813919 0.17213978
v -0.18905400 0.98606100 0.17630400
v -0.19156900 0.98653900 0.17339900
v -0.20018297 1.03539273 0.26465719
v -0.09788671 1.11955329 0.40006918
v -0.07956220 1.11994625 0.40439326
v -0.04353300 1.10079500 0.39319600
v -0.04043900 1.10001300 0.39353600
v -0.04060175 1.09885238 0.39182913
v -0.04049000 1.09971600 0.39300000
v 0.03109528 1.10687060 0.39904400
v 0.03873400 1.09698800 0.39031550
v 0.11193366 1.06911098 0.35019030
v 0.14880300 1.02358600 0.27895300
v 0.14860000 1.02236100 0.27872900
v 0.15160000 1.02292600 0.27628700
v 0.15170900 1.02205700 0.27554800
v 0.17236178 1.02393094 0.26627832
v 0.15480200 1.00245000 0.24149300
v 0.15067200 1.00124000 0.24112400
v 0.15159775 1.00125650 0.24150250
v 0.15224500 1.00137800 0.24144300
v 0.16568988 0.96925164 0.18556418
v 0.14252460 0.96537576 0.20098185
v 0.16718500 0.90848900 0.23363900
v 0.16712000 0.90518500 0.23533500
v 0.16866687 0.90380100 0.23526488
v 0.16718500 0.90230100 0.23697900
v 0.05562266 0.81398651 0.31098179
v 0.02039438 0.78891902 0.32092553
v -0.07508583 0.78761634 0.31299890
v -0.13107574 0.77920652 0.29638560
v -0.18998985 0.97390581 0.16677135
v -0.19816900 0.98892300 0.17379700
v -0.20120500 0.99104600 0.17639800
v -0.20171340 1.04452457 0.27701589
v -0.12739039 1.08504316 0.36136818
v -0.08797385 1.12121829 0.40339351
v -0.05794856 1.11087408 0.40011234
v -0.03962700 1.10002700 0.39324600
v -0.00892215 1.11701198 0.40883502
v 0.06445825 1.10259600 0.39180613
v 0.11802466 1.05360144 0.33191627
v 0.15473700 1.02308600 0.27533800
v 0.17532654 1.01928864 0.25709186
v 0.15453400 1.00116100 0.24008000
v 0.15480200 0.97041000 0.19017200
v 0.16464136 0.93065330 0.22172298
v 0.18188240 0.91265304 0.22284049
v 0.17027900 0.90539500 0.23358100
v 0.16692400 0.90564100 0.23405200
v 0.16636600 0.90569200 0.23586400
v 0.17012700 0.90238100 0.23501600
v 0.15063590 0.81872773 0.27872401
v -0.02169989 0.77943661 0.32237624
v -0.11464424 0.78406261 0.30186792
v -0.14405228 0.78516455 0.28941364
v -0.21627322 0.93041392 0.19197876
v -0.18014487 0.97853875 0.17218237
v -0.20124200 0.98786500 0.16718900
v -0.20152400 0.98893000 0.16995700
v -0.19863300 0.98881400 0.17381200
v -0.20133600 0.98934300 0.17089900
v -0.17028100 1.05410400 0.30917500
v -0.17005600 1.05724900 0.31189200
v -0.16719400 1.05711900 0.31449300
v -0.13809439 1.09120107 0.36335277
v -0.02021395 1.12094636 0.41169974
v 0.05500886 1.11238649 0.40163686
v 0.06153200 1.10020337 0.39014863
v 0.14056659 1.07752620 0.34907265
v 0.16522195 0.98768374 0.20580168
v 0.16099000 0.97660500 0.18662900
v 0.16099000 0.97041000 0.18681800
v 0.15982400 0.97351100 0.18576000
v 0.17027900 0.90230100 0.23525500
v 0.17313400 0.89917100 0.23525500
v 0.17182557 0.88603784 0.24219153
v 0.03874455 0.79054209 0.31901522
v 0.00792737 0.77235608 0.32411538
v -0.00357669 0.77087173 0.32440672
v -0.08957925 0.77459204 0.31157580
v -0.17114246 0.81847909 0.26715033
v -0.20188878 0.91683167 0.20891594
v -0.19503900 0.97660500 0.16153800
v -0.19195300 0.97969900 0.16283500
v -0.20430600 0.98919800 0.16722500
v -0.20171300 0.98940100 0.17061600
v -0.23921701 1.00610470 0.16795512
v -0.20849041 1.02889189 0.24834935
v -0.17046900 1.05696600 0.31274000
v -0.17102000 1.05701700 0.31264600
v -0.18310470 1.07167351 0.32290466
v -0.13626722 1.11252412 0.38326000
v 0.10547544 1.11510244 0.39393800
v 0.14712097 1.05704872 0.32486939
v 0.16958519 0.97525138 0.17959519
v 0.16099000 0.97517800 0.18576000
v 0.16719200 0.94575300 0.20752600
v 0.16747500 0.94536200 0.20778700
v 0.16608400 0.94576400 0.20830850
v 0.16735200 0.94261600 0.20992400
v 0.17950700 0.87964884 0.24033868
v 0.10183349 0.81126839 0.30163723
v 0.06869961 0.78285731 0.31594273
v -0.21847625 0.89399607 0.20874496
v -0.20774800 0.90680800 0.21019200
v -0.20976200 0.90797400 0.20705500
v -0.21171700 0.90654700 0.20775225
v -0.19505400 0.97796000 0.16099400
v -0.20962713 0.98865154 0.15947603
v -0.20410400 1.03878700 0.26609200
v -0.20611450 1.03857350 0.26502350
v -0.20410400 1.03867800 0.26684600
v -0.16721082 1.06150585 0.31945637
v -0.17190575 1.07303925 0.33041550
v -0.09850772 1.10622311 0.38842984
v 0.01027938 1.11391780 0.40581983
v 0.16475789 1.05356319 0.31275297
v 0.20203422 1.00764722 0.21676467
v 0.16254050 0.97351100 0.18405350
v 0.17027900 0.94564400 0.20581600
v 0.17104000 0.94345600 0.20808400
v 0.16664900 0.94560800 0.20709800
v 0.17199600 0.94255000 0.20743200
v 0.18384204 0.85017942 0.24852813
v -0.19611819 0.87434946 0.23320915
v -0.21101600 0.90857600 0.20764900
v -0.21008900 0.90827800 0.20759100
v -0.22789920 0.99107906 0.14059237
v -0.23677746 1.00989122 0.18042490
v -0.22015194 1.04162077 0.25864488
v -0.20788600 1.04063500 0.26688200
v -0.19782900 1.04836600 0.28474300
v -0.17265198 1.08097396 0.33860307
v -0.11446535 1.10657276 0.38435875
v -0.06936805 1.12884851 0.41238269
v -0.04894916 1.11254541 0.40260125
v -0.01036908 1.13009157 0.41898219
v 0.10040459 1.09925960 0.38216268
v 0.17933122 1.04830022 0.29740519
v 0.16168868 0.83411358 0.26746180
v 0.16458984 0.84287159 0.26314000
v 0.13671447 0.81157970 0.28725356
v 0.08046152 0.79750980 0.31028626
v 0.08262763 0.77604812 0.31359138
v -0.09677078 0.77201495 0.31017909
v -0.14635599 0.76292233 0.29237657
v -0.15837507 0.76486646 0.28580011
v -0.20379370 0.80741090 0.24735035
v -0.18297997 0.81489794 0.26035300
v -0.21021778 0.83735837 0.23473866
v -0.21205200 0.87753500 0.21982200
v -0.21922565 0.93972565 0.18308899
v -0.25207358 1.01867591 0.18113762
v -0.19814800 1.04630800 0.28174300
v -0.19787200 1.04772800 0.28406200
v -0.20110400 1.04967700 0.28494600
v -0.20175950 1.05027850 0.28507250
v -0.17152000 1.07350450 0.33116900
v 0.07524242 1.11492997 0.40069445
v 0.13990322 1.09573291 0.36726693
v 0.19399883 1.02298275 0.25050527
v 0.19375588 1.00919887 0.22608986
v 0.18896914 0.99180772 0.19278963
v 0.19526166 0.98105569 0.16086844
v 0.17028250 0.97351100 0.17916650
v 0.18752973 0.94477589 0.19699766
v 0.18482856 0.92518347 0.21294384
v 0.20492790 0.86485524 0.22851510
v 0.05850270 0.78187804 0.31801532
v -0.02399679 0.75312344 0.32589723
v -0.20194803 0.88100819 0.22648505
v -0.21284900 0.87449200 0.21988000
v -0.21434200 0.87443400 0.22029300
v -0.22507170 0.92807511 0.18711817
v -0.23534907 0.95885974 0.15782915
v -0.21057815 0.97512628 0.15506943
v -0.20313525 0.98357350 0.15611994
v -0.20097400 1.04841700 0.28244600
v -0.20153100 1.04808300 0.28183000
v -0.20680874 1.05872821 0.29311352
v 0.19426755 1.04130756 0.27884413
v 0.19791288 1.03030488 0.25980866
v 0.16968603 0.97890571 0.18277645
v 0.07504337 0.79750575 0.31116950
v 0.03560591 0.74915979 0.32579146
v -0.22732887 0.85716444 0.21502379
v -0.21401600 0.87390500 0.22011900
v -0.21682700 0.87092000 0.21859700
v -0.22370300 0.87235075 0.21275375
v -0.20788838 1.07555438 0.31167412
v -0.12720603 1.13190036 0.40188570
v 0.00981207 1.13303171 0.42144704
v 0.02949029 1.13755380 0.42378879
v 0.05573613 1.13419964 0.41881586
v 0.11563389 1.11018644 0.38746011
v 0.13235770 1.09833277 0.37210590
v 0.17954250 0.97505450 0.17274650
v 0.15168916 0.77232841 0.28899348
v 0.05053285 0.77136441 0.32095445
v -0.17802968 0.79226233 0.26896053
v -0.20435000 0.80297000 0.24817400
v -0.20487900 0.80344100 0.24818100
v -0.24630218 0.89704477 0.18749439
v -0.09597700 1.12831400 0.40705700
v 0.09228850 1.10602125 0.38959450
v 0.20335118 0.99390671 0.18170117
v 0.20450233 0.98994794 0.16901396
v 0.18265500 0.97660500 0.16981200
v 0.18266900 0.97564100 0.17028300
v 0.17878350 0.97350925 0.17387675
v 0.18365100 0.97351100 0.17088450
v 0.21948801 0.86132093 0.21846332
v 0.18169290 0.83687481 0.25441305
v 0.00992712 0.74297651 0.32791210
v -0.03572446 0.72586927 0.32747055
v -0.09374871 0.72957515 0.31648709
v -0.11492345 0.73549242 0.30901101
v -0.20383600 0.80399900 0.24747800
v -0.20743700 0.80607900 0.24458000
v -0.20465600 0.80481250 0.24720650
v -0.23744726 0.85292514 0.20745764
v -0.24321699 0.93338830 0.17125823
v -0.23051333 0.98958482 0.13385790
v -0.24485045 1.03538564 0.22487189
v -0.22752931 1.05276572 0.26840999
v -0.17649000 1.08802900 0.34368600
v -0.09985300 1.13124200 0.40907800
v -0.09821600 1.13109700 0.40879500
v -0.09597700 1.13140800 0.40940400
v -0.04957779 1.14344591 0.42552987
v 0.04632228 1.15893260 0.43736488
v 0.19055157 0.97134018 0.16909782
v 0.11455300 0.78465300 0.30280600
v -0.04566502 0.75486853 0.32373765
v -0.24500865 0.95861277 0.15190450
v -0.26875857 1.01688811 0.14980733
v -0.26031442 1.02260672 0.17898776
v -0.22481661 1.01941398 0.21593103
v -0.24484600 1.02628800 0.20733000
v -0.24173000 1.02614300 0.21066300
v -0.21982700 1.06020500 0.28479300
v -0.17950500 1.08926800 0.34343200
v -0.17930900 1.09014400 0.34549000
v -0.17655087 1.09199677 0.34739388
v -0.16915710 1.11343178 0.37065385
v -0.10238900 1.13261100 0.40896200
v -0.10015200 1.13119450 0.40851475
v -0.09959200 1.13155300 0.40864300
v -0.00058308 1.15866734 0.43941881
v 0.08362935 1.13818294 0.41760270
v 0.09350896 1.14706638 0.42178825
v 0.10623610 1.13112339 0.40644243
v 0.19724601 0.98387493 0.16251484
v 0.20267568 0.95796454 0.17633380
v 0.20748108 0.92455001 0.19854641
v 0.16846409 0.80311024 0.27293300
v 0.11453800 0.78109600 0.30378400
v 0.11401037 0.78350825 0.30319450
v 0.11529200 0.78219700 0.30345100
v 0.11436400 0.78151600 0.30314700
v -0.07383625 0.76687589 0.31713204
v -0.24456216 0.91431481 0.18074959
v -0.24682101 0.96882489 0.14024845
v -0.27871401 0.97403346 0.11374238
v -0.22479700 0.98589400 0.13622900
v -0.25059900 1.02629600 0.20079500
v -0.24730200 1.02614300 0.20435200
v -0.24543300 1.02647700 0.20708400
v -0.24489700 1.02587500 0.20738100
v -0.24657488 1.02632350 0.20543100
v -0.26268699 1.05522708 0.23960251
v -0.25699000 1.07256600 0.26936700
v -0.17797550 1.07729075 0.33200225
v -0.19663450 1.08839864 0.33331355
v -0.18225800 1.09101400 0.34362100
v -0.18330900 1.09107200 0.34375100
v -0.18257700 1.09155700 0.34338900
v -0.17639600 1.08961900 0.34523300
v -0.18265600 1.09428200 0.34662100
v -0.14587000 1.12228600 0.38752900
v -0.14549400 1.12522800 0.39000000
v -0.15176800 1.12498900 0.38745700
v -0.08470309 1.14901036 0.42457833
v 0.01889571 1.16103279 0.44059399
v 0.10680994 1.12039509 0.39836073
v 0.22418154 1.00759455 0.19121199
v 0.19586604 0.90251832 0.21835589
v 0.20010310 0.84434858 0.23846633
v 0.19479100 0.83143800 0.24596400
v 0.20968376 0.81668710 0.23857699
v 0.11658900 0.77863200 0.30325500
v 0.08501950 0.74674750 0.31719250
v 0.05259020 0.75727803 0.32255257
v -0.00460656 0.72145839 0.32963539
v -0.14279867 0.73763186 0.29744360
v -0.15025617 0.74934848 0.29222568
v -0.21663285 0.79130009 0.24057308
v -0.21958429 0.82984361 0.22923077
v -0.26573938 0.94681360 0.14885829
v -0.24768062 0.98946525 0.11165612
v -0.26158388 1.00512574 0.12573893
v -0.25146866 1.00648939 0.14844136
v -0.24754100 1.02670100 0.20457700
v -0.22239356 1.05720540 0.27887011
v -0.22005100 1.06311800 0.28825000
v -0.22816951 1.06680185 0.28613666
v -0.21515700 1.07580675 0.30712600
v -0.20659275 1.07854200 0.31612375
v -0.18620000 1.09286900 0.34321500
v -0.14799300 1.12544500 0.38806600
v -0.10348530 1.14275464 0.41602688
v 0.09728522 1.14704233 0.42096760
v 0.18060589 1.04442559 0.29125641
v 0.21189368 0.94326142 0.18304383
v 0.21293348 0.88785992 0.21317937
v 0.19701600 0.83109100 0.24458700
v 0.19742100 0.82835900 0.24396400
v 0.19837100 0.82786600 0.24510200
v 0.12702660 0.76880425 0.30086657
v 0.11017745 0.76189907 0.30864687
v 0.10511897 0.78431166 0.30632613
v -0.25981191 0.89018833 0.17890122
v -0.25916502 1.03319424 0.20464197
v -0.23636100 1.06619700 0.27877200
v -0.19702430 1.09120199 0.33572408
v -0.16944156 1.12548187 0.38090182
v -0.15158000 1.12863300 0.38983400
v -0.15208000 1.12788700 0.39005100
v -0.14868900 1.13119800 0.39345600
v -0.03489586 1.14845419 0.43065694
v 0.08050500 1.15034800 0.42655500
v 0.16185775 1.14851700 0.40146275
v 0.14796904 1.12091848 0.38565708
v 0.16709207 1.08732487 0.34798154
v 0.21683407 1.02675304 0.23774483
v 0.23855815 0.90025389 0.18944414
v 0.20073716 0.83282418 0.24138752
v 0.20145700 0.82792400 0.24203000
v 0.19838500 0.83027200 0.24422500
v 0.19746500 0.82833700 0.24407300
v 0.19950100 0.82483000 0.24483400
v 0.19725213 0.82872038 0.24523775
v 0.19725819 0.79943401 0.25377216
v 0.08361113 0.76573300 0.31490375
v -0.05581993 0.72534502 0.32454783
v -0.07020499 0.73991399 0.32122199
v -0.11977127 0.72063103 0.30822672
v -0.17375670 0.74343565 0.27956681
v -0.17407901 0.76071804 0.27703289
v -0.20217036 0.78454773 0.25320250
v -0.22270300 0.78686300 0.23526200
v -0.23530300 0.98589400 0.12550500
v -0.23364400 0.98589400 0.12694000
v -0.23473100 0.98898800 0.12693200
v -0.24757239 1.05940632 0.26009481
v -0.23131640 1.07050140 0.28831334
v -0.21684578 1.09689789 0.32965815
v -0.15451400 1.12979200 0.39008000
v -0.15144200 1.12832900 0.39017400
v -0.14992100 1.13162600 0.39307200
v -0.15171000 1.13227800 0.39319600
v 0.08669600 1.15311612 0.42719375
v 0.08359200 1.15308000 0.42780800
v 0.08326600 1.15271000 0.42743100
v 0.08865103 1.15383688 0.42742333
v 0.20277911 1.06819951 0.30800934
v 0.22131412 0.99858677 0.17205536
v 0.19930712 0.97760950 0.15768637
v 0.23005698 0.87129043 0.20629569
v 0.17337298 0.77553401 0.27588991
v 0.10263968 0.75058758 0.31209736
v 0.06838515 0.74880371 0.32093435
v 0.04556020 0.73492124 0.32598195
v 0.02814267 0.72730452 0.32835125
v -0.22265274 0.76605711 0.23932473
v -0.22629700 0.78440700 0.23279900
v -0.22329000 0.78741400 0.23508100
v -0.21964600 0.78784100 0.23819700
v -0.26582810 0.88900710 0.17448673
v -0.23698400 0.98898800 0.12383900
v -0.25291139 1.02630320 0.19905284
v -0.18984946 1.10018503 0.34844016
v -0.10555665 1.15181353 0.42173480
v -0.08137971 1.15659189 0.42994220
v -0.05212838 1.16004232 0.43638073
v -0.03015381 1.16986890 0.44526414
v -0.01683458 1.18453549 0.45539748
v 0.07479554 1.16864729 0.44002881
v 0.08585300 1.15284800 0.42734400
v 0.08693200 1.15363800 0.42707600
v 0.08978700 1.15308000 0.42655500
v 0.15579526 1.13216220 0.39142270
v 0.15014350 1.10531700 0.37148750
v 0.17868815 1.07113575 0.32519281
v 0.22426801 0.85048414 0.21767534
v 0.17647400 0.78473300 0.27180200
v 0.17666050 0.78185825 0.27240700
v 0.17338000 0.78465300 0.27382300
v 0.09135792 0.73848602 0.31655723
v 0.08983100 0.69796600 0.31897800
v 0.04953800 0.74130200 0.32481100
v 0.02291369 0.71458714 0.32928233
v 0.00414715 0.72904610 0.32905722
v -0.23846485 0.76996833 0.22362989
v -0.24346927 0.82632005 0.20778421
v -0.23969965 0.98392099 0.12411905
v -0.24356277 0.99307453 0.12007126
v -0.27215310 1.01240825 0.12870497
v -0.26336117 1.03370311 0.20013366
v -0.23986100 1.06824450 0.27857650
v -0.16338084 1.14577319 0.39910476
v -0.15088205 1.14607833 0.40393216
v -0.11772372 1.17413808 0.43325711
v 0.01456953 1.17122963 0.44716083
v 0.06549616 1.16783094 0.44063337
v 0.08650500 1.15318100 0.42746700
v 0.12440706 1.15603469 0.41975106
v 0.15693937 1.15882803 0.41147135
v 0.16390768 1.08881532 0.35117252
v 0.18537719 1.09211430 0.34332509
v 0.23400957 1.01874641 0.20391425
v 0.21153158 0.97661262 0.14972830
v 0.19471929 0.97352301 0.16400820
v 0.22961745 0.82808051 0.21851194
v 0.20515365 0.79287111 0.24907547
v 0.18173446 0.79000936 0.26720301
v 0.17680700 0.78192200 0.27231600
v 0.17629300 0.78144300 0.27239600
v 0.17640900 0.78204500 0.27283100
v 0.14637723 0.75465300 0.29392447
v 0.05834693 0.72670706 0.32471306
v 0.05505333 0.74393289 0.32376851
v 0.05263100 0.73820900 0.32467300
v 0.04961000 0.73841900 0.32616600
v 0.05012500 0.73804200 0.32528900
v -0.15625724 0.70591917 0.29198543
v -0.20384139 0.73820474 0.25888463
v -0.21969605 0.75267322 0.24366794
v -0.25760871 0.82824409 0.19250092
v -0.29809948 0.98533244 0.07868430
v -0.26441319 0.99892050 0.09606824
v -0.12462061 1.14811994 0.41424617
v -0.01430864 1.17930916 0.45208402
v 0.21694050 1.05891594 0.28692646
v 0.23111945 0.99883732 0.15902691
v 0.22324500 0.98434700 0.13714550
v 0.21299613 0.98124950 0.14568775
v 0.20852550 0.97969900 0.14944450
v 0.16276953 0.75335358 0.28558544
v 0.05083500 0.73494100 0.32566600
v 0.04991400 0.73338300 0.32541300
v -0.25659199 0.85332878 0.18954707
v -0.29094730 0.96577559 0.11505519
v -0.29628157 0.97534353 0.09935985
v -0.30201464 1.05650775 0.19157013
v -0.05930450 1.17387448 0.44405658
v 0.24343781 1.01674704 0.18891379
v 0.22754862 0.98930456 0.13728082
v 0.23983812 0.88259418 0.19442596
v 0.20204847 0.77796040 0.25467650
v 0.19214424 0.77473737 0.26274578
v 0.11787121 0.73270434 0.30858575
v 0.05275500 0.73202800 0.32509400
v -0.05227288 0.69783360 0.32605160
v -0.10514545 0.69163610 0.31333166
v -0.13618501 0.72327066 0.30145875
v -0.17921080 0.69494668 0.27872560
v -0.24430066 0.80347119 0.21138559
v -0.25325525 0.84001431 0.19479574
v -0.26654611 0.95672838 0.14001193
v -0.23908550 0.99015087 0.12268225
v -0.28194739 1.02714943 0.15654283
v -0.07997800 1.17118700 0.43904600
v -0.08089100 1.17152000 0.43967600
v -0.07752900 1.17165800 0.44009700
v -0.08275525 1.17197525 0.43943750
v 0.17247496 1.12357019 0.37785399
v 0.21620225 1.09309333 0.32660575
v 0.23317182 1.05074027 0.26196387
v 0.24520454 1.01101232 0.17176157
v 0.21672400 0.98280000 0.14201100
v 0.23843094 0.97004144 0.14160895
v 0.22060146 0.97054741 0.15215170
v 0.07522767 0.69339600 0.32268032
v -0.19203491 0.73702227 0.26792861
v -0.24800500 0.80018800 0.20788800
v -0.25088200 0.80368800 0.20396100
v -0.25099000 0.80741900 0.20407000
v -0.25078000 0.80632500 0.20380900
v -0.25026213 0.80511862 0.20475175
v -0.28747613 0.88751022 0.15980211
v -0.29551301 0.92435279 0.14435458
v -0.25923719 0.99044390 0.10018578
v -0.25296100 0.99208900 0.10526800
v -0.28965609 1.03699772 0.16738121
v -0.23621140 1.10022280 0.32009806
v -0.18077945 1.17038467 0.40889511
v -0.15290702 1.16932605 0.41896090
v -0.12999189 1.18575698 0.43691001
v -0.07874230 1.15897171 0.43212974
v -0.08368100 1.17223800 0.43956800
v -0.08036200 1.17157800 0.43965500
v -0.07895802 1.17529099 0.44214641
v -0.07367191 1.18682045 0.44990858
v 0.01096969 1.18802945 0.45733467
v 0.02394589 1.18320436 0.45362186
v 0.04677230 1.18690428 0.45379189
v 0.13625153 1.16750754 0.42374929
v 0.16474343 1.15845512 0.40809496
v 0.20102989 1.10968082 0.35153372
v 0.22687113 1.08650211 0.31225573
v 0.24701639 1.01589131 0.18197359
v 0.23813581 0.98782863 0.12186475
v 0.21981800 0.97969900 0.14118500
v 0.21672400 0.98177100 0.14241600
v 0.23274154 0.80461533 0.22175230
v 0.17019597 0.75873714 0.28088345
v 0.11855509 0.72569739 0.30875164
v -0.06974779 0.69977494 0.32305519
v -0.22282422 0.72518233 0.24429023
v -0.25408932 0.79805022 0.20167499
v -0.25081600 0.79695600 0.20533800
v -0.24999000 0.80028900 0.20464200
v -0.25060600 0.80278900 0.20468500
v -0.25117900 0.80358600 0.20412800
v -0.26494156 0.84834793 0.18176988
v -0.25387400 0.99357400 0.10526800
v -0.25443200 0.99363600 0.10470300
v -0.29023300 1.07450650 0.23761850
v -0.26537300 1.07568900 0.26566500
v -0.25214600 1.07275500 0.27396850
v -0.27401660 1.08539618 0.27072509
v -0.26766508 1.09297307 0.28648395
v -0.18130200 1.14385600 0.39016700
v -0.18018750 1.14913300 0.39430775
v -0.17733800 1.14714600 0.39449300
v -0.04927800 1.19658429 0.45884969
v 0.16983053 1.13335955 0.38705844
v 0.22291200 0.98280000 0.13675000
v 0.23361230 0.97974276 0.13194956
v 0.08264251 0.69889268 0.32086617
v 0.01678169 0.69435329 0.32949304
v -0.25132400 0.80013000 0.20433800
v -0.27796562 0.85977897 0.16878597
v -0.26973710 0.90011361 0.16910766
v -0.27260535 0.91838830 0.16060790
v -0.25320700 0.99518300 0.10836200
v -0.28183661 1.00965845 0.09391031
v -0.28556260 1.02589910 0.14542874
v -0.27901184 1.06720757 0.23967637
v -0.26862650 1.07547200 0.26217250
v -0.22651926 1.11782265 0.34334004
v -0.17996100 1.14724000 0.39324600
v -0.17975100 1.14725400 0.39290600
v -0.17940300 1.14683400 0.39241300
v -0.05251105 1.18636001 0.45248842
v 0.11722029 1.19640513 0.44612762
v 0.12808983 1.19669443 0.44315855
v 0.12076050 1.12019175 0.39384050
v 0.19435553 1.13017634 0.37306299
v 0.23179576 1.06936729 0.28805112
v 0.24749423 1.05193073 0.25143075
v 0.23982970 1.04279880 0.24316371
v 0.26088401 1.04106845 0.21737509
v 0.26534991 1.02951305 0.18849139
v 0.21757307 0.95576756 0.17000425
v 0.23672333 0.92244549 0.18065057
v 0.24421997 0.86467619 0.19548685
v 0.25596795 0.84319907 0.18910846
v 0.08212700 0.72795162 0.31968081
v -0.24176700 0.74749700 0.22301000
v -0.27546677 0.99743844 0.07150939
v -0.29618947 1.04453136 0.17373866
v -0.28179900 1.06268300 0.22928400
v -0.25811811 1.09991229 0.30279813
v -0.18267100 1.14887000 0.39319600
v -0.14935548 1.18161176 0.42774644
v -0.09420760 1.18357360 0.44430637
v 0.08951921 1.17846443 0.44352918
v 0.15092279 1.17607868 0.42401746
v 0.18849744 1.15146114 0.39217778
v 0.22601300 0.98280000 0.13417800
v 0.24699333 0.81347156 0.20473740
v 0.20195042 0.76824721 0.25629291
v 0.16405068 0.72730874 0.28711269
v 0.11076361 0.69819055 0.31256709
v 0.09084426 0.72031995 0.31828322
v 0.08359200 0.71344300 0.32023200
v 0.03968050 0.69909692 0.32804021
v 0.00585421 0.67361716 0.32848723
v -0.00588845 0.68514396 0.32943055
v -0.10382575 0.68627525 0.31341375
v -0.10569300 0.68837300 0.31288500
v -0.23831555 0.73349482 0.22852461
v -0.24426600 0.74452700 0.22043800
v -0.24505600 0.74772900 0.21961200
v -0.24486800 0.74766400 0.21969800
v -0.24379175 0.74605375 0.22089600
v -0.26351318 0.79744774 0.19037072
v -0.31284585 0.95821453 0.10792544
v -0.26993527 0.99197992 0.08701655
v -0.29726831 1.01850575 0.09171498
v -0.28155200 1.06354500 0.23301600
v -0.28014700 1.06329200 0.23220400
v -0.28278400 1.06329200 0.22911100
v -0.28234200 1.06645800 0.23575500
v -0.27936400 1.06693600 0.23840000
v -0.27632675 1.07350500 0.25164275
v -0.24912642 1.13268215 0.34211853
v -0.20711394 1.12576049 0.36192544
v -0.17957000 1.17165800 0.41000500
v -0.18862266 1.18327695 0.41324207
v -0.17691392 1.19780021 0.42633118
v 0.03476075 1.19313607 0.45795311
v 0.07230510 1.19217872 0.45331570
v 0.25035809 1.06950329 0.27335329
v 0.22714153 0.79891368 0.22862309
v 0.19146165 0.73709794 0.26839230
v 0.12801662 0.74486072 0.30349875
v 0.09464424 0.70478040 0.31808770
v -0.04629173 0.68386863 0.32642376
v -0.10526600 0.68557600 0.31292800
v -0.10586000 0.68574300 0.31222500
v -0.24561404 0.71823176 0.22241672
v -0.24460700 0.74770800 0.21938700
v -0.24700500 0.75062800 0.21667700
v -0.24875658 0.75013229 0.21482211
v -0.27305075 0.82936960 0.17325369
v -0.30917670 0.97692364 0.08610436
v -0.27543116 1.00263892 0.07789307
v -0.28745000 1.06679900 0.22923400
v -0.28478400 1.06650200 0.23198700
v -0.28159600 1.06643700 0.23507400
v -0.28173400 1.06655200 0.23485600
v -0.28188600 1.07258100 0.24458700
v -0.30626080 1.09006823 0.24241926
v -0.20782607 1.14585249 0.37795218
v -0.19143362 1.13642291 0.37955006
v -0.18285200 1.17144800 0.40847700
v -0.18232300 1.17204900 0.40875900
v -0.16186012 1.20444662 0.43583610
v -0.12840888 1.19841763 0.44395387
v 0.04403265 1.21887526 0.46997157
v 0.08832382 1.19151414 0.45037193
v 0.21713700 1.09923800 0.33124500
v 0.25185050 1.00152650 0.13329000
v 0.24982900 1.00070400 0.13345300
v 0.25420163 0.91542625 0.17091480
v 0.16566408 0.71127604 0.28764934
v -0.10526600 0.68093150 0.31257000
v -0.10452700 0.68209800 0.31236300
v -0.10504800 0.68175800 0.31304400
v -0.10836000 0.68248200 0.31161000
v -0.26457196 0.77427739 0.19222090
v -0.29878949 0.86572127 0.15507216
v -0.28892215 0.94062437 0.13864646
v -0.32527340 0.96025585 0.09569055
v -0.31105506 0.97063613 0.09487734
v -0.30361613 1.02848500 0.11248368
v -0.28409600 1.06619700 0.23233500
v -0.28472600 1.07261000 0.24149300
v -0.29475820 1.11248274 0.28436896
v -0.28079281 1.11965746 0.30552706
v -0.27303654 1.12672557 0.31909911
v -0.20019850 1.14407000 0.38072200
v -0.19822000 1.14705900 0.38392100
v -0.18529400 1.16842600 0.40544800
v -0.18243900 1.17264300 0.40839000
v -0.18596800 1.17416500 0.40918700
v -0.18576500 1.17165800 0.40730300
v -0.18598900 1.17469400 0.40907800
v -0.08647099 1.21139307 0.46011455
v 0.10217000 1.18879400 0.44582800
v 0.10477800 1.19059100 0.44619000
v 0.10798100 1.19043100 0.44526300
v 0.20743415 1.12503693 0.36237859
v 0.22405207 1.11927960 0.34746386
v 0.22004200 1.10073700 0.33073800
v 0.22046512 1.10126975 0.33150537
v 0.21945500 1.10027400 0.33155000
v 0.25697300 1.02774500 0.19504900
v 0.25329300 1.02903400 0.20138900
v 0.27653757 1.02416064 0.15665471
v 0.25387200 1.00234900 0.13312700
v 0.25115954 1.00145011 0.13523019
v 0.25409700 1.00053000 0.12959900
v 0.25445200 1.00160200 0.12993200
v 0.24945600 0.92402300 0.17026150
v 0.25898115 0.89278329 0.17637827
v 0.22360608 0.75113018 0.23992926
v 0.17647400 0.72273200 0.27985200
v 0.17419200 0.72242000 0.28175000
v 0.17296700 0.72202200 0.28195300
v 0.08747225 0.70028475 0.31955975
v -0.07392477 0.67215072 0.32056759
v -0.10215221 0.68284219 0.31376623
v -0.10217200 0.67938100 0.31353000
v -0.10511400 0.68218500 0.31195700
v -0.10526600 0.67957700 0.31250800
v -0.18884463 0.69223125 0.27173843
v -0.19915538 0.69619011 0.26457086
v -0.25465211 0.72108549 0.21168448
v -0.25925701 0.73839468 0.20367518
v -0.26277154 0.78182286 0.19356667
v -0.27112780 0.75856546 0.18554726
v -0.31400577 1.03370664 0.10450350
v -0.29617666 1.06037096 0.20806649
v -0.24457800 1.12172800 0.33509300
v -0.19770600 1.14718200 0.38362400
v -0.20223400 1.14997900 0.38389900
v -0.18864262 1.16318063 0.40065611
v -0.10863211 1.19898120 0.44940568
v -0.04396760 1.21510443 0.46835407
v 0.10526400 1.19337300 0.44742200
v 0.10758450 1.19261975 0.44642025
v 0.10506100 1.19013400 0.44570500
v 0.10585800 1.18997500 0.44641500
v 0.15477269 1.19799923 0.43486584
v 0.18885700 1.16235400 0.39939100
v 0.27411870 1.06073221 0.23694822
v 0.25740100 1.02950500 0.19796200
v 0.25753800 1.02933900 0.19815000
v 0.29379753 1.03279533 0.14861376
v 0.25377800 1.00156600 0.12972200
v 0.24211469 0.99231251 0.12302429
v 0.24597829 0.93290681 0.16814829
v 0.26408760 0.84729002 0.18019468
v 0.17309000 0.71985500 0.28174300
v 0.17337650 0.72427900 0.28160150
v 0.14726165 0.69101597 0.29731854
v -0.08628492 0.67197791 0.31776034
v -0.13587316 0.68801626 0.30142172
v -0.28205840 0.82593748 0.16337313
v -0.31132024 0.89222455 0.14655084
v -0.31009040 0.94923289 0.11838825
v -0.26455400 0.99673000 0.09133275
v -0.27101700 0.99518300 0.08049500
v -0.29152852 1.01342277 0.08197990
v -0.32070336 1.06960820 0.18752877
v -0.31384440 1.06632174 0.19323021
v -0.23732031 1.14185527 0.35793112
v -0.20219800 1.15912300 0.38972500
v -0.20044112 1.16398388 0.39469013
v -0.20151000 1.16197800 0.39399300
v -0.20155300 1.16291200 0.39317400
v -0.00255220 1.20708349 0.46669857
v 0.01312000 1.23211279 0.47741780
v 0.10319365 1.20005920 0.45136771
v 0.22295544 1.10676261 0.33569378
v 0.24720465 1.08339376 0.29260330
v 0.26061100 1.03138200 0.19809200
v 0.25628500 1.02946200 0.19807000
v 0.25904600 1.02955600 0.19509200
v 0.26015381 1.00826245 0.14095830
v 0.26530223 0.93476512 0.15483705
v 0.18428742 0.72224055 0.27505810
v 0.13686956 0.70399996 0.30165487
v 0.12329852 0.71479490 0.30724189
v -0.01614649 0.66068470 0.32664574
v -0.33913463 0.96851501 0.06987497
v -0.27245200 0.99518300 0.07855300
v -0.32714714 1.04713947 0.11627138
v -0.31160197 1.07260720 0.20725476
v -0.29107300 1.07542100 0.23844300
v -0.29932740 1.10040681 0.26400991
v -0.24824417 1.12033779 0.33152262
v -0.19580402 1.14377667 0.38324142
v -0.20400900 1.16497700 0.39377500
v -0.20176300 1.16256500 0.39323900
v -0.19932900 1.20093013 0.41780772
v -0.11335561 1.22599293 0.46097166
v 0.01531822 1.20874181 0.46739621
v 0.17808171 1.19151584 0.42240844
v 0.19195100 1.15993400 0.39629700
v 0.19006739 1.13500914 0.37916922
v 0.26557927 1.00544805 0.12014014
v 0.25282200 0.99208900 0.10526800
v 0.23423712 0.98318675 0.12767362
v 0.26862623 0.91053831 0.16353684
v 0.27947261 0.90038154 0.16062050
v 0.25471570 0.80152795 0.19855769
v 0.20785744 0.74220521 0.25580423
v 0.20406596 0.73969028 0.25861069
v 0.11828832 0.69224531 0.30962735
v 0.05537312 0.69088193 0.32541794
v -0.05387124 0.65371351 0.32206209
v -0.10764047 0.67039009 0.31113567
v -0.12229252 0.66300208 0.30473431
v -0.27803784 0.77782743 0.17378718
v -0.29544865 0.83678842 0.15324796
v -0.28911683 0.86181329 0.16014978
v -0.33065495 0.93349811 0.11740241
v -0.33758987 0.94321214 0.10416915
v -0.28481193 0.99628354 0.06358971
v -0.32784523 1.05473168 0.13765964
v -0.32119872 1.05071916 0.14236972
v -0.30258305 1.11059367 0.27310376
v -0.24700224 1.16463108 0.36840328
v -0.21041551 1.17708065 0.39838280
v -0.08790017 1.21865689 0.46346776
v -0.01174734 1.24134175 0.48121102
v 0.18749028 1.17215650 0.40642129
v 0.20278850 1.16176400 0.39198375
v 0.24226711 1.12359489 0.33942447
v 0.25643182 1.10410465 0.30974687
v 0.25032361 0.99487793 0.11514083
v 0.25058268 0.98449572 0.11326913
v 0.25103738 0.96435625 0.13879900
v 0.25359700 0.96537400 0.13685200
v 0.25047400 0.96418600 0.13877200
v 0.25108300 0.96361400 0.13924300
v 0.26722370 0.87057443 0.17463137
v 0.04737884 0.67157272 0.32524443
v -0.18601800 0.67927200 0.27277300
v -0.31119342 0.86697016 0.15020040
v -0.32741911 0.92116672 0.12737871
v -0.31010833 0.99131648 0.05068420
v -0.27536500 0.99827700 0.07120600
v -0.28791760 1.00681740 0.05006488
v -0.25669639 1.14264681 0.34546856
v -0.20084063 1.22788315 0.43075149
v 0.06867751 1.22541667 0.46986436
v 0.26327331 1.08848792 0.28578305
v 0.26313200 1.06639300 0.25699200
v 0.26190800 1.06334300 0.25387600
v 0.26626200 1.06431400 0.25078200
v 0.29325465 1.02596870 0.12948581
v 0.26352558 0.99793227 0.09581465
v 0.25962704 0.97460839 0.12246813
v 0.25545200 0.96431600 0.13640200
v 0.25031500 0.96402700 0.13909800
v 0.25393700 0.96198300 0.13944600
v 0.27530431 0.94928186 0.13852943
v 0.24663527 0.94458320 0.16050821
v 0.26853228 0.78316450 0.18407628
v 0.24385325 0.76510687 0.21797906
v 0.20986898 0.71572720 0.25589125
v -0.01947029 0.64068502 0.32428798
v -0.02773242 0.65648796 0.32549562
v -0.14305846 0.65820508 0.29535148
v -0.18673600 0.67615700 0.27306300
v -0.18885900 0.67628700 0.27062100
v -0.22213654 0.67394183 0.24448228
v -0.23084866 0.69456884 0.23796121
v -0.23674233 0.68561923 0.23225652
v -0.26065983 0.69383886 0.20573305
v -0.26862752 0.71303211 0.19467830
v -0.27018509 0.73557423 0.18966774
v -0.29945707 0.82034053 0.14550787
v -0.31454440 0.83900801 0.14824260
v -0.34021258 0.95619014 0.08684471
v -0.27555300 0.99894300 0.07120600
v -0.27595850 0.99982400 0.07104350
v -0.30638650 1.08070700 0.22757100
v -0.32381350 1.08815725 0.21388488
v -0.26836498 1.13712271 0.33206663
v -0.21727410 1.20806861 0.41263584
v -0.14286487 1.21522735 0.44781168
v -0.07604549 1.23237057 0.47126423
v 0.09092633 1.21899233 0.46302782
v 0.26611000 1.06645100 0.25379700
v 0.26612500 1.06701600 0.25457200
v 0.26582800 1.06641500 0.25431800
v 0.08648800 0.66958531 0.31790638
v -0.18572900 0.67306300 0.27170100
v -0.18599700 0.67361400 0.27266400
v -0.18976400 0.67322200 0.26973000
v -0.18425575 0.67243225 0.27330375
v -0.28378682 0.78978944 0.16365524
v -0.32277547 0.88467834 0.14352473
v -0.35411586 0.96165157 0.06168333
v -0.23741503 1.16807861 0.37657201
v -0.17352045 1.22370831 0.44049699
v 0.13868982 1.20609499 0.44478870
v 0.19661294 1.21179993 0.42488421
v 0.22390959 1.13127739 0.35777590
v 0.28808421 1.08011890 0.25018706
v 0.26935600 1.06643700 0.25078200
v 0.26906600 1.06700200 0.25115200
v 0.26935600 1.06639300 0.25071000
v 0.29049037 1.06040585 0.21510106
v 0.28498174 1.03405844 0.16796316
v 0.28211026 1.01408291 0.11279606
v 0.26199450 0.99673000 0.09597550
v 0.28407001 0.86481823 0.16286906
v 0.28394732 0.85077618 0.16162067
v 0.23212441 0.70173704 0.23644371
v 0.18470517 0.70334034 0.27536488
v 0.11833507 0.67920647 0.30887277
v 0.12286304 0.66762076 0.30616961
v 0.10501766 0.65356306 0.31082541
v -0.08002191 0.65357247 0.31725553
v -0.15789800 0.66390400 0.28833700
v -0.15729675 0.65905525 0.28811925
v -0.15881800 0.66386800 0.28858300
v -0.16951189 0.67763322 0.28339286
v -0.18267100 0.67009900 0.27412800
v -0.18613400 0.67294700 0.27296100
v -0.30959303 0.81203159 0.14226524
v -0.27422700 1.00137100 0.07740100
v -0.32826443 1.03848202 0.07393532
v -0.20742900 1.20879900 0.41798300
v -0.21356600 1.20875600 0.41481700
v -0.15673274 1.21724377 0.44395616
v 0.11501513 1.22634719 0.46048423
v 0.16246696 1.22073006 0.44319308
v 0.17676860 1.21459397 0.43472178
v 0.21329853 1.18704776 0.40236870
v 0.18305863 1.15524000 0.39711450
v 0.27445099 1.09600844 0.28525677
v 0.27120575 1.07242885 0.25756108
v 0.29271553 1.04256319 0.17521546
v 0.26505229 0.98912826 0.09489072
v 0.28446939 0.87903563 0.16153608
v 0.27006253 0.81048537 0.17838590
v 0.26157403 0.77208998 0.19484190
v 0.23145850 0.71160848 0.23712457
v 0.21190171 0.68939259 0.25380001
v 0.05398265 0.65490213 0.32255107
v -0.15478200 0.66012200 0.28987300
v -0.15779700 0.66143400 0.28823500
v -0.15773900 0.66039800 0.28756100
v -0.28538032 0.74714715 0.16620340
v -0.28954170 0.81420807 0.15285957
v -0.34957873 0.92371867 0.11166454
v -0.32944794 0.97813484 0.06116000
v -0.30142740 1.01720742 0.06277327
v -0.31901200 1.03113600 0.07108300
v -0.31579500 1.02865800 0.07046700
v -0.31568700 1.02915800 0.07425700
v -0.31455600 1.02904200 0.07802400
v -0.29431429 1.15883089 0.32880028
v -0.21096500 1.21232800 0.41771500
v -0.21074800 1.21177000 0.41932300
v -0.20742200 1.21490700 0.42105500
v -0.11173329 1.25405785 0.47233820
v -0.07926456 1.23972960 0.47360612
v 0.03533346 1.25044281 0.48304069
v 0.19185636 1.22850172 0.43491254
v 0.20731258 1.19449315 0.40986909
v 0.21773405 1.17268917 0.39102120
v 0.21673100 1.16550600 0.38697900
v 0.22958082 1.16489699 0.37967960
v 0.28184124 1.04389921 0.19534404
v 0.29102800 1.03358500 0.15479900
v 0.29056400 1.03186000 0.15148800
v 0.28827500 1.03038900 0.15127800
v 0.27963483 1.00748880 0.09260092
v 0.26022209 0.96931828 0.12850684
v 0.30020058 0.92432691 0.13920962
v 0.30959291 0.90915013 0.14059352
v 0.27915121 0.79593459 0.16661479
v 0.24580709 0.73709093 0.21993199
v 0.18313952 0.67428894 0.27537256
v 0.01985274 0.63097053 0.32210606
v -0.12724351 0.64186580 0.29966034
v -0.15781100 0.66127400 0.28746700
v -0.15835500 0.65733300 0.28732200
v -0.15210741 0.63683282 0.28768702
v -0.19990916 0.67436661 0.26261215
v -0.27480462 0.70647627 0.18705869
v -0.29580741 0.79521885 0.13780029
v -0.32042846 0.84276341 0.14821161
v -0.29121506 1.00326175 0.02601344
v -0.28328800 1.00292150 0.05408850
v -0.31627400 1.02860700 0.07413300
v -0.31570800 1.02947600 0.07435100
v -0.33437510 1.04457564 0.07981351
v -0.33706909 1.06733765 0.15008179
v -0.29324003 1.13338472 0.30840750
v -0.25873925 1.17596986 0.36858033
v -0.23351380 1.19339075 0.39547245
v -0.21678300 1.21206700 0.41484600
v -0.21397200 1.21484200 0.41725800
v -0.21079900 1.21250200 0.41717900
v -0.21366100 1.21502300 0.41797600
v -0.21053100 1.21500100 0.41953300
v -0.13759981 1.23997299 0.45975704
v 0.06196175 1.23307550 0.47349725
v 0.13668805 1.22455130 0.45357340
v 0.22291150 1.16703500 0.38460950
v 0.29410700 1.04149000 0.17054400
v 0.29558150 1.04141900 0.16768200
v 0.29449100 1.04135200 0.16930500
v 0.29023100 1.03263375 0.15321225
v 0.29059300 1.03297600 0.15197300
v 0.29050600 1.03199100 0.15085000
v 0.25565306 0.98995838 0.10244156
v 0.27463220 0.95988709 0.12914218
v 0.28070134 0.83504433 0.16313834
v 0.26108179 0.74266243 0.20120645
v 0.24978200 0.73986050 0.21515550
v 0.25077800 0.74457000 0.21319200
v 0.24805400 0.74130200 0.21682200
v 0.15158252 0.67008137 0.29378029
v -0.07566943 0.62813291 0.31356628
v -0.17336824 0.64757084 0.27703497
v -0.19262700 0.66064400 0.26625900
v -0.25168835 0.66623966 0.21401067
v -0.28619307 0.75539303 0.16370598
v -0.29722500 0.81000950 0.14216600
v -0.29722500 0.81741800 0.14551000
v -0.34056800 0.89920700 0.13148300
v -0.34059700 0.90233700 0.13006300
v -0.33703677 1.05435468 0.11124080
v -0.21661700 1.21809500 0.41796800
v -0.21363200 1.21809500 0.41951200
v -0.21363200 1.22109500 0.42127200
v -0.21667150 1.21964550 0.41869650
v -0.21363200 1.22126900 0.42070000
v 0.06192000 1.23667300 0.47488300
v 0.06239900 1.23411500 0.47441200
v 0.08166569 1.22939115 0.46926920
v 0.11779367 1.25027416 0.46930033
v 0.15305846 1.24640015 0.45730212
v 0.15457100 1.22755100 0.44894400
v 0.17022137 1.23840728 0.44800251
v 0.26009299 1.13284856 0.33467841
v 0.29781000 1.04363400 0.17029000
v 0.29361500 1.04172900 0.17003000
v 0.29588200 1.04145300 0.16802300
v 0.30084522 1.02609121 0.11098026
v 0.28089580 0.97283513 0.11133438
v 0.24199677 0.75236018 0.22245177
v 0.25167000 0.74107800 0.21408300
v 0.25072000 0.74086000 0.21338000
v 0.23142490 0.69239201 0.23682065
v 0.18398064 0.66707009 0.27411188
v 0.09036732 0.64259568 0.31338869
v 0.08668975 0.68440125 0.31916500
v 0.02253656 0.64339570 0.32403771
v 0.00514083 0.63430009 0.32329727
v -0.19240200 0.65783300 0.26641800
v -0.19505400 0.66081100 0.26452000
v -0.19138800 0.65770200 0.26556300
v -0.29923100 0.78435925 0.13303100
v -0.34053017 0.88459572 0.13682251
v -0.34366200 0.89610600 0.13137400
v -0.34337200 0.89942400 0.13075800
v -0.34065500 0.90230100 0.13021500
v -0.34366200 0.90230100 0.12857700
v -0.37095550 0.88133996 0.12487673
v -0.34181114 0.98111670 0.02536271
v -0.28481257 0.99787245 0.05730973
v -0.28483500 1.00137100 0.04843300
v -0.28483500 1.00295700 0.04953400
v -0.28535600 1.00447200 0.04953400
v -0.33951621 1.05083261 0.08805371
v -0.33231284 1.08021101 0.18714670
v -0.31556000 1.08660850 0.22435750
v -0.32956334 1.09591098 0.21801710
v -0.31111036 1.09710603 0.24616567
v -0.33035417 1.13368407 0.26703247
v -0.30948568 1.12956425 0.28721010
v -0.28020054 1.17509380 0.35243920
v -0.21357400 1.22195700 0.42109100
v -0.21574000 1.22481900 0.42138800
v -0.21363200 1.22429000 0.42254000
v -0.16704076 1.23599435 0.44825939
v -0.04306924 1.26046220 0.48561515
v 0.02592400 1.24596200 0.48184600
v 0.07202679 1.25760545 0.48084435
v 0.06489800 1.23567300 0.47408600
v 0.06206500 1.23364400 0.47401400
v 0.06497800 1.23412300 0.47297700
v 0.06811500 1.23357900 0.47287600
v 0.20240264 1.22917521 0.43018411
v 0.23451314 1.19557784 0.39598136
v 0.23563850 1.17013250 0.37931475
v 0.30455696 1.05769950 0.18968877
v 0.32094658 1.05139688 0.14485453
v 0.27596400 1.00460200 0.09036400
v 0.27513800 1.00361000 0.08948700
v 0.27509500 1.00448600 0.08983500
v 0.27517075 1.00423975 0.08905050
v 0.30526512 0.87804175 0.15081576
v 0.28712270 0.76151850 0.15938587
v 0.15467172 0.66533648 0.29188375
v -0.02754146 0.62365483 0.32041908
v -0.19138000 0.65739100 0.26649800
v -0.19188000 0.65492000 0.26611400
v -0.19519900 0.65436200 0.26331000
v -0.21713100 0.66670100 0.24768100
v -0.21648087 0.66396225 0.24799162
v -0.32009453 0.81329740 0.14453176
v -0.32801140 0.90025606 0.13671109
v -0.34365500 0.89903300 0.13014200
v -0.34401700 0.89921400 0.12985200
v -0.36368068 0.94432417 0.07651833
v -0.34663006 0.97498512 0.04083533
v -0.29327983 1.00146818 0.02966790
v -0.28839200 1.00137100 0.04024500
v -0.28720400 1.00369675 0.04201175
v -0.32465044 1.03208336 0.04964585
v -0.35357056 1.06945619 0.10686387
v -0.33438101 1.10601514 0.22620412
v -0.21673300 1.22434800 0.42101200
v -0.21286200 1.22199150 0.42171975
v -0.20182436 1.24477030 0.43740225
v -0.16690004 1.24111670 0.45043614
v -0.06228193 1.23523993 0.47469941
v 0.02193200 1.24849100 0.48274500
v 0.02456900 1.24885300 0.48335300
v 0.02775000 1.24905600 0.48282400
v 0.21975261 1.22914190 0.42182621
v 0.24958500 1.14469287 0.35260890
v 0.27666922 1.14250826 0.32949989
v 0.28617289 1.09859579 0.27777134
v 0.29047265 1.01443455 0.09031276
v 0.30809816 1.02739286 0.09460348
v 0.27474713 1.00072791 0.07516979
v 0.27495975 0.99982400 0.07314150
v 0.27448019 0.99057950 0.08480645
v 0.29518819 0.94996812 0.12538349
v 0.27897550 0.82799054 0.16475905
v 0.29209196 0.80351133 0.14229442
v 0.25154943 0.72844916 0.21396748
v 0.06559481 0.63286419 0.31657313
v -0.08789091 0.65175566 0.31497641
v -0.11044478 0.62902918 0.30315569
v -0.19117700 0.65461600 0.26625900
v -0.19195300 0.65152200 0.26510700
v -0.21317500 0.66382500 0.25057900
v -0.21728300 0.66368700 0.24802900
v -0.21720400 0.66419400 0.24794200
v -0.33588684 0.83509725 0.14689114
v -0.34226823 0.86030417 0.14282973
v -0.28685975 1.00447200 0.04271075
v -0.28793600 1.00238500 0.04024500
v -0.28842100 1.00447200 0.03560500
v -0.35189337 1.05940851 0.07499432
v -0.34731950 1.07292850 0.13936775
v -0.34978450 1.08574250 0.16258450
v -0.33953000 1.09248500 0.19587150
v -0.34682100 1.09168000 0.18106850
v -0.34481769 1.10286446 0.20478669
v -0.25111483 1.20464136 0.39157173
v -0.23063734 1.23241716 0.41738767
v -0.17730758 1.25184520 0.45064707
v 0.02483000 1.24886000 0.48278800
v 0.02583350 1.24818450 0.48256150
v 0.02451800 1.24828100 0.48240400
v 0.09530514 1.23950757 0.47020251
v 0.12730101 1.26253046 0.47129312
v 0.32039562 1.04408005 0.12359993
v 0.28414024 1.00625435 0.07009359
v 0.26949400 0.99827700 0.08361100
v 0.26842900 0.99518300 0.08359600
v 0.26935600 0.99208900 0.08619700
v 0.27244300 0.99206700 0.08345800
v 0.30008538 0.98858232 0.06916520
v 0.28363000 0.97343900 0.10836200
v 0.32259039 0.93361428 0.12080090
v 0.28942705 0.82521063 0.15132621
v 0.13485519 0.63658519 0.29658869
v -0.11817877 0.62344155 0.29906558
v -0.19838890 0.65655440 0.26141689
v -0.21706600 0.66396200 0.24786200
v -0.28948017 0.71310783 0.16491511
v -0.37502449 0.89530799 0.11496681
v -0.37354424 0.92244087 0.09376888
v -0.31078368 0.99562595 0.03187193
v -0.34770350 1.06845825 0.12533675
v -0.35212498 1.07420190 0.13060595
v -0.34619825 1.07401750 0.14465875
v -0.34855730 1.09856470 0.19079162
v -0.36816855 1.12635364 0.20196915
v -0.33625632 1.11677257 0.23952485
v -0.23331799 1.25540460 0.42526645
v -0.02428259 1.27725725 0.49220948
v -0.00126985 1.24834864 0.48372719
v 0.26611000 1.17109300 0.35961200
v 0.26342002 1.15995030 0.35376340
v 0.27065300 0.99518300 0.08049500
v 0.26935600 0.99789300 0.08359600
v 0.27226200 0.99208900 0.08359600
v 0.28226200 0.99617261 0.06568747
v 0.29297599 0.98116319 0.08945380
v 0.28848500 0.97400400 0.10483300
v 0.28515200 0.97248900 0.10743400
v 0.28790500 0.97362000 0.10527500
v 0.30031700 0.86824600 0.15366200
v 0.28679704 0.85424202 0.16029259
v 0.28732500 0.82489600 0.15479900
v 0.28767650 0.82645350 0.15480250
v 0.27427586 0.75098652 0.18153282
v 0.09277855 0.62618233 0.30928619
v 0.06808975 0.64530850 0.31868125
v 0.09306315 0.66809654 0.31674073
v -0.00087658 0.61882085 0.32030037
v -0.19345392 0.65879177 0.26568212
v -0.22545414 0.65344532 0.23924509
v -0.25845627 0.65583418 0.20481088
v -0.29371800 0.76275000 0.14527100
v -0.29383025 0.76224950 0.14635050
v -0.29446400 0.76288700 0.14595200
v -0.36202376 0.82487540 0.14389382
v -0.30965970 0.99842231 0.01168076
v -0.34995100 1.06617200 0.10994900
v -0.36398966 1.07883273 0.10689141
v -0.35697031 1.07898402 0.13115629
v -0.34985700 1.08940500 0.17028300
v -0.34998000 1.09407100 0.17952100
v -0.36585209 1.11333809 0.18515365
v -0.34355349 1.11515065 0.22572121
v -0.32161234 1.15248286 0.29620753
v -0.28100611 1.19845070 0.36696081
v -0.27216076 1.19993248 0.37416178
v -0.17644290 1.26456068 0.45540883
v 0.12994277 1.25913657 0.46906948
v 0.18627960 1.24563636 0.44418582
v 0.21504689 1.25295366 0.43419010
v 0.25195362 1.18863900 0.38120167
v 0.27413633 1.12006192 0.31101749
v 0.28607680 1.10699398 0.28750343
v 0.30016376 1.01863123 0.07765246
v 0.27245000 0.99690700 0.07740100
v 0.27276150 0.99518300 0.07771650
v 0.29514181 0.97197574 0.10225094
v 0.28579300 0.97507625 0.10470275
v 0.29143400 0.97162000 0.10536200
v 0.30625310 0.89728395 0.14626177
v 0.30795634 0.85967362 0.15059992
v 0.28802800 0.82801100 0.15480600
v 0.28793400 0.82759100 0.15479900
v 0.29014551 0.77483895 0.15068698
v 0.26679394 0.73269506 0.19504838
v 0.25324025 0.69948606 0.21359944
v 0.17835731 0.66230926 0.27709988
v -0.07485170 0.59835934 0.30631348
v -0.09231398 0.59040577 0.29982209
v -0.12456925 0.60164938 0.29161961
v -0.16226408 0.62269501 0.27843533
v -0.16826078 0.60375536 0.27027586
v -0.27258540 0.67209233 0.18902571
v -0.29412400 0.75988000 0.14618400
v -0.29381900 0.76269200 0.14573500
v -0.29534100 0.76298100 0.14241600
v -0.36862903 0.91250748 0.10662972
v -0.37284771 0.93778968 0.07463789
v -0.33993851 0.98361900 0.01699075
v -0.31267871 1.02148884 0.02918501
v -0.33646077 1.04033204 0.03945243
v -0.36211943 1.10153375 0.16911730
v -0.34167544 1.14500916 0.26557343
v -0.24057275 1.23358650 0.41194700
v -0.20838085 1.26182866 0.44060220
v -0.09369789 1.27870774 0.48385490
v -0.06919190 1.26348727 0.48316490
v 0.02810788 1.27670714 0.49168086
v 0.07073246 1.27016302 0.48543902
v 0.28615162 1.13125552 0.31094312
v 0.32544254 1.08654327 0.21079659
v 0.27245000 0.99827700 0.07681400
v 0.27090300 0.99440050 0.08133200
v 0.32119186 0.89812649 0.13929616
v -0.06147300 0.61749891 0.31432010
v -0.14501268 0.62974979 0.28980845
v -0.26345856 0.64412264 0.19676146
v -0.29063082 0.75826677 0.15507306
v -0.30031900 0.77226300 0.12905500
v -0.30031900 0.77536400 0.12926500
v -0.30573288 0.79165956 0.13534219
v -0.34773101 0.81541312 0.14599104
v -0.36618900 0.87418000 0.12986700
v -0.38870303 0.87383930 0.11934011
v -0.38720685 0.93543865 0.05697650
v -0.34954928 1.11936928 0.22249829
v -0.30071403 1.18847757 0.34462567
v -0.24768600 1.22429000 0.40357900
v -0.24651560 1.22781611 0.40589199
v -0.24619819 1.24098728 0.41184888
v 0.05087891 1.28198462 0.49155900
v 0.20648905 1.26102246 0.44132849
v 0.23312249 1.21771530 0.40873852
v 0.23839500 1.21500100 0.40423800
v 0.23854000 1.21185700 0.40252800
v 0.24303600 1.21500100 0.40152450
v 0.24148900 1.21190700 0.40084700
v 0.30293389 1.15081294 0.31367576
v 0.32463367 1.08038970 0.20136329
v 0.31963446 1.05776046 0.16412459
v 0.31369509 0.92259637 0.13282330
v 0.31828905 0.86980984 0.14702228
v 0.27129291 0.68988186 0.19078851
v 0.22511243 0.67063368 0.24108405
v 0.06084775 0.62725075 0.31649525
v 0.03499689 0.61019802 0.31655713
v -0.29344406 0.68760475 0.15874705
v -0.30031900 0.76916900 0.12928700
v -0.30341200 0.77226300 0.12744000
v -0.36655040 0.86235439 0.13410111
v -0.36191483 0.96631286 0.03188981
v -0.29512891 1.00961844 0.02261123
v -0.31662379 1.02311692 0.00594445
v -0.35596138 1.06846625 0.09666275
v -0.36889650 1.09223059 0.13264359
v -0.34256994 1.16074214 0.28014139
v -0.25088200 1.22738400 0.40304200
v -0.25091100 1.22715200 0.40307100
v -0.13774410 1.26282325 0.46820452
v -0.00500850 1.26875779 0.49025378
v 0.05124797 1.29165948 0.49396639
v 0.08371736 1.24389633 0.47398634
v 0.14575633 1.25340532 0.46249837
v 0.16024265 1.27108375 0.46353228
v 0.18538106 1.26198424 0.45099476
v 0.24093100 1.21572600 0.40260800
v 0.24148900 1.21475500 0.40231100
v 0.23904800 1.21221900 0.40179600
v 0.24199700 1.21516800 0.40312900
v 0.24316588 1.16844262 0.37322356
v 0.27794448 1.16330618 0.34472581
v 0.33515782 1.04656173 0.08424731
v 0.28436550 1.00292150 0.05185800
v 0.27554400 0.99750100 0.07120600
v 0.28733682 0.72923212 0.16506244
v 0.05481005 0.63187154 0.31896617
v -0.23949130 0.62855574 0.22032815
v -0.28492953 0.67231388 0.17131927
v -0.29994509 0.76377373 0.13067523
v -0.31374012 0.75322246 0.12587691
v -0.37788472 0.83203442 0.13898723
v -0.36519481 0.96074253 0.04227769
v -0.36944375 0.96184037 0.02096400
v -0.36018375 0.97025775 0.01161250
v -0.29589100 1.00242012 -0.00810662
v -0.30190329 1.17416727 0.33368787
v -0.30650824 1.18559392 0.33790425
v -0.25391000 1.23080400 0.40255700
v -0.25474300 1.23029000 0.40212900
v -0.09997847 1.25689956 0.47572379
v -0.01017227 1.30068194 0.49853317
v 0.09826550 1.27920477 0.48294429
v 0.21434857 1.26208777 0.43781139
v 0.24303274 1.22347767 0.40568827
v 0.24458300 1.21809500 0.40220200
v 0.25014940 1.18197505 0.37848994
v 0.28958832 1.14860426 0.32362539
v 0.33211003 1.04180106 0.07310645
v 0.31852042 1.03145055 0.07389554
v 0.28437650 1.00405478 0.05470212
v 0.28063800 0.99827700 0.06191700
v 0.29489725 0.81925006 0.14519825
v 0.29412200 0.80787200 0.14133650
v 0.29812494 0.77980673 0.13174892
v 0.28564736 0.70512304 0.17006048
v 0.25881877 0.68362920 0.20648027
v 0.24459727 0.65361002 0.21977981
v 0.07720529 0.62767950 0.31363679
v 0.01164738 0.59675325 0.31441079
v -0.14334905 0.59369129 0.28072685
v -0.30341200 0.76298100 0.12526600
v -0.34601291 1.04676175 0.01184708
v -0.36831900 1.07695700 0.08055300
v -0.37857150 1.08352149 0.06004426
v -0.37765388 1.09192575 0.10191794
v -0.37575459 1.10944084 0.15413694
v -0.28036112 1.22117686 0.38004721
v -0.25691000 1.22742800 0.39929600
v -0.25672900 1.22718100 0.39882500
v -0.25267675 1.22975150 0.40293350
v -0.25413500 1.23006500 0.40256400
v -0.25605500 1.23378200 0.40254200
v -0.28748810 1.25485854 0.39104667
v -0.18856200 1.26716300 0.45146500
v -0.16601280 1.27174688 0.46149962
v -0.07910507 1.28133205 0.48708350
v -0.05983234 1.32004074 0.49912572
v 0.02778274 1.30620253 0.49895217
v 0.25101339 1.24900904 0.41266089
v 0.25596456 1.21915953 0.39608484
v 0.26412654 1.21926128 0.39048555
v 0.32521170 1.13165121 0.27178664
v 0.32005776 1.09989969 0.23875025
v 0.29604283 1.01108277 0.04434573
v 0.28173900 0.99955200 0.05882300
v 0.28239100 0.99982400 0.05727600
v 0.32200300 0.97970600 0.06501800
v 0.32566680 0.96870928 0.08127866
v 0.30951453 0.96271726 0.10256467
v 0.33114976 0.84438649 0.14573598
v 0.30026472 0.82886129 0.14734632
v 0.29723000 0.81557800 0.14244500
v 0.29479600 0.81251300 0.14241600
v 0.29567425 0.81173225 0.14179300
v 0.30031700 0.79974063 0.13597750
v 0.26504374 0.70031570 0.19902010
v 0.25243769 0.67461685 0.21377169
v 0.20743836 0.64626648 0.25319285
v 0.18261584 0.64013971 0.27103821
v 0.13751598 0.60909632 0.28911451
v 0.09702497 0.60116702 0.30148991
v 0.05627075 0.61459575 0.31437225
v -0.01596672 0.59693490 0.31426669
v -0.04501433 0.58441401 0.30754801
v -0.20530018 0.62202100 0.24924686
v -0.22850151 0.62464801 0.22985411
v -0.30341200 0.75678600 0.12515700
v -0.30771294 0.73840216 0.12090519
v -0.30341200 0.75988000 0.12502000
v -0.30650600 0.75988000 0.12474400
v -0.32342860 0.75925422 0.13284367
v -0.32805530 0.80449115 0.14440586
v -0.34872785 0.79150353 0.14602173
v -0.38881141 0.91702170 0.08376499
v -0.38189000 0.94915800 0.03086200
v -0.38801117 0.94730806 0.01390199
v -0.36809608 0.96469820 0.00723422
v -0.36576584 0.96680137 -0.00835745
v -0.35763550 0.97209100 0.01236800
v -0.29566654 1.00922225 -0.00164159
v -0.36533400 1.07255200 0.07430700
v -0.36669242 1.13893070 0.22204448
v -0.35958413 1.14215074 0.23751265
v -0.26611007 1.26672986 0.40993161
v -0.18884450 1.26908850 0.45159375
v -0.18838100 1.27067000 0.45182000
v -0.18909800 1.27082900 0.45183500
v -0.18576500 1.27072800 0.45334200
v -0.11592355 1.28047921 0.47933895
v 0.06740288 1.28777108 0.49098982
v 0.10966626 1.28983165 0.48355692
v 0.23603519 1.25789789 0.42466355
v 0.28313052 1.21304701 0.37334825
v 0.35729936 1.07844654 0.12911333
v 0.31747331 1.02706971 0.05114064
v 0.28135500 1.00137100 0.05779800
v 0.29610310 0.75131969 0.14371566
v 0.07796878 0.60543358 0.30763123
v 0.04611050 0.59766900 0.31131800
v -0.00692757 0.58903485 0.31240770
v -0.03001607 0.59669120 0.31312651
v -0.08962800 0.59878651 0.30246121
v -0.09387930 0.57742331 0.29486673
v -0.27541128 0.65463262 0.18263560
v -0.30341200 0.75369300 0.12566400
v -0.30634700 0.75678600 0.12383900
v -0.30650600 0.75692400 0.12383900
v -0.30264100 0.78496100 0.13236800
v -0.38107473 0.77905430 0.14676778
v -0.40239035 0.84360935 0.12671215
v -0.38646900 0.94494900 0.03100700
v -0.38391200 0.94731800 0.03095700
v -0.37614450 0.95527050 0.02645700
v -0.36935500 0.96213150 0.02042850
v -0.33489287 0.98589187 -0.00871156
v -0.31370612 0.99736932 0.00306312
v -0.33703628 1.03916671 0.00138554
v -0.36371075 1.06459625 0.02870675
v -0.31784378 1.18071118 0.32358286
v -0.25541576 1.21967973 0.39702623
v -0.23862286 1.29869801 0.43607330
v -0.19097500 1.27382900 0.45202300
v -0.18902500 1.27005400 0.45216100
v -0.16081142 1.29466448 0.47029097
v 0.04241218 1.32626726 0.50204962
v 0.10338571 1.31012597 0.49006141
v 0.25611100 1.16553175 0.36284725
v 0.32848344 1.09527561 0.22000049
v 0.35010833 1.09665827 0.18700291
v 0.32333852 1.03219237 0.05642232
v 0.29215100 1.00601900 0.02631600
v 0.28725300 1.00447200 0.04334700
v 0.28597000 1.00137100 0.04644000
v 0.28473100 0.99826900 0.05570800
v 0.31267800 0.98515850 0.06343500
v 0.31160454 0.95538247 0.10946675
v 0.24327325 0.66609657 0.22266843
v 0.20314646 0.63466178 0.25440960
v 0.19431541 0.64637655 0.26369857
v 0.15295555 0.63712169 0.28824444
v 0.11146675 0.62279140 0.30238641
v -0.29838874 0.70452803 0.14907429
v -0.29842823 0.71814511 0.14695730
v -0.30502100 0.75369300 0.12383900
v -0.38440293 0.79542951 0.14510561
v -0.39083169 0.89024365 0.10736310
v -0.36527400 1.07024950 0.06189175
v -0.37188400 1.12111200 0.18556400
v -0.38639251 1.16909010 0.22587819
v -0.28051986 1.25536827 0.39587731
v -0.25407670 1.28901917 0.42418169
v -0.08147528 1.28933772 0.48878076
v 0.08978350 1.29550100 0.48912800
v 0.08635300 1.29320400 0.48917900
v 0.32168744 1.15191221 0.29482320
v 0.33444326 1.08871231 0.20006195
v 0.28786900 1.00447900 0.04025300
v 0.28726700 1.00137100 0.04334700
v 0.29048417 0.99711333 0.05105493
v 0.33339398 0.97777193 0.05503918
v 0.32600039 0.94601768 0.10831978
v 0.34076040 0.87794962 0.13784703
v 0.30787092 0.81917689 0.14426518
v 0.30341100 0.78464950 0.13122550
v 0.25386566 0.65845253 0.21052635
v 0.11834355 0.61099256 0.29719347
v -0.17977281 0.60377475 0.26299850
v -0.27469609 0.62949524 0.17915020
v -0.27703754 0.64814486 0.17928160
v -0.33631049 0.74056380 0.13444413
v -0.37706901 0.80226457 0.14489987
v -0.40837904 0.92106148 0.04415620
v -0.35796831 1.06008793 0.04219103
v -0.36886116 1.07299489 0.05656996
v -0.31289376 1.22131239 0.35327753
v -0.06030598 1.27820547 0.48907741
v -0.06598311 1.30337441 0.49443464
v -0.02476700 1.30168800 0.49793900
v 0.06756681 1.29871371 0.49348614
v 0.08953400 1.29550100 0.48838200
v 0.09033800 1.29580500 0.48951900
v 0.09288100 1.29550100 0.48854100
v 0.14795811 1.28738327 0.47233325
v 0.18907141 1.29161193 0.45857411
v 0.23365149 1.29481844 0.43794922
v 0.28348711 1.20204866 0.36722595
v 0.28237400 1.17632400 0.35083050
v 0.30879046 1.13935036 0.29730459
v 0.35821589 1.07598568 0.11813565
v 0.28855000 1.00447200 0.03715200
v 0.28789095 1.00441463 0.04018185
v 0.28861500 1.00137100 0.04024500
v 0.32345660 0.98494111 0.05028627
v 0.36926231 0.94792091 0.05855337
v 0.29814604 0.71278910 0.14833445
v 0.19615238 0.60967732 0.25399957
v -0.21539278 0.61122535 0.23829527
v -0.30650600 0.74440400 0.12210700
v -0.30650600 0.74749700 0.12204200
v -0.30960800 0.74749700 0.12199100
v -0.40879674 0.79070404 0.14127432
v -0.39931247 0.81177870 0.13835280
v -0.40465523 0.82605961 0.13218553
v -0.42214991 0.91161541 0.02962497
v -0.34837682 0.97875029 -0.01217299
v -0.29277950 1.00756600 0.02167150
v -0.30991892 1.01857741 -0.02006009
v -0.32818500 1.03227300 0.00269100
v -0.36836250 1.06943300 0.03096400
v -0.36006775 1.06033950 -0.00824600
v -0.36988400 1.07258100 0.04644000
v -0.39164953 1.13252079 0.16192921
v -0.36554318 1.16280013 0.25168732
v -0.28130588 1.24034482 0.38870809
v -0.25087239 1.27909627 0.42364000
v -0.19962817 1.27553565 0.44873113
v -0.13765319 1.29205697 0.47725238
v -0.06862400 1.29611600 0.49291700
v -0.06894500 1.29765225 0.49260225
v 0.08590503 1.31204633 0.49377433
v 0.08983100 1.29552900 0.48858500
v 0.11538403 1.30786817 0.48670501
v 0.26981173 1.25406524 0.40295258
v 0.30207984 1.17206724 0.33181475
v 0.30942450 1.17619750 0.32825650
v 0.34340753 1.11686819 0.23044000
v 0.35521785 1.08973404 0.16203076
v 0.35101870 1.08013051 0.14970656
v 0.34056600 1.05191600 0.08669000
v 0.34358100 1.05408300 0.08412500
v 0.34685366 1.04901046 0.03703974
v 0.29053278 1.00625922 0.03547280
v 0.29059300 1.00161350 0.03560500
v 0.36884959 0.90472690 0.11201238
v 0.36417244 0.86745962 0.13299964
v 0.32231944 0.83768694 0.14730456
v 0.31266300 0.80011500 0.13958300
v 0.30031700 0.77226300 0.12919300
v 0.26779452 0.66107337 0.19284991
v 0.22452363 0.64472411 0.23703787
v 0.21898057 0.63468442 0.24001260
v 0.13972489 0.59789874 0.28470359
v 0.09551107 0.58643009 0.29752462
v 0.01697180 0.58451850 0.31042071
v -0.11918654 0.57612828 0.28548533
v -0.24563142 0.59458782 0.20589814
v -0.29373956 0.66309885 0.15546839
v -0.30594263 0.74041421 0.12352249
v -0.30650600 0.74130200 0.12249800
v -0.30960800 0.74440400 0.12086100
v -0.31255500 0.74594500 0.12298375
v -0.41414403 0.80562841 0.13564157
v -0.40087635 0.90499762 0.08433987
v -0.41860726 0.89833695 0.06867862
v -0.40781248 0.92979218 -0.00652705
v -0.38238934 0.95295139 -0.01773652
v -0.32846800 1.03265000 -0.00275000
v -0.33121400 1.03471500 -0.00295300
v -0.32800400 1.03239600 -0.00020000
v -0.36860156 1.06867834 0.01292648
v -0.37015900 1.07237800 0.04233900
v -0.09140778 1.31302893 0.49280552
v -0.06840700 1.29564500 0.49241700
v -0.07113900 1.29777600 0.49196800
v -0.07121100 1.29859400 0.49254800
v 0.14072901 1.29271810 0.47594968
v 0.17973500 1.28927600 0.46155100
v 0.18299525 1.29336463 0.46116975
v 0.19759973 1.29910660 0.45708895
v 0.20297923 1.29839766 0.45473111
v 0.25359565 1.27604685 0.42106070
v 0.29881325 1.19099125 0.34748625
v 0.30657258 1.18922441 0.34017489
v 0.31577204 1.11443599 0.26354938
v 0.34396500 1.05373500 0.08376300
v 0.34374700 1.05382200 0.08400900
v 0.34408800 1.05360400 0.08066200
v 0.34539600 1.05491250 0.08046250
v 0.33776814 1.04417956 0.05889387
v 0.32705986 1.03146560 0.02378564
v 0.29412200 1.00226900 0.02476900
v 0.35330578 0.93451961 0.09747680
v 0.35902992 0.88994340 0.12602741
v 0.35428715 0.85937390 0.13836041
v 0.33284241 0.82449489 0.14604976
v 0.30476706 0.79331534 0.13485286
v 0.31040787 0.79503995 0.13767175
v 0.30650500 0.76916900 0.12691800
v 0.30341100 0.77226300 0.12708500
v 0.30031700 0.76916900 0.12933100
v 0.29869934 0.78532400 0.13263956
v 0.11145200 0.60197600 0.29698100
v 0.10526400 0.59888900 0.29822000
v 0.10856100 0.59903400 0.29736500
v 0.10871300 0.59907000 0.29758200
v 0.02938400 0.57377900 0.30514250
v -0.05929701 0.56743591 0.29934612
v -0.19483954 0.59851115 0.25143503
v -0.22898650 0.60935570 0.22555762
v -0.25282652 0.61876228 0.20398350
v -0.31156400 0.74130200 0.12074500
v -0.31270100 0.74130200 0.12130300
v -0.34635337 0.75878663 0.14206403
v -0.41101800 0.92342200 0.02486300
v -0.32787813 0.98948500 -0.00884350
v -0.32450500 1.02954200 -0.00651100
v -0.32805500 1.03212800 -0.00354000
v -0.37959410 1.08010602 0.01749007
v -0.35558783 1.17139153 0.27370461
v -0.30898977 1.25259344 0.37279237
v -0.25362107 1.29328884 0.42567642
v -0.15056554 1.30968308 0.47742059
v -0.07455900 1.29889100 0.49209900
v 0.06172241 1.31721794 0.49829859
v 0.08396629 1.31595867 0.49484261
v 0.18213300 1.29255200 0.46118100
v 0.18027100 1.28914600 0.46147100
v 0.18266900 1.28930500 0.46045700
v 0.28758735 1.19342214 0.35869122
v 0.35272175 1.13387718 0.23858330
v 0.36474361 1.10591576 0.17539455
v 0.34306373 1.05794324 0.10436525
v 0.34688500 1.05694500 0.08358200
v 0.34829078 1.05672387 0.07751069
v 0.30937786 0.99559613 0.03279707
v 0.34404524 0.95567334 0.08087698
v 0.30252700 0.76916900 0.12694000
v 0.29946410 0.72336302 0.14341266
v 0.28104228 0.66228772 0.17510516
v 0.10918400 0.59870100 0.29775600
v 0.10535100 0.59612900 0.29849500
v 0.10527100 0.59576600 0.29735700
v -0.02482168 0.56614868 0.30262021
v -0.10247840 0.56835113 0.28866864
v -0.22253282 0.59199029 0.22696502
v -0.30592048 0.67167150 0.13300479
v -0.30610703 0.68372833 0.13239270
v -0.30960800 0.72892000 0.11862200
v -0.30960800 0.73202100 0.11860000
v -0.30960800 0.73511500 0.11883900
v -0.31270100 0.73980300 0.12074500
v -0.31270900 0.73821600 0.12017200
v -0.36024262 0.77144627 0.14628782
v -0.33694996 0.98411592 -0.02789499
v -0.30031900 1.00014600 -0.02167600
v -0.39061209 1.09931436 0.07116391
v -0.38721475 1.10069900 0.09457208
v -0.39735921 1.11555661 0.10391936
v -0.39455952 1.12227106 0.13278470
v -0.34351108 1.18371783 0.29866545
v -0.35495612 1.21987592 0.31158773
v -0.32432449 1.22921875 0.34767673
v -0.28832913 1.29025726 0.40207990
v -0.19743083 1.29725370 0.45632681
v -0.11275454 1.30311562 0.48636748
v 0.00498145 1.31453769 0.50135591
v 0.18216900 1.29610200 0.46176100
v 0.18201700 1.29303000 0.46135500
v 0.18257500 1.29179800 0.46168900
v 0.24798049 1.30143841 0.43211733
v 0.33837764 1.14215086 0.26705810
v 0.35868326 1.11964733 0.20838418
v 0.29728100 1.00140000 0.02168900
v 0.30786713 0.99516281 0.03399162
v 0.32274463 0.97949759 0.06308188
v 0.35056132 0.84688341 0.14191009
v 0.33272323 0.80773715 0.14490895
v 0.30341100 0.76607500 0.12589600
v 0.30703199 0.73074057 0.12207767
v 0.16688798 0.62589317 0.27779689
v 0.12730568 0.58760769 0.28685351
v 0.10835800 0.59578800 0.29627800
v -0.12439961 0.58249115 0.28593679
v -0.13195828 0.56349846 0.27571308
v -0.16500547 0.58227684 0.26526266
v -0.30960800 0.72582600 0.11878800
v -0.31087600 0.72892000 0.11765100
v -0.31270100 0.73125300 0.11765100
v -0.31270100 0.73202100 0.11791900
v -0.40369909 0.76933513 0.14608549
v -0.42160354 0.83750381 0.11921668
v -0.42148480 0.87033742 0.09602091
v -0.40872100 0.88056400 0.09887000
v -0.41196700 0.88075600 0.09579100
v -0.40867000 0.88396200 0.09601500
v -0.39755500 0.93635500 0.02476900
v -0.32973612 0.98554683 -0.03998817
v -0.31661631 0.99231376 -0.03542869
v -0.29283400 1.00756600 -0.02322300
v -0.33138100 1.03521500 -0.01543700
v -0.33294200 1.03691050 -0.02433150
v -0.33796690 1.04183144 -0.03954178
v -0.38425900 1.08754300 0.04341200
v -0.38414700 1.08833850 0.04946275
v -0.38360000 1.08777500 0.04720100
v -0.38399100 1.08805800 0.04938200
v -0.38319400 1.08826800 0.05321500
v -0.39257202 1.09667127 0.04224999
v -0.39100842 1.14087341 0.17827697
v -0.39185070 1.18628047 0.23532200
v -0.36393744 1.18909105 0.27766400
v -0.33170411 1.21669573 0.33339220
v -0.31043898 1.22969492 0.36010309
v -0.23464053 1.30803317 0.44089865
v -0.21069700 1.30221700 0.45133500
v 0.00885362 1.31459476 0.50163833
v 0.06860262 1.34432843 0.50197298
v 0.26476405 1.29303384 0.41991583
v 0.31615932 1.18698851 0.33004882
v 0.33601447 1.17260586 0.29774102
v 0.34439943 1.12858494 0.24381137
v 0.35181071 1.05614004 0.05521644
v 0.29560262 1.00898218 0.02205701
v 0.30650500 0.76607500 0.12583800
v 0.30341100 0.76298100 0.12554100
v 0.30341100 0.75988000 0.12538900
v 0.24933847 0.63525657 0.21119315
v 0.23093415 0.61158909 0.22437736
v -0.23691659 0.57262942 0.20822484
v -0.31270500 0.73202100 0.11810700
v -0.36947393 0.75845016 0.14689536
v -0.41177800 0.87701400 0.09907300
v -0.41128600 0.87753500 0.09907300
v -0.41181500 0.87652100 0.09858700
v -0.41146700 0.88058600 0.09629100
v -0.40890200 0.88333900 0.09568900
v -0.41193800 0.88384600 0.09284900
v -0.41313019 0.92303345 0.01567799
v -0.28827662 1.00137100 -0.04195725
v -0.33127900 1.03528000 -0.01857500
v -0.33128700 1.03483100 -0.01856800
v -0.33460500 1.03807000 -0.02150900
v -0.36476197 1.06534187 -0.03407344
v -0.38409300 1.08718800 0.04676700
v -0.38384600 1.08847100 0.04956300
v -0.38423000 1.08877500 0.04965000
v -0.38083695 1.17556609 0.24133630
v -0.23110995 1.32095703 0.44567540
v -0.21009600 1.30513000 0.45137100
v -0.21087100 1.30382600 0.45148000
v -0.17988080 1.32073289 0.46895321
v -0.03679921 1.31971629 0.50107271
v -0.01096805 1.35172475 0.50738515
v 0.03190477 1.33990757 0.50470271
v 0.08534930 1.34100525 0.49909384
v 0.14416582 1.31628738 0.48037578
v 0.17827474 1.29303605 0.46334586
v 0.34256825 1.17772825 0.29423450
v 0.36486134 1.09981530 0.16401975
v 0.31589929 1.02265974 0.01281575
v 0.29324900 1.00447200 0.00058006
v 0.30341100 0.99935600 0.02167500
v 0.30503400 0.99783500 0.02470400
v 0.38837418 0.88019112 0.11546045
v 0.30960600 0.75369300 0.12325900
v 0.30650500 0.75988000 0.12394700
v 0.30341100 0.75678600 0.12546900
v 0.29435048 0.68256470 0.15668629
v 0.20496960 0.61576086 0.24830988
v 0.09147377 0.57584586 0.29476808
v 0.08745400 0.58018100 0.29731400
v 0.08359200 0.58031100 0.29832800
v 0.04251176 0.58822471 0.30921268
v -0.20648269 0.58474428 0.23821510
v -0.29849344 0.63114229 0.14334741
v -0.30374482 0.65323800 0.13617795
v -0.31343125 0.70679681 0.11307588
v -0.43515076 0.82590183 0.11691468
v -0.41487200 0.87731100 0.09589200
v -0.41230000 0.88018000 0.09674700
v -0.43602200 0.89529400 0.03102200
v -0.29207436 1.00798092 -0.03817483
v -0.30415179 1.01595379 -0.04164343
v -0.31149105 1.02067133 -0.03878171
v -0.33095300 1.03517200 -0.02195100
v -0.33107600 1.03592500 -0.02158900
v -0.36604225 1.06592750 -0.00846350
v -0.38908396 1.09024393 -0.00870660
v -0.40349699 1.10893809 0.04001621
v -0.39944983 1.15510820 0.18240139
v -0.28582226 1.27396321 0.39838936
v -0.21160500 1.30865650 0.45237275
v -0.20993600 1.30452100 0.45148700
v -0.20744400 1.30523100 0.45390000
v -0.10081136 1.32299715 0.49299825
v 0.07167058 1.33315861 0.49968898
v 0.09919595 1.33641133 0.49579258
v 0.29657857 1.22118712 0.36710066
v 0.31027891 1.01824159 -0.00550829
v 0.30650500 0.99861000 0.01868200
v 0.30651200 0.99855200 0.02165300
v 0.30688100 0.99800100 0.02113100
v 0.31044139 0.99750728 0.01819239
v 0.33278533 0.98209558 0.04178508
v 0.36792748 0.92063868 0.09866355
v 0.29956040 0.69986672 0.14610012
v 0.22321611 0.59722240 0.22798151
v 0.19129335 0.59573928 0.25369137
v 0.18222185 0.58845311 0.25807557
v 0.16983700 0.59899100 0.26870800
v 0.16718500 0.59888900 0.27024400
v 0.12671255 0.56319355 0.27814734
v 0.10705474 0.56989474 0.28778820
v 0.08943200 0.58090500 0.29707500
v 0.08364450 0.57722100 0.29720675
v 0.08725100 0.57779700 0.29738600
v 0.08404100 0.57737000 0.29661800
v 0.08349800 0.57759400 0.29740800
v -0.13593736 0.54731332 0.26693370
v -0.16945231 0.57006981 0.25832777
v -0.17946739 0.57091259 0.25221319
v -0.27702323 0.60091874 0.17061987
v -0.27088220 0.61293051 0.18087840
v -0.31270100 0.70106000 0.11406400
v -0.31270100 0.70415400 0.11400600
v -0.31170014 0.71337236 0.11622824
v -0.34816943 0.73833049 0.13954064
v -0.43145576 0.80588946 0.12831409
v -0.41657404 0.85457189 0.11223013
v -0.43296038 0.88896520 0.05823153
v -0.41796600 0.91639400 0.02476900
v -0.29013500 1.00447200 -0.02941100
v -0.29175290 1.00674063 -0.02712667
v -0.32807700 1.03306300 -0.02485700
v -0.33175000 1.03521500 -0.02214000
v -0.37399696 1.07456211 -0.02590857
v -0.39174460 1.09451225 0.03221013
v -0.40070000 1.11579400 0.08940000
v -0.39782488 1.16928940 0.20494723
v -0.37863243 1.20108337 0.26819320
v -0.35463323 1.21339853 0.30721781
v -0.21422774 1.30405859 0.45022150
v -0.19125479 1.31843359 0.46378676
v 0.12745732 1.31241652 0.48455897
v 0.17780373 1.31518955 0.46896665
v 0.36101766 1.15784685 0.25252128
v 0.36149200 1.07638500 0.10589800
v 0.36170900 1.07576200 0.10247100
v 0.36228200 1.07597200 0.10203600
v 0.36588300 1.07772500 0.09937000
v 0.36320650 1.07641825 0.10156000
v 0.36725251 1.07949918 0.09928065
v 0.29788082 1.00233690 0.00519148
v 0.30960600 0.99745100 0.01857400
v 0.30657000 0.99834900 0.02277600
v 0.36745996 0.94436560 0.06971135
v 0.36081591 0.80481488 0.14531316
v 0.30159165 0.68198454 0.14187960
v 0.16851100 0.59894000 0.26947600
v 0.16965600 0.59583200 0.26818600
v 0.16712700 0.59615800 0.26877300
v 0.16777200 0.59612100 0.26897600
v 0.16518866 0.59495240 0.27039662
v 0.08989600 0.57426800 0.29453200
v 0.08359200 0.57749300 0.29729900
v 0.04492848 0.56761728 0.30127126
v 0.01392900 0.56173300 0.30158150
v -0.02363555 0.54517105 0.29444210
v -0.06674258 0.54588630 0.28863979
v -0.25687021 0.61058638 0.19748550
v -0.31476600 0.70106000 0.11145600
v -0.31573000 0.70415400 0.11145600
v -0.31889600 0.70415400 0.11260800
v -0.31580250 0.71989150 0.11543400
v -0.41795316 0.76617050 0.14422001
v -0.42239300 0.91159000 0.02476900
v -0.36872694 0.95798696 -0.04071597
v -0.35978905 0.96763598 -0.03419235
v -0.29970482 0.99964599 -0.02747788
v -0.40255500 1.11910500 0.09340000
v -0.40247500 1.11809800 0.09028400
v -0.40280100 1.11968500 0.09237800
v -0.40163500 1.11911200 0.09633400
v -0.40467336 1.12116023 0.09148826
v -0.41252715 1.13606382 0.10545862
v -0.40270835 1.14204058 0.15162528
v -0.35520933 1.20205933 0.29851203
v -0.20526575 1.32667855 0.45932389
v -0.11703783 1.32779077 0.49009408
v -0.10631290 1.34962829 0.49592901
v 0.11828864 1.33397730 0.49121569
v 0.28536920 1.25685596 0.39291732
v 0.29728975 1.18793175 0.34687950
v 0.33061107 1.22291752 0.33888472
v 0.31403575 1.17500650 0.32245600
v 0.35122027 1.16688885 0.27475487
v 0.36533200 1.07879800 0.10214500
v 0.36233200 1.07576200 0.10237700
v 0.36683200 1.07873200 0.09600100
v 0.37428282 1.08357867 0.08356424
v 0.34620945 1.04694126 0.00931732
v 0.34045224 1.04172309 0.00409720
v 0.32678067 0.99026824 0.01053508
v 0.38285288 0.84931771 0.13193369
v 0.33109116 0.74722254 0.13429535
v 0.30650500 0.74749700 0.12194000
v 0.30394087 0.75833400 0.12508988
v 0.30650500 0.74440400 0.12187500
v 0.28811112 0.65781168 0.16403137
v 0.27416328 0.62657475 0.17825523
v 0.26881421 0.63133231 0.18651946
v 0.16754800 0.59581700 0.26915700
v 0.16562700 0.59269400 0.26935300
v 0.06958469 0.56990334 0.29789208
v 0.02263194 0.56936403 0.30387438
v -0.11946483 0.54713339 0.27383239
v -0.28951539 0.63074365 0.15810225
v -0.31369898 0.69095848 0.11243023
v -0.31579500 0.69950950 0.11052450
v -0.31817200 0.70106000 0.11145600
v -0.32180592 0.67911008 0.10765072
v -0.43265450 0.74984452 0.14437842
v -0.44015924 0.83809098 0.10478760
v -0.42732000 0.90546700 0.02774700
v -0.42516800 0.90848900 0.02476900
v -0.43405790 0.89958578 0.02168494
v -0.29029100 1.00137100 -0.03715300
v -0.41003681 1.12105174 0.06269098
v -0.38702000 1.16194900 0.21738000
v -0.38704200 1.16497000 0.21998100
v -0.38527400 1.16595600 0.22294400
v -0.38698294 1.16629637 0.22075444
v -0.08676191 1.34211461 0.49859751
v -0.02784844 1.34426769 0.50557850
v 0.04242984 1.35624798 0.50630396
v 0.10232423 1.33973877 0.49560565
v 0.14939309 1.34484548 0.48422905
v 0.15503849 1.31211273 0.47593482
v 0.20807070 1.31242266 0.45584525
v 0.26960414 1.27634901 0.41152057
v 0.34641676 1.19272265 0.30256044
v 0.35601633 1.07114865 0.10957238
v 0.38590746 1.08856897 0.04426850
v 0.29463606 1.00756600 -0.00483925
v 0.35746351 0.96665941 0.03633930
v 0.36064896 0.95776674 0.05419356
v 0.35712890 0.76593326 0.14514944
v 0.30960600 0.74749700 0.12136800
v 0.30890300 0.74440400 0.12074500
v 0.08684192 0.56517190 0.29183267
v -0.00313100 0.54335100 0.29384300
v -0.24848756 0.55947305 0.19293409
v -0.31624981 0.68122156 0.10806425
v -0.31734750 0.69136800 0.10923037
v -0.32665081 0.72096554 0.12332799
v -0.36177955 0.72458804 0.14232991
v -0.39604599 0.72415111 0.14901216
v -0.28902300 1.00137100 -0.04024600
v -0.28825500 1.00447200 -0.04024600
v -0.35059600 1.05221852 -0.03596574
v -0.41050990 1.11814887 0.04184949
v -0.38709300 1.16526700 0.21972700
v -0.38737500 1.16510100 0.22003200
v -0.30262250 1.30601244 0.39573203
v -0.30480374 1.31412458 0.39627903
v -0.26948500 1.33971224 0.42737534
v -0.18680583 1.34763198 0.47064846
v -0.16566556 1.35013731 0.47878608
v -0.12384400 1.32955500 0.48867100
v -0.07968900 1.36542004 0.50255571
v 0.20355602 1.32760673 0.46083481
v 0.24167130 1.32632326 0.44108860
v 0.30338200 1.26149700 0.38044300
v 0.31271450 1.22768100 0.35650350
v 0.37193880 1.15400735 0.23221108
v 0.37811825 1.09819098 0.11930302
v 0.37333694 1.07954404 0.06940000
v 0.30814831 0.99850279 -0.01598813
v 0.35155951 0.97609417 0.00481505
v 0.35971306 0.96811653 0.02064310
v 0.39607199 0.86666226 0.11765172
v 0.37893848 0.84101305 0.13601885
v 0.34764360 0.79090638 0.14483620
v 0.30960600 0.74638150 0.12105650
v 0.31270700 0.73821600 0.12030300
v 0.28722595 0.62736407 0.15948374
v 0.16025974 0.57256984 0.26584484
v 0.08411340 0.55742695 0.28942120
v 0.02523445 0.54401790 0.29277522
v -0.05887744 0.52681595 0.28038842
v -0.09567107 0.53935814 0.27813415
v -0.11043353 0.52982169 0.26838533
v -0.29651297 0.61758766 0.14522813
v -0.31890400 0.68861200 0.10839800
v -0.43357543 0.77548537 0.13777707
v -0.45058009 0.84706780 0.08567461
v -0.42938449 0.88464166 0.07217847
v -0.43184200 0.90057650 0.02776100
v -0.32073238 0.98006527 -0.06865976
v -0.28846475 1.00447200 -0.03909625
v -0.28793600 1.00447200 -0.04183300
v -0.35510300 1.05733600 -0.04313000
v -0.42443900 1.15681397 0.11562058
v -0.38757800 1.16905700 0.22278500
v -0.37864061 1.21020578 0.27528223
v -0.27099261 1.33075295 0.42432507
v -0.12344850 1.33415950 0.48950850
v -0.12325700 1.33333700 0.48933800
v -0.12309000 1.33302600 0.48941800
v -0.07675249 1.37810843 0.50408357
v -0.04760850 1.34094220 0.50392686
v 0.02082243 1.37272643 0.50914219
v 0.17490696 1.33581573 0.47384335
v 0.18450412 1.33387442 0.46988276
v 0.29723350 1.26913350 0.38850050
v 0.31273250 1.21947900 0.35226500
v 0.35217970 1.21992337 0.31515298
v 0.36262200 1.17761400 0.26975100
v 0.39036346 1.14552091 0.18692527
v 0.29891186 1.01093006 -0.00658522
v 0.29412200 1.00368200 0.00464400
v 0.37924932 0.95132404 0.02756101
v 0.36530300 0.82495300 0.14264800
v 0.30960600 0.73202100 0.11845500
v 0.30960600 0.72892000 0.11828100
v 0.30976125 0.73221031 0.11878288
v 0.27231250 0.61896700 0.17970250
v 0.17580065 0.57566906 0.25787736
v 0.10028866 0.54424136 0.27934898
v 0.07878633 0.52656703 0.27653053
v 0.03988148 0.55740532 0.29779429
v -0.02008800 0.53000825 0.28652150
v -0.17432324 0.54424895 0.24502666
v -0.22475454 0.57292499 0.21903423
v -0.27383533 0.56778709 0.16761550
v -0.30987260 0.62599345 0.12051926
v -0.36695983 0.73207334 0.14472499
v -0.45069132 0.83656886 0.09545577
v -0.45272921 0.87108494 0.04656946
v -0.45074563 0.88274984 0.00594262
v -0.42852718 0.90699629 0.00548919
v -0.34323618 0.97418857 -0.05033887
v -0.33964165 1.04515285 -0.05693472
v -0.40855377 1.11245710 0.01090827
v -0.35488113 1.23598719 0.32088713
v -0.32976365 1.24091186 0.34837663
v -0.27365057 1.31304366 0.41819739
v -0.24747870 1.34338287 0.44095376
v -0.13698674 1.32835599 0.48526794
v -0.13176784 1.34678593 0.48928055
v -0.09815986 1.35820632 0.49831575
v 0.21597000 1.32960600 0.45505200
v 0.25759094 1.33565339 0.43318578
v 0.29418000 1.28391650 0.39601225
v 0.28758712 1.29704850 0.40461100
v 0.31563356 1.24071884 0.36038564
v 0.33510093 1.23904958 0.34308669
v 0.36181992 1.19853851 0.28924946
v 0.36532500 1.17785300 0.26625900
v 0.38279108 1.12225908 0.16396377
v 0.38428027 1.11447146 0.14589894
v 0.29465929 1.00720681 -0.00519772
v 0.29412200 1.00332000 -0.00928600
v 0.31841853 0.99435439 -0.01052676
v 0.37118665 0.95403370 0.04101710
v 0.39044760 0.94106692 0.03192377
v 0.40286536 0.85239043 0.12137879
v 0.37169400 0.82170000 0.14183700
v 0.36874500 0.82186700 0.14244500
v 0.36931550 0.82269800 0.14217725
v 0.36857100 0.82243900 0.14238700
v 0.31270000 0.73511500 0.11931700
v 0.31270000 0.73202100 0.11841900
v 0.31294600 0.72892000 0.11765100
v 0.31186600 0.72892000 0.11765100
v 0.27278889 0.61024839 0.17707439
v 0.27275400 0.62034400 0.17934000
v -0.15153043 0.54277060 0.25733880
v -0.29236242 0.59593801 0.14817045
v -0.30826917 0.65111977 0.12661279
v -0.31662108 0.66125334 0.10535313
v -0.38830300 0.93968800 -0.04347100
v -0.38383200 0.94303600 -0.04324600
v -0.28483500 1.00137100 -0.05037600
v -0.28618600 1.00447200 -0.05108600
v -0.28737800 1.00447200 -0.04489450
v -0.31188182 1.02503015 -0.07217458
v -0.36999709 1.07200417 -0.04395020
v -0.40222311 1.10629567 -0.03686622
v -0.41400329 1.12013347 0.02350452
v -0.33529984 1.27977788 0.35960702
v -0.30972984 1.26172608 0.37556269
v -0.32787907 1.32864173 0.38106105
v -0.27469440 1.33950981 0.42336747
v -0.26057282 1.34562128 0.43375042
v -0.04096495 1.37839064 0.50821220
v 0.13358097 1.35135625 0.48964655
v 0.15369218 1.36199944 0.48470845
v 0.21641200 1.33270700 0.45464600
v 0.21542237 1.33224875 0.45573025
v 0.21710100 1.33243200 0.45508100
v 0.28439800 1.30158700 0.40852000
v 0.29093350 1.29237050 0.40108650
v 0.29920313 1.30403297 0.39845015
v 0.30623395 1.28064236 0.38571880
v 0.37463827 1.16886918 0.24421626
v 0.37214450 1.15716650 0.23533625
v 0.37664177 1.13994841 0.20660227
v 0.41088949 1.14754065 0.13929496
v 0.30525538 1.01652739 -0.04288965
v 0.29247000 1.00447200 -0.01548100
v 0.29278900 1.00447200 -0.01238700
v 0.29412200 1.00305200 -0.01238700
v 0.39798302 0.90238814 0.08980206
v 0.36842961 0.83099690 0.14130263
v 0.37462100 0.81870800 0.14184400
v 0.37083100 0.81829500 0.14277100
v 0.37215000 0.81922200 0.14259700
v 0.37112100 0.81926600 0.14226400
v 0.33637542 0.75834098 0.13861965
v 0.31579400 0.72892000 0.11962900
v 0.31270000 0.72894100 0.11749100
v 0.31205500 0.72118150 0.11625250
v 0.27418200 0.61746700 0.17647100
v 0.27295000 0.62040200 0.18007200
v 0.00311135 0.53932225 0.29202611
v -0.18869477 0.55834928 0.24099350
v -0.31840525 0.65912112 0.10296663
v -0.35453797 0.70099722 0.13640771
v -0.41005140 0.73829883 0.14901008
v -0.45585291 0.81606867 0.10644399
v -0.44899338 0.88492026 -0.00815805
v -0.38716500 0.93961600 -0.04643400
v -0.38460000 0.94228200 -0.04618100
v -0.29879962 0.98675853 -0.07483549
v -0.28861329 0.99879479 -0.04962619
v -0.28483500 0.99883500 -0.05573000
v -0.28174100 1.00137100 -0.05848400
v -0.30187338 1.01635934 -0.05977696
v -0.34985700 1.05487300 -0.05958500
v -0.39652135 1.15563540 0.18970453
v -0.32046368 1.29778388 0.37882144
v -0.21316800 1.34198900 0.45814600
v -0.20770500 1.34238700 0.46168900
v -0.20534300 1.34155400 0.46175400
v -0.20754965 1.34836305 0.46182294
v -0.17780394 1.34168213 0.47310141
v -0.14784641 1.34321568 0.48386326
v -0.00139412 1.36916259 0.50914551
v 0.06690776 1.37794687 0.50526600
v 0.10434802 1.35481666 0.49712482
v 0.17364423 1.34643634 0.47570589
v 0.21682500 1.33253300 0.45555900
v 0.21981800 1.33575000 0.45404500
v 0.22004185 1.33572628 0.45398703
v 0.28757900 1.29860900 0.40536100
v 0.32417960 1.26867839 0.36627621
v 0.32201800 1.24949800 0.35908300
v 0.33317080 1.25641440 0.35272410
v 0.38295425 1.18439200 0.24727437
v 0.37152700 1.15929700 0.23853700
v 0.36566039 1.14437442 0.23190138
v 0.37175200 1.15618100 0.23545100
v 0.37183100 1.15609400 0.23511700
v 0.39730446 1.11435954 0.09874866
v 0.29320200 1.00756600 -0.02786400
v 0.29412200 1.00271800 -0.01548100
v 0.37279850 0.81710037 0.14238925
v 0.37462100 0.81561400 0.14233700
v 0.37405600 0.81599800 0.14256900
v 0.31297756 0.75948874 0.12698172
v 0.32634438 0.72102320 0.12483819
v 0.24203999 0.58642591 0.20715130
v 0.12296712 0.54227959 0.27042962
v -0.00271137 0.51594848 0.27946220
v -0.01293906 0.53681475 0.29021275
v -0.09128312 0.52220015 0.27029689
v -0.18684141 0.54756597 0.23807916
v -0.21704064 0.54536943 0.21613170
v -0.29752790 0.57080653 0.13636238
v -0.34253772 0.69400007 0.12792342
v -0.36519247 0.68914412 0.13956598
v -0.43920758 0.76022665 0.14012832
v -0.47684414 0.76591088 0.11917949
v -0.44014670 0.89394662 -0.01893530
v -0.42709707 0.90705538 -0.02464685
v -0.39287754 0.93972557 -0.03142682
v -0.38407100 0.94287600 -0.04665900
v -0.38599587 0.94117262 -0.04456037
v -0.37661645 0.94643791 -0.05342347
v -0.28174100 1.00103700 -0.05882400
v -0.28497958 1.00352131 -0.05328339
v -0.33852325 1.04679025 -0.07110600
v -0.35917850 1.06012550 -0.03256600
v -0.41126800 1.11606200 0.00169850
v -0.40868500 1.11316400 -0.00037400
v -0.40878600 1.11275800 0.00327100
v -0.42706877 1.15475263 0.09942462
v -0.37345914 1.21919215 0.28900460
v -0.20842200 1.34824900 0.46131200
v -0.20700900 1.34532900 0.46139900
v -0.20824800 1.34470600 0.46113800
v -0.20434300 1.34503200 0.46272500
v -0.20773632 1.36967627 0.46417204
v 0.03292241 1.36873260 0.50797510
v 0.12486370 1.37366849 0.49416153
v 0.24676946 1.35589462 0.44309467
v 0.28483300 1.30788300 0.40983900
v 0.36409623 1.22507863 0.30450295
v 0.36878372 1.19235444 0.27476431
v 0.40760248 1.15725433 0.16746306
v 0.37709142 1.07785734 0.02989740
v 0.34828335 1.04969109 -0.03129332
v 0.28917456 1.00729983 -0.05067161
v 0.29264400 1.00137100 -0.03095800
v 0.33254348 0.98644330 -0.02275573
v 0.37277659 0.95922409 0.00293815
v 0.38769702 0.94668854 0.00591898
v 0.40498836 0.87176308 0.10842243
v 0.37460600 0.81251300 0.14281500
v 0.37581403 0.73680326 0.14658499
v 0.31270000 0.71653700 0.11470200
v 0.31601641 0.65732104 0.10539042
v 0.27471800 0.60507700 0.17324700
v -0.23697351 0.54646460 0.20049360
v -0.41958861 0.71343377 0.15050881
v -0.44900087 0.86602726 0.06431767
v -0.28019792 0.99536897 -0.07027793
v -0.28160300 0.99827700 -0.06191800
v -0.28483850 1.00686300 -0.06810950
v -0.34376400 1.05077900 -0.06838900
v -0.34719800 1.05394500 -0.06828700
v -0.37448861 1.07863195 -0.05785278
v -0.39251991 1.09669570 -0.05017451
v -0.40315927 1.10665644 -0.02198746
v -0.40797400 1.11262000 -0.00372100
v -0.40910500 1.11238800 0.00030700
v -0.42550160 1.14416344 0.07066751
v -0.40828337 1.15463161 0.15939761
v -0.41761508 1.18468115 0.18229808
v -0.40683000 1.18404100 0.20433800
v -0.30328379 1.31855473 0.39861754
v -0.21752374 1.34693421 0.45690352
v -0.20791500 1.34470600 0.46173900
v -0.20833875 1.34322050 0.46058025
v -0.04624773 1.39792116 0.50830187
v 0.20231421 1.36211731 0.46620047
v 0.23505796 1.36612223 0.45069403
v 0.26759594 1.34202910 0.42804875
v 0.28208300 1.31705075 0.41391450
v 0.38864231 1.15351125 0.20147340
v 0.31751846 1.02391123 -0.01749894
v 0.29721400 1.01103825 -0.03170950
v 0.40146629 0.92804559 0.04180580
v 0.42196339 0.88638989 0.08027789
v 0.42782140 0.84452373 0.10990785
v 0.35549588 0.73565877 0.14125234
v 0.34181050 0.73109405 0.13554977
v 0.31579400 0.71653700 0.11575250
v 0.31579400 0.71034200 0.11386100
v 0.31273350 0.69412449 0.11375251
v 0.27420300 0.60198300 0.17337700
v 0.27182700 0.60210600 0.17658000
v 0.27305100 0.60464900 0.17655100
v 0.27232000 0.60487400 0.17651400
v 0.27245000 0.60817800 0.17714500
v 0.21594599 0.59361696 0.23344347
v 0.05811390 0.55571949 0.29460134
v -0.05263300 0.51529600 0.27440300
v -0.13016200 0.52382400 0.25697000
v -0.12540150 0.52116675 0.25726900
v -0.19269396 0.53643120 0.23009192
v -0.23748421 0.53615627 0.19738977
v -0.29069605 0.57310839 0.14683985
v -0.31889600 0.65770900 0.10201500
v -0.31980200 0.65770900 0.10216700
v -0.32121650 0.65575150 0.10206175
v -0.32589837 0.64547452 0.10247317
v -0.33564579 0.66469243 0.11716842
v -0.38205307 0.69450990 0.14554084
v -0.43225495 0.73167004 0.14775760
v -0.45779003 0.79919517 0.11506674
v -0.46702199 0.83587034 0.07554139
v -0.43879700 0.89296100 0.02793500
v -0.45195600 0.87735400 0.02793500
v -0.45567712 0.87697836 -0.00502381
v -0.41241103 0.91600895 -0.04666342
v -0.27968300 0.99827700 -0.06501900
v -0.27935700 1.00137100 -0.06501900
v -0.34719100 1.05306100 -0.07120700
v -0.34677800 1.05348800 -0.07104000
v -0.34981400 1.05706100 -0.07205500
v -0.36017110 1.06755420 -0.07589160
v -0.38240722 1.09007183 -0.07880324
v -0.41024190 1.11473615 -0.01334653
v -0.42608666 1.13636441 0.00572015
v -0.40854000 1.18411300 0.20078000
v -0.40938700 1.18493900 0.20178700
v -0.40880800 1.18758400 0.20424300
v -0.40691700 1.18650400 0.20820700
v -0.39844801 1.19185963 0.22955441
v -0.35249064 1.26330026 0.33634478
v -0.33965621 1.26303661 0.34883931
v -0.34583701 1.30554717 0.35808701
v -0.26627900 1.34856000 0.42981500
v -0.25444348 1.37790398 0.44078275
v -0.15525550 1.38488245 0.48536524
v 0.13518867 1.37971317 0.49173943
v 0.28329850 1.34423850 0.41844650
v 0.28173900 1.32955500 0.41687400
v 0.39072205 1.10070667 0.07816163
v 0.40130579 1.11520170 0.08493277
v 0.39738198 1.10358559 0.05095707
v 0.37380118 1.07339372 -0.00214663
v 0.36187162 1.06127429 0.01445263
v 0.29606538 1.01228754 -0.05350614
v 0.29101300 1.00447900 -0.02624800
v 0.29102800 1.00397200 -0.02786400
v 0.31488100 0.71344300 0.11455000
v 0.30469914 0.66470226 0.13512115
v 0.30081759 0.63578544 0.13951820
v 0.30090642 0.61347447 0.13670864
v 0.27801966 0.59019779 0.16587985
v 0.27245000 0.60198300 0.17574600
v 0.27282000 0.60488100 0.17614500
v 0.24835650 0.58817925 0.20123925
v 0.15377670 0.54849086 0.25939039
v 0.02825056 0.52062782 0.28098330
v -0.03885905 0.50867208 0.27231365
v -0.06580925 0.51064625 0.26921550
v -0.12134400 0.51703500 0.25668800
v -0.12716900 0.52113600 0.25693400
v -0.12625600 0.52232400 0.25718700
v -0.13357724 0.51894206 0.25304206
v -0.27576423 0.55628819 0.16386704
v -0.39668494 0.70318331 0.14875611
v -0.42897402 0.71500556 0.14999085
v -0.44583300 0.74130200 0.14260500
v -0.44598500 0.74438200 0.14180000
v -0.44958275 0.73592050 0.14259200
v -0.45916659 0.75231658 0.13478415
v -0.47501522 0.84186056 0.04604878
v -0.36732325 0.94127805 -0.07607849
v -0.33586898 0.96138796 -0.08308089
v -0.27864700 1.00137100 -0.06682400
v -0.28926550 1.01025350 -0.07124700
v -0.29810875 1.01562650 -0.07105850
v -0.29722500 1.01562300 -0.07430800
v -0.28797200 1.00756600 -0.05889700
v -0.34340100 1.05166300 -0.07456900
v -0.34696600 1.05424200 -0.07083800
v -0.40185670 1.10893561 -0.05561735
v -0.41333946 1.11868884 -0.00066228
v -0.42023146 1.16544343 0.14584523
v -0.41019900 1.18713500 0.20124400
v -0.40849600 1.18713500 0.20396100
v -0.40888700 1.18717100 0.20408400
v -0.26566238 1.34934581 0.43072269
v -0.26556800 1.34754600 0.43004000
v -0.26681500 1.34819800 0.43058300
v -0.08675346 1.41527358 0.50298017
v 0.05509214 1.40617977 0.50786822
v 0.10742171 1.38761042 0.49871617
v 0.28192700 1.33574300 0.41796800
v 0.30999696 1.29802003 0.38784959
v 0.34529800 1.23667300 0.33127400
v 0.34729000 1.23434700 0.32776700
v 0.34669600 1.23381800 0.32839000
v 0.39648290 1.17779692 0.21710992
v 0.40749117 1.15247905 0.15908344
v 0.39685667 1.12359963 0.12667523
v 0.39438000 1.10664300 0.08359600
v 0.41652775 1.13398921 0.08150601
v 0.31370929 1.02240358 -0.03584934
v 0.27892481 1.00098600 -0.06641744
v 0.29102800 1.00304400 -0.03095800
v 0.41617753 0.83301933 0.12418545
v 0.36643962 0.76503039 0.14613426
v 0.31734450 0.69802862 0.11119850
v 0.27988487 0.57637768 0.16153924
v 0.25667278 0.60862604 0.19708825
v 0.24730800 0.58681800 0.20168600
v 0.24851800 0.58645600 0.20101200
v 0.24798691 0.57282986 0.19715412
v 0.09237050 0.52502662 0.27187753
v -0.08931103 0.50694354 0.26190722
v -0.10525100 0.51225300 0.25999200
v -0.11193689 0.50675621 0.25443863
v -0.12396700 0.51878900 0.25639800
v -0.12367700 0.51869400 0.25670900
v -0.12637200 0.52176600 0.25699200
v -0.32090713 0.61920738 0.09459238
v -0.32199000 0.66286075 0.10379875
v -0.37670541 0.67899541 0.14312113
v -0.44834000 0.73774500 0.14256100
v -0.44545600 0.74107100 0.14221300
v -0.44865900 0.73810700 0.14269900
v -0.45178200 0.73858500 0.14216300
v -0.46718480 0.86084099 0.02298475
v -0.42465646 0.89648956 -0.06223441
v -0.27616900 1.00137100 -0.07430800
v -0.29730450 1.01707175 -0.08207025
v -0.33240352 1.04407117 -0.08420930
v -0.41755300 1.12536500 -0.00374300
v -0.44128901 1.16200369 0.04081266
v -0.40915600 1.19047500 0.20699000
v -0.40803650 1.18848950 0.20759850
v -0.41502066 1.19689493 0.20319932
v -0.40238598 1.23431701 0.25755117
v -0.31796578 1.33196564 0.38989338
v -0.31126033 1.36810823 0.40105798
v -0.29138492 1.35198033 0.41346328
v -0.22256588 1.36540959 0.45624204
v -0.12526203 1.38621140 0.49400215
v -0.11415035 1.39298784 0.49720852
v -0.03382056 1.41363150 0.50921182
v 0.27027328 1.31990181 0.42255042
v 0.28590582 1.33382771 0.41491206
v 0.32198900 1.29550100 0.37704500
v 0.32362600 1.29174700 0.37427000
v 0.34520125 1.26830458 0.34622414
v 0.34743500 1.23684000 0.32970200
v 0.34654400 1.23454300 0.32753500
v 0.34937700 1.23424600 0.32556500
v 0.34769800 1.23623300 0.32841950
v 0.35812398 1.23024543 0.31429575
v 0.38337118 1.21674545 0.27433414
v 0.36719725 1.17838012 0.26390225
v 0.39555400 1.11057700 0.08982000
v 0.39567700 1.10949700 0.08573400
v 0.39759150 1.11172925 0.08738400
v 0.39629300 1.11047600 0.08629900
v 0.39879816 1.10226832 0.01223261
v 0.38516928 1.08582717 0.00627582
v 0.36415650 0.95103787 0.06114475
v 0.42153011 0.82562939 0.12408597
v 0.39816903 0.80361573 0.14015946
v 0.40006574 0.79091129 0.14229054
v 0.39529417 0.80639666 0.14083825
v 0.37617397 0.77254274 0.14668818
v 0.35419728 0.68132697 0.13322537
v 0.26797011 0.58494669 0.17810139
v 0.25862527 0.58287176 0.18847176
v 0.24981500 0.58340500 0.19815000
v 0.24775000 0.58650600 0.20153400
v 0.00928800 0.51839000 0.28047500
v 0.00618000 0.51517300 0.27864200
v -0.10528700 0.50884800 0.25883900
v -0.10780900 0.50894200 0.25731100
v -0.11060600 0.51055000 0.25697000
v -0.21401748 0.53217126 0.21379004
v -0.30165059 0.56695452 0.13003844
v -0.30713165 0.58999685 0.12230149
v -0.34838721 0.66653478 0.12771872
v -0.44927500 0.73854900 0.14256900
v -0.46260475 0.82945999 0.08877009
v -0.27090850 0.99407625 -0.08266250
v -0.28328800 1.00292150 -0.05757100
v -0.28169262 1.00361346 -0.06383613
v -0.37407261 1.08386205 -0.09011777
v -0.41792300 1.12525000 -0.00619900
v -0.41803900 1.12521300 -0.00309800
v -0.41784175 1.12527431 -0.00198581
v -0.41772700 1.12522000 -0.00044600
v -0.42966720 1.14330953 0.02760591
v -0.43960978 1.16718325 0.07421992
v -0.43929829 1.17218291 0.09166706
v -0.43853888 1.18634715 0.12675265
v -0.41154008 1.21458779 0.22677380
v -0.41425034 1.24245196 0.24463829
v -0.36682773 1.25158551 0.31593646
v -0.33491378 1.36343552 0.38025238
v -0.30929824 1.36794295 0.40240682
v -0.26675487 1.35890045 0.43119024
v -0.16546186 1.36961624 0.48095293
v 0.07340300 1.39951597 0.50522914
v 0.08988100 1.38523100 0.50173500
v 0.18615126 1.37191752 0.47383997
v 0.29823834 1.33886974 0.40677090
v 0.29954198 1.32818043 0.40383504
v 0.33314556 1.31332276 0.37265925
v 0.32608975 1.29472500 0.37348950
v 0.32552400 1.29510900 0.37506000
v 0.32498100 1.29524000 0.37488600
v 0.32424200 1.29580500 0.37475500
v 0.33062194 1.28934615 0.36854178
v 0.33727796 1.28169928 0.36025778
v 0.34827600 1.23667300 0.32818000
v 0.34985500 1.23667300 0.32655700
v 0.38971315 1.19806206 0.25014355
v 0.38982200 1.18422200 0.23534900
v 0.39584300 1.10954100 0.08644400
v 0.39225685 1.09474361 0.03064096
v 0.33901203 1.04450997 -0.05269054
v 0.32336979 1.03087707 -0.04390344
v 0.29260160 0.99980888 -0.03799247
v 0.37789000 0.93593027 0.07052439
v 0.38610408 0.78836535 0.14479790
v 0.31000057 0.63849240 0.12052859
v 0.02282768 0.50813637 0.27378438
v 0.01539600 0.51529600 0.27843900
v 0.01064300 0.51527975 0.27846975
v 0.01238200 0.51546300 0.27864200
v 0.00883200 0.51554300 0.27867800
v 0.00901300 0.51517300 0.27821400
v 0.00849100 0.51543400 0.27882300
v -0.04357413 0.50422746 0.26868846
v -0.05143132 0.50240959 0.26647372
v -0.07740600 0.50542000 0.26364300
v -0.10815700 0.50951400 0.25726700
v -0.10294725 0.50749250 0.25791400
v -0.10766400 0.50957200 0.25704300
v -0.24434829 0.51776329 0.18849146
v -0.31803799 0.62477552 0.10113334
v -0.32508400 0.63139700 0.09802250
v -0.36309828 0.66827743 0.13659719
v -0.38864760 0.70099767 0.14740865
v -0.44983273 0.73165423 0.14380404
v -0.46128950 0.86601650 0.03092025
v -0.46463533 0.86398153 -0.02612479
v -0.35914586 0.94575887 -0.08061601
v -0.27319450 0.99827700 -0.07584800
v -0.27244500 0.99827700 -0.07738800
v -0.31733995 1.03463813 -0.09702681
v -0.34136156 1.05245550 -0.08774529
v -0.42081258 1.12954580 -0.01310540
v -0.26479198 1.36490473 0.43299684
v -0.25652153 1.40256405 0.44061837
v -0.18178767 1.39271480 0.47630810
v 0.01252157 1.40621913 0.51009836
v 0.15977503 1.38659686 0.48423205
v 0.17674686 1.40179570 0.47854566
v 0.29696874 1.36532097 0.41266655
v 0.32818400 1.29859400 0.37278500
v 0.33274587 1.29969676 0.36914373
v 0.35965117 1.24491992 0.32014782
v 0.39965150 1.18073300 0.21419550
v 0.34515317 1.04779476 -0.03923998
v 0.28678000 1.00137100 -0.04545050
v 0.33786023 0.98175748 -0.02878180
v 0.36521600 0.96417900 -0.01860400
v 0.36546200 0.96462800 -0.01248800
v 0.36906482 0.96019347 -0.02541132
v 0.43332778 0.87398143 0.07933841
v 0.34139938 0.70564348 0.13014308
v 0.35125721 0.67373024 0.13067095
v 0.32231186 0.68829815 0.11119397
v 0.31890200 0.68593800 0.10835500
v 0.28690331 0.60695420 0.15616519
v 0.20173146 0.53643771 0.22431121
v 0.01250500 0.51521600 0.27797500
v -0.10836000 0.50600700 0.25510100
v -0.13285574 0.49848007 0.24155280
v -0.21659370 0.51711826 0.20723099
v -0.26432152 0.56005718 0.17662241
v -0.32199000 0.62882850 0.09553700
v -0.32508400 0.62377100 0.09597200
v -0.38673234 0.67740685 0.14644003
v -0.45976122 0.71343893 0.14507559
v -0.47836243 0.74117866 0.12876740
v -0.27174200 0.99518300 -0.08049600
v -0.27093000 0.99827700 -0.08049600
v -0.43060063 1.18655705 0.15283755
v -0.42763071 1.19944306 0.17757226
v -0.40893012 1.25473228 0.26223501
v -0.38199721 1.26691255 0.30437109
v -0.34830071 1.35798076 0.36689548
v 0.06496498 1.41960239 0.50634399
v 0.12141326 1.40515229 0.49599850
v 0.25275600 1.35742200 0.43964000
v 0.25387200 1.36051600 0.43932900
v 0.40134300 1.17790400 0.20759100
v 0.41185060 1.12152749 0.04744774
v 0.37226696 1.07311162 -0.02801834
v 0.36454520 1.06522419 -0.03619026
v 0.35604300 1.05683600 -0.03069700
v 0.35591450 1.05715125 -0.03459325
v 0.30339250 1.01624250 -0.04802100
v 0.30526550 1.02127775 -0.07505300
v 0.36574477 0.96437233 -0.01513150
v 0.36533200 0.96441800 -0.01548100
v 0.40478963 0.92769725 0.03036956
v 0.41396502 0.77612744 0.14233298
v 0.32218831 0.67039308 0.10594701
v 0.32198900 0.65915900 0.10268850
v 0.31458188 0.68209175 0.10956475
v 0.26652218 0.55599923 0.17309192
v 0.23340662 0.56022753 0.20726864
v 0.21363000 0.56173300 0.22459700
v 0.20989100 0.55883500 0.22624900
v 0.21028687 0.55688975 0.22565625
v 0.20737000 0.55864000 0.22850200
v 0.14362541 0.55841222 0.26895746
v -0.04801725 0.48842644 0.25726068
v -0.07964034 0.50098118 0.26018618
v -0.08978900 0.49671800 0.25481800
v -0.14970942 0.52192320 0.24744546
v -0.25424735 0.51748682 0.18051949
v -0.27319128 0.52819893 0.16378140
v -0.32199000 0.61746700 0.09315300
v -0.32508400 0.61703775 0.09418050
v -0.32343278 0.62779771 0.09597414
v -0.40034465 0.68135877 0.14960315
v -0.47942097 0.78985427 0.10360422
v -0.47517740 0.84954463 0.02985759
v -0.43677831 0.89216777 -0.03864167
v -0.40429009 0.91403903 -0.06620580
v -0.26947400 0.99827700 -0.08359700
v -0.26457207 1.00065515 -0.10362675
v -0.29567450 1.01843050 -0.09442950
v -0.32874238 1.04030238 -0.08010663
v -0.30468262 1.02379788 -0.09019075
v -0.32400444 1.04534432 -0.11710338
v -0.43022400 1.14430775 -0.03069178
v -0.44331668 1.16317649 0.00550714
v -0.43676198 1.15740434 0.05316206
v -0.29234963 1.36786834 0.41495589
v -0.06811957 1.42734724 0.50527292
v 0.05659321 1.40585466 0.50745813
v 0.14744639 1.38485550 0.48848656
v 0.20601095 1.39980355 0.46698193
v 0.25077800 1.36361000 0.44145200
v 0.25345900 1.35968200 0.44000200
v 0.25368400 1.36413100 0.44001000
v 0.27120552 1.36777931 0.42948788
v 0.28670150 1.37170500 0.41991775
v 0.32221488 1.32340280 0.38488907
v 0.37010469 1.26672878 0.31878054
v 0.39140184 1.25563658 0.28779713
v 0.39659533 1.19307757 0.23309656
v 0.40858200 1.17509100 0.18943300
v 0.40062950 1.17921150 0.21054350
v 0.41079161 1.13350441 0.10457383
v 0.37089560 1.07045534 -0.01179423
v 0.35618100 1.05713300 -0.03372500
v 0.35578900 1.05708200 -0.03345700
v 0.35391377 1.05782376 -0.05800507
v 0.37904753 0.95253562 -0.02369192
v 0.39229149 0.94247349 0.01106525
v 0.40527000 0.92959150 0.02013500
v 0.43051675 0.90493987 -0.00117669
v 0.40648700 0.92761700 0.02479800
v 0.39995900 0.92897950 0.04101525
v 0.42184169 0.89264197 0.07104107
v 0.42341179 0.79947519 0.13325693
v 0.37505946 0.71385507 0.14499484
v 0.31889500 0.67478700 0.10526800
v 0.31795300 0.67319300 0.10526800
v 0.31693100 0.67009900 0.10526800
v 0.29877179 0.59434002 0.13845974
v 0.21072400 0.55832800 0.22593700
v 0.21071000 0.55842200 0.22617600
v 0.20964500 0.55504600 0.22579900
v 0.20350542 0.55650293 0.23082279
v 0.17328130 0.54320122 0.24583929
v 0.17315597 0.50582323 0.22825789
v 0.04334300 0.51529600 0.27596800
v -0.17549342 0.52173161 0.23404156
v -0.23104993 0.51194073 0.19643425
v -0.28265666 0.53418229 0.15383981
v -0.32353700 0.61281900 0.09254450
v -0.32322900 0.61436600 0.09287800
v -0.33448381 0.62334536 0.10830315
v -0.42076800 0.67973270 0.15234550
v -0.42999957 0.67863934 0.15279592
v -0.48020666 0.71187759 0.13769059
v -0.47394525 0.77798335 0.11508636
v -0.48302811 0.83194167 0.04995401
v -0.48999088 0.82734509 0.04039579
v -0.48100539 0.84562726 -0.00667219
v -0.45225445 0.87305497 -0.04386888
v -0.42519962 0.89783019 -0.05680822
v -0.39406369 0.91105608 -0.08352293
v -0.30386595 0.97870313 -0.08654303
v -0.28692424 0.97439328 -0.10652805
v -0.26881608 0.99157034 -0.08944701
v -0.26679300 0.99518300 -0.08669100
v -0.26682900 0.99827700 -0.08978500
v -0.26918400 0.99518300 -0.08359700
v -0.27636013 1.00330080 -0.07960823
v -0.36115300 1.26232825 0.32664950
v -0.36288500 1.26192400 0.32505000
v -0.35929800 1.26144600 0.32823100
v -0.35811700 1.27382900 0.33437500
v -0.36105573 1.33599233 0.35081947
v -0.20438666 1.38847238 0.46686400
v -0.10141636 1.41116051 0.50004548
v 0.06980963 1.42704079 0.50557883
v 0.25387200 1.36959400 0.44014700
v 0.25293000 1.36377600 0.43935000
v 0.25176700 1.36051600 0.44054600
v 0.25424900 1.36308100 0.43959700
v 0.25697300 1.36671100 0.43808200
v 0.39057237 1.23363636 0.27564543
v 0.40956086 1.22467746 0.23901572
v 0.40868300 1.17474400 0.18886100
v 0.41715412 1.15360408 0.13111070
v 0.41672857 1.13440963 0.08120333
v 0.36293050 1.06442857 -0.04249265
v 0.35631800 1.05737900 -0.03359500
v 0.35576100 1.05756100 -0.03710900
v 0.28894167 1.01203103 -0.08529521
v 0.28596700 1.00447200 -0.05108600
v 0.28576982 0.99710230 -0.05900199
v 0.32459811 0.99035495 -0.02537940
v 0.39475551 0.93672718 -0.03254122
v 0.41698047 0.91989422 -0.01099502
v 0.42138405 0.91523618 0.01184826
v 0.40879500 0.92433500 0.02938400
v 0.38452665 0.76118271 0.14741950
v 0.35273442 0.69983306 0.13465572
v 0.31935958 0.60629538 0.09515853
v 0.31139888 0.60541408 0.11533860
v 0.30328113 0.59479712 0.13018763
v 0.30370800 0.59914300 0.13007000
v 0.30286700 0.59550500 0.13064200
v 0.28029790 0.55566236 0.15838038
v 0.25029843 0.55898495 0.19099455
v 0.05263100 0.51562200 0.27491800
v 0.04953800 0.51597700 0.27554800
v 0.04625500 0.51502800 0.27564900
v 0.04333500 0.51478200 0.27633800
v 0.04779956 0.51521994 0.27546419
v 0.04024900 0.51406400 0.27554800
v 0.06003090 0.51446008 0.27358193
v -0.07719831 0.48192792 0.24710505
v -0.10532400 0.49414950 0.24826050
v -0.23863538 0.51695000 0.19200475
v -0.23940400 0.51862200 0.19152000
v -0.32508400 0.60662750 0.09112800
v -0.32706378 0.59832047 0.09039928
v -0.36306349 0.64261194 0.13502208
v -0.47061522 0.83131915 0.07638820
v -0.47522144 0.84160200 0.04937612
v -0.48819131 0.83485832 0.02367709
v -0.44643140 0.87057779 -0.06321057
v -0.38573824 0.93268975 -0.06450309
v -0.34436826 0.94939050 -0.08989403
v -0.26820600 0.99827700 -0.08669100
v -0.30320523 1.02511405 -0.10106112
v -0.34742533 1.06125706 -0.10293288
v -0.36418692 1.08209227 -0.11926567
v -0.41273492 1.12664765 -0.07410401
v -0.42371434 1.13726264 -0.04886640
v -0.36226200 1.26153300 0.32502800
v -0.36230500 1.26133700 0.32475300
v -0.36918923 1.27019650 0.32132128
v -0.36011000 1.27338000 0.33312200
v -0.35921100 1.27716900 0.33372300
v -0.14071445 1.39785502 0.48995404
v -0.00366642 1.40704300 0.51021193
v 0.01908553 1.42662809 0.50959219
v 0.05980201 1.41735259 0.50687770
v 0.23014301 1.38778126 0.45478779
v 0.25702692 1.39239096 0.43982617
v 0.28638350 1.36206650 0.41919650
v 0.38023089 1.26050191 0.30430034
v 0.39629600 1.19952850 0.23999350
v 0.41095452 1.13939733 0.11919066
v 0.41750943 1.12838647 0.04319893
v 0.41691115 1.12559215 0.02203561
v 0.28287700 1.00137100 -0.05573000
v 0.28483300 1.00321100 -0.05263700
v 0.28878175 1.00040725 -0.04334375
v 0.40481711 0.92087435 0.05152552
v 0.31889500 0.66202100 0.10216700
v 0.32044200 0.65306900 0.10091300
v 0.30409069 0.58594032 0.12898627
v 0.30357000 0.59578800 0.13003400
v 0.30344700 0.59351300 0.12986000
v 0.30354800 0.59306400 0.12994700
v 0.30324400 0.58969400 0.13003400
v 0.14509061 0.53180475 0.25564927
v 0.12274720 0.52056336 0.25930007
v 0.04964600 0.51576700 0.27511300
v -0.01258694 0.50670454 0.27328188
v -0.09210876 0.46362240 0.23031195
v -0.07390937 0.50672825 0.26452025
v -0.12369938 0.48363950 0.23550300
v -0.23808600 0.51581100 0.19199100
v -0.23847700 0.51473800 0.19201300
v -0.30924587 0.55431806 0.11675787
v -0.50605819 0.79460658 0.06058654
v -0.49109588 0.83025156 -0.02532552
v -0.46975769 0.85332839 -0.04140133
v -0.46174283 0.85624775 -0.05593422
v -0.26387650 0.99518300 -0.09096950
v -0.26576067 0.99864183 -0.09276991
v -0.29991625 1.02200650 -0.09754500
v -0.28728925 1.01949525 -0.12074400
v -0.41664238 1.13510350 -0.08631844
v -0.44044448 1.15897546 -0.00313805
v -0.36375400 1.26488800 0.32510800
v -0.36220400 1.27385800 0.33014400
v -0.36263100 1.27682100 0.33115800
v -0.35787425 1.27604225 0.33517575
v -0.35500338 1.28185516 0.34079139
v -0.27500964 1.39637631 0.42850312
v -0.19579917 1.40862282 0.47084972
v -0.13024261 1.41898192 0.49278174
v -0.01175780 1.42024782 0.50976814
v 0.09556502 1.42824074 0.50085549
v 0.35273888 1.30768866 0.35260381
v 0.41916350 1.15772100 0.13313450
v 0.41913466 1.15616586 0.12998470
v 0.28186900 1.00137100 -0.05882400
v 0.28300000 0.99827700 -0.05882400
v 0.31270000 0.99039300 -0.04644100
v 0.42586921 0.91171592 -0.00096235
v 0.42976358 0.88351098 0.07213637
v 0.46251012 0.81290804 0.10331358
v 0.41196317 0.76958921 0.14407001
v 0.31948900 0.66081100 0.10216700
v 0.32044200 0.64842450 0.09997500
v 0.30296100 0.59236100 0.13032300
v 0.22132837 0.54506563 0.21264694
v 0.17515694 0.52734870 0.23696409
v 0.14710256 0.51741963 0.24744942
v 0.13223506 0.52245225 0.25670156
v 0.05888934 0.51130986 0.27152098
v -0.18196781 0.51058678 0.22462529
v -0.20077812 0.52129031 0.21842035
v -0.23844100 0.51597700 0.19191100
v -0.23839700 0.51264400 0.19150600
v -0.31849528 0.57229606 0.09645846
v -0.32199000 0.58960000 0.08852300
v -0.35016499 0.62391711 0.12451961
v -0.45662247 0.68872868 0.15002390
v -0.47385787 0.69569136 0.14436464
v -0.49974500 0.69365396 0.13322684
v -0.49299346 0.74321706 0.11882143
v -0.48628004 0.83956151 -0.00336574
v -0.38682400 0.91750200 -0.08356100
v -0.38360700 0.91776300 -0.08668400
v -0.37064484 0.91658266 -0.10093346
v -0.31465395 0.96354529 -0.09930729
v -0.25929550 0.99208900 -0.09753975
v -0.29751316 1.02474179 -0.11513937
v -0.44340784 1.16515669 -0.03075480
v -0.44873203 1.17491559 0.03574971
v -0.42119851 1.22478714 0.21872440
v -0.36216000 1.27693700 0.33122300
v -0.36994000 1.31134793 0.33508155
v -0.30816238 1.38266615 0.40422065
v -0.30540037 1.38395825 0.40640148
v -0.25771949 1.39688929 0.43965382
v -0.17357396 1.40876466 0.47960643
v 0.28674671 1.40606608 0.42159023
v 0.41239291 1.20006175 0.21230359
v 0.42513400 1.18333950 0.16254650
v 0.42017400 1.15927500 0.13312700
v 0.42079000 1.15966600 0.12935200
v 0.42469976 1.15489225 0.10613376
v 0.43130824 1.14777399 0.04030697
v 0.41104474 1.11754106 -0.01112349
v 0.33010179 1.04158789 -0.07962075
v 0.31208717 1.02704215 -0.08016721
v 0.28173900 0.99827700 -0.06038200
v 0.29528044 0.99248877 -0.06369435
v 0.31270000 0.98952400 -0.04954300
v 0.31515600 0.98839400 -0.04623900
v 0.32604080 0.98060637 -0.05654499
v 0.43048627 0.90622342 0.01333259
v 0.43662900 0.86245000 0.08677700
v 0.43977400 0.85906600 0.08659600
v 0.46353389 0.83187270 0.08562783
v 0.45409442 0.81031355 0.11103708
v 0.37926856 0.72116460 0.14613893
v 0.33377084 0.66726925 0.11577532
v 0.32199600 0.64537000 0.09901500
v -0.22379849 0.47783003 0.19582528
v -0.25589693 0.49671798 0.17786518
v -0.32589687 0.56695931 0.07977647
v -0.32363500 0.58960000 0.08669000
v -0.32501200 0.59269400 0.08669000
v -0.36591016 0.61187677 0.13483726
v -0.41096788 0.66909036 0.15203309
v -0.44425360 0.66386180 0.15406792
v -0.49432997 0.77561863 0.09802674
v -0.48564425 0.82120400 0.06192450
v -0.39039700 0.91477800 -0.08374200
v -0.38668000 0.91501000 -0.08665500
v -0.38841850 0.91482150 -0.08517300
v -0.38432500 0.91745900 -0.08668400
v -0.38089000 0.91765400 -0.08957500
v -0.34342333 0.93657789 -0.10489472
v -0.26006900 0.99518300 -0.09803100
v -0.28954450 1.01877800 -0.11288050
v -0.35295232 1.06893559 -0.11206804
v -0.38731434 1.09868024 -0.09129054
v -0.44535972 1.17550154 0.06661890
v -0.43837827 1.19641478 0.14516065
v -0.43332301 1.23355751 0.20289639
v -0.41165182 1.27020307 0.26638426
v -0.30938164 1.40380375 0.40408314
v -0.15556738 1.41250983 0.48573870
v -0.02475158 1.44967274 0.50758375
v 0.13923377 1.43144358 0.49089917
v 0.13141707 1.41542301 0.49357686
v 0.15491800 1.41647400 0.48617900
v 0.19347013 1.40917833 0.47193891
v 0.27209291 1.39516721 0.43053178
v 0.33030407 1.34945113 0.38337619
v 0.35215928 1.32305333 0.35732367
v 0.37017052 1.31790268 0.33687622
v 0.41531774 1.21259886 0.21958271
v 0.42399446 1.16925297 0.14256205
v 0.42115300 1.16223800 0.13618500
v 0.42066000 1.16014400 0.13375100
v 0.42200000 1.15927500 0.12694000
v 0.42155100 1.15953600 0.12993200
v 0.42101500 1.15992000 0.13036700
v 0.41999300 1.15617400 0.12694000
v 0.42212019 1.15790774 0.12315521
v 0.39514865 1.10163851 -0.05506015
v 0.27966700 1.00137100 -0.06501900
v 0.28089800 0.99827700 -0.06191800
v 0.31579400 0.98809700 -0.04889800
v 0.31483900 0.98894800 -0.04795225
v 0.43631044 0.88805713 0.05214690
v 0.44115800 0.85585600 0.08804150
v 0.43664400 0.86556500 0.08359600
v 0.43709300 0.86155100 0.08648700
v 0.43949800 0.85991400 0.08742900
v 0.43989700 0.85887000 0.08663200
v 0.44576554 0.85131277 0.08708155
v 0.36159378 0.65581006 0.13473562
v 0.32117000 0.64532700 0.09907300
v 0.31966850 0.64145950 0.09872850
v 0.30401633 0.56185233 0.12695502
v 0.00238190 0.47889544 0.25235589
v -0.05579422 0.46902176 0.24080602
v -0.10591229 0.47555205 0.23540704
v -0.39332266 0.66721829 0.14839330
v -0.48023426 0.67685421 0.14617393
v -0.49672517 0.82423588 0.01901565
v -0.41633055 0.88435988 -0.08991751
v -0.38644000 0.91486500 -0.08660400
v -0.38696900 0.91492300 -0.08691600
v -0.38370200 0.91482100 -0.08985700
v -0.38387500 0.91472700 -0.08982800
v -0.25218925 0.98840825 -0.10769650
v -0.25785900 0.99208900 -0.09907400
v -0.25955500 0.99518300 -0.09907400
v -0.31554900 1.03902600 -0.11777500
v -0.31306738 1.03872825 -0.12324263
v -0.40009285 1.12137273 -0.11273101
v -0.42462192 1.14728989 -0.09023085
v -0.42916420 1.15133999 -0.08172796
v -0.43789900 1.15617400 -0.02786400
v -0.45035225 1.17641353 -0.02087226
v -0.45881670 1.19091078 0.00471425
v -0.45721169 1.19213689 0.04138839
v -0.37653341 1.29645817 0.32283318
v -0.32689618 1.38276349 0.38908137
v 0.01635430 1.45442763 0.50798011
v 0.15431000 1.42264000 0.48662800
v 0.15446900 1.41932900 0.48577300
v 0.15470825 1.42177050 0.48618450
v 0.15789600 1.42243700 0.48499100
v 0.28228454 1.40793023 0.42430036
v 0.29673000 1.39141100 0.41433100
v 0.34146084 1.35909262 0.37432236
v 0.34366800 1.32395400 0.36533600
v 0.34409500 1.32280900 0.36482200
v 0.39286458 1.21937898 0.26302901
v 0.42105800 1.15780400 0.12694000
v 0.42780402 1.14888494 0.07025195
v 0.43447430 1.14983183 -0.00416196
v 0.36533200 1.06850900 -0.05263700
v 0.27864500 0.99827700 -0.06538900
v 0.27889900 0.99827700 -0.06501900
v 0.30067318 0.98847264 -0.06944514
v 0.34651553 0.97142549 -0.04734012
v 0.35693131 0.97053940 -0.02359203
v 0.40746560 0.91931566 -0.05003971
v 0.43398057 0.90101381 0.02187311
v 0.43964300 0.86205100 0.08359600
v 0.43966500 0.86233400 0.08357400
v 0.45467242 0.78366465 0.12463563
v 0.39704899 0.75048728 0.14767366
v 0.39544589 0.73704218 0.14826459
v 0.35137072 0.65454769 0.12771464
v 0.31270000 0.59269400 0.11155000
v 0.30842241 0.57235671 0.11974368
v 0.29621591 0.54015023 0.13754822
v 0.13835334 0.49764864 0.23992764
v 0.10337747 0.50709661 0.25845985
v -0.18934365 0.49299951 0.21509851
v -0.26082966 0.48290289 0.17358575
v -0.28011241 0.50601996 0.15645091
v -0.32740975 0.58439525 0.08564113
v -0.49541120 0.75801060 0.10908540
v -0.50105266 0.77180588 0.09353312
v -0.49548000 0.80345600 0.06811200
v -0.49308025 0.81008750 0.06353475
v -0.45521994 0.85325771 -0.07261458
v -0.33303128 0.94157176 -0.10847740
v -0.25629575 0.99363600 -0.10270775
v -0.25795300 0.99518300 -0.10216800
v -0.25555326 0.99600111 -0.10827833
v -0.31270100 1.03765700 -0.12074600
v -0.31345500 1.03795400 -0.12031800
v -0.43951500 1.15976000 -0.03712400
v -0.43910900 1.15897100 -0.03088500
v -0.43898775 1.15885100 -0.03389225
v -0.43963100 1.15928900 -0.03098700
v -0.44718962 1.18900265 0.09551946
v -0.44581635 1.22394599 0.16209375
v -0.35693795 1.32455154 0.35196278
v -0.20326589 1.42178235 0.46714546
v 0.00158763 1.43478502 0.50931105
v -0.00011009 1.45280570 0.50785950
v 0.15502000 1.42263300 0.48678800
v 0.15482400 1.42220500 0.48646200
v 0.30872971 1.36153032 0.40313048
v 0.34606600 1.32321500 0.36224200
v 0.34681900 1.32364300 0.36209700
v 0.34986300 1.32333100 0.35922800
v 0.41824588 1.12715561 0.01034378
v 0.36360750 1.06804475 -0.06047825
v 0.36583900 1.06948700 -0.05573000
v 0.36520200 1.06980600 -0.05570900
v 0.36226700 1.06637100 -0.05891900
v 0.29032453 1.01511811 -0.09457325
v 0.27452143 1.00794284 -0.10720686
v 0.27558700 0.99827700 -0.07121400
v 0.27834100 0.99518300 -0.07120700
v 0.41828875 0.91818525 0.01003475
v 0.43490028 0.85736366 0.09405221
v 0.32455880 0.64967189 0.10229725
v 0.32353750 0.62324725 0.09462400
v 0.31806025 0.65080125 0.10143231
v 0.31402600 0.58968700 0.10844900
v 0.31238100 0.58992600 0.11089100
v 0.31364375 0.58823950 0.10950325
v 0.31284500 0.58966500 0.11202800
v 0.11188661 0.50413603 0.25355979
v 0.06360081 0.49004419 0.25622535
v -0.16516754 0.49777480 0.22744799
v -0.19896549 0.49945050 0.21217216
v -0.32508400 0.58031900 0.08352400
v -0.32549000 0.58031100 0.08359600
v -0.35417777 0.60894130 0.12514666
v -0.38001422 0.64519061 0.14381856
v -0.51145222 0.71845782 0.11649892
v -0.49848700 0.79926800 0.06812700
v -0.50188936 0.80633291 0.04952775
v -0.38072400 0.90828600 -0.09913900
v -0.38321600 0.90697625 -0.09832950
v -0.37742700 0.90848100 -0.10210300
v -0.35690733 0.91890834 -0.10900092
v -0.25315966 0.98118014 -0.11778098
v -0.31307983 1.03671653 -0.11701803
v -0.43644956 1.16155399 -0.07510292
v -0.43902200 1.15971000 -0.03345700
v -0.43944200 1.15917400 -0.03087100
v -0.45889393 1.20084917 0.06199144
v -0.44595665 1.21601161 0.15046743
v -0.37241250 1.33607705 0.33849412
v -0.29760964 1.41716999 0.41254246
v -0.21438915 1.41159382 0.46244020
v -0.06451686 1.44955603 0.50429076
v 0.01053180 1.45788336 0.50729869
v 0.10280687 1.44923399 0.49847924
v 0.20815722 1.42080119 0.46576250
v 0.31302200 1.40912667 0.40254778
v 0.31078714 1.38840960 0.40356901
v 0.34867741 1.33119426 0.36234801
v 0.35010900 1.32967800 0.36042400
v 0.35014500 1.32651900 0.35977900
v 0.40515249 1.23909269 0.25674057
v 0.36836800 1.07269700 -0.05879500
v 0.36591200 1.06879900 -0.05856300
v 0.36585400 1.06943600 -0.05863600
v 0.35313658 1.06273280 -0.08898660
v 0.27244300 0.99827700 -0.07738000
v 0.27401500 0.99827700 -0.07430800
v 0.27554400 0.99517600 -0.07396800
v 0.34098600 0.96602685 -0.06918185
v 0.36361207 0.95496848 -0.05516826
v 0.41753718 0.91621820 -0.03016387
v 0.43195371 0.78178583 0.13556977
v 0.39610698 0.71842534 0.14875365
v 0.31570598 0.59697720 0.10479755
v 0.31365600 0.59000600 0.11076700
v 0.31529154 0.58019540 0.10558325
v 0.25531779 0.53870462 0.18196143
v 0.23399978 0.50541249 0.19275415
v 0.22927998 0.54648580 0.20698297
v 0.07871044 0.48063556 0.24629320
v 0.04253445 0.47879929 0.25065343
v -0.02445336 0.46802041 0.24300669
v -0.24020145 0.47888152 0.18680156
v -0.29649861 0.53819062 0.13661173
v -0.30013944 0.51943852 0.13234492
v -0.32818500 0.57815200 0.08322650
v -0.32818500 0.57721700 0.08285700
v -0.34431357 0.57088480 0.10398660
v -0.39320728 0.62436315 0.14863197
v -0.46953191 0.64276973 0.15336428
v -0.38729500 0.90554000 -0.09600900
v -0.38422300 0.90505400 -0.09932800
v -0.38081100 0.90817700 -0.09874800
v -0.38165800 0.90820600 -0.09846500
v -0.26926927 1.01507925 -0.14370145
v -0.27157793 1.00817050 -0.11702183
v -0.32998616 1.05636627 -0.13711985
v -0.34516636 1.07143811 -0.14278578
v -0.38622267 1.10635556 -0.12010167
v -0.46265675 1.21514661 0.08225077
v -0.45867527 1.22386624 0.12018867
v -0.39677492 1.30461128 0.30160784
v -0.33427229 1.40701371 0.38313696
v 0.18427433 1.44267305 0.47409821
v 0.16011602 1.41932877 0.48467118
v 0.23536700 1.41317000 0.45213200
v 0.25336751 1.42424821 0.44199169
v 0.42959610 1.21381373 0.19284638
v 0.42649075 1.18331950 0.15868825
v 0.40718460 1.11452365 -0.03767759
v 0.39127809 1.09874191 -0.06442608
v 0.37928139 1.08278124 -0.04892576
v 0.36740400 1.07257400 -0.06443200
v 0.36802000 1.07219000 -0.06216500
v 0.36482500 1.06953000 -0.05910000
v 0.36456400 1.06944300 -0.06215700
v 0.27481649 1.00219109 -0.08112897
v 0.26924225 0.99750350 -0.08359350
v 0.27263800 0.99518300 -0.07740200
v 0.37771500 0.94689100 -0.04644100
v 0.37541975 0.94648325 -0.05180875
v 0.37898300 0.94611500 -0.04702800
v 0.38064200 0.94559400 -0.04339100
v 0.44508900 0.76688482 0.13498018
v 0.42706997 0.75432461 0.14366298
v 0.37434463 0.67501016 0.14141841
v 0.35961811 0.62543339 0.13104248
v 0.32198900 0.61730800 0.09292900
v 0.32012450 0.61514300 0.09442850
v 0.30582815 0.53942172 0.12348976
v 0.12116041 0.48291289 0.23696347
v 0.01555827 0.48135243 0.25436770
v -0.13273375 0.46351063 0.22072463
v -0.20915221 0.48365566 0.20348980
v -0.32818500 0.57411600 0.08164000
v -0.45593727 0.65228699 0.15433777
v -0.50721100 0.78138500 0.07430700
v -0.50240000 0.79121000 0.07119200
v -0.50784450 0.77739300 0.07745550
v -0.50979622 0.80681208 -0.00250479
v -0.47359925 0.82636250 -0.07727638
v -0.38391200 0.90539500 -0.09921900
v -0.37994955 0.90010139 -0.10710268
v -0.24750611 0.98068087 -0.12129467
v -0.24383626 0.99283158 -0.12120738
v -0.27725200 1.02211100 -0.15016650
v -0.44453317 1.16913433 -0.04762428
v -0.46376959 1.20246175 -0.02530123
v -0.45592285 1.20819606 0.10037880
v -0.44459572 1.23186149 0.17523488
v -0.18727518 1.43764950 0.47315817
v -0.10703933 1.45678187 0.49627272
v 0.11641751 1.45941286 0.49476668
v 0.23517100 1.41618400 0.45219000
v 0.23496569 1.41784794 0.45220894
v 0.23489600 1.41648100 0.45189300
v 0.42799426 1.21129348 0.19348051
v 0.43576383 1.20798028 0.17133122
v 0.42970420 1.19973195 0.17526843
v 0.43422039 1.17157533 0.10929972
v 0.33161694 1.04529368 -0.09239789
v 0.26878000 0.99518300 -0.08276400
v 0.26826196 0.99130518 -0.08857783
v 0.37475100 0.94599200 -0.05220200
v 0.37809900 0.94519500 -0.04935400
v 0.37715700 0.94573800 -0.04956400
v 0.44365830 0.88651796 0.03558932
v 0.45467588 0.86083699 0.06263944
v 0.46302721 0.80262199 0.10888920
v 0.44633059 0.78061700 0.12975058
v 0.39440297 0.68414985 0.14804437
v 0.36250597 0.61344212 0.13212642
v 0.32353550 0.62056100 0.09435600
v 0.32389400 0.61436600 0.09287800
v 0.32508200 0.61127200 0.09242900
v 0.32198900 0.60198300 0.09003000
v -0.01547800 0.46277200 0.23839200
v -0.05333617 0.44830464 0.22209074
v -0.10448557 0.46569096 0.22869117
v -0.30397777 0.51462075 0.12734445
v -0.30952242 0.51738664 0.11853400
v -0.31734143 0.55153802 0.10114097
v -0.35140413 0.58093310 0.11654436
v -0.38122044 0.62044401 0.14378878
v -0.41020874 0.62080775 0.15314055
v -0.43137000 0.63594363 0.15622261
v -0.49982114 0.67859834 0.13695430
v -0.50471859 0.81389555 0.00758191
v -0.33644979 0.91913191 -0.12178976
v -0.29893620 0.94656749 -0.12653933
v -0.25216000 0.99208900 -0.10681600
v -0.30000398 1.03503825 -0.14325990
v -0.37780922 1.10397974 -0.13704004
v -0.45826343 1.19471642 -0.04331481
v -0.46787605 1.20956844 0.01293365
v -0.44538251 1.24914037 0.18967894
v -0.42105300 1.26469200 0.24737700
v -0.34824816 1.39214972 0.37027062
v -0.27674807 1.42115125 0.42743747
v -0.02681770 1.47520301 0.50457303
v 0.15251585 1.45054897 0.48495744
v 0.23573600 1.41916900 0.45165300
v 0.23570700 1.41943000 0.45140700
v 0.24043354 1.41503099 0.44945055
v 0.29320150 1.38142675 0.41620050
v 0.37166615 1.30865015 0.33316328
v 0.37762939 1.30624587 0.32503188
v 0.37634686 1.29210204 0.32151898
v 0.40227222 1.25324746 0.27097642
v 0.42795341 1.23510094 0.21604457
v 0.44248593 1.16371917 0.02041908
v 0.43345600 1.14937700 0.02174700
v 0.43429061 1.15016572 -0.02139860
v 0.36017514 1.06659837 -0.07306422
v 0.37841800 0.94521700 -0.04904300
v 0.37704100 0.94480400 -0.05244100
v 0.38337164 0.93365205 -0.06550099
v 0.43063311 0.74013280 0.14542913
v 0.41098032 0.73782140 0.14811877
v 0.38976378 0.69495552 0.14728471
v 0.32342300 0.60198300 0.08978400
v 0.32353550 0.60043600 0.08957750
v 0.28795248 0.52299915 0.14827635
v 0.26128741 0.51718469 0.17403634
v 0.24755769 0.50825603 0.18393162
v 0.20759991 0.51377319 0.21233612
v 0.18159951 0.49316689 0.21871514
v -0.01635400 0.45933100 0.23557400
v -0.01801400 0.46001200 0.23498700
v -0.09471133 0.45861585 0.22590832
v -0.25730800 0.48690800 0.17649300
v -0.25688625 0.48343675 0.17629700
v -0.25688100 0.48421200 0.17614500
v -0.36228545 0.57769394 0.12469053
v -0.51571868 0.69914604 0.12075783
v -0.51244600 0.77046600 0.07734650
v -0.52715100 0.73956350 0.08357450
v -0.51300531 0.79331681 0.04316693
v -0.48574076 0.82577648 -0.05391094
v -0.39048614 0.88739010 -0.10899717
v -0.37978067 0.88157290 -0.11900960
v -0.23323480 0.99029959 -0.13200597
v -0.31242109 1.04662258 -0.15017949
v -0.33639185 1.07017895 -0.15934729
v -0.39958769 1.12734446 -0.13068118
v -0.44429048 1.17292280 -0.06432062
v -0.47207006 1.23601179 0.08078036
v -0.41991375 1.25771051 0.24525178
v -0.42128500 1.27049600 0.25113000
v -0.42069100 1.27100300 0.25089800
v -0.42022300 1.27222400 0.25392700
v -0.40052778 1.29210911 0.29110388
v -0.36794500 1.39599123 0.35040016
v -0.16843331 1.45921747 0.47894745
v -0.15973890 1.43568312 0.48374285
v -0.12752004 1.44460168 0.49248114
v -0.05115733 1.46587183 0.50384658
v 0.04381387 1.45642593 0.50556313
v 0.23220000 1.42243700 0.45355200
v 0.23525100 1.41939400 0.45225500
v 0.24540365 1.42698530 0.44620409
v 0.37552031 1.34769144 0.33849021
v 0.40533947 1.30343967 0.29015462
v 0.43687248 1.21988648 0.18179269
v 0.44254192 1.20166422 0.14019126
v 0.43845645 1.16977783 0.08452882
v 0.43007214 1.14680975 -0.04644529
v 0.37617112 1.08631055 -0.08954693
v 0.30960600 1.03488900 -0.12074600
v 0.26099577 0.99735793 -0.09845301
v 0.26408900 0.99518300 -0.08978500
v 0.26626200 0.99569000 -0.08669100
v 0.33220803 0.96873870 -0.07409072
v 0.45635092 0.87735597 -0.00484124
v 0.46624638 0.84293111 0.06773834
v 0.32549061 0.62728099 0.09708141
v 0.32910243 0.63224195 0.10311256
v 0.32430875 0.60585225 0.09091775
v 0.32663300 0.58944650 0.08673325
v 0.31978654 0.57981720 0.09470493
v 0.00011201 0.46489178 0.24067956
v -0.01934150 0.45970175 0.23531800
v -0.01863700 0.45996800 0.23537800
v -0.01831100 0.46024400 0.23527700
v -0.02162200 0.45970000 0.23529800
v -0.15924706 0.47931062 0.22105770
v -0.20737099 0.47954969 0.20357153
v -0.23745929 0.44764400 0.18817059
v -0.25689500 0.48433500 0.17647100
v -0.25688800 0.48098800 0.17642700
v -0.26940059 0.48301586 0.16723550
v -0.32252097 0.57223229 0.08603785
v -0.37343527 0.60189566 0.13822143
v -0.51802227 0.76085193 0.07793394
v -0.51330608 0.79816011 -0.02500191
v -0.40729700 0.88170006 -0.10074913
v -0.40240120 0.89007002 -0.09769707
v -0.23530300 0.98280000 -0.12730300
v -0.30977369 1.04744646 -0.15789643
v -0.34685424 1.07905747 -0.15697534
v -0.43012120 1.17284086 -0.12999862
v -0.44824811 1.24312841 0.17689321
v -0.42214700 1.27382900 0.25078200
v -0.42087200 1.27142300 0.25075300
v -0.42506325 1.28986901 0.25456527
v -0.37601714 1.38219270 0.34125776
v -0.34668400 1.39769300 0.37148800
v 0.21845148 1.41524039 0.46108924
v 0.23343637 1.45038589 0.45137575
v 0.29722300 1.39767100 0.41407000
v 0.38058400 1.30802100 0.32186900
v 0.41062458 1.26408061 0.26404380
v 0.42613739 1.24523213 0.22651703
v 0.44046200 1.18713500 0.12074500
v 0.44520216 1.17116706 0.04294626
v 0.30091463 1.02705746 -0.11457697
v 0.24996650 0.99363600 -0.11146050
v 0.26319330 0.97933149 -0.11446684
v 0.47755746 0.80401064 0.09528442
v 0.47945429 0.76220910 0.11952835
v 0.42397056 0.73561991 0.14712458
v 0.37590848 0.66000044 0.14216573
v 0.27057165 0.51208823 0.16603796
v -0.07408372 0.45927904 0.22950562
v -0.10849579 0.45125040 0.21731478
v -0.18234104 0.46383647 0.20921334
v -0.28835776 0.48159053 0.14955814
v -0.30057207 0.48865777 0.13497560
v -0.31997971 0.49844763 0.10412259
v -0.32818500 0.55864000 0.07561900
v -0.40204384 0.60446718 0.15017777
v -0.51274688 0.77857894 0.06786647
v -0.39689600 0.88652700 -0.10485600
v -0.39320100 0.88681700 -0.10745700
v -0.31998091 0.91481070 -0.13312963
v -0.24344683 0.98411007 -0.11932394
v -0.24226553 0.99044203 -0.11937209
v -0.37155665 1.10586239 -0.15758752
v -0.45004709 1.18757458 -0.07735142
v -0.46442906 1.25066868 0.13762681
v -0.42960188 1.27688172 0.23908589
v -0.34633600 1.40071500 0.37154600
v -0.34514725 1.40457100 0.37295675
v -0.34667600 1.40076500 0.37152400
v -0.32963806 1.42998347 0.38678762
v -0.25072998 1.44699551 0.44197348
v -0.20702122 1.44886498 0.46385542
v 0.28633372 1.44738652 0.41860608
v 0.35277870 1.38496506 0.36595447
v 0.38110600 1.30878900 0.32157200
v 0.38611131 1.31918912 0.31877125
v 0.38301900 1.31028200 0.31869600
v 0.39640251 1.30809988 0.30287083
v 0.41395043 1.25083704 0.25052427
v 0.42080500 1.24603400 0.23488500
v 0.42084800 1.24980900 0.23819700
v 0.42096400 1.24636800 0.23537100
v 0.44828000 1.19333000 0.10216700
v 0.43728396 1.15742561 -0.04285888
v 0.41908887 1.13410691 -0.06641447
v 0.30639862 1.02481675 -0.08930038
v 0.27960162 0.99691106 -0.06632781
v 0.36246052 0.94797158 -0.07019147
v 0.40393355 0.91842732 -0.05769875
v 0.44269431 0.88902801 -0.02700184
v 0.43461825 0.90160525 -0.00308525
v 0.46787917 0.85356630 0.04577726
v 0.46251801 0.75712422 0.13092437
v 0.41726207 0.70445341 0.15033367
v 0.32774529 0.59406950 0.08932153
v 0.15344725 0.49358111 0.23140387
v 0.14242000 0.49052300 0.23415400
v 0.13895600 0.49070400 0.23562400
v 0.13963000 0.49005200 0.23530600
v 0.05794327 0.47018998 0.24192238
v 0.02350073 0.46296131 0.23823561
v 0.00951279 0.44388372 0.22001090
v -0.13003100 0.46590300 0.22250300
v -0.29553775 0.48447235 0.14146622
v -0.32818500 0.55553800 0.07451700
v -0.33127900 0.55554600 0.07496700
v -0.33127900 0.55937900 0.07740100
v -0.44349321 0.62880172 0.15715406
v -0.48390974 0.64175936 0.14950870
v -0.49823414 0.66698840 0.14064313
v -0.52912748 0.70975057 0.10194784
v -0.50181784 0.80851720 -0.04400649
v -0.50269770 0.79767695 -0.06187281
v -0.48747241 0.81694582 -0.06438564
v -0.43752170 0.85028571 -0.09858616
v -0.39938800 0.88681700 -0.10287800
v -0.39709200 0.88686000 -0.10549400
v -0.39641800 0.88702700 -0.10475500
v -0.40023966 0.87254126 -0.11260420
v -0.27729450 1.02790150 -0.16580187
v -0.43402622 1.17988587 -0.13097948
v -0.47282946 1.22623894 0.04716968
v -0.46648575 1.23515870 0.10702536
v -0.41767147 1.30021497 0.27090064
v -0.39054696 1.32390126 0.31469142
v -0.35031257 1.40478123 0.36831612
v -0.34661100 1.40362000 0.37128500
v -0.34653100 1.40458400 0.37183500
v -0.34358200 1.40388800 0.37450900
v -0.30043649 1.45012026 0.40869717
v -0.25812720 1.43783831 0.43819138
v -0.18917870 1.45450163 0.47112859
v -0.05192460 1.47871239 0.50206270
v 0.05398674 1.44705344 0.50587910
v 0.38406900 1.31091900 0.31889100
v 0.38423600 1.31069500 0.31977500
v 0.38284450 1.30810050 0.31901450
v 0.42134450 1.24762150 0.23679100
v 0.42085500 1.24890400 0.23792100
v 0.42183400 1.24633900 0.23566100
v 0.42037700 1.24487550 0.23545400
v 0.42424600 1.24907000 0.23224800
v 0.42405100 1.24822300 0.23240000
v 0.42751810 1.25365674 0.22998087
v 0.44334429 1.22410342 0.16832249
v 0.33698650 1.05584450 -0.11627224
v 0.32143447 1.04282077 -0.11699713
v 0.27867349 0.97344796 -0.11215608
v 0.29875721 0.97637718 -0.09256871
v 0.36627052 0.94186280 -0.07462968
v 0.46330113 0.86910412 0.00672763
v 0.41317557 0.66056127 0.15250405
v 0.31422100 0.54625700 0.10836200
v 0.13947800 0.48958100 0.23478400
v 0.14000700 0.48992200 0.23445100
v 0.13653600 0.48863900 0.23541400
v 0.12892453 0.45912266 0.21995238
v 0.09889003 0.47143664 0.23533646
v 0.06171978 0.45424360 0.22749107
v 0.01853338 0.44518561 0.22125413
v -0.06161100 0.44714400 0.21978500
v -0.12566724 0.45659298 0.21749845
v -0.15305641 0.47000237 0.21876945
v -0.20704222 0.46690014 0.20177860
v -0.32050772 0.52949544 0.09696707
v -0.32818500 0.55244500 0.07367700
v -0.33127900 0.55467600 0.07430700
v -0.33136207 0.56469746 0.08202083
v -0.34335100 0.55853800 0.09601500
v -0.34687900 0.56167600 0.10173900
v -0.34653900 0.56450900 0.10347100
v -0.50893280 0.66978243 0.13379643
v -0.52806946 0.65434161 0.12368293
v -0.53002080 0.74416046 0.07465460
v -0.40278700 0.88422300 -0.10227600
v -0.39957000 0.88479500 -0.10540700
v -0.39967100 0.88347700 -0.10528300
v -0.39790208 0.88070435 -0.10858704
v -0.33127900 0.91159000 -0.12852000
v -0.25810745 0.96662566 -0.13372665
v -0.23294578 0.99843521 -0.15788832
v -0.41296266 1.15158989 -0.14094962
v -0.41837232 1.14963160 -0.12008058
v -0.43853669 1.17896818 -0.11219222
v -0.46917186 1.26767737 0.14173175
v -0.39406007 1.37879662 0.32062068
v -0.37828934 1.37017015 0.33741724
v -0.34689400 1.40457700 0.37166100
v -0.35772384 1.43386200 0.36063974
v -0.10109991 1.47696227 0.49478100
v 0.04088256 1.48816927 0.50143024
v 0.07613908 1.47900754 0.49908077
v 0.20783142 1.46075830 0.46260987
v 0.37112728 1.36301520 0.34560910
v 0.35888300 1.37594900 0.35914100
v 0.36062063 1.38054013 0.35770975
v 0.38630800 1.31997600 0.31926100
v 0.38467800 1.31407100 0.31889100
v 0.38384500 1.31415800 0.31971700
v 0.38654700 1.31104200 0.31566000
v 0.39910310 1.31699157 0.30242724
v 0.40298800 1.28585600 0.28524300
v 0.40660300 1.28930500 0.28174300
v 0.40229900 1.28324800 0.28502500
v 0.44475059 1.25553185 0.19571653
v 0.44695800 1.17165800 0.02322200
v 0.39751976 1.11409312 -0.10021727
v 0.33593234 0.95698519 -0.08816750
v 0.45471400 0.87672400 -0.02164000
v 0.47782376 0.82532368 0.07211790
v 0.34239815 0.60153172 0.11146253
v 0.31545100 0.54849225 0.10600700
v 0.31567800 0.55553100 0.10515200
v 0.31569200 0.55244500 0.10526800
v 0.31601800 0.54905400 0.10523200
v 0.31638000 0.54990900 0.10532600
v 0.31588000 0.54627100 0.10526800
v 0.31907565 0.54797180 0.09869207
v 0.29057621 0.50296882 0.14650407
v 0.13340640 0.47455083 0.22806718
v -0.06149500 0.44389000 0.21694500
v -0.06203800 0.44479600 0.21693100
v -0.06439300 0.44423800 0.21709000
v -0.08959300 0.44660000 0.21686500
v -0.09200975 0.44841175 0.21763525
v -0.09288300 0.45027400 0.21885800
v -0.09611400 0.44776700 0.21648900
v -0.14084900 0.45482050 0.21480800
v -0.26769111 0.45217860 0.17024524
v -0.32818500 0.54935100 0.07324900
v -0.33127900 0.55244500 0.07288000
v -0.34699500 0.55559600 0.09896400
v -0.34510400 0.55840100 0.09963800
v -0.34693000 0.56213900 0.10301500
v -0.34602263 0.56208100 0.10143337
v -0.34656000 0.56190000 0.10192000
v -0.39388453 0.57668954 0.14219856
v -0.50264875 0.64419280 0.14202603
v -0.51810787 0.73910516 0.09780939
v -0.52346475 0.74946000 0.08051225
v -0.49071141 0.80146654 -0.07923308
v -0.47073457 0.80995551 -0.09730239
v -0.33437300 0.90537300 -0.12994800
v -0.33134400 0.90835800 -0.13037500
v -0.33102600 0.90840200 -0.13041100
v -0.26911200 0.95287500 -0.13921500
v -0.26509675 0.95345150 -0.14130875
v -0.26911200 0.95504900 -0.13712100
v -0.26590200 0.95528100 -0.13883800
v -0.22419787 0.98550725 -0.13694619
v -0.26217642 1.01725294 -0.16292107
v -0.44496325 1.19010725 -0.10986678
v -0.46439640 1.21125915 -0.06094615
v -0.47928488 1.23754605 0.02477466
v -0.45128082 1.26841834 0.19016222
v -0.44039992 1.27138066 0.21558884
v -0.39514727 1.35304026 0.31528488
v -0.33688734 1.42603001 0.38022046
v -0.20895955 1.46245084 0.46147059
v -0.18247684 1.46593742 0.47254739
v -0.15115685 1.46894634 0.48309456
v -0.13332690 1.45879066 0.48934006
v 0.00069239 1.52008876 0.49706180
v 0.03400230 1.49320654 0.50123617
v 0.09538464 1.50300861 0.49188028
v 0.19663973 1.46599573 0.46670733
v 0.22558231 1.45091005 0.45519173
v 0.30034600 1.41005050 0.41181700
v 0.35879600 1.37921700 0.35919200
v 0.35876000 1.37913700 0.35888700
v 0.38719200 1.32230200 0.31959400
v 0.38638100 1.32397600 0.31863800
v 0.38877056 1.32029206 0.31582206
v 0.40440100 1.28930500 0.28483700
v 0.40542200 1.28937100 0.28417000
v 0.40560300 1.28677700 0.28264900
v 0.40516100 1.28606700 0.28182300
v 0.40682100 1.28311800 0.27864200
v 0.42060300 1.29763795 0.26575218
v 0.45426241 1.23998441 0.15599878
v 0.44222650 1.18790650 0.11530700
v 0.44197085 1.17775356 0.09136644
v 0.45135200 1.18119300 0.03698500
v 0.45170912 1.18637200 0.05676925
v 0.44619062 1.16944263 0.01020325
v 0.44549800 1.16866500 0.01857400
v 0.38803776 1.09954465 -0.08757396
v 0.26376172 1.00768909 -0.12978128
v 0.25650600 0.99208900 -0.10062100
v 0.25387200 0.98953800 -0.10526900
v 0.24750300 0.98263894 -0.11961987
v 0.32621096 0.96041966 -0.09393909
v 0.42594889 0.89869253 -0.05250844
v 0.45302250 0.87754950 -0.02628800
v 0.45880100 0.87203550 -0.02167600
v 0.47515173 0.84056664 0.05418496
v 0.45348326 0.71558556 0.14513730
v 0.33127700 0.56395050 0.07916200
v 0.32508200 0.58031100 0.08350900
v 0.32494314 0.56164823 0.08138981
v 0.31581500 0.55180000 0.10552900
v 0.31588800 0.54964100 0.10486900
v 0.31936626 0.52592356 0.10083378
v 0.30829430 0.51355018 0.12210824
v 0.15718779 0.46771922 0.21705445
v 0.14438826 0.46488481 0.21949807
v 0.08881804 0.45539979 0.22487151
v -0.01807318 0.44505026 0.22124548
v -0.06216900 0.44399200 0.21721300
v -0.06315513 0.44483425 0.21763950
v -0.09000600 0.44725200 0.21708300
v -0.09240500 0.44744800 0.21590900
v -0.09288300 0.44718000 0.21640900
v -0.14550800 0.45340400 0.21355400
v -0.32818500 0.54625700 0.07290900
v -0.33080800 0.54935100 0.07120600
v -0.33356973 0.55172254 0.07532870
v -0.35224820 0.53847501 0.09422443
v -0.35035000 0.56092900 0.10567400
v -0.38554139 0.57515179 0.13796681
v -0.42716575 0.60467495 0.15513331
v -0.53569700 0.66315535 0.11459785
v -0.52498452 0.76921520 0.05196001
v -0.51501048 0.79729968 0.01847494
v -0.50675963 0.80178387 -0.04257313
v -0.50642100 0.80322400 -0.04024600
v -0.33127900 0.90539500 -0.13147600
v -0.33409800 0.90545300 -0.12994000
v -0.33106200 0.90856100 -0.12928800
v -0.27646261 0.93514572 -0.14751691
v -0.26549600 0.95537500 -0.13882400
v -0.26604700 0.95540400 -0.13893200
v -0.26388700 0.95481700 -0.14154100
v -0.20434300 0.97660500 -0.15559700
v -0.23094200 0.98898800 -0.13312800
v -0.23207550 0.98744100 -0.13003450
v -0.22880400 0.98900200 -0.13620800
v -0.23643700 1.00247200 -0.16405650
v -0.23116944 0.99943013 -0.16274575
v -0.26935250 1.01882900 -0.15474750
v -0.26891573 1.02142636 -0.16358914
v -0.28217600 1.02914300 -0.16089400
v -0.37866793 1.11711505 -0.16342084
v -0.42110400 1.16213000 -0.13629500
v -0.47271598 1.22324150 0.03506639
v -0.46648497 1.24603664 0.12313392
v 0.17826434 1.46688225 0.47397038
v 0.34160527 1.40411876 0.37711513
v 0.36462985 1.38335909 0.35399953
v 0.38700400 1.32967100 0.32076100
v 0.38664200 1.32358500 0.31898600
v 0.39011200 1.32562100 0.31578300
v 0.39303974 1.34684984 0.31833893
v 0.40500900 1.28608100 0.28161300
v 0.42472826 1.28080603 0.25051487
v 0.45150475 1.18443750 0.05192550
v 0.45167450 1.18108450 0.03252150
v 0.44949400 1.17645100 0.02636650
v 0.44578400 1.16856750 -0.00813400
v 0.44396200 1.16551400 -0.01270600
v 0.44563600 1.16894100 -0.02157400
v 0.44256350 1.16607850 -0.04159400
v 0.25062600 0.99208900 -0.10834800
v 0.25191600 0.99053850 -0.10681600
v 0.25422000 0.98898800 -0.10526900
v 0.29177971 0.96802838 -0.10968504
v 0.30825059 0.96341376 -0.10318996
v 0.43609769 0.89175557 -0.04241106
v 0.45483375 0.87087888 -0.04137412
v 0.48777671 0.77914322 0.10248435
v 0.45424008 0.74210614 0.13862049
v 0.43604210 0.70795842 0.14945402
v 0.32740850 0.58185800 0.08446575
v 0.32572700 0.58031100 0.08359600
v 0.32818400 0.57721700 0.08266900
v 0.20486327 0.49112811 0.20774458
v 0.16328750 0.48393378 0.22231805
v 0.00746102 0.43379328 0.20861179
v -0.04736474 0.42281654 0.19424499
v -0.06230913 0.42176073 0.19452973
v -0.15789800 0.45337500 0.21161200
v -0.18267100 0.45337500 0.20678700
v -0.21845326 0.45021197 0.19590723
v -0.36525750 0.55698050 0.11846950
v -0.36520300 0.55806000 0.11924500
v -0.37759908 0.54738112 0.12326527
v -0.50775400 0.80128900 -0.04031900
v -0.50778300 0.79873200 -0.04297100
v -0.46483152 0.80445985 -0.10705164
v -0.37826633 0.86128521 -0.12940113
v -0.34884647 0.88752445 -0.13141152
v -0.31192821 0.93030845 -0.12992018
v -0.26625700 0.95182500 -0.14196800
v -0.22748500 0.98589400 -0.13312800
v -0.22910800 0.98749500 -0.13312800
v -0.22910800 0.98898800 -0.13576600
v -0.22756100 0.98744100 -0.13530600
v -0.22264512 0.98828414 -0.14221299
v -0.23937579 1.00746932 -0.17324894
v -0.27864700 1.02797700 -0.16408900
v -0.27991500 1.02973700 -0.16420500
v -0.28174100 1.03011400 -0.16408900
v -0.42106000 1.16351400 -0.13932400
v -0.42235700 1.16468000 -0.13954100
v -0.42132114 1.31292598 0.27013148
v -0.39629400 1.34193800 0.31156600
v -0.39588100 1.34503200 0.31270400
v -0.39409900 1.34853100 0.31658700
v -0.39337500 1.35119800 0.31685500
v -0.39323690 1.39990708 0.32244715
v -0.37357021 1.41770575 0.34433599
v -0.36055203 1.43902539 0.35696072
v -0.07781182 1.47703777 0.49901862
v -0.05732407 1.49109708 0.49922326
v 0.17661073 1.49271284 0.47046536
v 0.43774501 1.18654100 0.13139054
v 0.45157500 1.18896775 0.06966275
v 0.45714075 1.19707571 0.06169244
v 0.45775340 1.19449733 0.04563063
v 0.45853164 1.19225615 0.02065183
v 0.45711940 1.19079621 -0.03165717
v 0.44473000 1.16855700 -0.03250850
v 0.44114700 1.16701000 -0.05882800
v 0.25077800 0.98898800 -0.10861600
v 0.25077800 0.99064700 -0.10836300
v 0.42485875 0.89226575 -0.06500125
v 0.42571700 0.89243200 -0.06148300
v 0.42837800 0.88820929 -0.06552124
v 0.45530800 0.87190500 -0.03713800
v 0.45877200 0.87128200 0.02537000
v 0.46090900 0.86846400 0.02524700
v 0.49786779 0.75991159 0.10578679
v 0.47820050 0.74210059 0.12783563
v 0.47608864 0.71981994 0.13617149
v 0.34721394 0.58349863 0.11134393
v 0.32818400 0.57411600 0.08132800
v 0.32508200 0.57411600 0.08221200
v 0.32532150 0.56947550 0.08107100
v 0.32508200 0.57102200 0.08164700
v 0.30751161 0.49958135 0.12534681
v 0.28910650 0.48568049 0.14967911
v 0.22662029 0.48536316 0.19440769
v 0.05413781 0.44134942 0.21575754
v -0.08469014 0.44094658 0.21204602
v -0.17795800 0.45332050 0.20785900
v -0.16135813 0.44632553 0.20900075
v -0.18576500 0.44872700 0.20519250
v -0.27697834 0.45144719 0.16335618
v -0.29119726 0.45493851 0.15068158
v -0.30609805 0.46804586 0.13172421
v -0.31391900 0.49981200 0.11455000
v -0.31590400 0.50268100 0.11214400
v -0.31710700 0.50348600 0.10834700
v -0.32872804 0.53839615 0.07157171
v -0.33662788 0.51896881 0.05305187
v -0.33282600 0.54779300 0.07120600
v -0.36234100 0.55414700 0.11428900
v -0.36219600 0.55555300 0.11493400
v -0.36543500 0.55541500 0.11816500
v -0.36531200 0.55590100 0.11769400
v -0.43638808 0.56993154 0.14988954
v -0.54035921 0.66747745 0.10797614
v -0.53786919 0.74511112 0.05440984
v -0.52894642 0.77632634 0.00232796
v -0.51471800 0.79049814 -0.04359985
v -0.45057609 0.82841728 -0.10256495
v -0.26972262 0.94973870 -0.14142760
v -0.27852400 1.02925200 -0.16717600
v -0.27829900 1.02919400 -0.16743700
v -0.28779800 1.03552700 -0.16680600
v -0.28783450 1.03570750 -0.16705600
v -0.30194200 1.05188400 -0.18119250
v -0.35525349 1.09380283 -0.17081331
v -0.40180362 1.14430486 -0.15763949
v -0.42108900 1.16543400 -0.14255500
v -0.42463200 1.16878900 -0.13947600
v -0.42408900 1.16784700 -0.13972900
v -0.42474100 1.16793400 -0.13659200
v -0.42412112 1.16970769 -0.14153294
v -0.47043941 1.21771762 -0.02910719
v -0.47554239 1.23084668 -0.03800891
v -0.48128658 1.24707915 0.04513721
v -0.44920343 1.27287877 0.19816818
v -0.39567900 1.34527100 0.31187800
v -0.39577081 1.34432138 0.31242375
v -0.39612100 1.34837200 0.31216000
v -0.39928536 1.34463243 0.30854911
v -0.30782626 1.46356294 0.40166922
v -0.27337153 1.45607436 0.42666702
v -0.08544592 1.47182308 0.49837398
v 0.04435739 1.49210044 0.50028963
v 0.10798329 1.49166814 0.49132625
v 0.12995470 1.47325934 0.48939338
v 0.20372532 1.46376063 0.46399582
v 0.26818122 1.44347304 0.43118552
v 0.26292550 1.45521300 0.43348150
v 0.30711188 1.43324780 0.40569455
v 0.32548734 1.42251931 0.39087225
v 0.36864300 1.38526000 0.35000400
v 0.37178800 1.38832400 0.34699700
v 0.37096900 1.38523100 0.34661300
v 0.37207800 1.38276000 0.34591800
v 0.36842600 1.38027500 0.34985200
v 0.37176600 1.38208600 0.34666400
v 0.37430200 1.37905000 0.34357000
v 0.45882038 1.27876585 0.18242865
v 0.46005797 1.23169277 0.12543775
v 0.45256057 1.20773209 0.11596028
v 0.45733816 1.20398036 0.08392963
v 0.30968200 1.03630900 -0.12538300
v 0.29900078 1.03103000 -0.13407146
v 0.28058194 1.02691867 -0.15680275
v 0.39218579 0.91514499 -0.08078223
v 0.42409400 0.89328000 -0.06501900
v 0.42366700 0.89391800 -0.06531600
v 0.42703600 0.88986000 -0.06499800
v 0.45194391 0.87332057 -0.04433352
v 0.45512000 0.87001400 -0.04334800
v 0.48041413 0.84700756 -0.01770489
v 0.46083700 0.86867400 0.02168900
v 0.46141700 0.86901400 0.02491400
v 0.46167000 0.86808700 0.02548600
v 0.46290200 0.86460900 0.02852200
v 0.46440900 0.86376100 0.02786300
v 0.48090603 0.84581152 0.02276324
v 0.49046598 0.83175959 0.03099654
v 0.49078985 0.81954652 0.05592759
v 0.49550700 0.77222700 0.09932600
v 0.49671575 0.77185287 0.09836488
v 0.32680000 0.57102200 0.08049500
v 0.33063001 0.53135095 0.06773570
v 0.21902706 0.47673321 0.19774130
v 0.22081841 0.46533381 0.19579702
v -0.17136084 0.43611545 0.20533532
v -0.18816300 0.44702000 0.20432300
v -0.20556519 0.44648461 0.19995092
v -0.22107386 0.41969573 0.19393795
v -0.25239316 0.44589280 0.18005791
v -0.29846238 0.43750751 0.14669001
v -0.31525900 0.50018900 0.11133300
v -0.31576600 0.49987700 0.11136200
v -0.31425900 0.50465600 0.11295550
v -0.34757231 0.53375835 0.08365216
v -0.36579000 0.55580700 0.11660000
v -0.40791450 0.57161356 0.14562155
v -0.54419275 0.69109700 0.09140525
v -0.54325391 0.71952903 0.07389807
v -0.53773281 0.76002016 0.01968356
v -0.51123197 0.77744675 -0.07216425
v -0.43777349 0.83380456 -0.10995148
v -0.42036383 0.83551810 -0.12042503
v -0.35711198 0.87499659 -0.13245176
v -0.25715570 0.95496559 -0.14537358
v -0.21444086 0.97754809 -0.14796878
v -0.21672600 0.98280000 -0.14239600
v -0.21912326 0.99690164 -0.17353044
v -0.27808200 1.02936100 -0.16781300
v -0.27910300 1.03117200 -0.17020400
v -0.29185250 1.04047550 -0.17182750
v -0.27457721 1.03887614 -0.19599598
v -0.29711600 1.04483000 -0.17334900
v -0.30031900 1.04989500 -0.17957300
v -0.31914110 1.06396675 -0.17765557
v -0.35878002 1.10638324 -0.18803110
v -0.40259756 1.15997959 -0.18177282
v -0.42452400 1.17008600 -0.14238100
v -0.42396600 1.16868000 -0.13933100
v -0.45751746 1.20833997 -0.09233141
v -0.47071042 1.22525056 -0.06059775
v -0.24799871 1.47182777 0.44068846
v -0.23240150 1.47281533 0.44887338
v -0.18321825 1.47905600 0.47021875
v -0.18206200 1.47456200 0.47080400
v 0.14387595 1.48615081 0.48294572
v 0.23352250 1.47050936 0.44890440
v 0.29494425 1.42747100 0.41475675
v 0.29722300 1.44101500 0.41209200
v 0.29773000 1.44034100 0.41175200
v 0.37177300 1.38528100 0.34675800
v 0.37142600 1.38196300 0.34707700
v 0.38322971 1.37860571 0.33385076
v 0.38762350 1.38458406 0.32965820
v 0.40938421 1.33382683 0.29438440
v 0.44069839 1.28058357 0.22239411
v 0.46191486 1.19801405 0.00736360
v 0.45037811 1.17678143 0.00782971
v 0.44260600 1.16584250 -0.03528675
v 0.32753013 1.05890506 -0.14876931
v 0.25873992 1.02234507 -0.17946322
v 0.24837265 0.99382785 -0.11539469
v 0.24458300 0.98589400 -0.11675300
v 0.23505590 0.98116367 -0.12843651
v 0.35587520 0.93726402 -0.09220337
v 0.40854203 0.90826010 -0.06745933
v 0.42210900 0.89310600 -0.06812000
v 0.42373200 0.89306300 -0.06552700
v 0.43037076 0.87570310 -0.07946377
v 0.47892662 0.84683237 -0.02701588
v 0.46400300 0.86505100 0.02474700
v 0.49684100 0.77845800 0.09287800
v 0.49908700 0.77574100 0.09332700
v 0.49881900 0.77140800 0.09594300
v 0.49822400 0.76975600 0.09945000
v 0.50378423 0.76378832 0.09699341
v 0.40001282 0.65378432 0.14995162
v 0.39083502 0.61794666 0.14721811
v 0.36370606 0.59871986 0.12953125
v 0.33252683 0.57137661 0.08630130
v 0.32818400 0.57102200 0.07995200
v 0.32818400 0.56173300 0.07638700
v 0.31786183 0.50689365 0.10790335
v 0.26237439 0.49442127 0.17271082
v -0.09496165 0.43037015 0.20416286
v -0.20436300 0.43555600 0.19923875
v -0.30883314 0.46993663 0.12807186
v -0.31587500 0.49993500 0.11194100
v -0.32625961 0.49174129 0.09278338
v -0.32560745 0.50438114 0.08988016
v -0.32891585 0.50557566 0.08129727
v -0.37116195 0.52549910 0.10385420
v -0.37252341 0.53912980 0.11607322
v -0.38477760 0.55642523 0.13160910
v -0.44273900 0.59888900 0.15521200
v -0.44583300 0.59269400 0.15429200
v -0.44583300 0.59888900 0.15524100
v -0.44892700 0.59888900 0.15519800
v -0.46654282 0.61335839 0.15522197
v -0.48047039 0.60987923 0.15276198
v -0.53032003 0.76477024 0.04351135
v -0.52419712 0.77727008 0.03840518
v -0.52721004 0.77627769 -0.02542363
v -0.48970719 0.79557096 -0.08702704
v -0.21672600 0.97969900 -0.14398200
v -0.21363200 0.98234300 -0.14551900
v -0.21612385 0.98700513 -0.14789832
v -0.21208800 0.98589400 -0.15170600
v -0.22795300 0.99751950 -0.16240050
v -0.27515104 1.02954999 -0.17352304
v -0.42292602 1.16842907 -0.14289929
v -0.41883511 1.18056387 -0.17301620
v -0.48283341 1.24665691 -0.01393265
v -0.48187695 1.25880515 0.07071226
v -0.41312584 1.32775483 0.28623659
v -0.40855994 1.36709483 0.30006434
v -0.18259900 1.47830100 0.47026000
v -0.18322900 1.47820000 0.47061500
v -0.18463807 1.48538580 0.46877230
v -0.13770050 1.49338365 0.48287710
v -0.10805340 1.49818431 0.48985106
v -0.08487246 1.50809682 0.49242057
v -0.04747069 1.52436050 0.49366003
v 0.15070113 1.50276548 0.47724375
v 0.25513724 1.46703456 0.43710026
v 0.27797254 1.45074508 0.42450141
v 0.29375900 1.44108000 0.41457000
v 0.29620100 1.44422500 0.41116500
v 0.29710700 1.44360900 0.41180200
v 0.29312821 1.45698305 0.41330108
v 0.31516832 1.43812878 0.39917711
v 0.34566626 1.42297639 0.37280273
v 0.36589656 1.39832615 0.35370834
v 0.45612700 1.20876300 0.10220300
v 0.46143708 1.19780877 -0.01670588
v 0.45221135 1.18452285 -0.04756216
v 0.43948400 1.16570900 -0.06521500
v 0.42278968 1.14183116 -0.07633102
v 0.31438800 1.04236300 -0.13319700
v 0.24003300 0.99632800 -0.13624750
v 0.24150400 0.99644400 -0.13341100
v 0.24162000 0.99499400 -0.13033900
v 0.24180800 0.98898800 -0.11765900
v 0.24325000 0.98589400 -0.11765200
v 0.45261938 0.85786819 -0.06834056
v 0.49900700 0.77536400 0.09287800
v 0.50149900 0.77168300 0.09287100
v 0.49839100 0.77239400 0.09621100
v 0.49923900 0.77240800 0.09571800
v 0.46216145 0.66855810 0.15114986
v 0.37771500 0.61746700 0.14089500
v 0.37480900 0.61730800 0.13873600
v 0.37515700 0.61806800 0.13848200
v 0.33061100 0.56173300 0.07740100
v 0.33127700 0.55864000 0.07583600
v 0.32818400 0.55864000 0.07546700
v 0.26933781 0.49699658 0.16734281
v 0.25331737 0.47893201 0.17891919
v -0.27432368 0.43349989 0.16758597
v -0.35274100 0.53004100 0.08695800
v -0.35950100 0.53078700 0.09594300
v -0.44273900 0.59578800 0.15476300
v -0.44626800 0.59646900 0.15498000
v -0.44606500 0.59586100 0.15384300
v -0.47524721 0.57703252 0.14914580
v -0.50176288 0.62003542 0.14463192
v -0.53986350 0.70260700 0.09133100
v -0.53108550 0.73595000 0.08056375
v -0.54450317 0.71739227 0.07241059
v -0.53330334 0.76943931 -0.00254356
v -0.40418281 0.83837419 -0.12755311
v -0.30391949 0.90937982 -0.14431106
v -0.28118496 0.90539836 -0.15830090
v -0.23515761 0.95601640 -0.15856219
v -0.24816122 0.96981389 -0.13659534
v -0.21053800 0.98280000 -0.14863400
v -0.21201600 0.98280000 -0.14707650
v -0.19908075 0.98440051 -0.16281065
v -0.31366569 1.06923006 -0.19686975
v -0.36611660 1.12073716 -0.19729749
v -0.39008292 1.14004105 -0.17923191
v -0.46544187 1.22917987 -0.09950673
v -0.47497817 1.22612296 -0.01097121
v -0.44488482 1.29765551 0.22179626
v -0.44293284 1.31834200 0.23537884
v -0.34563912 1.45597335 0.36962889
v -0.18232300 1.47771400 0.47027500
v -0.16350772 1.49916214 0.47408018
v 0.07231306 1.49683083 0.49663590
v 0.12817986 1.50451836 0.48365284
v 0.12996688 1.48428241 0.48740451
v 0.19519222 1.47953324 0.46539949
v 0.29722300 1.44753600 0.41137500
v 0.29750500 1.44455100 0.41186800
v 0.37967559 1.40261476 0.33924060
v 0.40722550 1.35972959 0.30303902
v 0.45816300 1.23651400 0.13901800
v 0.45754000 1.23357900 0.13622900
v 0.45805075 1.23814400 0.14082050
v 0.45755100 1.21018300 0.09913450
v 0.45825700 1.21492200 0.10531100
v 0.45804000 1.21413900 0.10189900
v 0.45854700 1.21179200 0.09946400
v 0.45696800 1.20891500 0.09879000
v 0.46396427 1.21436572 0.07389759
v 0.43931000 1.16874500 -0.07724300
v 0.42979752 1.15335819 -0.07857123
v 0.38651848 1.10604679 -0.11563981
v 0.36117754 1.07970446 -0.12001712
v 0.31480800 1.04472100 -0.13932400
v 0.30494313 1.04347009 -0.15655303
v 0.23856200 0.99621200 -0.13908400
v 0.23828700 0.99476300 -0.13633100
v 0.23826500 0.99532800 -0.13691800
v 0.24031600 0.99518300 -0.13312800
v 0.23867800 0.99379900 -0.13328100
v 0.23256437 0.98763481 -0.12826231
v 0.23940300 0.98898800 -0.12074600
v 0.24148900 0.98589400 -0.11881800
v 0.28926845 0.95151381 -0.12860416
v 0.49866655 0.78300367 0.08745924
v 0.50069500 0.76951000 0.09588500
v 0.37403400 0.61761200 0.13902500
v 0.37425100 0.61461900 0.13904700
v 0.37501925 0.61756475 0.13957225
v 0.33127700 0.56113900 0.07740100
v 0.32818400 0.55554600 0.07462600
v 0.10794621 0.44391801 0.21365501
v 0.03819098 0.42769516 0.20068501
v 0.03424842 0.42381849 0.19558827
v -0.09339337 0.41708791 0.19443681
v -0.11871240 0.43640366 0.20819047
v -0.14798854 0.42100761 0.20260871
v -0.17839025 0.45204787 0.20745562
v -0.21221331 0.41927663 0.19658694
v -0.23404994 0.42308114 0.18942134
v -0.24718504 0.43259314 0.18344593
v -0.33746700 0.53386700 0.06459800
v -0.33437300 0.53387400 0.06220700
v -0.33746700 0.53135300 0.06191700
v -0.33746700 0.53077300 0.06135900
v -0.34616626 0.51138409 0.05193508
v -0.35616100 0.52797600 0.08957400
v -0.35744863 0.52863700 0.09152837
v -0.35547300 0.52790400 0.08990000
v -0.35982000 0.53025800 0.09581200
v -0.35922600 0.52737500 0.09281300
v -0.44576100 0.59607800 0.15516900
v -0.44650700 0.59623000 0.15439300
v -0.45360703 0.60023288 0.15557737
v -0.53246247 0.63465710 0.12250820
v -0.54903110 0.64868718 0.10359996
v -0.53843054 0.67897564 0.10622079
v -0.54174400 0.70094400 0.08969000
v -0.51501759 0.77817976 -0.06272079
v -0.20743700 0.97969900 -0.15102500
v -0.20743700 0.98194500 -0.15170600
v -0.21053100 0.98486500 -0.15170600
v -0.20915400 0.98434700 -0.15271700
v -0.27192110 1.04530127 -0.21305724
v -0.47031096 1.22806901 -0.07150317
v -0.48575361 1.25503461 -0.01756450
v -0.47235350 1.27971196 0.14265699
v -0.41821896 1.33645365 0.28060020
v -0.39053400 1.41301000 0.32521700
v -0.33794519 1.47352007 0.37407996
v -0.06079117 1.50808741 0.49547688
v -0.02433815 1.52760119 0.49448104
v 0.00546296 1.51380270 0.49812458
v 0.03256912 1.54029967 0.49042970
v 0.05202822 1.50930134 0.49610094
v 0.26274663 1.47484387 0.43093451
v 0.28807454 1.45313279 0.41748563
v 0.39925023 1.38283242 0.31526797
v 0.44255552 1.27605710 0.21594815
v 0.45828600 1.24026700 0.14243100
v 0.45777200 1.23984700 0.14242400
v 0.45814200 1.23716600 0.13917000
v 0.46606251 1.23514704 0.10985602
v 0.45897500 1.21500100 0.10216700
v 0.45820700 1.21244400 0.09905100
v 0.45814900 1.21150200 0.09948600
v 0.45897500 1.21160300 0.09606600
v 0.46230940 1.21859946 0.09443181
v 0.46835128 1.21561063 0.04271303
v 0.46307666 1.20206015 0.03005187
v 0.44408580 1.17199333 -0.05792578
v 0.41222438 1.12956239 -0.08866165
v 0.32904414 1.05615370 -0.13853338
v 0.31579400 1.04550400 -0.13932400
v 0.32871023 1.06378098 -0.16035691
v 0.23520700 0.99515400 -0.14133800
v 0.23699000 0.99366850 -0.13475550
v 0.23648300 0.99480600 -0.13967900
v 0.23880800 0.99537800 -0.13614300
v 0.23530200 0.99353800 -0.13623000
v 0.26127519 0.95266529 -0.14510832
v 0.33753739 0.93098144 -0.11336153
v 0.36291237 0.92260914 -0.10122573
v 0.36991084 0.91485944 -0.10315164
v 0.39820715 0.89321123 -0.09740844
v 0.45845824 0.85683822 -0.06238564
v 0.46912650 0.85461742 -0.04196888
v 0.49729000 0.81306300 0.05248300
v 0.51507681 0.75842203 0.08708276
v 0.51021136 0.73521158 0.10785777
v 0.49784556 0.73073552 0.12053531
v 0.40818066 0.64694003 0.15243798
v 0.40784461 0.62651914 0.15257693
v 0.33198750 0.55753850 0.07585400
v 0.33420738 0.55059002 0.07334252
v 0.33437100 0.54199663 0.06737238
v 0.32818400 0.55244500 0.07404600
v 0.32322652 0.46623903 0.10936833
v 0.31625439 0.47077408 0.11949994
v 0.19629860 0.46172968 0.20442078
v 0.09107056 0.44030397 0.21228746
v 0.07142131 0.43545302 0.20897060
v -0.07704795 0.40892939 0.18513179
v -0.09817900 0.42555900 0.20086700
v -0.09597700 0.42860200 0.20303300
v -0.09888200 0.42526200 0.20111300
v -0.11669559 0.41534805 0.19796357
v -0.17973798 0.43639202 0.20421609
v -0.33166551 0.51058680 0.07185097
v -0.33437300 0.53077300 0.06062000
v -0.33437300 0.52767900 0.05962000
v -0.35894300 0.52765700 0.09249400
v -0.40849920 0.54671753 0.13687436
v -0.54599258 0.62787051 0.11049597
v -0.54490300 0.69177100 0.09086400
v -0.54456900 0.69403200 0.08991400
v -0.54253300 0.69798100 0.08978400
v -0.54446100 0.69761100 0.08653100
v -0.54213100 0.69654350 0.09170687
v -0.54456385 0.72983677 0.05899531
v -0.53557246 0.76411917 -0.01871523
v -0.50259229 0.76420565 -0.09725146
v -0.31850511 0.88915956 -0.14316273
v -0.26903574 0.91798476 -0.16085868
v -0.20743700 0.98280000 -0.15209800
v -0.21053100 0.98589400 -0.15372800
v -0.20124200 0.98280000 -0.15851000
v -0.17488124 0.98152595 -0.18042212
v -0.23954909 1.01323898 -0.18687892
v -0.30647000 1.05610400 -0.18264500
v -0.43141269 1.19336198 -0.15882294
v -0.48033597 1.25466878 -0.06996571
v -0.48347344 1.28266566 0.10422139
v -0.46680320 1.30513690 0.17855495
v -0.44583300 1.30168800 0.22141600
v -0.43281419 1.32815168 0.25669214
v -0.42325937 1.36719950 0.27914179
v -0.41928717 1.38197777 0.28698280
v -0.39320100 1.41306800 0.32207900
v -0.39235300 1.41630000 0.32133300
v -0.39039700 1.41622700 0.32531800
v -0.39171550 1.41921600 0.32361550
v -0.38022033 1.44147855 0.33541902
v -0.37520034 1.45903698 0.33933541
v -0.30350721 1.48280093 0.40194531
v 0.09932411 1.50965660 0.48933173
v 0.36848101 1.42106924 0.35101778
v 0.45821400 1.24221600 0.14560400
v 0.45827900 1.24006400 0.14265500
v 0.46675506 1.24706879 0.12354620
v 0.43892600 1.17332250 -0.09442225
v 0.36671678 1.09141795 -0.13784281
v 0.23114375 0.99618501 -0.15063122
v 0.23279350 0.99042730 -0.13211332
v 0.24178073 0.96470118 -0.14613983
v 0.41290513 0.87337437 -0.10079219
v 0.47663400 0.84816385 -0.03318776
v 0.46646888 0.86272075 -0.02247000
v 0.49833300 0.81260700 0.05032400
v 0.49789800 0.81257100 0.04852700
v 0.49939100 0.80960000 0.05260700
v 0.50287568 0.80781134 0.04795396
v 0.51013287 0.79055577 0.06149606
v 0.51087047 0.71684784 0.11751172
v 0.38436316 0.59850276 0.14171728
v 0.35324302 0.57471714 0.11369226
v 0.33784900 0.55596250 0.08346200
v 0.35187304 0.53610749 0.08987832
v 0.33127700 0.55244500 0.07214800
v 0.32818400 0.54935100 0.07371300
v 0.29719034 0.46695025 0.14325385
v 0.27610997 0.46813233 0.16326799
v 0.23482498 0.45285564 0.18961680
v 0.17955400 0.46325100 0.20959800
v 0.17617700 0.46270700 0.21052500
v 0.17647400 0.46575800 0.21145300
v 0.14844156 0.44435910 0.21013147
v -0.01559138 0.42733546 0.20029468
v -0.09909200 0.42575400 0.20096100
v -0.10178100 0.42470400 0.20104100
v -0.12352042 0.40033586 0.19403890
v -0.13079321 0.42818393 0.20409223
v -0.15293273 0.43469453 0.20621531
v -0.26387377 0.40549713 0.17673542
v -0.33589167 0.51044422 0.05747206
v -0.33437300 0.52458500 0.05935900
v -0.33575700 0.52767900 0.05882300
v -0.33746700 0.52458500 0.05521500
v -0.37999207 0.54792493 0.12458064
v -0.55537248 0.68566884 0.07729414
v -0.54626500 0.69486500 0.08669000
v -0.54531600 0.70114700 0.08377700
v -0.54551900 0.69609700 0.08841500
v -0.54549000 0.69856800 0.08672600
v -0.54494600 0.69791500 0.08703100
v -0.54493900 0.70200200 0.08390100
v -0.54197073 0.75369357 0.00817501
v -0.48561491 0.77998593 -0.10371168
v -0.24806733 0.90688587 -0.17997307
v -0.23120406 0.93462098 -0.17699232
v -0.20310000 0.98239400 -0.15635050
v -0.20124200 0.98219100 -0.15790100
v -0.19922000 0.97969900 -0.15790100
v -0.19814800 0.97969900 -0.15877100
v -0.20023100 0.97969900 -0.15708600
v -0.19837600 0.98280000 -0.16121250
v -0.20984559 0.99972845 -0.19036280
v -0.33923150 1.09113700 -0.19504250
v -0.32043206 1.07476331 -0.19622719
v -0.38045150 1.13388600 -0.18916650
v -0.48250536 1.26573918 0.08056973
v -0.47016621 1.28237950 0.15253148
v -0.44719500 1.30499200 0.22243000
v -0.44584700 1.30499200 0.22193700
v -0.44768100 1.30803500 0.22285800
v -0.39309200 1.41610400 0.32173900
v -0.39327300 1.41591600 0.32262300
v -0.39335300 1.41919800 0.32117400
v -0.37179062 1.46666912 0.34184403
v -0.27909658 1.48923984 0.41750132
v -0.12088620 1.50717243 0.48457563
v -0.09810114 1.52617090 0.48549655
v 0.17881319 1.51114574 0.46582524
v 0.18406451 1.50353085 0.46552583
v 0.24458300 1.48126400 0.44090800
v 0.24768400 1.47506900 0.44016900
v 0.24968400 1.47200500 0.43949500
v 0.31596000 1.45042000 0.39683300
v 0.31580800 1.45344150 0.39655750
v 0.41810927 1.32620813 0.28015711
v 0.46898695 1.22060560 0.05673823
v 0.46242575 1.20211372 -0.03552425
v 0.43145380 1.16720103 -0.11074310
v 0.40445184 1.12746378 -0.11383127
v 0.39441161 1.11858327 -0.12436913
v 0.37297493 1.09685247 -0.13663896
v 0.25343027 1.00613305 -0.14372822
v 0.23478000 0.99883500 -0.15182200
v 0.23102650 0.99732350 -0.15461900
v 0.23195400 0.99658800 -0.15142400
v 0.21718350 0.99536601 -0.16842606
v 0.22254645 0.97814665 -0.14026083
v 0.31353471 0.94678645 -0.11682971
v 0.40446240 0.87408237 -0.10705846
v 0.44565777 0.85246483 -0.08588748
v 0.45711050 0.86330475 -0.05342425
v 0.48612450 0.84136908 0.00616661
v 0.49877700 0.81321738 0.04809250
v 0.49880400 0.81428800 0.04588300
v 0.49861600 0.81295500 0.04974400
v 0.50134700 0.80936800 0.04945500
v 0.50155800 0.80833200 0.04953400
v 0.51758500 0.78409730 0.05313602
v 0.49786930 0.69479048 0.13279676
v 0.45512000 0.69795900 0.14756100
v 0.45217800 0.69808900 0.14792300
v 0.45280900 0.69463300 0.14852400
v 0.43062681 0.65049969 0.15513969
v 0.34076900 0.55357500 0.08630600
v 0.20181224 0.44038980 0.20002732
v 0.17798768 0.45265544 0.20760862
v 0.17642300 0.46270000 0.21050400
v 0.17326400 0.45972200 0.21053300
v 0.17625700 0.46221400 0.21098200
v -0.03590734 0.41593166 0.18426998
v -0.29195506 0.41045093 0.15727518
v -0.31779648 0.42857887 0.12761002
v -0.33332018 0.48374691 0.07895425
v -0.33746700 0.52148400 0.05283800
v -0.34056800 0.52148400 0.05480200
v -0.39025395 0.50328752 0.09976695
v -0.45186357 0.56979685 0.14985695
v -0.46488282 0.58067552 0.15082260
v -0.54855800 0.67783750 0.09287800
v -0.24250851 0.93409974 -0.16986385
v -0.20087200 0.97660500 -0.15790100
v -0.19814800 0.98244500 -0.16099500
v -0.19536500 0.97969900 -0.16099500
v -0.29155492 1.05449338 -0.20371976
v -0.34580700 1.09733200 -0.19502800
v -0.38084000 1.13429200 -0.18855000
v -0.38091900 1.13440800 -0.18893400
v -0.38360000 1.13785000 -0.18852100
v -0.48459823 1.25132389 0.00587348
v -0.48765726 1.26223762 0.02048274
v -0.46524719 1.28996143 0.17261386
v -0.44722046 1.30321171 0.21931857
v -0.44534000 1.30500000 0.22328500
v -0.44805700 1.30788300 0.21982200
v -0.44889100 1.31104200 0.21960400
v -0.43654400 1.32339600 0.24864500
v -0.43739900 1.32954100 0.25105800
v -0.43569250 1.33088300 0.25272050
v -0.39320100 1.41934300 0.32187700
v -0.39303400 1.42220500 0.32191300
v -0.39595675 1.43631408 0.31737150
v -0.32948494 1.49436754 0.37760474
v -0.25115319 1.48697646 0.43624446
v 0.21654538 1.50270345 0.45105517
v 0.23329925 1.50584525 0.44251839
v 0.24790200 1.47823600 0.43949500
v 0.24853200 1.47481600 0.43928500
v 0.31579400 1.45339800 0.39656500
v 0.31565600 1.45646300 0.39628200
v 0.34529718 1.44609446 0.37176955
v 0.36516340 1.44091405 0.35299167
v 0.41467480 1.36437835 0.29298291
v 0.42920526 1.30682780 0.25540641
v 0.46225645 1.26084430 0.15483289
v 0.46774409 1.24207863 0.11285209
v 0.46188520 1.20512852 -0.05418228
v 0.24330699 0.99926089 -0.14084212
v 0.23198300 0.99812500 -0.15435800
v 0.23227300 0.99835600 -0.15456800
v 0.23268600 0.99783500 -0.15463400
v 0.27748326 0.93780964 -0.14558841
v 0.31796700 0.94561500 -0.11454300
v 0.44149998 0.86800222 -0.07485075
v 0.45186000 0.85562400 -0.07435900
v 0.49157300 0.83080100 -0.02475500
v 0.50180400 0.80950600 0.04649800
v 0.46064920 0.70048775 0.14591137
v 0.45512328 0.69745560 0.14763255
v 0.45251200 0.69511100 0.14924200
v 0.45199000 0.69491600 0.14882900
v 0.36554805 0.58737411 0.12822435
v 0.35805931 0.55440319 0.10763813
v 0.33437100 0.54625700 0.07051100
v 0.32596745 0.56841112 0.07998978
v 0.28590740 0.46338062 0.15518676
v 0.20363652 0.46113052 0.20232046
v 0.16404558 0.42661631 0.20377269
v 0.05936948 0.42693693 0.20042731
v -0.05556353 0.40797728 0.17842240
v -0.07864202 0.36473060 0.16250288
v -0.19592496 0.40925381 0.19907765
v -0.32529425 0.48116000 0.09855275
v -0.32606459 0.47203640 0.10077399
v -0.33746700 0.52103500 0.05263500
v -0.34056800 0.51990400 0.05263500
v -0.41927879 0.54896255 0.14037615
v -0.49866513 0.59736006 0.14476303
v -0.55671400 0.62052012 0.09714756
v -0.54200709 0.75370941 -0.00229104
v -0.34445114 0.87202825 -0.13790361
v -0.32478523 0.87440850 -0.14384446
v -0.19505400 0.99439300 -0.19195600
v -0.19126725 0.99717518 -0.20296947
v -0.33390901 1.09385617 -0.20886457
v -0.34695900 1.10041100 -0.19833900
v -0.35582725 1.11438675 -0.20538225
v -0.38086800 1.13653800 -0.19250700
v -0.38021600 1.13384300 -0.18857900
v -0.38323100 1.13746600 -0.18957900
v -0.38399900 1.14053800 -0.19189100
v -0.42047441 1.18766878 -0.17942333
v -0.44540301 1.33689555 0.23745084
v -0.43662400 1.32903300 0.25008700
v -0.43668900 1.32936700 0.25069500
v -0.40568850 1.41107600 0.30673350
v -0.40579400 1.41211200 0.30695100
v -0.40541000 1.41642300 0.30682700
v -0.40847772 1.45361618 0.30036859
v -0.20294675 1.50559655 0.45694014
v -0.13943232 1.52452648 0.47555307
v -0.11459480 1.51882022 0.48360559
v 0.01247257 1.54148682 0.49074539
v 0.24674200 1.48126400 0.43964000
v 0.24739500 1.47785900 0.43911900
v 0.24797400 1.47791700 0.43937200
v 0.31265006 1.48578137 0.39423665
v 0.29622060 1.46871385 0.40946500
v 0.32657346 1.45883482 0.38682761
v 0.34476700 1.45523923 0.37125260
v 0.37373473 1.44959983 0.34242607
v 0.38320461 1.44588925 0.33244289
v 0.44516550 1.28319751 0.21535186
v 0.45583669 1.29133454 0.19735532
v 0.46367076 1.28378689 0.17262903
v 0.45422658 1.19395483 -0.06960992
v 0.44142553 1.17444714 -0.08403643
v 0.34284372 1.07488161 -0.15538255
v 0.23009900 0.99805900 -0.15781400
v 0.27900613 0.95062173 -0.13568113
v 0.31420190 0.93062284 -0.12774566
v 0.42317030 0.86386616 -0.09969197
v 0.45291460 0.84943410 -0.08014055
v 0.48604500 0.69178600 0.13901100
v 0.49055644 0.69188075 0.13679744
v 0.47104732 0.69062934 0.14515924
v 0.45297200 0.69291250 0.14871075
v 0.45507700 0.69107600 0.14861100
v 0.35177595 0.54329610 0.09458151
v 0.33437100 0.54316300 0.06823500
v 0.33127700 0.54315600 0.06836600
v 0.24897768 0.45657178 0.18246343
v -0.17325435 0.40775351 0.20071233
v -0.32195680 0.45956781 0.11201458
v -0.33746700 0.51839000 0.05120800
v -0.36786829 0.51164672 0.08882571
v -0.39829385 0.50816933 0.11112865
v -0.52450758 0.61112986 0.13036347
v -0.53375308 0.59457755 0.12211317
v -0.55663502 0.64898348 0.09221990
v -0.56147780 0.64270071 0.08688897
v -0.54875536 0.73324314 0.03768487
v -0.44640517 0.79035828 -0.12736065
v -0.37422438 0.84523326 -0.13618444
v -0.38152634 0.81617540 -0.14122407
v -0.20651051 1.01163554 -0.21969193
v -0.30427055 1.06642338 -0.20739357
v -0.38137231 1.15022594 -0.21058268
v -0.44893318 1.22769935 -0.15743563
v -0.46272504 1.22770430 -0.10877107
v -0.47047477 1.24914970 -0.11238331
v -0.48629998 1.26665633 -0.05657644
v -0.48866440 1.26944521 -0.04117679
v -0.48719680 1.25971525 0.00805272
v -0.43689200 1.33174300 0.25127500
v -0.43654400 1.33264900 0.25175300
v -0.43951166 1.35763848 0.25232868
v -0.40807600 1.41293800 0.30314700
v -0.40470700 1.41230000 0.30648700
v -0.40556200 1.41330800 0.30642200
v -0.40243445 1.42444985 0.31050280
v -0.32108070 1.47137245 0.38947751
v -0.18973501 1.50778627 0.46254956
v -0.16042084 1.51588379 0.47130486
v 0.12798251 1.52820003 0.47787123
v 0.24768400 1.48165600 0.43901000
v 0.24839600 1.47753325 0.43920000
v 0.40205875 1.43908505 0.31115710
v 0.42818130 1.32948113 0.26516915
v 0.47203208 1.23271455 0.07133118
v 0.47677709 1.23641878 0.04399967
v 0.47044073 1.21730588 0.01917170
v 0.44387737 1.18470831 -0.10183699
v 0.33253050 1.06512100 -0.15477850
v 0.33174100 1.06329200 -0.15167000
v 0.32472025 1.05560425 -0.14707275
v 0.24287252 1.00946402 -0.16958987
v 0.23824325 0.98512312 -0.12224100
v 0.30959100 0.93629000 -0.12690400
v 0.36327187 0.90084061 -0.11675742
v 0.43571250 0.85735225 -0.09205450
v 0.43601300 0.85898600 -0.08963300
v 0.43675200 0.85820400 -0.08954600
v 0.49531550 0.82787000 -0.01238700
v 0.49749054 0.81890718 0.03932794
v 0.48917500 0.69486500 0.13685200
v 0.48996400 0.69229300 0.13829400
v 0.45626481 0.65622128 0.15322189
v 0.40542200 0.62675600 0.15170500
v 0.40541500 0.62374900 0.15207500
v 0.35577602 0.55932826 0.11008094
v 0.34924212 0.55091950 0.09631138
v 0.35748772 0.51858855 0.08037044
v 0.32708118 0.51640021 0.08292346
v 0.32397224 0.51447775 0.09214392
v 0.12725935 0.42683280 0.20333005
v 0.10177143 0.42709334 0.20252204
v 0.05200203 0.41557921 0.18708197
v 0.02031262 0.41739958 0.18487340
v 0.00432244 0.40918859 0.16840759
v -0.02749103 0.40321341 0.16180610
v -0.20603093 0.41680441 0.19772738
v -0.27700900 0.41908100 0.16718200
v -0.31260145 0.42816636 0.13389776
v -0.33803200 0.51529600 0.04953400
v -0.36366515 0.50878215 0.08003252
v -0.43397769 0.55401437 0.14403432
v -0.55343100 0.66006225 0.09315500
v -0.55224648 0.70577978 0.06766180
v -0.54877828 0.73954166 0.01622795
v -0.53705997 0.75619668 -0.03461761
v -0.52354419 0.77386793 -0.04834669
v -0.31176305 0.86307754 -0.14957655
v -0.29194990 0.89728655 -0.15470169
v -0.22904850 1.02406165 -0.22207735
v -0.32661576 1.09166605 -0.21652837
v -0.45476616 1.22340878 -0.13217252
v -0.46125925 1.24655398 -0.14184603
v -0.48252074 1.28150797 0.10610076
v -0.43766736 1.33104023 0.24957302
v -0.41334531 1.41965657 0.29584253
v -0.30733561 1.49366258 0.39644124
v -0.30550153 1.49704545 0.39715026
v -0.26179164 1.47842669 0.43132986
v -0.01172068 1.56139968 0.48484479
v 0.04356416 1.53451457 0.49104564
v 0.10290301 1.53260077 0.48238722
v 0.26046150 1.51398025 0.42326225
v 0.31889500 1.46267900 0.39273200
v 0.32196700 1.46299100 0.39042800
v 0.32212600 1.46281700 0.38994200
v 0.35004330 1.46669292 0.36484987
v 0.40863657 1.43064589 0.30362400
v 0.44431182 1.31474128 0.23163337
v 0.44839600 1.29818100 0.21625000
v 0.45234360 1.30530371 0.21187685
v 0.37445380 1.10343797 -0.14727617
v 0.28641657 1.03361611 -0.16425086
v 0.23137108 1.00505889 -0.17608997
v 0.20106956 0.98280000 -0.15604213
v 0.21915800 0.98280000 -0.13932400
v 0.21981800 0.98169100 -0.13932400
v 0.30964900 0.93615200 -0.12670900
v 0.31321400 0.93268900 -0.12748400
v 0.31629300 0.93310200 -0.12480300
v 0.43375300 0.85895700 -0.09291500
v 0.43647700 0.85917500 -0.09006000
v 0.48759787 0.83687638 -0.02048950
v 0.49163800 0.69146700 0.13593100
v 0.49226900 0.69157600 0.13553300
v 0.50311817 0.67245532 0.13579599
v 0.49566501 0.65514860 0.14360526
v 0.40867500 0.62365500 0.15245200
v 0.40581300 0.62330700 0.15194400
v 0.40605300 0.62402400 0.15091600
v 0.40487200 0.61987300 0.15124200
v 0.38694003 0.57585380 0.13747356
v 0.26626200 0.45337500 0.17163100
v 0.18252693 0.43188530 0.20275492
v -0.02778100 0.40988600 0.17319600
v -0.02792600 0.41027800 0.17324700
v -0.03080900 0.40956000 0.17337700
v -0.12982536 0.38042903 0.19077668
v -0.18557535 0.40780750 0.20007744
v -0.28019400 0.40716200 0.16648300
v -0.27853100 0.41284300 0.16709500
v -0.27864700 0.41312500 0.16680500
v -0.33248330 0.41849364 0.11057449
v -0.33788700 0.51219500 0.04953400
v -0.34051000 0.51529600 0.04644000
v -0.33901750 0.52126475 0.05270075
v -0.35889247 0.50698042 0.07187779
v -0.55076100 0.71960200 0.05395750
v -0.55013400 0.71963100 0.05572900
v -0.54129736 0.75350007 -0.01917104
v -0.51552968 0.75932238 -0.08315527
v -0.48726495 0.75488935 -0.11775349
v -0.32072265 0.86844525 -0.14578009
v -0.26864119 0.90077394 -0.16796248
v -0.23687845 0.90902718 -0.18720758
v -0.19340737 0.94436037 -0.19583172
v -0.17310425 0.98826236 -0.19917159
v -0.25062762 1.02952169 -0.20796926
v -0.27173743 1.04854346 -0.21880905
v -0.42385025 1.20463291 -0.19156472
v -0.44183948 1.21207315 -0.15690457
v -0.47407157 1.25261886 -0.10019817
v -0.42247576 1.42686232 0.28337299
v -0.27565172 1.50711334 0.41579795
v 0.12991315 1.54203052 0.47342635
v 0.20091806 1.52837843 0.45194553
v 0.32229300 1.46304200 0.39046400
v 0.32022262 1.46404400 0.39154625
v 0.31790165 1.49562576 0.38814637
v 0.35463686 1.47218153 0.35965697
v 0.44869300 1.30147100 0.21647400
v 0.44880200 1.30218100 0.21656800
v 0.47054090 1.29736404 0.16269081
v 0.47980956 1.24061340 -0.01536283
v 0.34805500 1.08368800 -0.16411100
v 0.33789300 1.07247200 -0.16098100
v 0.27319962 1.03269753 -0.18370722
v 0.22592598 1.00572290 -0.18436981
v 0.21672400 0.98027100 -0.14241700
v 0.21672400 0.97969900 -0.14264200
v 0.30962000 0.93013900 -0.13065000
v 0.31091900 0.93403650 -0.12750925
v 0.31380100 0.93348600 -0.12704200
v 0.31296800 0.93301500 -0.12686800
v 0.38917306 0.86202637 -0.12332969
v 0.43400112 0.83790274 -0.10962245
v 0.49317034 0.82507821 -0.03710138
v 0.50087600 0.82150500 0.00001000
v 0.51660112 0.79547156 0.02828402
v 0.52873423 0.76577235 0.05262276
v 0.49537000 0.68867000 0.13549000
v 0.49338400 0.68872800 0.13559100
v 0.40568825 0.62290675 0.15179750
v 0.40867500 0.62056100 0.15235700
v 0.40595800 0.62056100 0.15170500
v 0.38532300 0.58672400 0.13902500
v 0.38701100 0.58298500 0.13960500
v 0.38669200 0.58050000 0.13890200
v 0.38538250 0.58500475 0.13902900
v 0.35605000 0.55244500 0.10526800
v 0.33706074 0.53582147 0.06501998
v 0.31191587 0.44736715 0.13061533
v 0.30105473 0.44414763 0.14348308
v 0.26377386 0.44060910 0.17443586
v 0.24790695 0.44497014 0.18349592
v 0.08583216 0.42922264 0.20307871
v -0.02504900 0.41048100 0.17349300
v -0.02866100 0.41045325 0.17440225
v -0.02782400 0.41032100 0.17426800
v -0.02177372 0.41919314 0.18856992
v -0.04296979 0.39592268 0.15851424
v -0.06004197 0.38643100 0.15857536
v -0.27864700 0.40739400 0.16753700
v -0.27903100 0.40971300 0.16713900
v -0.27864700 0.40964700 0.16771100
v -0.28174100 0.40693000 0.16542900
v -0.30525224 0.39474322 0.14883632
v -0.33654700 0.48742900 0.06811200
v -0.34301091 0.46802365 0.05798228
v -0.34056800 0.51219500 0.04301300
v -0.34109000 0.51219500 0.04334700
v -0.34770381 0.50401031 0.03670022
v -0.42197813 0.52276947 0.12717328
v -0.55138800 0.71673200 0.05585300
v -0.55107600 0.71721100 0.05557000
v -0.55101100 0.71881200 0.05340400
v -0.55017586 0.73055640 -0.03665610
v -0.45228524 0.79113966 -0.12338653
v -0.42734916 0.79695688 -0.13326892
v -0.38028429 0.84976344 -0.13326672
v -0.17755328 0.95850904 -0.19116434
v -0.20854188 0.97203740 -0.15847526
v -0.37085550 1.15180100 -0.23064800
v -0.45943897 1.30954097 0.19741257
v -0.42159890 1.44259268 0.28391537
v -0.36010898 1.49357568 0.34838218
v -0.34526572 1.50671359 0.36001962
v -0.25408174 1.52576712 0.42568128
v -0.23097939 1.49371247 0.44627657
v -0.19491099 1.49192598 0.46346511
v -0.22928391 1.52752096 0.43921597
v -0.07374968 1.53215095 0.48820670
v 0.24057141 1.50800013 0.43820817
v 0.24867064 1.50442613 0.43430920
v 0.27004660 1.50423445 0.42044005
v 0.41197768 1.40513519 0.29960348
v 0.44892500 1.30478900 0.21813300
v 0.44961587 1.30199775 0.21543725
v 0.44913500 1.30138400 0.21710400
v 0.47275498 1.22229991 -0.00087958
v 0.47406122 1.23033346 -0.04561004
v 0.46914801 1.23046032 -0.08172182
v 0.43362675 1.17478988 -0.11950762
v 0.43821600 1.17475200 -0.10216800
v 0.34056600 1.07636300 -0.16408900
v 0.29136461 1.04804871 -0.19016260
v 0.21373932 0.98576484 -0.14657832
v 0.21564400 0.98280000 -0.14241700
v 0.29280268 0.91255554 -0.14880521
v 0.31276500 0.92711000 -0.13037500
v 0.31052600 0.93058100 -0.13054900
v 0.52536281 0.75142816 0.07647414
v 0.41908382 0.61801110 0.15479899
v 0.41391766 0.60183859 0.15241125
v 0.38706900 0.58297800 0.13981500
v 0.38651800 0.58360800 0.13922100
v 0.38859100 0.58031100 0.13932200
v 0.39025700 0.57887650 0.13946400
v 0.38154536 0.56417318 0.13091294
v 0.33485980 0.51307940 0.06046611
v 0.33247187 0.49253725 0.07821338
v 0.32436212 0.46227450 0.10801413
v 0.32098900 0.45027400 0.11765100
v 0.21075414 0.44878823 0.19845367
v 0.04535009 0.40321680 0.16878629
v -0.21673300 0.41303800 0.19525900
v -0.27939094 0.40354244 0.16756197
v -0.27907400 0.41003900 0.16752300
v -0.28442444 0.38907829 0.16605328
v -0.33709000 0.48433500 0.06811200
v -0.33691275 0.48534425 0.06810650
v -0.33746700 0.48218400 0.06809000
v -0.34121650 0.50135550 0.03685450
v -0.34056800 0.50910100 0.04063700
v -0.34174900 0.50910100 0.04024500
v -0.34366200 0.51102800 0.04334700
v -0.37142700 0.50272500 0.08054600
v -0.37441300 0.50250000 0.08363200
v -0.37768800 0.50237700 0.08685700
v -0.39835523 0.50632598 0.10788293
v -0.44756350 0.52422031 0.13154930
v -0.55083169 0.60402820 0.10597192
v -0.55247400 0.71653700 0.05263500
v -0.55138800 0.71957300 0.05218600
v -0.55127200 0.71987000 0.05186700
v -0.55061200 0.72272500 0.04954900
v -0.53699380 0.73675895 -0.06600032
v -0.50701880 0.75749038 -0.09757513
v -0.35223988 1.11404003 -0.21111889
v -0.35898051 1.12567606 -0.21674849
v -0.43756329 1.23325485 -0.19155960
v -0.44299111 1.23344714 -0.17932794
v -0.45433663 1.25103968 -0.16746946
v -0.45980745 1.25911394 -0.16121690
v -0.49301680 1.28503277 0.03965174
v -0.46990647 1.32043504 0.17834386
v -0.46947584 1.33022018 0.18393564
v -0.42790350 1.36475737 0.27087825
v -0.42685700 1.36071900 0.27207000
v -0.42694400 1.36361000 0.27245400
v -0.42696500 1.36666700 0.27255500
v -0.27689307 1.52148032 0.41151318
v -0.25875577 1.51928587 0.42423640
v -0.04104789 1.54270368 0.48920668
v 0.05333352 1.54717127 0.48621449
v 0.05511551 1.54158445 0.48778891
v 0.15975423 1.55019319 0.46151862
v 0.37894616 1.46638724 0.33402082
v 0.44638010 1.30379583 0.22270447
v 0.48376685 1.25096788 0.00074638
v 0.35194600 1.08930400 -0.16765050
v 0.36026000 1.10810812 -0.18610250
v 0.24128512 0.94506083 -0.16384220
v 0.30045136 0.94180103 -0.12936917
v 0.45016122 0.82371169 -0.10422756
v 0.46185530 0.85592621 -0.05838433
v 0.50716025 0.81233389 -0.01459179
v 0.49765231 0.82555247 0.00986889
v 0.43612216 0.63980893 0.15574986
v 0.39040900 0.58036900 0.13966300
v 0.33520500 0.52767900 0.05882300
v 0.33437100 0.52767900 0.05954800
v 0.33462500 0.52147700 0.05883800
v 0.33604696 0.48450439 0.07242665
v 0.33309091 0.47729056 0.08348347
v 0.31532356 0.43048031 0.13007388
v 0.28714222 0.44755444 0.15657749
v 0.03109145 0.40234914 0.16112617
v -0.00413787 0.40459375 0.15783010
v -0.08634616 0.39659100 0.18007697
v -0.11064665 0.39094367 0.18727278
v -0.15232517 0.38773532 0.19703559
v -0.26531767 0.37919295 0.17865253
v -0.33676654 0.46500873 0.07991728
v -0.34151700 0.50600700 0.03715200
v -0.37463700 0.49983400 0.08025600
v -0.37454300 0.50192800 0.08360300
v -0.37794100 0.49984800 0.08398700
v -0.38136100 0.49971800 0.08669700
v -0.38402000 0.50054400 0.08997200
v -0.38715800 0.50016000 0.09274700
v -0.46247998 0.53673968 0.13720707
v -0.56725860 0.66139356 0.06822279
v -0.55380258 0.71315050 0.05369556
v -0.56250147 0.70128388 0.03945229
v -0.56356151 0.70547587 0.02344929
v -0.55402197 0.73001434 0.00343372
v -0.24496202 0.89979347 -0.18480217
v -0.18305425 0.97969900 -0.17111369
v -0.17376073 1.00151955 -0.22794441
v -0.26169156 1.05748452 -0.24472864
v -0.29951351 1.06577454 -0.21348783
v -0.38990778 1.16529429 -0.21392297
v -0.40565140 1.17113418 -0.19029943
v -0.46396689 1.25320406 -0.14166133
v -0.49723079 1.29608865 0.01754055
v -0.49339782 1.29596098 0.06731532
v -0.48455491 1.32061313 0.13404954
v -0.46551244 1.33036133 0.19334331
v -0.44424635 1.37678321 0.24722029
v -0.42719700 1.36353000 0.27117200
v -0.42631300 1.36719600 0.27312800
v -0.42695800 1.36681200 0.27291100
v -0.31847170 1.50338503 0.38460354
v -0.28996017 1.51564960 0.40410291
v -0.19983265 1.53007421 0.45184590
v 0.17896867 1.55114671 0.45387710
v 0.41864163 1.43547180 0.28937319
v 0.48211056 1.26773739 0.08598821
v 0.47077800 1.22327600 -0.04663700
v 0.47078500 1.22342800 -0.04949900
v 0.47102400 1.22486300 -0.05287600
v 0.47124150 1.22572675 -0.05274325
v 0.42181231 1.17700150 -0.15968963
v 0.38462040 1.11723812 -0.15163437
v 0.21052900 0.97969900 -0.14726500
v 0.21480400 0.97969900 -0.14408050
v 0.20195726 0.97543205 -0.15698725
v 0.34139928 0.90599774 -0.12629792
v 0.36289777 0.87591536 -0.12936369
v 0.44912825 0.84218594 -0.09091963
v 0.49742260 0.81054335 -0.05508274
v 0.50433126 0.81161494 -0.03371351
v 0.51144100 0.80635400 0.00922700
v 0.52725227 0.72351414 0.09566475
v 0.40678198 0.57878346 0.14615046
v 0.37340812 0.55277337 0.12002537
v 0.39676194 0.55950697 0.13591197
v 0.36710665 0.50119343 0.07228269
v 0.33648000 0.52458500 0.05572900
v 0.33455300 0.52458500 0.05882300
v 0.33579900 0.52148400 0.05572900
v 0.33332450 0.52844900 0.06192425
v 0.33667843 0.51845658 0.05341869
v 0.33156525 0.48815900 0.08290050
v 0.32196814 0.44683316 0.11726968
v 0.22058316 0.43169424 0.19453060
v 0.19590456 0.41554970 0.19920427
v 0.11662383 0.41298325 0.19640734
v -0.11085964 0.37393779 0.18267278
v -0.20580189 0.36764657 0.19739952
v -0.33664682 0.50937884 0.05479436
v -0.34106800 0.50291300 0.03715200
v -0.34346600 0.50600700 0.03405800
v -0.37771700 0.49752300 0.08049500
v -0.37517300 0.49948600 0.08032800
v -0.37813700 0.49917500 0.08453800
v -0.37789800 0.49949300 0.08369800
v -0.38096300 0.49776900 0.08348800
v -0.38076000 0.49962400 0.08658900
v -0.38069500 0.49945700 0.08709600
v -0.38395500 0.49987700 0.08970400
v -0.38046200 0.49838487 0.08430525
v -0.48437842 0.56877806 0.14435780
v -0.50930920 0.57988337 0.13625968
v -0.55766250 0.61903250 0.09623600
v -0.56869551 0.61934747 0.07771601
v -0.56950528 0.65637233 0.06316111
v -0.54513081 0.73479743 -0.04724536
v -0.49638145 0.75144616 -0.11154290
v -0.36199663 0.82619591 -0.14245483
v -0.33689638 0.84245360 -0.14467952
v -0.28497222 0.85938398 -0.16357245
v -0.20342490 0.93833033 -0.19384618
v -0.17937583 1.01683441 -0.25186455
v -0.31249901 1.09878181 -0.24714409
v -0.48566625 1.29177819 -0.10111674
v -0.48653739 1.26413047 -0.04629613
v -0.48841312 1.30350704 0.10479369
v -0.45900308 1.35565893 0.21518616
v -0.42722600 1.37042800 0.27204800
v -0.42853210 1.40104529 0.27499193
v -0.39893708 1.47171255 0.30828945
v -0.16833966 1.52120734 0.46751217
v 0.10002366 1.56591648 0.47270705
v 0.28018400 1.47158800 0.41969287
v 0.33424134 1.49117969 0.37430199
v 0.34110995 1.49818988 0.36656470
v 0.38386600 1.46898300 0.32799200
v 0.43687362 1.37282342 0.26053125
v 0.44468141 1.34845328 0.24310399
v 0.48282248 1.25355977 0.04597739
v 0.47032533 1.21713513 -0.01832781
v 0.47855300 1.23977400 -0.03295700
v 0.47006800 1.22455800 -0.05229600
v 0.47058200 1.22429000 -0.05241200
v 0.47158200 1.22738400 -0.05573000
v 0.47461307 1.24860888 -0.09117550
v 0.44123311 1.18488664 -0.11398137
v 0.41836033 1.16576963 -0.15061659
v 0.40639827 1.14080823 -0.13892929
v 0.20087586 1.00027644 -0.19916486
v 0.20311075 0.98124950 -0.15311350
v 0.42117196 0.85162936 -0.11038312
v 0.46695688 0.81623682 -0.09458567
v 0.46387978 0.84256788 -0.07259159
v 0.53442270 0.76204098 0.04174537
v 0.51573597 0.70561853 0.11748647
v 0.44469585 0.60735908 0.15653723
v 0.44210467 0.59947156 0.15542012
v 0.39319900 0.55864000 0.13453300
v 0.34056600 0.52148400 0.05344700
v 0.33746500 0.52458500 0.05482400
v 0.33746500 0.52148400 0.05276600
v 0.33728400 0.51839000 0.05270050
v 0.33493100 0.50402350 0.06506150
v 0.32806738 0.45534311 0.10431922
v 0.32013000 0.44870150 0.11935700
v 0.28146055 0.42430824 0.16383907
v -0.06676610 0.39088241 0.16680264
v -0.17782740 0.38283875 0.19877639
v -0.21756191 0.38720097 0.19541972
v -0.33665600 0.44752000 0.08984200
v -0.34366200 0.50392800 0.03095700
v -0.34675600 0.50413800 0.03405800
v -0.38318000 0.49800800 0.08626300
v -0.37876211 0.48716861 0.06623243
v -0.56957571 0.59295766 0.07558331
v -0.55114900 0.73279600 -0.02178500
v -0.47736356 0.74980757 -0.12663885
v -0.29736969 0.88128063 -0.15412030
v -0.27419753 0.89094811 -0.16717126
v -0.16705405 0.94718047 -0.20787728
v -0.17208255 0.97116537 -0.17990078
v -0.15790500 0.97959000 -0.19195600
v -0.15789800 0.98106800 -0.19505000
v -0.30659300 1.08202900 -0.22911200
v -0.30870200 1.08187000 -0.22601000
v -0.30955000 1.08491300 -0.22967700
v -0.34063574 1.12263839 -0.24165538
v -0.35017929 1.13214475 -0.23970529
v -0.35684575 1.11429750 -0.20354150
v -0.47643905 1.27895019 -0.12395008
v -0.47929505 1.26479989 -0.09407150
v -0.48416061 1.30262536 0.12208007
v -0.47324756 1.34309463 0.17920004
v -0.31208757 1.52498832 0.38422537
v 0.05210618 1.55978185 0.48216552
v 0.22051480 1.53131051 0.44173809
v 0.31286600 1.49032900 0.39357200
v 0.31123600 1.49198800 0.39419150
v 0.36852507 1.47144622 0.34450162
v 0.44237471 1.33318160 0.24231163
v 0.46777251 1.33099738 0.19020966
v 0.47265657 1.26990575 0.13029095
v 0.47705300 1.26171400 0.10237700
v 0.47679900 1.25975050 0.10060900
v 0.48496209 1.27368031 0.08029047
v 0.49055134 1.27039072 -0.00308949
v 0.47424402 1.23860590 -0.07110045
v 0.46767691 1.24511192 -0.11644034
v 0.40283510 1.14522265 -0.15736670
v 0.37251293 1.11714692 -0.17824474
v 0.35468450 1.09533025 -0.17390700
v 0.34478023 1.09222171 -0.18760461
v 0.32365765 1.06426871 -0.17096391
v 0.31450565 1.06362456 -0.18544279
v 0.26040644 0.92801555 -0.16157668
v 0.25642201 0.91627605 -0.16996091
v 0.31888000 0.91476300 -0.13323000
v 0.32162600 0.91132200 -0.13313600
v 0.33774219 0.89828880 -0.13150659
v 0.49447694 0.79907434 -0.07531102
v 0.51265265 0.80326718 -0.02093567
v 0.54363046 0.73273275 0.05971877
v 0.52859277 0.70638948 0.10436746
v 0.52635550 0.69499825 0.11146838
v 0.52633000 0.69795900 0.11028900
v 0.45152740 0.63796456 0.15547535
v 0.39629300 0.56173300 0.13700400
v 0.39008350 0.55390850 0.13107300
v 0.38725234 0.54692135 0.12643541
v 0.39769102 0.54278468 0.13024467
v 0.37484719 0.54367103 0.11679537
v 0.36529953 0.53546937 0.10427461
v 0.33746500 0.52100600 0.05263500
v 0.33798364 0.51113036 0.05049720
v 0.14721101 0.41442270 0.20107203
v 0.09842417 0.40137154 0.18672167
v 0.08074500 0.40703900 0.18596300
v 0.07495654 0.41906247 0.19429656
v 0.06112074 0.41040875 0.18348830
v -0.33165147 0.44522495 0.10111529
v -0.33814800 0.44253900 0.08909200
v -0.33719900 0.44504200 0.08983500
v -0.33726400 0.44444800 0.08985600
v -0.34366200 0.50138400 0.02786300
v -0.34366200 0.50291300 0.02929700
v -0.34676300 0.50297900 0.03094200
v -0.34520900 0.50661950 0.03689450
v -0.36468230 0.48946606 0.04520558
v -0.42888478 0.50239098 0.11355261
v -0.46558143 0.52044220 0.12709289
v -0.53162587 0.56629575 0.11792482
v -0.55272243 0.72969544 -0.02083302
v -0.55079300 0.73191200 -0.02498700
v -0.55197500 0.73197000 -0.02477700
v -0.54962000 0.73511500 -0.02477000
v -0.15659019 0.97196750 -0.18847469
v -0.16409300 0.97660500 -0.18370300
v -0.16099200 0.97660500 -0.18598500
v -0.15169292 0.97725688 -0.19327951
v -0.15789800 0.97969900 -0.19218800
v -0.15178449 0.98174332 -0.20160817
v -0.17375897 1.00532498 -0.23472974
v -0.20873903 1.02337004 -0.23984737
v -0.30399900 1.08087700 -0.23225600
v -0.30662200 1.08200700 -0.22939400
v -0.30647000 1.08196400 -0.22899600
v -0.36723069 1.15327479 -0.23841260
v -0.40990324 1.20259962 -0.21885345
v -0.44203600 1.36387800 0.24837700
v -0.44339100 1.36061350 0.24613400
v -0.41197884 1.47685959 0.29043885
v -0.37655738 1.49763282 0.32895137
v -0.12467700 1.54540450 0.47387750
v -0.11160636 1.55310343 0.47475369
v -0.06943240 1.55025332 0.48336313
v 0.05966398 1.58767628 0.47117758
v 0.07898381 1.55897108 0.47860699
v 0.28463431 1.53688932 0.40193537
v 0.30960600 1.49364700 0.39481100
v 0.31217100 1.49063300 0.39228300
v 0.31319200 1.49085800 0.39302900
v 0.31360875 1.48853725 0.39313225
v 0.36246384 1.49389851 0.34660721
v 0.43063251 1.38469433 0.27200025
v 0.45845973 1.33968203 0.21432977
v 0.47702400 1.26139500 0.10255800
v 0.47729200 1.26130100 0.10228300
v 0.47742900 1.26143100 0.09910900
v 0.41177984 1.16069614 -0.15985060
v 0.31618500 1.06680600 -0.18889800
v 0.31540200 1.06586400 -0.18858700
v 0.31462300 1.06615050 -0.19009400
v 0.28264525 1.05158117 -0.21033351
v 0.19902615 0.98590283 -0.16442197
v 0.17976724 0.98027993 -0.17459239
v 0.20124000 0.97864100 -0.15480000
v 0.21144854 0.96600851 -0.16320334
v 0.30560565 0.90936038 -0.14261925
v 0.31889500 0.91159000 -0.13469400
v 0.31833000 0.91455300 -0.13294700
v 0.32189825 0.91074600 -0.13345625
v 0.32224200 0.91100300 -0.13281000
v 0.32137300 0.91082900 -0.13351200
v 0.40368690 0.84447056 -0.12434140
v 0.43672810 0.83321680 -0.11005812
v 0.51637850 0.79877150 0.01230250
v 0.53945208 0.71926333 0.08086955
v 0.54164425 0.69564025 0.09283600
v 0.52585200 0.69535100 0.11169500
v 0.52632300 0.69489400 0.11202800
v 0.52633000 0.69177100 0.11260100
v 0.52912740 0.66844373 0.11868103
v 0.49071380 0.64289664 0.14679595
v 0.40500383 0.55855732 0.13910465
v 0.38156855 0.51096794 0.10030786
v 0.34574000 0.51529600 0.05263500
v 0.33915044 0.46300065 0.07528603
v 0.26391214 0.42043106 0.17605312
v 0.08107800 0.40709000 0.18577400
v 0.08141800 0.40687200 0.18632500
v -0.23856724 0.38182635 0.18983696
v -0.27979735 0.36200858 0.17242114
v -0.32353733 0.39800349 0.12934118
v -0.33705400 0.44441900 0.08978400
v -0.33882900 0.44408600 0.08669000
v -0.34366200 0.49671800 0.02502200
v -0.34366200 0.49981200 0.02540600
v -0.34675600 0.50093500 0.02476900
v -0.34675600 0.50206600 0.02786300
v -0.57200411 0.67370827 0.03817258
v -0.56116911 0.71211120 -0.01473522
v -0.55059800 0.73210000 -0.02522600
v -0.55064900 0.73202100 -0.02790700
v -0.51803094 0.72561580 -0.10439706
v -0.41478752 0.79790381 -0.13728930
v -0.30080319 0.85431188 -0.15303232
v -0.22359223 0.91189421 -0.19649525
v -0.16099200 0.97590200 -0.18576100
v -0.15919875 0.97428450 -0.18653825
v -0.26370320 1.06423201 -0.25258165
v -0.28578384 1.06858987 -0.23468232
v -0.30282200 1.08008900 -0.23144850
v -0.30374600 1.08185500 -0.23266200
v -0.29935361 1.07790746 -0.23234214
v -0.42086049 1.21231251 -0.20585332
v -0.41706197 1.22979822 -0.23011217
v -0.49533355 1.30000829 -0.05280766
v -0.49689242 1.29381738 -0.01081313
v -0.49310161 1.32469481 0.10362721
v -0.48156349 1.33412945 0.15243860
v -0.46318657 1.35387732 0.20615613
v -0.45038240 1.36408050 0.23429253
v -0.43805240 1.42880017 0.25945737
v -0.41761942 1.46370057 0.28634477
v -0.34803080 1.52129816 0.35278821
v -0.34013418 1.52841072 0.35855481
v -0.17114570 1.56180140 0.45392405
v -0.12146000 1.54932300 0.47404300
v -0.11996000 1.54913400 0.47422400
v 0.02659998 1.56181354 0.48381692
v 0.10032029 1.57051046 0.47078250
v 0.11531608 1.57487815 0.46578128
v 0.30605883 1.50028748 0.39589802
v 0.31270000 1.49362600 0.39247100
v 0.39507764 1.47556214 0.31373194
v 0.40576877 1.46251699 0.30349591
v 0.43470912 1.40228236 0.26693283
v 0.47914291 1.27462508 0.11087950
v 0.45927899 1.21465095 -0.09753342
v 0.43745045 1.19915407 -0.15044152
v 0.36364833 1.09872202 -0.16257246
v 0.31574300 1.06659600 -0.18886900
v 0.24103198 1.02914764 -0.21713759
v 0.20089550 0.97969900 -0.15452100
v 0.19814600 0.97718500 -0.15790100
v 0.20434100 0.97660500 -0.15397400
v 0.19851500 0.97660500 -0.15790100
v 0.21890331 0.94296245 -0.18026560
v 0.32198900 0.90848900 -0.13451200
v 0.45772050 0.82103713 -0.09979925
v 0.53680344 0.76092625 0.03134725
v 0.54684338 0.71983506 0.06555769
v 0.55067966 0.70803327 0.07081993
v 0.52750400 0.69180700 0.11112200
v 0.52661300 0.69514000 0.11197700
v 0.41738542 0.57377393 0.14775149
v 0.34824700 0.51219500 0.05263500
v 0.34635600 0.51249900 0.04989700
v 0.34655100 0.51234000 0.04930300
v 0.34274117 0.51788953 0.05219791
v 0.33883450 0.51374550 0.04798700
v 0.29934620 0.42018112 0.14971314
v 0.07743300 0.40519100 0.18236900
v 0.07978922 0.40676047 0.18541072
v 0.07735400 0.40386500 0.18252100
v 0.02719100 0.39554288 0.14733150
v -0.04276331 0.38418561 0.14270313
v -0.07906758 0.37677535 0.16626511
v -0.29780134 0.36366045 0.15983206
v -0.33988739 0.43778192 0.08811848
v -0.34353200 0.49618200 0.02497900
v -0.34408200 0.49981200 0.02476900
v -0.39328597 0.48780556 0.08200998
v -0.54756813 0.58066957 0.10642266
v -0.56182675 0.59129609 0.08892678
v -0.57012989 0.61465727 0.07404804
v -0.45762692 0.74028854 -0.13901977
v -0.16275877 0.97057143 -0.18602567
v -0.37009756 1.15713192 -0.23805794
v -0.44622370 1.24811846 -0.18504293
v -0.46637384 1.27443053 -0.15574416
v -0.48747683 1.35322904 0.14140695
v -0.44216300 1.36362050 0.24913750
v -0.43577576 1.39411327 0.26278727
v -0.37160463 1.51707128 0.32878795
v -0.19266306 1.55897963 0.44617622
v -0.12720697 1.56788337 0.46634278
v -0.12384400 1.54937400 0.47293400
v -0.12076100 1.55063100 0.47331450
v -0.12089500 1.54909100 0.47333200
v -0.11767800 1.55188800 0.47369500
v -0.01857900 1.57104500 0.48103500
v 0.26744848 1.52629702 0.41622587
v 0.38695341 1.49831953 0.31796233
v 0.39379896 1.48796564 0.31256559
v 0.48626050 1.26698793 0.05636104
v 0.49025454 1.27188892 -0.02411198
v 0.48454154 1.25540432 -0.03223714
v 0.43346663 1.18829166 -0.14466813
v 0.42807575 1.17413375 -0.13584012
v 0.41461700 1.15901400 -0.14793100
v 0.41496500 1.15906500 -0.14939500
v 0.41379100 1.15927500 -0.15170600
v 0.41457725 1.15967725 -0.15018825
v 0.40312182 1.16003287 -0.18061697
v 0.27340011 1.03818864 -0.19623563
v 0.24902188 1.03288832 -0.21558259
v 0.17637300 0.97970600 -0.17644300
v 0.19582550 0.97815200 -0.15940125
v 0.24835949 0.92530091 -0.17130402
v 0.37786276 0.85014864 -0.13267590
v 0.38286483 0.84304495 -0.13333351
v 0.46161964 0.80949752 -0.10489256
v 0.47764829 0.81991908 -0.07815435
v 0.53572635 0.76853328 0.00370145
v 0.54833200 0.71351375 0.06968625
v 0.54661850 0.70570100 0.07894800
v 0.53976750 0.67478400 0.10531500
v 0.51156900 0.64607825 0.13607650
v 0.38865806 0.53188585 0.11913551
v 0.34790300 0.51089450 0.04958150
v 0.34945000 0.50909400 0.04960000
v 0.34768200 0.51255700 0.04957100
v 0.34697200 0.51009400 0.04649100
v 0.33943281 0.50200638 0.04934617
v 0.33429069 0.42827092 0.10451043
v 0.28408368 0.40601310 0.16433453
v 0.24966959 0.42144380 0.18348440
v 0.15859986 0.39819251 0.19932394
v 0.09907600 0.39766300 0.18534700
v 0.08049800 0.40074200 0.18124600
v -0.06966400 0.37597350 0.15925900
v -0.06761000 0.37625200 0.15763900
v -0.06733500 0.37626700 0.15845800
v -0.05609860 0.37081252 0.14508808
v -0.25735751 0.36192005 0.18377771
v -0.25659281 0.34477050 0.18591202
v -0.31215706 0.37300876 0.14671788
v -0.34176246 0.39907443 0.10280775
v -0.34421300 0.49517100 0.02167500
v -0.34631400 0.49981200 0.02167500
v -0.34986400 0.49750100 0.02166000
v -0.34760375 0.50007850 0.02399175
v -0.34941447 0.49696699 0.01748463
v -0.37614450 0.47864500 0.03411125
v -0.48603514 0.54241303 0.13430961
v -0.50866729 0.57107914 0.13475085
v -0.53707227 0.56323937 0.11182495
v -0.56736113 0.64802265 0.07290012
v -0.55148726 0.71424434 -0.05764465
v -0.37986842 0.80353787 -0.14352945
v -0.22415245 0.87511799 -0.21073486
v -0.21021910 0.90862783 -0.20759300
v -0.30456983 1.09890112 -0.25715365
v -0.37137700 1.15931100 -0.23842900
v -0.37633620 1.16662712 -0.23845938
v -0.37767300 1.16852800 -0.23828500
v -0.45139238 1.29249104 -0.20567274
v -0.49012273 1.31241027 -0.10478107
v -0.49948710 1.30529827 -0.00015827
v -0.49751936 1.30451535 0.04635358
v -0.28983770 1.54055361 0.39657188
v -0.23565978 1.55485288 0.42707567
v -0.21701896 1.55052316 0.43849733
v -0.10092000 1.56290025 0.47356050
v -0.02712100 1.57405200 0.47941200
v -0.02167300 1.57370400 0.47989000
v -0.01920900 1.57374100 0.47969400
v -0.01879600 1.57429100 0.48025200
v -0.01259400 1.57460300 0.47989000
v -0.01778101 1.58880399 0.47447811
v 0.03252512 1.58663465 0.47416836
v 0.21342854 1.54110342 0.44193300
v 0.29806979 1.52938860 0.39412346
v 0.41807497 1.47796633 0.28309598
v 0.45843647 1.35270479 0.21790464
v 0.48267563 1.27703793 0.09675296
v 0.48870646 1.27094416 0.04357369
v 0.48662512 1.26393086 -0.03821955
v 0.46465706 1.24480734 -0.12960156
v 0.45779063 1.22901092 -0.13053773
v 0.41455200 1.15994900 -0.14846800
v 0.38310625 1.14140637 -0.19555518
v 0.31415158 1.06849234 -0.19588092
v 0.21821282 1.01004340 -0.20211015
v 0.17936712 0.99874062 -0.21551414
v 0.17747858 0.98549144 -0.18825464
v 0.29276067 0.89019338 -0.15452170
v 0.37252249 0.83080762 -0.13977170
v 0.42904298 0.82332887 -0.12070768
v 0.44890300 0.81548300 -0.11106500
v 0.47476217 0.79711299 -0.10172742
v 0.48960036 0.78174184 -0.09800093
v 0.51772173 0.78796111 -0.04078958
v 0.52933975 0.77566546 -0.02265837
v 0.51461899 0.80223362 0.00452436
v 0.51240800 0.80455538 0.01203737
v 0.54514024 0.69209225 0.08998093
v 0.51846500 0.65156900 0.13076200
v 0.46689912 0.61334396 0.15417208
v 0.40965491 0.52433635 0.12498039
v 0.37885396 0.50150821 0.08643253
v 0.30454650 0.40917825 0.14676925
v 0.18469221 0.40602993 0.19997971
v 0.10371350 0.39608700 0.18635400
v 0.10746819 0.38743930 0.18440153
v 0.09907600 0.39454700 0.18394800
v 0.10121000 0.38791750 0.18193050
v 0.09597500 0.39454700 0.18283300
v -0.06730600 0.37583900 0.15884200
v -0.15366291 0.38255715 0.19690140
v -0.19314484 0.34840344 0.19796058
v -0.23800850 0.35740275 0.19150038
v -0.34637708 0.44440355 0.06545383
v -0.34465018 0.47034852 0.04820890
v -0.34553060 0.47608544 0.03663907
v -0.36498303 0.48507155 0.02904212
v -0.41835502 0.47861470 0.08297835
v -0.43965200 0.50639100 0.11749900
v -0.54650675 0.55397988 0.09675625
v -0.57238620 0.60964096 0.06927890
v -0.57176635 0.68649445 0.01268117
v -0.56964033 0.69224492 0.00914832
v -0.55227380 0.70167698 -0.06921325
v -0.39297126 0.79103561 -0.14362690
v -0.27636283 0.85970634 -0.17020202
v -0.14958059 0.96668237 -0.19652663
v -0.15953725 0.97583150 -0.18624537
v -0.16380552 0.99097899 -0.21265977
v -0.15513800 0.99500900 -0.22778600
v -0.13365098 0.99804566 -0.24629610
v -0.29097694 1.08765431 -0.25611901
v -0.37139800 1.16189800 -0.24063200
v -0.37200700 1.16290500 -0.24155200
v -0.37364500 1.16546300 -0.24149400
v -0.39624407 1.19383866 -0.23449996
v -0.42667888 1.23914930 -0.21918694
v -0.45679286 1.29566619 -0.19480147
v -0.49211122 1.30202711 -0.07987813
v -0.49698418 1.30029917 -0.03652207
v -0.48905752 1.33140479 0.12529248
v -0.48496576 1.33695281 0.14234582
v -0.44091054 1.38682325 0.25364732
v -0.16247229 1.58170842 0.45001277
v -0.13337918 1.55508462 0.46903667
v -0.10210700 1.56206100 0.47353500
v -0.10274400 1.56168400 0.47373100
v -0.02133200 1.57369000 0.47954900
v -0.01846300 1.57437800 0.47941200
v -0.01801375 1.57327325 0.48012725
v 0.00663371 1.59525708 0.47207591
v 0.14229974 1.57942467 0.45654445
v 0.16534596 1.56186391 0.45526479
v 0.23080609 1.55078639 0.42995020
v 0.25995125 1.51679150 0.42343325
v 0.35167948 1.52021321 0.35032519
v 0.39916577 1.49753428 0.30375112
v 0.40717444 1.47857470 0.29793639
v 0.47086190 1.33422880 0.18307697
v 0.47946600 1.30789100 0.14280800
v 0.49118536 1.27306119 -0.01020777
v 0.48582541 1.27219225 -0.07347200
v 0.43043865 1.19502984 -0.16435833
v 0.42226800 1.17475200 -0.15480000
v 0.35470600 1.10504500 -0.19192300
v 0.35005062 1.11497902 -0.21732295
v 0.33616135 1.08446729 -0.18979771
v 0.31883911 1.07671137 -0.20386955
v 0.18224900 0.97969550 -0.17109350
v 0.18723925 0.97660500 -0.16590950
v 0.18728470 0.95960173 -0.18387804
v 0.44888150 0.81094050 -0.11365200
v 0.45376500 0.81599450 -0.10688500
v 0.53985584 0.76055638 0.01461950
v 0.54947659 0.72399512 0.05583250
v 0.55223635 0.72164614 0.05201876
v 0.55172361 0.68375938 0.08493047
v 0.50237250 0.63455250 0.14225150
v 0.43498800 0.56637400 0.14768750
v 0.39337359 0.49722532 0.09420297
v 0.34283400 0.50910100 0.04024500
v 0.34039950 0.50910100 0.04298450
v 0.34111000 0.50600700 0.04024500
v 0.32428295 0.43789332 0.11746728
v 0.30996275 0.41962925 0.13857700
v 0.27094134 0.39247699 0.17493287
v 0.23349182 0.40968276 0.19090124
v 0.10677500 0.39298250 0.18619100
v 0.09897500 0.39115600 0.18289100
v 0.09637300 0.39395300 0.18187600
v 0.09554000 0.39454700 0.18266600
v 0.09597500 0.39145400 0.18145600
v 0.07105700 0.39147500 0.17052900
v 0.08865850 0.39611225 0.18089075
v -0.01046063 0.39735302 0.14098234
v -0.16236874 0.37302057 0.19770001
v -0.33615186 0.38911060 0.11492435
v -0.34258570 0.43276431 0.08448382
v -0.34648700 0.47698625 0.02863375
v -0.34472456 0.49364049 0.01837356
v -0.34532038 0.49343019 0.01025450
v -0.43689860 0.48279545 0.09373456
v -0.43656600 0.50303600 0.11449200
v -0.43847850 0.50398813 0.11535950
v -0.44024700 0.50397100 0.11447000
v -0.43955800 0.50304400 0.11407100
v -0.44271000 0.50284800 0.11455000
v -0.50159500 0.54938700 0.13029400
v -0.50447200 0.55216900 0.13022200
v -0.55470625 0.58031300 0.09645350
v -0.56376184 0.56852461 0.07930115
v -0.13517859 0.96713998 -0.20258270
v -0.14242100 0.97351100 -0.19623800
v -0.13598034 0.97787677 -0.20484400
v -0.15176800 0.99395800 -0.22898100
v -0.15432856 0.99499288 -0.22741844
v -0.15180500 0.99498000 -0.22956800
v -0.19133896 1.03116289 -0.26596913
v -0.22498361 1.03202651 -0.24019723
v -0.25524902 1.06685723 -0.26526777
v -0.36841300 1.16237600 -0.24629100
v -0.37123200 1.16547000 -0.24450900
v -0.37197800 1.16239100 -0.24090000
v -0.37165900 1.16547700 -0.24461700
v -0.42294375 1.23763863 -0.22532011
v -0.47235139 1.29494630 -0.15387681
v -0.50393310 1.32671184 0.00013026
v -0.49647414 1.31478398 0.07513265
v -0.47263151 1.35815825 0.18499838
v -0.43549457 1.43010067 0.26298839
v -0.41379434 1.50790575 0.27798198
v -0.30928295 1.54442193 0.38016204
v -0.29780525 1.54732201 0.38808318
v -0.10894972 1.56585201 0.47118551
v -0.10224400 1.56209700 0.47382500
v -0.09894000 1.56355300 0.47341200
v -0.09891379 1.58165355 0.46746062
v -0.07520807 1.57467035 0.47433359
v -0.03661317 1.57008256 0.48039539
v 0.27663374 1.54373831 0.40511866
v 0.40669164 1.49196254 0.29518213
v 0.45354614 1.38603747 0.23249408
v 0.47972600 1.31415100 0.14547400
v 0.47977700 1.31436800 0.14440200
v 0.47866100 1.31099900 0.14647400
v 0.47996600 1.31089700 0.14256900
v 0.47966800 1.31139700 0.14240900
v 0.47979200 1.30736200 0.13874300
v 0.48460784 1.30861657 0.12361608
v 0.36431400 1.11736250 -0.19494850
v 0.22090302 1.02072861 -0.22107667
v 0.17369277 0.99615999 -0.21473943
v 0.18153541 0.97896599 -0.17117799
v 0.18872750 0.97660500 -0.16484162
v 0.27298980 0.90139932 -0.16419641
v 0.44963525 0.79953200 -0.11927825
v 0.50443966 0.79598750 -0.06102309
v 0.53473150 0.66850900 0.11308600
v 0.53633000 0.67203212 0.11010350
v 0.52265875 0.64694984 0.12883794
v 0.53467053 0.64978379 0.11834405
v 0.34829750 0.50114900 0.02638100
v 0.34234200 0.50600700 0.03715200
v 0.29878800 0.40075700 0.15356750
v 0.23866438 0.39741162 0.18964771
v 0.17316307 0.39678915 0.19963405
v 0.14013256 0.38878247 0.19450297
v 0.09815600 0.39182300 0.18291200
v 0.09965600 0.39108400 0.18302800
v 0.09474085 0.38689251 0.17892093
v 0.06767726 0.39572646 0.17281218
v 0.06885850 0.39275994 0.17004263
v 0.04953350 0.38657400 0.15170500
v 0.01208699 0.39491013 0.13695511
v -0.04228318 0.37832515 0.13588706
v -0.21904524 0.34904877 0.19611818
v -0.26028673 0.33674190 0.18504492
v -0.34857997 0.45129192 0.04997050
v -0.34450650 0.49517100 0.02012450
v -0.34830650 0.49678987 0.01083550
v -0.35969021 0.48574097 0.00376855
v -0.39852817 0.47133288 0.05542504
v -0.40005055 0.48126298 0.07665905
v -0.43963100 0.49968200 0.11168800
v -0.43913800 0.50328300 0.11365800
v -0.50466000 0.54935100 0.12875100
v -0.50456600 0.55233600 0.12908400
v -0.50447200 0.55218400 0.13018600
v -0.50594100 0.55384100 0.13006075
v -0.55381960 0.55380728 0.08781373
v -0.47645188 0.72528323 -0.13536977
v -0.34880700 0.80824675 -0.14458194
v -0.33251351 0.81812820 -0.14493381
v -0.14904400 0.99417600 -0.22929300
v -0.15205100 0.99567600 -0.22886500
v -0.14831200 0.99556700 -0.23258200
v -0.22356038 1.04720576 -0.26450382
v -0.37175906 1.17034059 -0.24948618
v -0.38836487 1.20145713 -0.25306112
v -0.44737126 1.26200094 -0.19309662
v -0.50420850 1.33354468 0.02317771
v -0.50205509 1.33375685 0.05440433
v -0.50202919 1.35118734 0.07483747
v -0.46263983 1.39274239 0.21342104
v -0.44195291 1.40246068 0.25333668
v -0.44044694 1.48822643 0.24312720
v -0.39406076 1.50591901 0.30527536
v -0.39415938 1.51262131 0.30320582
v -0.33197499 1.54041535 0.36175697
v -0.28104490 1.55602912 0.39792425
v -0.27273910 1.55423596 0.40424843
v 0.20556151 1.57018300 0.43538464
v 0.37746264 1.50813666 0.32565515
v 0.43621356 1.44908832 0.26154569
v 0.42482229 1.42524111 0.28067679
v 0.44265260 1.39095835 0.25326904
v 0.47977267 1.32148033 0.15064258
v 0.47966838 1.30858075 0.14125625
v 0.48063900 1.31407100 0.14241600
v 0.48019700 1.31121600 0.14244500
v 0.49088424 1.28358845 -0.05739724
v 0.48307266 1.26155763 -0.06879038
v 0.46701505 1.25599766 -0.13607335
v 0.39818242 1.15377390 -0.18226465
v 0.36592923 1.12262698 -0.20044835
v 0.26262394 1.04133606 -0.21597440
v 0.18346519 0.94583377 -0.19908917
v 0.46836633 0.78279955 -0.11566999
v 0.53860300 0.75612525 0.03561200
v 0.54543175 0.73305500 0.05341450
v 0.55619636 0.67390098 0.08385483
v 0.54049580 0.65901551 0.11058885
v 0.53041700 0.66082500 0.11930300
v 0.43932385 0.59438102 0.15429059
v 0.43997494 0.59016364 0.15383818
v 0.42107625 0.55857563 0.14322163
v 0.44151286 0.56175229 0.14724016
v 0.34000212 0.42218119 0.09608569
v 0.10025000 0.38749000 0.18118800
v 0.06103324 0.37560750 0.15204731
v -0.34558502 0.40127313 0.09402152
v -0.34675600 0.49721100 0.00928500
v -0.53133124 0.55216445 0.11279293
v -0.56478399 0.70022666 -0.02502937
v -0.45669717 0.72782999 -0.14245037
v -0.42968779 0.75622383 -0.14286165
v -0.28757293 0.82585803 -0.15602050
v -0.17777603 0.92452195 -0.21880207
v -0.13158550 0.97273575 -0.20213625
v -0.13543100 0.97351100 -0.20013625
v -0.10836260 0.98500929 -0.23379494
v -0.30194178 1.10488701 -0.26820570
v -0.36355100 1.15967400 -0.25058000
v -0.40166054 1.20681568 -0.23762648
v -0.44866638 1.27949546 -0.20235268
v -0.46303230 1.28904856 -0.17515289
v -0.49349156 1.32516157 -0.09865339
v -0.49805037 1.31764474 -0.05967086
v -0.50207318 1.31935701 -0.01577379
v -0.47497181 1.36942535 0.18114360
v -0.46596294 1.38075380 0.20500458
v -0.45714633 1.44816978 0.22302608
v -0.39728595 1.49979849 0.30318667
v -0.32249160 1.54379657 0.36891309
v -0.26980700 1.55550300 0.40560000
v 0.05176197 1.61317092 0.46103331
v 0.09823980 1.58665950 0.46470167
v 0.43468000 1.42243700 0.26625900
v 0.48520161 1.32611574 0.13612667
v 0.49313711 1.32248822 0.09866965
v 0.47838539 1.27074547 -0.10803992
v 0.41684329 1.19078728 -0.19378321
v 0.30422415 1.08373501 -0.23569387
v 0.18266900 0.97351100 -0.17093600
v 0.18640320 0.97352688 -0.16854604
v 0.21495384 0.92282000 -0.19588939
v 0.23305128 0.91860802 -0.18558522
v 0.33201581 0.86188539 -0.14313154
v 0.39271152 0.82555082 -0.13541774
v 0.54302336 0.75189397 0.02630004
v 0.54711278 0.73758202 0.04024276
v 0.47195363 0.59909881 0.15062069
v 0.46598554 0.58404356 0.15110376
v 0.37486272 0.48348748 0.05117687
v 0.36487288 0.48681390 0.03419607
v 0.33996480 0.46860483 0.06982807
v 0.34835512 0.42413868 0.07556624
v 0.25795776 0.38006007 0.18300538
v 0.20987692 0.41266804 0.19687716
v -0.02682520 0.38181226 0.12053775
v -0.08371317 0.35567449 0.16215100
v -0.17233878 0.34282379 0.19645333
v -0.22749600 0.38098400 0.19325900
v -0.32516818 0.36661734 0.13446960
v -0.34675600 0.49683400 0.00619100
v -0.34705300 0.49671800 0.00619100
v -0.34985700 0.49550800 0.00619100
v -0.58030194 0.59787791 0.04738738
v -0.52961400 0.71067500 -0.09926200
v -0.52633900 0.71313100 -0.10187800
v -0.49204365 0.71805370 -0.12914750
v -0.30091204 0.83740809 -0.14947243
v -0.30031900 0.84037900 -0.15045300
v -0.25678607 0.85691253 -0.18729419
v -0.21238552 0.86598762 -0.22395149
v -0.17964508 0.90527643 -0.22949570
v -0.14691938 0.94872002 -0.21716037
v -0.10597391 0.97630508 -0.21843066
v -0.14508199 1.00917404 -0.25915683
v -0.42332421 1.25617139 -0.23845562
v -0.43986289 1.27943062 -0.22262516
v -0.50010037 1.33459534 -0.06800936
v -0.50386393 1.32794407 -0.01342401
v -0.45196557 1.45128619 0.23112510
v -0.42196715 1.47869021 0.27549328
v -0.33340218 1.55676387 0.35410174
v -0.29783690 1.56809438 0.38001071
v -0.26828600 1.55804700 0.40478900
v -0.26653900 1.55861200 0.40663600
v -0.26327200 1.55868400 0.40873000
v -0.25866352 1.55764485 0.41232710
v -0.15289483 1.58845839 0.45032881
v -0.11060996 1.57937573 0.46583208
v 0.22231928 1.56661579 0.42880998
v 0.25996858 1.55085119 0.41333005
v 0.32240793 1.52959564 0.37415576
v 0.41655023 1.51113530 0.27550371
v 0.43584700 1.42524800 0.26312900
v 0.43587600 1.42509600 0.26254200
v 0.43716550 1.42538950 0.26159650
v 0.43667300 1.42249500 0.26316500
v 0.48609646 1.31858882 0.12628418
v 0.48864038 1.26809646 0.03496567
v 0.44382069 1.22361303 -0.16669293
v 0.36838950 1.12513000 -0.19968700
v 0.29236777 1.06995445 -0.22897105
v 0.14804663 0.98961558 -0.21979207
v 0.16638450 0.97505800 -0.18145150
v 0.16639649 0.97037057 -0.18318870
v 0.26993600 0.89607000 -0.16759600
v 0.27245000 0.89301200 -0.16657400
v 0.42445778 0.79461419 -0.13309888
v 0.55683435 0.72493202 0.02481755
v 0.56011395 0.68752034 0.06751376
v 0.51280050 0.64706975 0.13431069
v 0.44428400 0.57256900 0.14987900
v 0.42683814 0.54018410 0.13751096
v 0.40437317 0.51585032 0.11628736
v 0.34910443 0.50195139 0.03413014
v 0.34593813 0.48695270 0.01876746
v 0.33797250 0.41500542 0.10399478
v 0.32582860 0.40068931 0.12611157
v 0.06817350 0.38115215 0.16152418
v 0.03272222 0.38666628 0.13746472
v -0.00203438 0.38761138 0.10709440
v -0.21170409 0.33417703 0.19722943
v -0.34675600 0.49637800 0.00309700
v -0.34675600 0.49671800 0.00482100
v -0.34985700 0.49548300 0.00464400
v -0.37048919 0.47722935 0.00872463
v -0.45854045 0.49578847 0.10791789
v -0.51336998 0.54795031 0.12375067
v -0.57426849 0.65779823 0.04533905
v -0.53921500 0.70417600 -0.09011800
v -0.53815900 0.70415950 -0.09169050
v -0.53452128 0.70928691 -0.09362818
v -0.54098039 0.69480457 -0.09410104
v -0.52679600 0.71248700 -0.10240700
v -0.52352100 0.71342100 -0.10517500
v -0.52320900 0.71334100 -0.10544300
v -0.50808647 0.71832865 -0.11788455
v -0.41328517 0.75615548 -0.14588233
v -0.35561970 0.78899528 -0.14451419
v -0.31795705 0.83793338 -0.14705813
v -0.30055955 0.82713819 -0.14587838
v -0.27535062 0.84170785 -0.17105603
v -0.12075000 0.96731600 -0.20862800
v -0.12693700 0.97220000 -0.20433900
v -0.12539050 0.97351100 -0.20557750
v -0.11289785 0.99292209 -0.24660351
v -0.27994029 1.09751694 -0.28082896
v -0.43316517 1.26093766 -0.22407124
v -0.46075416 1.31411219 -0.19609027
v -0.47628498 1.31582577 -0.15626713
v -0.49692917 1.32297763 -0.07680437
v -0.50049420 1.33039561 -0.05751503
v -0.50033012 1.32408260 -0.05031816
v -0.48622111 1.36919431 0.14929763
v -0.48399584 1.37621856 0.15790355
v -0.42680600 1.48446000 0.26591800
v -0.42663246 1.50865013 0.25804252
v -0.37161329 1.53492510 0.32287894
v -0.33852399 1.53720358 0.35708738
v -0.26664800 1.56150300 0.40549100
v -0.26590900 1.56184300 0.40565800
v -0.26350300 1.55811900 0.40820100
v -0.26208300 1.56164100 0.40835300
v -0.24606558 1.56817306 0.41565993
v -0.21481721 1.57884211 0.42932394
v -0.19140348 1.57972108 0.43967617
v 0.02431568 1.61280631 0.46372225
v 0.23670847 1.57263862 0.41897025
v 0.25172175 1.53549025 0.42299137
v 0.40810873 1.51447814 0.28625082
v 0.43928196 1.41873480 0.25945705
v 0.46829281 1.35912154 0.19816986
v 0.49605874 1.31209988 0.06851791
v 0.49688795 1.29362178 -0.00674140
v 0.49531435 1.30006087 -0.05660550
v 0.48844219 1.28837254 -0.08386441
v 0.46022726 1.24466157 -0.14505672
v 0.44838568 1.22696670 -0.15749495
v 0.41583611 1.19181009 -0.19680351
v 0.19739095 1.01101000 -0.22430601
v 0.17486600 0.95788600 -0.19243400
v 0.26935600 0.89301200 -0.16869000
v 0.27175400 0.89393200 -0.16761800
v 0.27234100 0.88990300 -0.16600200
v 0.27557300 0.88970800 -0.16518300
v 0.33440894 0.87267199 -0.14065933
v 0.43099925 0.79332664 -0.13200460
v 0.51262608 0.78211684 -0.06448877
v 0.53667526 0.76323630 -0.02140597
v 0.54509144 0.65748773 0.10664165
v 0.51222349 0.62819871 0.13792521
v 0.40392371 0.48667079 0.08842689
v 0.34366000 0.49981200 0.02695000
v 0.32860258 0.38729590 0.12629530
v 0.29753100 0.36079750 0.16065750
v 0.24198707 0.38027770 0.18964532
v 0.05100427 0.37567641 0.14262032
v 0.03880688 0.38750462 0.14413775
v -0.01783492 0.39377559 0.13519720
v -0.13076636 0.34287375 0.18615134
v -0.24459200 0.34811000 0.18999100
v -0.26842127 0.30523545 0.18443680
v -0.32875569 0.33900260 0.13686311
v -0.33127276 0.36672980 0.12763685
v -0.34665580 0.47941355 0.01911884
v -0.39941700 0.46913400 0.04641200
v -0.40185900 0.46972800 0.05325100
v -0.45195600 0.48469800 0.09576200
v -0.45163700 0.48774800 0.09900800
v -0.47829650 0.52022674 0.12381347
v -0.54800400 0.55864000 0.09768900
v -0.57755937 0.58734310 0.05421409
v -0.58097477 0.61615098 0.04471397
v -0.57843751 0.64107143 0.04378799
v -0.57320464 0.68128108 -0.00090124
v -0.56974530 0.67694660 -0.04364687
v -0.55187075 0.68577534 -0.08165028
v -0.53157157 0.72530753 -0.08736320
v -0.53871500 0.70415400 -0.09088600
v -0.53735300 0.70415400 -0.09287900
v -0.52327400 0.71367500 -0.10516000
v -0.52205700 0.71031300 -0.10831900
v -0.29313094 0.81473408 -0.14657875
v -0.25179603 0.84512065 -0.19433649
v -0.15296473 0.92174071 -0.23394521
v -0.12606800 0.97041000 -0.20433900
v -0.15767674 1.01716155 -0.26540206
v -0.19036195 1.04054788 -0.27930940
v -0.33303027 1.13357381 -0.26520107
v -0.35620200 1.16032320 -0.26190304
v -0.37550918 1.20652419 -0.27665933
v -0.47560353 1.30724610 -0.15314350
v -0.50598333 1.34739542 -0.02251954
v -0.49142054 1.33934383 0.12146422
v -0.45250402 1.41411605 0.23357080
v -0.42788600 1.48745200 0.26316500
v -0.42754500 1.48740900 0.26504900
v -0.42595800 1.48745200 0.26625900
v -0.42707575 1.49129800 0.26312525
v -0.41942413 1.51674737 0.26629710
v -0.38031695 1.53977777 0.31081933
v -0.31417332 1.56608336 0.36740998
v -0.26626400 1.56485700 0.40434700
v -0.26479300 1.56530000 0.40615100
v -0.26584400 1.56156100 0.40569400
v -0.17872522 1.58375745 0.44290576
v -0.06074012 1.58898625 0.47065150
v -0.05914000 1.59013000 0.46956500
v 0.08915806 1.59732644 0.46225945
v 0.16135842 1.58349548 0.44863981
v 0.26525462 1.58165169 0.39698550
v 0.28790363 1.56159124 0.39050701
v 0.36350095 1.52219215 0.33703333
v 0.44549119 1.43392370 0.24837505
v 0.47410864 1.36190211 0.18471835
v 0.48295013 1.35836199 0.15859350
v 0.49696134 1.30216755 -0.04397603
v 0.31883386 1.09470090 -0.23322921
v 0.26028830 1.04381727 -0.22332257
v 0.24967450 1.04210388 -0.23075675
v 0.14998750 0.99782503 -0.23502582
v 0.14944932 0.97911105 -0.19633558
v 0.15954100 0.97660500 -0.18694550
v 0.17335900 0.96124400 -0.19001400
v 0.17338000 0.95941800 -0.19195600
v 0.17330100 0.95787500 -0.19301400
v 0.25504506 0.88949919 -0.18053363
v 0.27251500 0.88912100 -0.16700200
v 0.27400050 0.88816800 -0.16649800
v 0.27303000 0.88986000 -0.16753800
v 0.27516016 0.88456820 -0.16630690
v 0.27246203 0.88174544 -0.16877501
v 0.30034872 0.86345723 -0.15317810
v 0.34925654 0.83742233 -0.14211022
v 0.44350612 0.79915725 -0.12277825
v 0.44919494 0.78539298 -0.12648651
v 0.54469100 0.75075450 0.01548700
v 0.54448100 0.75057000 0.01850800
v 0.56264856 0.71070593 0.03380802
v 0.47292450 0.59651100 0.15116350
v 0.45043778 0.54358253 0.14078393
v 0.42455991 0.50111730 0.11188597
v 0.34821800 0.49981200 0.02476900
v 0.34675400 0.50084800 0.02476900
v 0.34479800 0.49981200 0.02476900
v 0.34235075 0.50213600 0.03483150
v 0.34384100 0.49671800 0.02476900
v 0.34487040 0.47889092 0.03995885
v 0.28210720 0.36431971 0.17140834
v 0.21115907 0.37907946 0.19713757
v 0.08271303 0.38048458 0.16983356
v 0.04238911 0.38263795 0.14106545
v -0.04127025 0.36551963 0.12266325
v -0.02089225 0.38087475 0.11155375
v -0.07028525 0.34896150 0.14879250
v -0.07982625 0.33957450 0.15492600
v -0.30063562 0.32248973 0.16417805
v -0.34450682 0.39424225 0.09961497
v -0.35152632 0.45105770 0.03423615
v -0.34595550 0.47968700 0.02786300
v -0.39479100 0.46758263 0.03134087
v -0.37879009 0.47785725 0.03486031
v -0.40558300 0.46689500 0.04644000
v -0.40249000 0.46796000 0.04644000
v -0.40007700 0.46875700 0.04641200
v -0.40264200 0.46923600 0.04978100
v -0.40292400 0.46838100 0.04979500
v -0.40559100 0.46875700 0.05265700
v -0.45264400 0.48806700 0.09898600
v -0.45147000 0.48721900 0.09940600
v -0.45532500 0.48848000 0.09927600
v -0.45675600 0.48812500 0.09905850
v -0.45818700 0.48777000 0.09884100
v -0.46501902 0.48384884 0.09370428
v -0.48215620 0.51032777 0.11499609
v -0.54563650 0.54392725 0.09209550
v -0.36881515 0.80340987 -0.14435123
v -0.32236789 0.79555714 -0.13962686
v -0.25734377 0.83694980 -0.19024977
v -0.12601900 0.97351100 -0.20521375
v -0.14693925 1.02348329 -0.28082792
v -0.43897588 1.28867753 -0.22999100
v -0.49385784 1.34323971 -0.10884381
v -0.50747154 1.35431617 0.01339869
v -0.49861652 1.34383883 0.08942179
v -0.45887867 1.39961883 0.22153066
v -0.45640605 1.44786935 0.22363013
v -0.42722600 1.49026400 0.26307800
v -0.42715400 1.49041600 0.26275900
v -0.42668300 1.49325600 0.26312900
v -0.27935978 1.57383138 0.39142800
v -0.26784725 1.55913900 0.40534275
v -0.26318500 1.56780600 0.40512900
v -0.25115525 1.58636316 0.40502280
v -0.23772281 1.58196759 0.41481032
v -0.14381945 1.61014683 0.44371945
v -0.06215400 1.58989800 0.47036200
v -0.05818300 1.58928300 0.47049900
v -0.05908900 1.58960100 0.47070200
v -0.05574200 1.59050700 0.47060100
v -0.04287300 1.59561500 0.46978900
v 0.18922209 1.57629419 0.44028410
v 0.30694556 1.56485272 0.37524839
v 0.41462740 1.50855895 0.27892844
v 0.44585809 1.47922021 0.23853760
v 0.44797600 1.41513300 0.24421000
v 0.46546962 1.36327209 0.20551737
v 0.49758055 1.32573151 0.07770667
v 0.41185600 1.17799100 -0.18671700
v 0.33936139 1.11160979 -0.22915167
v 0.25040900 1.04230100 -0.22890900
v 0.25017000 1.04180900 -0.22935100
v 0.16204697 1.00210949 -0.23455507
v 0.16249474 0.97550859 -0.18436585
v 0.15789600 0.97351100 -0.18647100
v 0.15215239 0.95957722 -0.20260322
v 0.17014100 0.96112800 -0.19187600
v 0.17028600 0.96186700 -0.19168800
v 0.17009800 0.95786000 -0.19527400
v 0.16977900 0.95708500 -0.19504300
v 0.17027900 0.95489000 -0.19815100
v 0.20592222 0.92365220 -0.20150873
v 0.21915088 0.90579956 -0.20174897
v 0.27242800 0.88662800 -0.16781300
v 0.38969842 0.80763815 -0.14040155
v 0.53213295 0.74873695 -0.06575742
v 0.54469100 0.75064900 0.01518300
v 0.54464000 0.75063500 0.01595100
v 0.54648800 0.74749700 0.01548000
v 0.55218532 0.73717290 0.01129825
v 0.53430688 0.62995025 0.12168539
v 0.52800449 0.61058998 0.12780213
v 0.51426526 0.61320164 0.13722436
v 0.51183432 0.59871308 0.13845385
v 0.44957423 0.51866695 0.12761837
v 0.34675400 0.49981200 0.02124700
v 0.34675400 0.49992100 0.02167500
v 0.34654400 0.49981200 0.02167500
v 0.34700539 0.45933755 0.05214051
v 0.34441653 0.38716318 0.10226740
v 0.16157828 0.37717083 0.19663318
v -0.00805925 0.38721712 0.10825787
v -0.03405500 0.37149900 0.11765100
v -0.06257557 0.34311034 0.13929008
v -0.20157060 0.32306143 0.19731277
v -0.23465774 0.34400654 0.19315815
v -0.26781194 0.28970373 0.18678711
v -0.34420180 0.50078205 -0.02302830
v -0.34675600 0.49645700 -0.00619200
v -0.40249000 0.46636600 0.04024500
v -0.40223600 0.46832300 0.04957100
v -0.40542400 0.46895300 0.05213600
v -0.40860500 0.46883700 0.05592500
v -0.45512200 0.48742900 0.09876900
v -0.50164441 0.50123545 0.09825864
v -0.50716903 0.53087230 0.11837767
v -0.54313005 0.69508196 -0.09034784
v -0.37499528 0.77463544 -0.14553091
v -0.30031900 0.81854138 -0.14320337
v -0.24612257 0.87631614 -0.19180034
v -0.12075000 0.97235900 -0.20743300
v -0.11938000 0.97041000 -0.20743300
v -0.09641130 0.99523886 -0.25800411
v -0.20900792 1.05389721 -0.28514484
v -0.47499831 1.31517790 -0.15954898
v -0.50325598 1.33760621 -0.04236136
v -0.47812602 1.39210396 0.17657222
v -0.42716800 1.49140800 0.26321600
v -0.41129502 1.52596515 0.27446118
v -0.36625872 1.55850754 0.31946482
v -0.33561578 1.57744572 0.34243899
v -0.11788479 1.60469316 0.45328113
v -0.08110399 1.58798627 0.46819107
v -0.08061518 1.61623613 0.45612086
v -0.03831950 1.60277700 0.46711587
v -0.03983000 1.59891200 0.46912300
v -0.03715700 1.59891200 0.46886200
v 0.32152806 1.55357091 0.36669967
v 0.43075167 1.47520278 0.26431990
v 0.44742569 1.44784902 0.24271774
v 0.49546413 1.29694986 0.04401275
v 0.47279124 1.27046390 -0.12953094
v 0.40825150 1.17939650 -0.19660050
v 0.37710904 1.15016518 -0.21972110
v 0.36599600 1.14439069 -0.23049131
v 0.36182627 1.13960993 -0.23209881
v 0.25061200 1.04207700 -0.22880700
v 0.24786600 1.04131600 -0.23170600
v 0.24769200 1.04157700 -0.23219800
v 0.19844578 1.01675590 -0.23435700
v 0.17022100 0.95820100 -0.19505000
v 0.17183500 0.95495300 -0.19729400
v 0.17030100 0.95505600 -0.19817300
v 0.17110540 0.95058127 -0.20188957
v 0.30323787 0.88473254 -0.15031503
v 0.43000950 0.80180387 -0.12975925
v 0.50061319 0.76001502 -0.10182369
v 0.54490100 0.75093900 0.01246600
v 0.54569800 0.75122200 0.01498000
v 0.49906939 0.60717785 0.14473892
v 0.44760883 0.52995270 0.13382604
v 0.25418611 0.36443018 0.18580633
v 0.16277994 0.35159300 0.19495237
v 0.13571248 0.36209060 0.18919784
v 0.01265346 0.38531836 0.10927535
v 0.01239600 0.38875100 0.12067900
v -0.00077625 0.38688875 0.10526450
v -0.01702850 0.38263200 0.10836200
v -0.02688713 0.37578763 0.11161450
v -0.03096200 0.37316500 0.11455000
v -0.03099800 0.37286800 0.11421600
v -0.03938893 0.36115426 0.11573202
v -0.05560050 0.35748600 0.13618900
v -0.04833039 0.35638906 0.12669997
v -0.04875765 0.35097113 0.12516499
v -0.10216071 0.34069382 0.17150765
v -0.28886397 0.32684895 0.17167333
v -0.31243627 0.34350758 0.15122422
v -0.34279646 0.35273806 0.11594816
v -0.35156449 0.36266941 0.09784192
v -0.35579138 0.43884887 0.02327975
v -0.34675600 0.49671800 -0.00714100
v -0.34775600 0.49671800 -0.00928600
v -0.39330246 0.46695004 0.02556875
v -0.41332325 0.46685725 0.05418025
v -0.53970863 0.54211193 0.09849818
v -0.57183441 0.56235720 0.05884374
v -0.57838085 0.66363230 0.01057474
v -0.57084425 0.68759742 -0.00961293
v -0.57482834 0.66305842 -0.03899771
v -0.52981441 0.69193937 -0.10958193
v -0.52054449 0.69655074 -0.11654296
v -0.38294195 0.75458343 -0.14656002
v -0.26371608 0.82185010 -0.18602750
v -0.17931101 0.89071696 -0.23631028
v -0.15444976 0.89926086 -0.24577884
v -0.13287941 0.92055998 -0.24408211
v -0.11300800 0.97041000 -0.21027300
v -0.09672045 0.97383807 -0.21956300
v -0.24250900 1.07134625 -0.28177000
v -0.28394854 1.12798469 -0.31048362
v -0.33254121 1.16607230 -0.29731053
v -0.36165465 1.17861993 -0.27184344
v -0.37999484 1.19075703 -0.25712052
v -0.42786220 1.27667436 -0.24319893
v -0.44396532 1.29956244 -0.22536647
v -0.49524485 1.40796032 0.12465885
v -0.43672808 1.49652993 0.24623564
v -0.40185261 1.54286876 0.28056839
v -0.26875496 1.58618487 0.39319196
v -0.03663500 1.60177400 0.46752900
v -0.03707700 1.60211500 0.46749200
v -0.03425800 1.60285400 0.46749200
v -0.02840336 1.63029917 0.45569437
v 0.08270299 1.61036973 0.45759370
v 0.18578072 1.59793810 0.43260015
v 0.20655975 1.58189925 0.43012850
v 0.36402802 1.53683621 0.33105962
v 0.37542081 1.53575877 0.31919046
v 0.39844990 1.52039201 0.29641808
v 0.44505787 1.45833494 0.24485815
v 0.45718262 1.41571144 0.22708551
v 0.49435999 1.36092016 0.12057405
v 0.49628571 1.29297675 -0.02213610
v 0.49996479 1.31356828 -0.03757454
v 0.46434140 1.26458346 -0.15323532
v 0.41180664 1.19586596 -0.20937539
v 0.40217250 1.17475900 -0.20280650
v 0.28381986 1.07356665 -0.24481204
v 0.27090349 1.06159416 -0.24059715
v 0.15170900 0.99406000 -0.22601000
v 0.15439650 0.97351100 -0.18860500
v 0.15480200 0.97214200 -0.18886200
v 0.15480200 0.97041000 -0.18966600
v 0.33983603 0.81720530 -0.14458535
v 0.41951100 0.80013000 -0.13398700
v 0.44389056 0.75295374 -0.14061379
v 0.50672202 0.77390495 -0.08369283
v 0.56707219 0.68288420 0.05353575
v 0.56641164 0.67116893 0.06550078
v 0.55701601 0.61357963 0.09903064
v 0.37984359 0.47570893 0.03777168
v 0.37054969 0.47918312 0.01913802
v 0.34984100 0.49663900 0.01561000
v 0.34675400 0.49823300 0.01548000
v 0.35171038 0.45408910 0.03233479
v 0.35719839 0.42803382 0.03807125
v 0.34271667 0.36874227 0.11145127
v 0.31652238 0.37692753 0.14200771
v 0.30634518 0.38852458 0.14972903
v 0.23257869 0.36729756 0.19304923
v 0.12698125 0.37990575 0.18947350
v 0.06716134 0.34669061 0.14374777
v 0.05806628 0.35319144 0.13717693
v 0.00690400 0.38812400 0.11300300
v -0.01080981 0.38417103 0.10060627
v -0.02786800 0.37597000 0.11329600
v -0.02759200 0.37506400 0.11267300
v -0.02946900 0.37287600 0.11145600
v -0.03062800 0.37031100 0.11166600
v -0.16638919 0.31141769 0.19459271
v -0.35358957 0.40204960 0.07351392
v -0.35355240 0.42764472 0.05419376
v -0.38672300 0.46947500 0.01233500
v -0.38778100 0.46849700 0.01209600
v -0.39010700 0.46754700 0.01548000
v -0.41231905 0.46032792 0.02992906
v -0.44292675 0.46456525 0.05843375
v -0.58488737 0.59508614 0.02292727
v -0.51104698 0.69145051 -0.12615402
v -0.29921700 0.81561400 -0.14241700
v -0.27464961 0.81978119 -0.17279452
v -0.23556354 0.81775664 -0.21749673
v -0.11938841 0.95407540 -0.22388051
v -0.11455500 0.96830100 -0.21053400
v -0.11145750 0.96731600 -0.21214950
v -0.19742096 1.04961646 -0.28700599
v -0.24024468 1.07697904 -0.29132581
v -0.24488560 1.07586481 -0.28683288
v -0.30438469 1.10812663 -0.26941628
v -0.33106980 1.15053453 -0.28480297
v -0.35679172 1.19634906 -0.29304356
v -0.41487033 1.23984173 -0.24159206
v -0.49993369 1.37345744 0.09788783
v -0.49146630 1.38365250 0.13541355
v -0.48670358 1.41767173 0.15214979
v -0.46073613 1.41075378 0.21763339
v -0.43152299 1.52304547 0.24426266
v -0.38061883 1.55373537 0.30442057
v -0.32504718 1.59122228 0.34623273
v -0.03732300 1.60214400 0.46669500
v -0.05329497 1.59215691 0.47028707
v 0.20727500 1.58013100 0.43055400
v 0.41618697 1.51866261 0.27271391
v 0.48777727 1.35334493 0.14266664
v 0.49651253 1.34949394 0.10290328
v 0.49822186 1.30053601 0.01867607
v 0.50396268 1.33998799 -0.04262342
v 0.49225721 1.29943552 -0.07514877
v 0.44207039 1.23646739 -0.18345143
v 0.41172025 1.18684073 -0.19898030
v 0.37981613 1.16252213 -0.22867338
v 0.18153481 1.01324570 -0.24186373
v 0.14862200 0.99516800 -0.23003200
v 0.14803500 0.99532800 -0.22946700
v 0.14725963 0.99543900 -0.23128800
v 0.16099000 0.97041000 -0.18629700
v 0.17998193 0.92830942 -0.21467561
v 0.17674771 0.91845508 -0.22336314
v 0.29100600 0.86515200 -0.15790100
v 0.41487100 0.79393500 -0.13723700
v 0.44316744 0.77162676 -0.13417943
v 0.46213846 0.75993579 -0.12980389
v 0.55548838 0.63353094 0.09874685
v 0.46344338 0.56948431 0.14821564
v 0.43919529 0.55637546 0.14625870
v 0.45551663 0.54967787 0.14262200
v 0.45498200 0.54917000 0.14211200
v 0.34675400 0.49755200 0.01238600
v 0.34808663 0.39728027 0.09063496
v 0.28407200 0.36394900 0.16996400
v 0.29204100 0.37854719 0.16217213
v 0.22437689 0.37246283 0.19507848
v 0.19280302 0.37483509 0.19844025
v 0.08693643 0.37379912 0.16897163
v 0.10731057 0.34374903 0.17417490
v 0.07865310 0.34959546 0.15576985
v -0.00348525 0.38652550 0.10487862
v -0.02375354 0.37837419 0.11009526
v -0.02715000 0.37274500 0.10871000
v -0.02844000 0.37294100 0.10842000
v -0.02840400 0.37223100 0.10899200
v -0.03071500 0.36973100 0.10945600
v -0.07232577 0.33509952 0.14739902
v -0.09189050 0.32955000 0.16269350
v -0.14564642 0.31474416 0.18934141
v -0.22669973 0.29171327 0.19715229
v -0.22611192 0.31902450 0.19574264
v -0.23988752 0.30375536 0.19395431
v -0.29160746 0.29820672 0.17431243
v -0.35614622 0.42422282 0.04656782
v -0.38731112 0.46870662 0.01119412
v -0.38675200 0.46927200 0.01216100
v -0.53228450 0.52634900 0.09433750
v -0.55441692 0.53952210 0.07726736
v -0.57463057 0.55501625 0.04155464
v -0.58045712 0.63471054 0.04235580
v -0.49693212 0.68693787 -0.13601556
v -0.35986036 0.76864000 -0.14400975
v -0.31927828 0.79088309 -0.13796763
v -0.30031900 0.81561400 -0.14208400
v -0.23393391 0.85209745 -0.20958655
v -0.06037325 0.96731600 -0.22849750
v -0.09907800 0.97041000 -0.21596800
v -0.09700600 0.97041000 -0.21672200
v -0.21580336 1.06438865 -0.29391270
v -0.30948539 1.14445090 -0.30104433
v -0.38225831 1.18197625 -0.24348431
v -0.44337439 1.30898072 -0.23055076
v -0.46775142 1.33706798 -0.18990054
v -0.50934685 1.37606786 0.00601844
v -0.50526465 1.36090128 0.05473709
v -0.49636365 1.38141653 0.11732554
v -0.47474478 1.41789686 0.18604854
v -0.46320667 1.48604119 0.19857138
v -0.44506869 1.47832541 0.23829218
v -0.37262957 1.55206975 0.31500608
v -0.25577431 1.60232092 0.39459635
v -0.21120779 1.59632524 0.42300479
v -0.06627280 1.62059318 0.45626488
v -0.03795840 1.63606926 0.45224791
v 0.15321161 1.60715579 0.44051459
v 0.16293059 1.60856181 0.43650352
v 0.20783300 1.58355100 0.42947500
v 0.21046400 1.58352200 0.42751100
v 0.20678868 1.61557146 0.41472325
v 0.39061994 1.54020424 0.29862361
v 0.46873433 1.39301219 0.20161062
v 0.49931786 1.30997899 0.03488408
v 0.49675847 1.33018263 -0.08673118
v 0.48440688 1.29480960 -0.11189102
v 0.46146000 1.26452500 -0.16097300
v 0.42791823 1.24613450 -0.22295174
v 0.40663025 1.17637075 -0.19585425
v 0.36575730 1.12567075 -0.20675840
v 0.27382436 1.08249947 -0.26952676
v 0.19860461 1.02606876 -0.25078545
v 0.17036600 1.00407300 -0.23241600
v 0.14594100 0.99471200 -0.23202400
v 0.14512900 0.99527700 -0.23256800
v 0.11764700 0.97351100 -0.20975800
v 0.26206798 0.87375647 -0.17885540
v 0.26516787 0.84697295 -0.17984556
v 0.27519146 0.86421059 -0.16892189
v 0.29133900 0.86264500 -0.15731400
v 0.29144813 0.86174025 -0.15760500
v 0.29119500 0.86227600 -0.15785800
v 0.29412200 0.86205100 -0.15612600
v 0.28532206 0.85623896 -0.16123355
v 0.29187942 0.83475526 -0.15296752
v 0.54374677 0.74870636 -0.02772406
v 0.47677952 0.57863014 0.14785568
v 0.45833000 0.54909700 0.14191600
v 0.45856900 0.54932200 0.14248200
v 0.34985500 0.49594700 -0.00155100
v 0.34752900 0.49671800 0.00928500
v 0.30853855 0.35285357 0.15321664
v 0.28492700 0.36089100 0.17040600
v 0.28418800 0.36049300 0.17028300
v 0.11969898 0.36226075 0.18314113
v 0.07153144 0.34728825 0.14903230
v 0.04048829 0.37221660 0.12750625
v -0.02647700 0.37284700 0.10557200
v -0.01100836 0.37954436 0.08282809
v -0.32452826 0.30349914 0.14909601
v -0.34916329 0.35398358 0.10546952
v -0.36688832 0.39071324 0.03083462
v -0.35092255 0.46239070 -0.01012558
v -0.35056292 0.49772681 -0.02108702
v -0.41420948 0.45765208 0.01072209
v -0.44710737 0.46894415 0.07186845
v -0.47571996 0.47251476 0.07261065
v -0.47780334 0.48768611 0.09425844
v -0.49971900 0.49937050 0.09608050
v -0.49483500 0.49951500 0.09912400
v -0.49846500 0.50291300 0.10042800
v -0.52524559 0.52055363 0.09812454
v -0.56043374 0.53547109 0.06199233
v -0.57769868 0.56820285 0.04301903
v -0.57156658 0.68195611 -0.02422443
v -0.46973993 0.70576476 -0.14323201
v -0.44390163 0.70570308 -0.14888027
v -0.43618670 0.72356112 -0.14770238
v -0.40511547 0.73224554 -0.14870126
v -0.29111700 0.80946200 -0.14880100
v -0.21763153 0.84244132 -0.22710158
v -0.20479018 0.86408977 -0.23013030
v -0.11366119 0.94599407 -0.23346625
v -0.09899800 0.96731600 -0.21662000
v -0.10886549 1.00635831 -0.27082044
v -0.40445500 1.24387450 -0.26055400
v -0.41589375 1.27841900 -0.26262450
v -0.48636062 1.37012184 -0.14927634
v -0.48768651 1.34257920 -0.13339945
v -0.50614697 1.36089369 0.04630368
v -0.49877300 1.41429326 0.10929082
v -0.48488906 1.43013167 0.15811867
v -0.16753520 1.60842828 0.43607237
v 0.03060052 1.64209557 0.44873270
v 0.24126530 1.58776855 0.41013871
v 0.35930344 1.55613695 0.32797427
v 0.49030499 1.36421371 0.13873670
v 0.50342194 1.34946395 0.06446860
v 0.50381808 1.33477830 0.03533851
v 0.50436805 1.33038843 0.00865838
v 0.49955806 1.30395475 -0.00255351
v 0.48176235 1.30386376 -0.13118914
v 0.46181833 1.28254864 -0.17518702
v 0.46141700 1.26737300 -0.16424900
v 0.46109400 1.26584750 -0.16416150
v 0.46188800 1.26425000 -0.16193700
v 0.46035200 1.26454000 -0.16408900
v 0.45390023 1.26699380 -0.18322557
v 0.39544827 1.17742188 -0.21836360
v 0.24574769 1.04473168 -0.23935874
v 0.14551300 0.99683500 -0.23529900
v 0.14491900 0.99516800 -0.23214000
v 0.14286900 0.99590000 -0.23408900
v 0.25407500 0.87459300 -0.18543500
v 0.25313850 0.87362400 -0.18647125
v 0.28793400 0.85895700 -0.15980000
v 0.29098400 0.86277600 -0.15828500
v 0.29047000 0.86248600 -0.15819100
v 0.33113268 0.84389348 -0.14465710
v 0.47401356 0.76611460 -0.12026177
v 0.56366384 0.64408367 0.08489351
v 0.49067528 0.59232176 0.14678302
v 0.46149600 0.54935100 0.14209000
v 0.45866300 0.54922000 0.14247400
v 0.34675400 0.49643600 0.00619100
v 0.34675400 0.49671800 0.00706000
v 0.29699800 0.36092000 0.16049400
v 0.29768700 0.36037700 0.16105200
v 0.28936900 0.35739900 0.16718900
v 0.28789050 0.34800850 0.16954400
v 0.28793400 0.35739900 0.16818200
v 0.28521700 0.35793500 0.17026100
v 0.28618800 0.35596800 0.16969650
v 0.28444200 0.35763800 0.17076900
v 0.28192000 0.36042800 0.17207300
v 0.15632575 0.34646900 0.19350025
v 0.04902778 0.35470617 0.12596622
v 0.03346992 0.36970860 0.11316684
v -0.03306027 0.35776098 0.10082636
v -0.08030070 0.30335330 0.15031643
v -0.09628994 0.30954856 0.16406637
v -0.12033225 0.32305900 0.17955225
v -0.33918469 0.31366878 0.13137724
v -0.36054104 0.37500819 0.07181660
v -0.35667550 0.43272100 0.02945700
v -0.35030514 0.49974354 -0.02872834
v -0.40028946 0.46196421 -0.00861969
v -0.42908681 0.46018570 0.04527645
v -0.49539300 0.49956600 0.09877600
v -0.49874800 0.50227600 0.09879800
v -0.52963600 0.52438900 0.09582000
v -0.52920100 0.52475200 0.09580500
v -0.53125328 0.52226487 0.09254471
v -0.58320000 0.64019639 -0.00674290
v -0.57156960 0.65454078 -0.05733637
v -0.56050910 0.65870674 -0.08290336
v -0.52008931 0.65200802 -0.13090362
v -0.49147275 0.66687793 -0.14354736
v -0.37743686 0.75473067 -0.14590010
v -0.34894074 0.76526948 -0.14170503
v -0.31041969 0.79907528 -0.13763754
v -0.30225125 0.79162075 -0.13344187
v -0.30031900 0.80941900 -0.13972200
v -0.29722500 0.80632500 -0.13970000
v -0.29106513 0.80309050 -0.14828200
v -0.29118900 0.80595500 -0.14834400
v -0.09982561 0.96502757 -0.21846725
v -0.12169778 1.02944621 -0.29971332
v -0.12405577 1.03409190 -0.30555102
v -0.37481301 1.21843315 -0.28691637
v -0.40586250 1.25127125 -0.26309175
v -0.41398800 1.26763400 -0.26007200
v -0.50231880 1.36860206 -0.07809358
v -0.50554711 1.36106226 -0.04592728
v -0.47750095 1.44866809 0.17535194
v -0.39308008 1.56374236 0.28308359
v -0.31379343 1.60880482 0.34694058
v -0.26363569 1.60287662 0.38910822
v -0.10401153 1.61225524 0.45297928
v -0.09952646 1.62140866 0.44974044
v -0.05198873 1.62933189 0.45404741
v 0.08810157 1.63808812 0.44291117
v 0.11908182 1.61487620 0.44695224
v 0.15074306 1.59564940 0.44710381
v 0.12513778 1.62965663 0.43852375
v 0.16936244 1.61784468 0.42983594
v 0.20215761 1.59071950 0.42834010
v 0.36568106 1.57261071 0.31332526
v 0.42599318 1.53244304 0.25010699
v 0.46354922 1.44918281 0.20848954
v 0.47539207 1.39359167 0.18706409
v 0.48396718 1.30045219 -0.11897470
v 0.46121400 1.26741600 -0.16430600
v 0.46095300 1.26810500 -0.16340100
v 0.46072800 1.26717000 -0.16735000
v 0.45952434 1.26603587 -0.16841346
v 0.37318625 1.15463975 -0.23133050
v 0.36400712 1.13577275 -0.22288550
v 0.26230970 1.06907211 -0.26157518
v 0.22434987 1.03751118 -0.24725756
v 0.20749456 1.04516025 -0.27357832
v 0.14242000 0.99578400 -0.23529900
v 0.13945600 0.99506700 -0.23575600
v 0.14656400 0.97041000 -0.19404300
v 0.15067891 0.93359564 -0.22582780
v 0.25324200 0.87397000 -0.18613800
v 0.25379200 0.87484700 -0.18558000
v 0.25709700 0.87121000 -0.18370300
v 0.30169036 0.83582830 -0.14883546
v 0.33162729 0.81428438 -0.14412046
v 0.37870541 0.79440405 -0.14434041
v 0.47378733 0.56196375 0.14513342
v 0.46093343 0.49869525 0.11152468
v 0.42512703 0.47919799 0.08554517
v 0.41817749 0.46939291 0.06693427
v 0.38817526 0.46967561 0.03045390
v 0.34673317 0.48567619 -0.00177905
v 0.34997381 0.46683513 0.02371659
v 0.32266322 0.35989252 0.13864450
v 0.29783900 0.35768200 0.16077700
v 0.29727400 0.36060200 0.16092200
v 0.28563700 0.35447200 0.17036300
v 0.28341250 0.35888800 0.17082650
v 0.28490500 0.35734800 0.16958000
v 0.15323050 0.36049300 0.19376650
v 0.15791100 0.35255900 0.19423000
v 0.04009712 0.35526325 0.11259312
v 0.02475110 0.37349516 0.10289260
v -0.07481177 0.32047442 0.14732611
v -0.11029858 0.32481428 0.17438391
v -0.12034400 0.32333700 0.17957200
v -0.12056900 0.32330800 0.18002900
v -0.19750739 0.30308827 0.19746592
v -0.20748755 0.29642898 0.19793954
v -0.30975007 0.29643565 0.16302620
v -0.35365724 0.37432947 0.08811105
v -0.35732244 0.43421553 0.01715312
v -0.35434425 0.44502050 0.02160600
v -0.34605572 0.48939543 -0.00790410
v -0.37495703 0.47453488 -0.01254927
v -0.49846500 0.49981200 0.09728300
v -0.49565322 0.48516897 0.08208085
v -0.52641900 0.52156400 0.09645700
v -0.52922300 0.52431700 0.09570400
v -0.52942600 0.52131000 0.09323300
v -0.54183765 0.51728228 0.07393989
v -0.58088413 0.56324459 0.02048011
v -0.57376827 0.65690964 -0.04841449
v -0.56139124 0.66248474 -0.07819795
v -0.53879641 0.66245516 -0.11081178
v -0.29787000 0.80632500 -0.13932400
v -0.29729536 0.79698782 -0.13744346
v -0.29111700 0.80376700 -0.14805500
v -0.29113100 0.80356400 -0.14815600
v -0.11146100 0.97351100 -0.21254800
v -0.08668800 0.97041000 -0.22051800
v -0.07431543 0.99246698 -0.26036536
v -0.14248717 1.04140216 -0.30761764
v -0.16404540 1.05116370 -0.30987724
v -0.17811419 1.05617300 -0.30786803
v -0.24724387 1.10600568 -0.31853850
v -0.44627236 1.32340614 -0.22948382
v -0.44551664 1.34647239 -0.23863031
v -0.45540464 1.34827161 -0.22037180
v -0.49835155 1.35266599 -0.09308738
v -0.50811569 1.39439611 0.04593293
v -0.49488466 1.42439400 0.12406998
v -0.41558563 1.55100311 0.25627337
v -0.28859155 1.60564253 0.36927403
v -0.15587731 1.61061149 0.43941324
v 0.02672363 1.63482500 0.45257187
v 0.03095300 1.63562600 0.45195800
v 0.10308857 1.63171059 0.44303960
v 0.26496900 1.56233600 0.40573050
v 0.31598255 1.56641626 0.36661755
v 0.46419126 1.41909640 0.21149738
v 0.48972746 1.37158953 0.14175681
v 0.49935439 1.34286310 0.08253935
v 0.50318860 1.32629208 -0.02095781
v 0.50431477 1.35272405 -0.05519630
v 0.47725666 1.31119602 -0.15067225
v 0.38898238 1.18957457 -0.24263382
v 0.37130962 1.15607137 -0.23551312
v 0.32306075 1.11489350 -0.25529725
v 0.31248747 1.10971842 -0.26262392
v 0.14056667 0.99718942 -0.23919152
v 0.14516200 0.94793303 -0.21682886
v 0.20394686 0.89748174 -0.21664652
v 0.21821014 0.87974216 -0.21352927
v 0.25120011 0.85424377 -0.19238640
v 0.28694024 0.83782715 -0.15792948
v 0.37236485 0.76569378 -0.14632352
v 0.52633000 0.74757700 -0.07743800
v 0.52812000 0.74749700 -0.07430800
v 0.55069819 0.60436252 0.10696234
v 0.54517031 0.57924745 0.10892640
v 0.52633000 0.59888900 0.12812100
v 0.36450586 0.48304489 0.01097272
v 0.35484611 0.44598701 0.01979048
v 0.35280872 0.40079268 0.07791361
v 0.35870053 0.37068643 0.07960720
v 0.27512305 0.34196499 0.17798568
v 0.22870847 0.33368352 0.19474913
v 0.15326300 0.35555150 0.19345125
v 0.14521221 0.33047573 0.18960586
v 0.05627050 0.33061165 0.12827219
v 0.00901233 0.38145821 0.08807019
v -0.00748771 0.37985658 0.07417007
v -0.12143800 0.32001100 0.17936200
v -0.13001476 0.31670035 0.18366297
v -0.25078725 0.31670625 0.18992613
v -0.27764968 0.29313069 0.18212743
v -0.35020125 0.32449908 0.11386385
v -0.36273150 0.37303654 0.06693804
v -0.35908100 0.42375500 0.02778300
v -0.34440164 0.49384874 -0.02361447
v -0.38058954 0.47176733 -0.00728796
v -0.29877200 0.80477450 -0.13859200
v -0.29722250 0.81638619 -0.14347169
v -0.28090968 0.80660189 -0.16547058
v -0.18660835 0.87506119 -0.23812628
v -0.08668800 0.96731600 -0.22099600
v -0.08359400 0.97041000 -0.22161200
v -0.28127057 1.12369741 -0.30870366
v -0.39596233 1.23649476 -0.26904508
v -0.41371256 1.28850840 -0.27089059
v -0.44237300 1.31859950 -0.23543700
v -0.44448500 1.32038200 -0.23227100
v -0.47085973 1.35470566 -0.18853567
v -0.48065127 1.33895432 -0.15492866
v -0.48988649 1.37027338 -0.13632518
v -0.50765600 1.38983885 -0.04358820
v -0.44554728 1.50407913 0.22675028
v -0.43765448 1.54502016 0.22147472
v -0.22721704 1.60627814 0.40986101
v -0.19843217 1.62638405 0.41413803
v -0.12784517 1.62805606 0.43942960
v -0.00067855 1.62418395 0.45921422
v 0.02175800 1.63606100 0.45214600
v 0.02438800 1.63582900 0.45180600
v 0.02738800 1.63635000 0.45191400
v 0.02786600 1.63606100 0.45189300
v 0.34737034 1.54856624 0.34418760
v 0.43815377 1.50712653 0.24200511
v 0.47002925 1.43909241 0.19634971
v 0.47355542 1.41724405 0.19158191
v 0.50112643 1.33920540 -0.06456709
v 0.40081405 1.20429268 -0.23665575
v 0.34184533 1.12466719 -0.24194862
v 0.32498100 1.11617800 -0.25362400
v 0.30895749 1.10181358 -0.25717600
v 0.23761268 1.05649501 -0.26594778
v 0.16845916 1.02949712 -0.27774165
v 0.12366498 0.98422272 -0.22441106
v 0.12733450 0.97196050 -0.20408550
v 0.23398206 0.86901947 -0.20471203
v 0.42145747 0.77759488 -0.14002444
v 0.51499800 0.74445400 -0.09601600
v 0.52647500 0.74730200 -0.07722800
v 0.52303400 0.59534600 0.13015700
v 0.52007000 0.59426650 0.13208750
v 0.52316400 0.59562900 0.13004100
v 0.52345400 0.59581700 0.13009100
v 0.52251900 0.59264300 0.13101900
v 0.45031798 0.50658014 0.11870566
v 0.44593968 0.48502522 0.09687338
v 0.40308094 0.46484077 0.03691384
v 0.33763471 0.35269986 0.12307354
v -0.03069637 0.35582512 0.09392775
v -0.05196032 0.32890793 0.12158990
v -0.21194145 0.28707901 0.19860048
v -0.27585700 0.29574600 0.18267300
v -0.27862500 0.29503600 0.18130400
v -0.27505475 0.29735775 0.18250125
v -0.36631233 0.38215720 0.04595220
v -0.38919216 0.47115210 -0.03664289
v -0.39676088 0.46863984 -0.04198561
v -0.51318962 0.49398650 0.07742500
v -0.54893300 0.50623452 0.04383227
v -0.58564907 0.60501330 0.01494995
v -0.58424282 0.63172499 0.01602114
v -0.45924967 0.69414883 -0.14772659
v -0.29722500 0.80013000 -0.13827300
v -0.24515723 0.80773375 -0.20997604
v -0.11157177 0.92888081 -0.24740574
v -0.06743042 0.97337363 -0.22984955
v -0.16827092 1.05599656 -0.31370140
v -0.22436081 1.08786025 -0.31538241
v -0.33291142 1.18592092 -0.31293688
v -0.44284100 1.32054900 -0.23501700
v -0.44308700 1.31944700 -0.23516900
v -0.44325364 1.32344091 -0.23522150
v -0.45013119 1.36843878 -0.23514055
v -0.47487954 1.35857524 -0.17847546
v -0.50567242 1.38734582 -0.06131884
v -0.50580392 1.39332650 0.06572321
v -0.32522471 1.60743114 0.33697439
v -0.18319827 1.62409385 0.42165306
v -0.08246964 1.64093409 0.44344424
v -0.01688152 1.65391962 0.44327648
v 0.02485900 1.63619800 0.45200100
v 0.02522100 1.63581400 0.45174800
v 0.05134847 1.64044877 0.44767740
v 0.16458645 1.63782087 0.42106591
v 0.35145415 1.58515194 0.32236649
v 0.45852477 1.47179349 0.21408263
v 0.49378241 1.33526115 -0.10838608
v 0.44590000 1.26523605 -0.19929321
v 0.41648384 1.22119377 -0.22299428
v 0.36098309 1.16278584 -0.25829546
v 0.32561900 1.11898200 -0.25692800
v 0.32502400 1.11650400 -0.25384100
v 0.32206800 1.11680800 -0.25670300
v 0.32198900 1.11517800 -0.25697100
v 0.21981800 1.04300400 -0.26007200
v 0.13409473 0.96684873 -0.20282932
v 0.15622610 0.91318505 -0.23729580
v 0.38352150 0.75872150 -0.14577387
v 0.45614126 0.74254950 -0.13801324
v 0.47803869 0.74634569 -0.12650235
v 0.52653300 0.74443300 -0.08030800
v 0.56934800 0.68828600 0.03402100
v 0.57366570 0.65707983 0.05412754
v 0.52322900 0.59269400 0.12967100
v 0.52199000 0.58960000 0.13003400
v 0.49625061 0.58355178 0.14353579
v 0.34915978 0.49573341 0.00896890
v 0.34830450 0.49596150 -0.00619200
v 0.34675400 0.49643600 -0.00619200
v 0.35500629 0.41474385 0.06173006
v 0.28492000 0.35116800 0.17108700
v 0.25194183 0.34242824 0.18806739
v 0.19930715 0.34942044 0.19750818
v 0.17242164 0.35561956 0.19678845
v 0.16604950 0.34542650 0.19525525
v 0.15632400 0.32890575 0.19255300
v 0.15788200 0.33972700 0.19341900
v -0.11090421 0.27420718 0.17217630
v -0.21759145 0.28273072 0.19888349
v -0.27589400 0.29570900 0.18268800
v -0.37065410 0.34138388 0.06395844
v -0.34860838 0.45989162 -0.04026001
v -0.34482005 0.47871617 -0.03821744
v -0.43398806 0.45487792 0.01096526
v -0.55915249 0.51951179 0.03976166
v -0.42842232 0.70436673 -0.15039315
v -0.39260956 0.71709050 -0.14773854
v -0.14629135 0.89552240 -0.25170237
v -0.07932497 1.00297878 -0.27592603
v -0.18994844 1.07698428 -0.32470407
v -0.40420990 1.26618425 -0.27456694
v -0.42058725 1.31266381 -0.27062325
v -0.44174600 1.31745500 -0.23558200
v -0.44300000 1.31974400 -0.23529200
v -0.44284800 1.32787400 -0.23744400
v -0.44292000 1.32314300 -0.23621200
v -0.49427018 1.35774694 -0.11475207
v -0.49362101 1.43556438 0.12767610
v -0.46959486 1.47840489 0.18673199
v -0.25073857 1.61517386 0.39084588
v -0.10918729 1.64609584 0.43424802
v 0.00606873 1.63986395 0.45084564
v 0.15204900 1.62675000 0.43143800
v 0.15504900 1.62618500 0.43068500
v 0.39737845 1.55335232 0.28328488
v 0.44263489 1.49954326 0.23761677
v 0.48357949 1.39911000 0.16477396
v 0.50228177 1.35244933 -0.07013676
v 0.35132424 1.15655489 -0.26530281
v 0.32198900 1.11773600 -0.26007200
v 0.32047400 1.11595300 -0.25989800
v 0.22601300 1.04638100 -0.26007200
v 0.22327400 1.04504000 -0.26002900
v 0.22309300 1.04456200 -0.26047100
v 0.22007800 1.04512700 -0.26305000
v 0.16114067 1.01429615 -0.25713509
v 0.12693600 0.97351100 -0.20481000
v 0.12693600 0.97225800 -0.20433900
v 0.12346023 0.96706930 -0.20741335
v 0.30438534 0.82478956 -0.14546013
v 0.41023175 0.77769375 -0.14190288
v 0.49950169 0.72963385 -0.11863992
v 0.52139779 0.74269620 -0.08951850
v 0.54623058 0.72866962 -0.05776599
v 0.55779429 0.72091290 -0.02523061
v 0.56190489 0.71718191 -0.00196442
v 0.56994200 0.68868500 0.03118100
v 0.56957200 0.68950300 0.03094900
v 0.52436984 0.58528088 0.12779837
v 0.46927274 0.48185186 0.09039176
v 0.42522277 0.46360116 0.05354972
v 0.38904390 0.46615201 -0.01202494
v 0.34985500 0.49575500 -0.00928600
v 0.34675400 0.49695000 -0.00928600
v 0.34675400 0.49671800 -0.00732200
v 0.36072529 0.40269144 0.05077033
v 0.36396958 0.37861130 0.05899852
v 0.32708880 0.34068291 0.13757123
v 0.32410832 0.31053934 0.14810748
v 0.20420816 0.33250950 0.19643672
v 0.17608501 0.31944434 0.19579470
v 0.12396683 0.33485262 0.18170550
v 0.09962516 0.31521556 0.16718564
v -0.02665501 0.35925977 0.08572800
v -0.06295187 0.29499128 0.13041811
v -0.17086589 0.29856498 0.19563391
v -0.44590001 0.46115442 0.05174819
v -0.52897400 0.50990913 0.08121687
v -0.57214974 0.53774177 0.02433428
v -0.57238037 0.53379169 0.00805449
v -0.58585451 0.61380280 0.00722128
v -0.54975582 0.64215873 -0.10306326
v -0.25601958 0.78671822 -0.20250375
v -0.19110459 0.84331419 -0.24663188
v -0.13077584 0.89150916 -0.26120993
v -0.09211834 0.95098650 -0.23599144
v -0.07705850 0.97113100 -0.22446350
v -0.06400619 0.97989312 -0.24172222
v -0.10154315 1.02473131 -0.30003165
v -0.25906482 1.11531018 -0.31798620
v -0.30377500 1.14359500 -0.30712600
v -0.30647700 1.14674700 -0.30598800
v -0.30006474 1.14538407 -0.31178822
v -0.38115434 1.27295566 -0.31016688
v -0.41387200 1.29239900 -0.27245500
v -0.41491600 1.29737750 -0.27344450
v -0.41493000 1.29563100 -0.27243300
v -0.41527800 1.29612400 -0.27288300
v -0.41562493 1.29941487 -0.27311517
v -0.42105650 1.28929100 -0.25969200
v -0.44267880 1.32918416 -0.23816056
v -0.47436295 1.37758718 -0.18392071
v -0.49258638 1.37846753 -0.12857576
v -0.51003107 1.38989655 -0.01156676
v -0.50281643 1.38402826 0.08521267
v -0.46128169 1.50226787 0.19494788
v -0.40553300 1.55980000 0.26627300
v -0.40110994 1.56207971 0.27200711
v -0.37092432 1.58557764 0.29973135
v 0.00375679 1.64973192 0.44542740
v 0.14946533 1.63670585 0.42685770
v 0.15462900 1.62959000 0.42888800
v 0.15473700 1.62643800 0.43128600
v 0.15536000 1.62666300 0.42983700
v 0.15811400 1.62467800 0.43027900
v 0.23488041 1.60512391 0.40530812
v 0.38659414 1.56964087 0.28916295
v 0.39588779 1.56856967 0.27687312
v 0.41190823 1.54377193 0.26727066
v 0.42924592 1.55267188 0.23407106
v 0.49926767 1.39544991 0.10720586
v 0.50384189 1.38081204 0.07970487
v 0.50622548 1.34441614 -0.01023470
v 0.50169955 1.37152654 -0.08632370
v 0.48888915 1.32438415 -0.12104392
v 0.45731620 1.28875368 -0.19015372
v 0.42932950 1.23675558 -0.21220786
v 0.28193161 1.09773030 -0.28021959
v 0.22283900 1.04446800 -0.25990600
v 0.19429132 1.04870662 -0.28858635
v 0.12074800 0.97041000 -0.20674400
v 0.12817550 0.97041000 -0.20321763
v 0.18634318 0.89438420 -0.23008643
v 0.23303903 0.85922980 -0.20817934
v 0.34647873 0.82430833 -0.14443343
v 0.32833739 0.79814987 -0.14175811
v 0.39475700 0.76919800 -0.14544600
v 0.46214298 0.73051838 -0.13921846
v 0.55579346 0.71388592 -0.04960031
v 0.57017400 0.68882900 0.03113000
v 0.57048500 0.68529400 0.03051500
v 0.56945563 0.62952885 0.07685547
v 0.46279663 0.50331371 0.11421969
v 0.37534756 0.47631766 -0.02401133
v 0.34985500 0.49605200 -0.01238700
v 0.34762044 0.49672905 -0.01002093
v 0.34789792 0.47496737 -0.01870056
v 0.19609961 0.31787025 0.19704117
v 0.17956800 0.33572000 0.19642500
v 0.14587550 0.31886000 0.18906825
v -0.01987458 0.37017066 0.08441616
v -0.02986940 0.34546472 0.08448414
v -0.03669822 0.32878506 0.09371820
v -0.11868095 0.29955394 0.17750328
v -0.28511562 0.28308250 0.18038713
v -0.34341580 0.28850769 0.13571165
v -0.35664235 0.33761804 0.09841428
v -0.36511173 0.32586102 0.08784577
v -0.36063288 0.41894975 0.02399000
v -0.35404672 0.44516964 -0.02230490
v -0.34368137 0.46549469 -0.05699697
v -0.33895520 0.50566749 -0.04625202
v -0.33659662 0.52554969 -0.05471956
v -0.34753125 0.50279525 -0.02786400
v -0.43622934 0.45423089 0.01841234
v -0.45846663 0.45626666 0.02885587
v -0.46776874 0.45811439 0.03370394
v -0.48762550 0.46931850 0.05572900
v -0.43177125 0.46686836 0.05854566
v -0.50698975 0.48730075 0.07504075
v -0.52805694 0.49816941 0.06944449
v -0.53999089 0.50224361 0.05681263
v -0.58547331 0.60523292 -0.01709029
v -0.49302327 0.66821272 -0.14198716
v -0.22548219 0.81921989 -0.22644117
v -0.15647474 0.86768870 -0.25888194
v -0.08252356 0.94319933 -0.24499617
v -0.08050000 0.96112800 -0.22827100
v -0.08465185 1.02992157 -0.31262041
v -0.12235716 1.04398011 -0.31835431
v -0.30503175 1.14442850 -0.30563300
v -0.30621700 1.14695000 -0.30618400
v -0.41526400 1.29512400 -0.27181000
v -0.41455400 1.29863100 -0.27400600
v -0.42046600 1.30805000 -0.26926700
v -0.43772076 1.31223142 -0.24227728
v -0.50039942 1.40931915 -0.09899933
v -0.51066162 1.40406624 -0.00947681
v -0.47631694 1.45554017 0.17643551
v -0.43492123 1.55405937 0.22093255
v -0.41606864 1.57304374 0.24108102
v -0.40509412 1.56620800 0.26304200
v -0.40681500 1.56175600 0.26316500
v -0.40527900 1.56122000 0.26478100
v -0.40431500 1.56457500 0.26626600
v -0.40248200 1.56786500 0.26610000
v -0.38120627 1.59695926 0.27875960
v -0.34065500 1.59560100 0.32680400
v 0.01080822 1.66120791 0.43845858
v 0.17393610 1.63438419 0.41903868
v 0.18447217 1.62815394 0.41810941
v 0.27245000 1.58342800 0.39192000
v 0.41551931 1.55844290 0.25360982
v 0.44256149 1.50791965 0.23403523
v 0.48018394 1.42426475 0.17471270
v 0.50233318 1.37990073 0.08758568
v 0.50605421 1.35885801 0.05043990
v 0.50656823 1.34974954 0.02834864
v 0.44300189 1.29153227 -0.22158972
v 0.43490954 1.28677194 -0.23581803
v 0.41583750 1.23450229 -0.23536262
v 0.33297272 1.14652485 -0.27923017
v 0.32150474 1.12293744 -0.26698570
v 0.29418000 1.09694100 -0.26663000
v 0.22821612 1.05535861 -0.27262534
v 0.18254881 1.03528337 -0.27731424
v 0.12297250 0.97196050 -0.20638600
v 0.12074800 0.97209800 -0.20743300
v 0.12941299 0.92067382 -0.24519225
v 0.19551085 0.86478810 -0.23666618
v 0.39281796 0.78942093 -0.14370254
v 0.39009800 0.76607500 -0.14585900
v 0.39323911 0.76299804 -0.14658044
v 0.38502810 0.74653906 -0.14730244
v 0.40894573 0.74586340 -0.14747992
v 0.52234737 0.73444311 -0.09478996
v 0.56171079 0.71079209 -0.03023698
v 0.56479455 0.70815759 0.02158836
v 0.56913800 0.69177100 0.02786300
v 0.57539387 0.67261978 0.02666668
v 0.55729100 0.59578800 0.09688500
v 0.52845135 0.56988755 0.12114053
v 0.47449570 0.53647811 0.13472080
v 0.34348032 0.49391930 -0.02740606
v 0.28169550 0.32794550 0.17598950
v 0.24899716 0.32311842 0.19006854
v 0.18108250 0.33620000 0.19653775
v 0.00452541 0.38049203 0.07318051
v -0.03673034 0.31216984 0.08959901
v -0.05545513 0.30365981 0.12160907
v -0.06073526 0.27278641 0.12586091
v -0.12075000 0.28928300 0.17812300
v -0.12372800 0.28928300 0.17957200
v -0.24097196 0.25973059 0.19948342
v -0.30439625 0.27142400 0.17316487
v -0.33889322 0.27059667 0.14777217
v -0.34974698 0.46823614 -0.00046790
v -0.34383276 0.51637874 -0.05097907
v -0.35504027 0.50474011 -0.05537229
v -0.37619299 0.48470349 -0.05320054
v -0.49224100 0.47209800 0.05883100
v -0.50017150 0.47839050 0.06503250
v -0.57788838 0.63136327 -0.04886148
v -0.41348162 0.70117884 -0.15023951
v -0.37526985 0.72907816 -0.14492879
v -0.31088091 0.76767706 -0.12802360
v -0.29007454 0.78186058 -0.15281175
v -0.07725600 0.96093150 -0.22946312
v -0.07722500 0.96098300 -0.22961900
v -0.07696400 0.96123000 -0.22905400
v -0.07718200 0.96065000 -0.22977800
v -0.06501600 0.97041000 -0.22772000
v -0.07649759 1.01977624 -0.30045684
v -0.12336746 1.05220201 -0.32781140
v -0.39954897 1.28492105 -0.29013996
v -0.42471981 1.32322572 -0.26860177
v -0.49181457 1.40529843 -0.13770744
v -0.50942994 1.40631577 -0.03089752
v -0.50783400 1.39774400 0.04871600
v -0.50733400 1.40049700 0.04944000
v -0.50753000 1.40389500 0.05260700
v -0.50775100 1.40231775 0.05009775
v -0.50721214 1.40758746 0.05614746
v -0.47179744 1.48703000 0.17737578
v -0.44376190 1.53006907 0.21793722
v -0.40589500 1.56501000 0.26365100
v -0.40603300 1.56480700 0.26281000
v -0.40533000 1.56489400 0.26203500
v -0.39332709 1.59935913 0.25965800
v -0.35617413 1.59832557 0.30861133
v -0.34054600 1.59935400 0.32552800
v -0.34085975 1.59807700 0.32534550
v -0.34111900 1.59796300 0.32473900
v -0.34043100 1.59860800 0.32523900
v 0.06721838 1.65631167 0.43659806
v 0.27268900 1.59111200 0.38810550
v 0.27937697 1.60470807 0.37670227
v 0.32296933 1.58216254 0.35258597
v 0.45545062 1.50690248 0.20771256
v 0.50806585 1.38749288 0.05225225
v 0.50596740 1.36315227 0.05379728
v 0.50805140 1.35760906 -0.00055399
v 0.42948285 1.26672251 -0.23290337
v 0.29416175 1.09757300 -0.26743775
v 0.29412200 1.09908500 -0.26935400
v 0.29416500 1.09732500 -0.26713700
v 0.52944084 0.73789162 -0.08293489
v 0.57931690 0.60069562 0.05528062
v 0.55763900 0.59269400 0.09597900
v 0.55819700 0.59285400 0.09674700
v 0.55510300 0.59114700 0.09907300
v 0.49386916 0.54067542 0.13133919
v 0.45164761 0.47525096 0.08287472
v 0.34985500 0.49713100 -0.01857500
v 0.34675400 0.49815300 -0.01548100
v 0.29631288 0.33755156 0.16508180
v 0.15896855 0.32643999 0.19315049
v 0.11842936 0.29363173 0.17711477
v 0.09252888 0.30727591 0.16095472
v 0.00154600 0.37940750 0.06192050
v -0.04989043 0.28542653 0.10987010
v -0.12075000 0.28618900 0.17800700
v -0.12359700 0.28638400 0.18034700
v -0.12150800 0.28811075 0.17848975
v -0.12377100 0.28924600 0.17994900
v -0.27835920 0.27023967 0.18628811
v -0.37218179 0.35030449 0.05092004
v -0.36707625 0.39527525 0.01703975
v -0.36684158 0.39814241 0.00661644
v -0.35277573 0.44267237 -0.03802659
v -0.34056800 0.51355700 -0.04334800
v -0.34366200 0.51103575 -0.03947500
v -0.34366200 0.51526000 -0.04644900
v -0.38470031 0.47590869 -0.04394073
v -0.43114488 0.45598321 -0.01949235
v -0.49723745 0.47338081 0.05697504
v -0.54312708 0.49581170 0.03645078
v -0.57009564 0.53060048 0.02233938
v -0.58000989 0.55561335 0.00780472
v -0.58118576 0.62422384 -0.03588005
v -0.30033200 0.77877142 -0.13258859
v -0.27660847 0.79131823 -0.17467294
v -0.27110639 0.77511475 -0.18497289
v -0.20171300 0.82810500 -0.24348700
v -0.11620414 0.89540464 -0.26507451
v -0.07411700 0.96136000 -0.22976400
v -0.08075127 0.96379599 -0.22556897
v -0.06501600 0.96731600 -0.22749600
v -0.06192200 0.97041000 -0.22855400
v -0.22933027 1.09429023 -0.31879218
v -0.29192096 1.16209878 -0.33399496
v -0.35922152 1.24135844 -0.31930190
v -0.37511930 1.24247201 -0.30088165
v -0.39720000 1.27393000 -0.28788100
v -0.39609900 1.27666200 -0.29101800
v -0.48598160 1.39305718 -0.15514367
v -0.50024018 1.39492057 -0.09635747
v -0.50805900 1.40036700 0.04984600
v -0.50885600 1.39971500 0.04942600
v -0.50782000 1.40381600 0.04953400
v -0.50916855 1.42788188 0.03404916
v -0.49409040 1.45811557 0.11931700
v -0.45433900 1.51841300 0.20124400
v -0.45300854 1.53813976 0.19277521
v -0.40534400 1.56822700 0.26046300
v -0.40548900 1.57161800 0.25900600
v -0.34158300 1.60175200 0.32224600
v -0.32286363 1.61545383 0.33367875
v -0.23199522 1.62553136 0.39620511
v 0.05314156 1.66973680 0.42996804
v 0.32184889 1.60607456 0.34059482
v 0.36709175 1.58686357 0.30351368
v 0.45733000 1.48126400 0.21362700
v 0.47209277 1.48048909 0.18035716
v 0.47369800 1.44410900 0.18659300
v 0.47424100 1.44042800 0.18616600
v 0.48108935 1.44177135 0.16954077
v 0.48747672 1.43508797 0.15173683
v 0.49037168 1.39022999 0.14216884
v 0.49687570 1.35816248 -0.10598852
v 0.47369800 1.32029500 -0.16550900
v 0.47429200 1.32359200 -0.16640000
v 0.47254600 1.32336000 -0.17028400
v 0.46549461 1.31933923 -0.18827122
v 0.34149499 1.16078838 -0.28202562
v 0.23756183 1.06537295 -0.27919238
v 0.17184400 1.03393563 -0.28207014
v 0.15010736 1.03312572 -0.29240698
v 0.15377831 1.02535909 -0.27939825
v 0.10320430 0.97762501 -0.22224285
v 0.25249702 0.82948394 -0.19675535
v 0.38545700 0.76143050 -0.14605450
v 0.44105085 0.73011771 -0.14564941
v 0.56822257 0.61300658 0.08086938
v 0.56587636 0.59121518 0.08296850
v 0.55734200 0.58921600 0.09583400
v 0.55707400 0.58932500 0.09624000
v 0.55686300 0.58650600 0.09597900
v 0.53461642 0.57183461 0.11628426
v 0.51715200 0.57517775 0.12976000
v 0.48509605 0.49680722 0.10218213
v 0.47675426 0.48650337 0.09308418
v 0.39034549 0.46601952 0.01132325
v 0.34675400 0.49900100 -0.01857500
v 0.34985500 0.49780500 -0.02167600
v 0.35072238 0.46090963 -0.02182614
v 0.35608960 0.44276844 -0.00545752
v 0.36315331 0.35486168 0.07648411
v 0.20360025 0.33142125 0.19673175
v 0.07029936 0.30673732 0.14004521
v -0.08685927 0.28939151 0.15504302
v -0.09836662 0.24578787 0.16345575
v -0.12393800 0.28310900 0.17957200
v -0.12377100 0.28656500 0.18005000
v -0.12414100 0.28604400 0.17961600
v -0.14389777 0.26064758 0.18936385
v -0.26408747 0.27252542 0.19116136
v -0.28261425 0.28437888 0.18102956
v -0.31681391 0.27137482 0.16526183
v -0.35965119 0.29919673 0.11009781
v -0.33873238 0.49071463 -0.05861957
v -0.34056800 0.51529600 -0.04439800
v -0.34056800 0.51752800 -0.04644100
v -0.34366200 0.51673100 -0.04953500
v -0.41432295 0.46957053 -0.06140644
v -0.41600128 0.45983257 -0.02917471
v -0.51478601 0.48621881 0.06580203
v -0.58236067 0.63278597 -0.02327601
v -0.53218545 0.64277836 -0.12228871
v -0.51555534 0.64158279 -0.13506862
v -0.50350616 0.65081995 -0.14010752
v -0.47921491 0.64366271 -0.15057059
v -0.34770652 0.73971437 -0.13737227
v -0.33437360 0.76726704 -0.13831726
v -0.30070562 0.78810300 -0.13346463
v -0.27015790 0.77051024 -0.18711100
v -0.21210970 0.82243854 -0.23699401
v -0.20096600 0.82514900 -0.24458100
v -0.19987950 0.82418575 -0.24580025
v -0.20111800 0.82517100 -0.24465400
v -0.18885900 0.84036500 -0.24887800
v -0.12961897 0.88197012 -0.26586004
v -0.10987875 0.89372793 -0.26844663
v -0.05802024 0.96302218 -0.23213587
v -0.05845785 0.96375984 -0.23112644
v -0.06297682 1.01269507 -0.29366133
v -0.35420663 1.21040490 -0.30645314
v -0.39665700 1.27677800 -0.29048900
v -0.39640300 1.27712500 -0.29072900
v -0.41186327 1.32227331 -0.28686815
v -0.48783325 1.40279858 -0.15071570
v -0.50385639 1.43656838 0.07883443
v -0.48527994 1.47769531 0.14267428
v -0.40868119 1.57803637 0.25013880
v -0.30390180 1.62644250 0.34365263
v -0.26636883 1.62892040 0.37221823
v -0.19210259 1.64199643 0.40786796
v 0.14737615 1.65289638 0.41752195
v 0.20420463 1.63646107 0.40465045
v 0.22198793 1.62922343 0.39975508
v 0.26975800 1.59735050 0.38699700
v 0.30313425 1.61019812 0.35491419
v 0.39455210 1.59788411 0.25932934
v 0.45850400 1.48417000 0.21022100
v 0.45883000 1.48438000 0.21035900
v 0.45877900 1.48083700 0.21053300
v 0.47404600 1.44707200 0.18521600
v 0.47352400 1.44660100 0.18526000
v 0.47469800 1.44371000 0.18560000
v 0.47459939 1.45678867 0.18156366
v 0.47364925 1.32348300 -0.16757225
v 0.47406800 1.32375100 -0.16750900
v 0.47417600 1.32366400 -0.16719000
v 0.46887739 1.34016925 -0.18818308
v 0.45129550 1.31144072 -0.21514505
v 0.16472244 1.04603131 -0.30301643
v 0.11795755 0.99704289 -0.25144214
v 0.14798409 0.89466967 -0.25212832
v 0.24394652 0.81546322 -0.21000831
v 0.29503500 0.80941900 -0.14241700
v 0.29390400 0.80628900 -0.14296100
v 0.29723700 0.80625200 -0.13938900
v 0.30031700 0.80823100 -0.13932400
v 0.29877000 0.80167700 -0.13724400
v 0.31813397 0.78328097 -0.13511202
v 0.45161975 0.70560740 -0.14778101
v 0.50211752 0.70098508 -0.12847617
v 0.57463541 0.68167871 0.00434553
v 0.57857425 0.62911330 0.05316573
v 0.55903700 0.58650600 0.09287800
v 0.55722600 0.58977400 0.09528300
v 0.56614140 0.57708241 0.07971270
v 0.51190121 0.56041013 0.12946890
v 0.38980322 0.46753683 -0.02012249
v 0.36316497 0.40901752 0.02147926
v 0.36880593 0.38686758 0.02172684
v 0.35068607 0.33641523 0.10939707
v 0.30911612 0.31539866 0.15988848
v 0.27477400 0.31791900 0.18072775
v 0.22291200 0.32333700 0.19554100
v 0.22511099 0.30722921 0.19597880
v 0.13313100 0.29857100 0.18393400
v 0.04396967 0.31251150 0.10372832
v 0.03248763 0.32395016 0.08174410
v 0.03151434 0.35397770 0.09397955
v -0.02190498 0.35356326 0.06311036
v -0.02947634 0.32243322 0.07103189
v -0.11544420 0.24957535 0.17454440
v -0.11938464 0.27906884 0.17717333
v -0.20800986 0.26505890 0.20093431
v -0.30326800 0.27379900 0.17309400
v -0.35778640 0.42962754 -0.02232266
v -0.36231373 0.50600532 -0.07162296
v -0.47558409 0.46177594 0.04413691
v -0.48512693 0.46643713 0.05095754
v -0.31376566 0.73498553 -0.11770538
v -0.22901148 0.78982637 -0.23062693
v -0.20061800 0.82530900 -0.24454500
v -0.18855400 0.83446700 -0.25129100
v -0.18883700 0.83345300 -0.25071100
v -0.17434647 0.84823885 -0.25596202
v -0.05215291 0.94037828 -0.25326541
v -0.05263300 0.96731600 -0.23017700
v -0.03861000 0.99792704 -0.27599244
v -0.21083255 1.09461055 -0.33104569
v -0.31793730 1.17760079 -0.32127098
v -0.38175884 1.28650651 -0.31536319
v -0.45403935 1.37927466 -0.22896492
v -0.50627770 1.41447413 -0.06139756
v -0.50703057 1.42465557 0.05789743
v -0.44632983 1.55241482 0.19863538
v -0.42656680 1.54245253 0.24357825
v -0.42422989 1.59984154 0.20652486
v -0.33105635 1.63020832 0.31460727
v -0.01442786 1.66628582 0.43507502
v 0.03752965 1.66745044 0.43323480
v 0.12507915 1.65970121 0.42037887
v 0.10534049 1.65012753 0.43215190
v 0.19090732 1.63801294 0.40949533
v 0.24927255 1.59979227 0.39930631
v 0.45797675 1.48683175 0.21054375
v 0.45865600 1.48761200 0.20985200
v 0.45818500 1.48407600 0.21063400
v 0.46003840 1.48659390 0.20579435
v 0.47436625 1.44717375 0.18410975
v 0.47332800 1.44644900 0.18610800
v 0.47499500 1.44720300 0.18266600
v 0.49247812 1.42231511 0.13542568
v 0.49597264 1.40011303 0.12171740
v 0.49375288 1.35507760 -0.11861629
v 0.28801757 1.11428302 -0.29308615
v 0.21235338 1.06270722 -0.29448458
v 0.10349225 0.97041000 -0.21400650
v 0.17240633 0.88515116 -0.24292233
v 0.27180497 0.82096409 -0.17509773
v 0.29434600 0.80616600 -0.14257000
v 0.29344800 0.80623100 -0.14217100
v 0.29516500 0.80306400 -0.14184500
v 0.29752000 0.80632500 -0.13932400
v 0.30031700 0.80787025 -0.13916775
v 0.30031700 0.80040550 -0.13612100
v 0.35959363 0.75541893 -0.14355104
v 0.56083264 0.56790011 0.08569621
v 0.34675400 0.50465200 -0.03405900
v 0.34675400 0.50102900 -0.02477000
v 0.36543209 0.33229727 0.08321684
v 0.35390743 0.32188694 0.10939629
v 0.27478313 0.32204037 0.18027463
v 0.24808812 0.31509962 0.19062625
v 0.21483133 0.29429822 0.19800755
v 0.15800595 0.30410516 0.19290059
v 0.07827602 0.30812893 0.14880472
v -0.07125999 0.27885980 0.13899619
v -0.06917268 0.25802630 0.13614820
v -0.08237900 0.33024988 0.15566106
v -0.22315161 0.24647323 0.20339466
v -0.36836687 0.29587171 0.09678405
v -0.36849232 0.38757945 0.02353405
v -0.37064387 0.38197229 -0.00467466
v -0.33746700 0.51839000 -0.05176700
v -0.49357209 0.46681062 0.04224070
v -0.56814369 0.62516117 -0.07789123
v -0.55302520 0.61743428 -0.10261058
v -0.30650600 0.77226300 -0.12755700
v -0.26250211 0.76194617 -0.19907067
v -0.19790970 0.81701672 -0.24943352
v -0.18862700 0.83435800 -0.25129100
v -0.18532300 0.83450300 -0.25264500
v -0.18760138 0.83304206 -0.25202794
v -0.18576500 0.83728600 -0.25189900
v -0.08627772 0.91735330 -0.26199885
v -0.36771167 1.24888302 -0.31329376
v -0.38847651 1.28003184 -0.30339613
v -0.43840258 1.34621492 -0.25158317
v -0.45857718 1.37492224 -0.21924156
v -0.49318046 1.41471305 -0.13151824
v -0.50928844 1.41641743 0.03094490
v -0.50181971 1.44803612 0.08614028
v -0.49367749 1.47520233 0.11320543
v -0.16059192 1.63959228 0.42167520
v 0.41670475 1.57561059 0.24043995
v 0.45202742 1.53309339 0.20077577
v 0.51004631 1.39247152 -0.03151016
v 0.49556214 1.37002762 -0.11596061
v 0.48185754 1.35055632 -0.15641238
v 0.47491100 1.36227136 -0.17972500
v 0.47312824 1.34310747 -0.17763200
v 0.37279110 1.17680237 -0.25471661
v 0.11658652 1.00022458 -0.25763047
v 0.11187738 0.97481639 -0.21395988
v 0.08549475 0.97041088 -0.22051478
v 0.10526400 0.96902600 -0.21362800
v 0.10151250 0.96808950 -0.21535950
v 0.09522474 0.96276546 -0.22168593
v 0.29360700 0.80322400 -0.14241700
v 0.29784950 0.79006925 -0.13431475
v 0.29959900 0.80013000 -0.13623000
v 0.29877000 0.79393500 -0.13455600
v 0.34169728 0.76165300 -0.13899676
v 0.47366200 0.71301500 -0.13913500
v 0.47681000 0.70615913 -0.13944925
v 0.54296731 0.69578634 -0.09150654
v 0.56773366 0.70164255 0.00230791
v 0.54843380 0.55776146 0.09761633
v 0.49784931 0.52527601 0.11997492
v 0.49471025 0.50352182 0.10450158
v 0.36643041 0.48777178 -0.04051976
v 0.34675400 0.50213800 -0.02786400
v 0.34366000 0.50147100 -0.02786400
v 0.34274000 0.50291300 -0.03095800
v 0.33999561 0.31753755 0.12893177
v 0.27320634 0.31250698 0.18236606
v 0.25843700 0.31354150 0.18780700
v 0.23065350 0.31869600 0.19456300
v 0.14630150 0.31888850 0.18905675
v 0.08593382 0.29478000 0.15463181
v 0.02265082 0.35251499 0.06806885
v 0.01795947 0.37127414 0.08035326
v 0.01245891 0.36959432 0.05160642
v 0.00309300 0.37749737 0.04798275
v -0.03722164 0.26093010 0.08221118
v -0.13786222 0.29459589 0.18615350
v -0.14430125 0.24501564 0.19032863
v -0.16167971 0.27469456 0.19473023
v -0.26517931 0.22673652 0.20082390
v -0.29598435 0.27292732 0.17738903
v -0.36847719 0.38740695 -0.02060669
v -0.36266221 0.41001532 -0.02056678
v -0.33746700 0.52148400 -0.05220900
v -0.34056800 0.52148400 -0.05134700
v -0.34056800 0.52449800 -0.05573000
v -0.37469160 0.50795413 -0.09047303
v -0.52351714 0.48153914 0.04114076
v -0.50476952 0.63767836 -0.14146308
v -0.44783545 0.66879734 -0.15290971
v -0.41024217 0.68133221 -0.15017316
v -0.35818629 0.74607774 -0.14204864
v -0.33891376 0.73678193 -0.13300533
v -0.30537600 0.76916900 -0.12694100
v -0.30387250 0.76762200 -0.12750950
v -0.24625952 0.77357115 -0.21652219
v -0.18431600 0.83418400 -0.25387700
v -0.14681930 0.84707127 -0.27215281
v -0.04102400 0.96731600 -0.23186850
v -0.04640200 0.97351800 -0.23526300
v -0.05920924 1.02091846 -0.30603290
v -0.16719476 1.09497212 -0.35469129
v -0.17977080 1.10477793 -0.35812104
v -0.25063360 1.13049807 -0.33821871
v -0.41383603 1.31598261 -0.28215503
v -0.42614850 1.34916638 -0.27245425
v -0.44655503 1.38788240 -0.24397540
v -0.43736817 1.57167215 0.20335944
v -0.40607355 1.60297760 0.23519785
v -0.35257741 1.61189836 0.30364534
v -0.14374358 1.65609751 0.41769694
v -0.04887199 1.65637714 0.43978436
v 0.09806200 1.66608151 0.42376498
v 0.28011135 1.61385754 0.37108773
v 0.33033381 1.61873392 0.32435029
v 0.41996926 1.57527008 0.23502524
v 0.45602939 1.53581876 0.19087069
v 0.48702091 1.43715383 0.15203121
v 0.50695263 1.42280906 0.06767374
v 0.50732242 1.37472243 -0.04665475
v 0.42501668 1.29034017 -0.25395720
v 0.37254216 1.19603878 -0.27119346
v 0.10629123 0.99753753 -0.25723170
v 0.24341800 0.82199861 -0.20833564
v 0.28643688 0.81092583 -0.15530556
v 0.39108926 0.73036245 -0.14807683
v 0.44404317 0.70810575 -0.14822828
v 0.47369800 0.71034200 -0.13981600
v 0.47446600 0.71024000 -0.13914200
v 0.57890500 0.65450000 0.03079700
v 0.57862200 0.65150000 0.03698500
v 0.51252572 0.49542394 0.08401603
v 0.44770809 0.47039216 0.07311177
v 0.34294300 0.50600700 -0.03405900
v 0.34484494 0.49531231 -0.00570625
v 0.34158100 0.50291300 -0.03405900
v 0.36787100 0.37337634 0.04808424
v 0.32038986 0.28643098 0.15805497
v 0.24614450 0.30933650 0.19176275
v 0.18287641 0.28588382 0.19736125
v 0.05730492 0.29833049 0.12340735
v 0.03783672 0.30452260 0.08941908
v -0.00901199 0.37372218 0.04605078
v -0.30222814 0.25701172 0.17840297
v -0.36061828 0.41077480 -0.03758161
v -0.33289495 0.52295881 -0.06425290
v -0.33746700 0.52235300 -0.05263700
v -0.34043100 0.52458500 -0.05573000
v -0.33837416 0.53564448 -0.06703922
v -0.42206790 0.46513646 -0.05311857
v -0.43767786 0.46529554 -0.06065028
v -0.52675359 0.48048544 0.02720560
v -0.57543516 0.54432911 -0.02159594
v -0.58528853 0.58509494 0.00152132
v -0.52331100 0.63660300 -0.13016500
v -0.52341250 0.63324100 -0.13010000
v -0.52286100 0.63603800 -0.13003500
v -0.42964765 0.68020967 -0.15188576
v -0.17064037 0.84154174 -0.26025624
v -0.04404928 0.93367171 -0.25968811
v -0.04691327 0.95061715 -0.24535135
v -0.04334400 0.97041000 -0.23255300
v -0.04524300 0.97041000 -0.23220500
v -0.03979332 0.98271129 -0.25078576
v -0.04872461 1.00170625 -0.28032931
v -0.07664158 1.04589118 -0.33361925
v -0.11547326 1.06447926 -0.34305412
v -0.14559902 1.08528019 -0.35371038
v -0.40698036 1.30288871 -0.28741887
v -0.43509500 1.36981900 -0.26148150
v -0.44946497 1.41036425 -0.23992027
v -0.46902749 1.41091033 -0.19997447
v -0.49039825 1.40603440 -0.14198522
v -0.50133221 1.44316606 -0.08880653
v -0.50638033 1.43920369 -0.05410658
v -0.50902105 1.44188540 -0.01355409
v -0.50861462 1.45000876 0.00573764
v -0.46797619 1.49677715 0.18227838
v -0.23315436 1.65817701 0.37453035
v -0.07180698 1.66192809 0.43254945
v -0.06306807 1.68981426 0.41496935
v 0.03455233 1.70987436 0.40278577
v 0.08748896 1.67223773 0.42227109
v 0.13581741 1.66943061 0.41091680
v 0.25373105 1.61425772 0.38877931
v 0.34878608 1.60958743 0.31000362
v 0.42832429 1.56584164 0.22671073
v 0.46090080 1.52621514 0.18574338
v 0.50207882 1.41573579 0.09538986
v 0.46018652 1.33706865 -0.20773160
v 0.45733881 1.31355874 -0.20380261
v 0.42435268 1.30406736 -0.26121852
v 0.39149967 1.23183436 -0.27188251
v 0.35510027 1.17969647 -0.28143212
v 0.22328512 1.08627255 -0.31554538
v 0.15772200 1.03750500 -0.29364900
v 0.11303850 0.96732350 -0.21130900
v 0.18136312 0.86746922 -0.24540011
v 0.23060313 0.83300220 -0.21778687
v 0.29722300 0.78774700 -0.13493300
v 0.29932400 0.79084100 -0.13312800
v 0.47369800 0.70724800 -0.14059100
v 0.50790402 0.73137364 -0.11117989
v 0.52886311 0.70779142 -0.10165534
v 0.57813700 0.65136900 0.03494200
v 0.57898500 0.65097100 0.03442000
v 0.58350608 0.63897899 0.02445035
v 0.57546854 0.58119215 0.06052322
v 0.50564173 0.51690117 0.10957006
v 0.43167134 0.45937126 0.04019278
v 0.38065236 0.47749427 -0.04248895
v 0.35436252 0.49306743 -0.02230881
v 0.34087100 0.50600700 -0.03715300
v 0.33846926 0.50152158 -0.04823845
v 0.33592967 0.49593373 -0.06449886
v 0.36422845 0.40793205 -0.00248284
v 0.32818400 0.30166500 0.14673500
v 0.28181456 0.29875873 0.18049626
v 0.20115479 0.28312499 0.19894123
v 0.12025050 0.27993666 0.17721556
v -0.02347151 0.31999931 0.03998434
v -0.28001513 0.24665964 0.19113311
v -0.32007200 0.25142200 0.16964900
v -0.36212978 0.28725025 0.11168574
v -0.37471350 0.36182075 0.01548350
v -0.33804884 0.47205870 -0.07312582
v -0.33746700 0.52458500 -0.05358600
v -0.33746700 0.52737500 -0.05573000
v -0.39500373 0.47928383 -0.06684730
v -0.46121653 0.45463172 -0.00772991
v -0.58332154 0.57492492 -0.01630539
v -0.58514950 0.59665488 -0.01318313
v -0.58492000 0.59331700 -0.00920600
v -0.58539100 0.59578800 -0.00928600
v -0.54273609 0.60131701 -0.11399009
v -0.52318000 0.63328400 -0.13040400
v -0.52310800 0.63217600 -0.13055600
v -0.52005700 0.63295100 -0.13235300
v -0.30591375 0.76684850 -0.12638100
v -0.28815877 0.74428831 -0.16398004
v -0.04334400 0.96731600 -0.23158200
v -0.04334400 0.96944600 -0.23220500
v -0.03849700 0.96732300 -0.23219100
v -0.03903875 0.96731775 -0.23212925
v -0.04409890 0.97341344 -0.23565361
v -0.37330156 1.27353884 -0.31924366
v -0.41575355 1.34297838 -0.28714240
v -0.42545530 1.36515796 -0.27693737
v -0.43825400 1.37905000 -0.25732225
v -0.44054662 1.39244438 -0.25435887
v -0.42289494 1.33430166 -0.27368956
v -0.50627477 1.42839048 -0.05903058
v -0.50563153 1.44303622 0.06063612
v -0.49888613 1.48127382 0.08032442
v -0.48844113 1.47691379 0.13170183
v -0.46791509 1.53214663 0.15980537
v -0.46048326 1.53947467 0.17331745
v -0.43990839 1.56974591 0.19897553
v -0.42424220 1.57928878 0.22276897
v -0.21896808 1.65918316 0.38253403
v -0.08946220 1.65057289 0.43631198
v 0.07600491 1.67667123 0.42138298
v 0.25306975 1.63064425 0.37949225
v 0.28484268 1.62530825 0.36008650
v 0.35926433 1.60913710 0.29819466
v 0.41268828 1.59162504 0.23558833
v 0.46601315 1.52238803 0.17610983
v 0.50519106 1.44383194 0.07206968
v 0.50999173 1.39065958 0.03028197
v 0.50967074 1.37879388 0.01736140
v 0.24248160 1.09885668 -0.31600763
v 0.15433100 1.03875800 -0.29704000
v 0.15473000 1.03899700 -0.29727100
v 0.11858403 0.95037144 -0.22643382
v 0.28987455 0.80602887 -0.14830739
v 0.29847600 0.78774700 -0.13312800
v 0.36378500 0.73627325 -0.14196087
v 0.41342836 0.73175556 -0.14829869
v 0.48534602 0.69354259 -0.13940270
v 0.55585295 0.68567515 -0.07470832
v 0.56819582 0.68865785 -0.03653266
v 0.57929600 0.65432600 0.03105800
v 0.57929975 0.64973025 0.03511175
v 0.48276584 0.51412222 0.11898299
v 0.50027773 0.48797355 0.08199886
v 0.46656728 0.46395664 0.05659339
v 0.45075702 0.46017976 0.04759573
v 0.36081561 0.49847582 -0.05536693
v 0.34056600 0.50600700 -0.03784800
v 0.36989863 0.35504622 0.05466207
v 0.32818400 0.29857100 0.14765500
v 0.32817300 0.29866200 0.14763350
v 0.32816200 0.29565900 0.14853200
v 0.29031231 0.30136208 0.17510894
v 0.10933963 0.28624570 0.17134203
v 0.03456062 0.30183509 0.08093674
v -0.04579968 0.27398041 0.10120265
v -0.08147446 0.25093915 0.14902256
v -0.10076250 0.25865550 0.16499200
v -0.17259905 0.25155613 0.19828915
v -0.17791518 0.25506263 0.19903133
v -0.31213100 0.26067850 0.17171575
v -0.33746700 0.53079500 -0.05878100
v -0.45670615 0.45591050 -0.02381999
v -0.58519600 0.59298400 -0.01196700
v -0.58615200 0.59512900 -0.01226400
v -0.57444661 0.61116305 -0.06439832
v -0.52351400 0.62987900 -0.13003500
v -0.52275300 0.63319000 -0.12975200
v -0.39159174 0.68744410 -0.14654622
v -0.37534455 0.69316118 -0.14200400
v -0.36982287 0.71217515 -0.14207152
v -0.30376550 0.76762200 -0.12772700
v -0.27499603 0.75763793 -0.18237802
v -0.22779950 0.77265066 -0.23510147
v -0.19742268 0.79090637 -0.25691550
v -0.07527358 0.90379141 -0.27306546
v -0.04025000 0.96731600 -0.23196600
v -0.03901052 1.02443303 -0.31402405
v -0.28397730 1.15928875 -0.33800815
v -0.39084331 1.31557378 -0.31292534
v -0.39306065 1.34095056 -0.31653521
v -0.42584360 1.38492037 -0.27857591
v -0.45947019 1.39276251 -0.21913718
v -0.47469566 1.50607437 0.15815474
v -0.44091300 1.56795100 0.19815000
v -0.31167201 1.63252093 0.33328620
v -0.25857149 1.63910610 0.37098226
v -0.01995066 1.68349114 0.42353737
v 0.17507579 1.66167786 0.40079776
v 0.38859100 1.59581800 0.26935300
v 0.38669150 1.60092013 0.26835500
v 0.48700524 1.45605165 0.14638870
v 0.49555972 1.44116509 0.12049212
v 0.47876148 1.36716697 -0.17011508
v 0.41537471 1.26890422 -0.25921916
v 0.30996311 1.12441066 -0.28188969
v 0.31330166 1.15380282 -0.30806112
v 0.25035039 1.09100020 -0.30088004
v 0.15567350 1.03910600 -0.29754700
v 0.15483900 1.03849700 -0.29736600
v 0.15147700 1.03873600 -0.29859000
v 0.12047776 0.91667504 -0.25137449
v 0.19793508 0.84480716 -0.24229982
v 0.25878154 0.80517478 -0.19400935
v 0.30075700 0.77768450 -0.13003500
v 0.37148087 0.74324437 -0.14431312
v 0.47543828 0.70374564 -0.14115537
v 0.53963783 0.54992458 0.10341426
v 0.34366000 0.50910100 -0.03813100
v 0.34056600 0.50910100 -0.03929700
v 0.35355286 0.30088265 0.11860977
v 0.34691537 0.29213413 0.13052863
v 0.25840528 0.29335858 0.19018347
v 0.16632597 0.26532913 0.19553715
v 0.15706025 0.26887148 0.19337550
v 0.06316088 0.28376905 0.12904894
v 0.02476624 0.32780868 0.05602801
v -0.03630337 0.25779077 0.07958592
v -0.04195101 0.25399572 0.09230202
v -0.08741113 0.22876832 0.15412957
v -0.29059103 0.22108906 0.19342171
v -0.33870018 0.24263692 0.15894380
v -0.36742400 0.39454700 0.01393300
v -0.33437300 0.53077300 -0.06023700
v -0.33730800 0.53077300 -0.05882400
v -0.33678600 0.53386700 -0.06191800
v -0.44984221 0.45828454 -0.03996815
v -0.50503216 0.46882438 0.03354765
v -0.58487700 0.59578800 -0.01548100
v -0.58461600 0.59511400 -0.01265500
v -0.55284577 0.61214551 -0.10241566
v -0.51901708 0.61515377 -0.13438327
v -0.48384724 0.61893989 -0.15068004
v -0.30414079 0.75636793 -0.12696898
v -0.24797263 0.74062523 -0.21948018
v -0.12022896 0.83625227 -0.28764936
v -0.08899182 0.89301592 -0.27491596
v -0.08922353 1.05719010 -0.34287712
v -0.22664352 1.11782212 -0.34351543
v -0.29999633 1.18791046 -0.34535650
v -0.34215500 1.23025300 -0.33179700
v -0.34376400 1.23318800 -0.33102900
v -0.50673999 1.45830089 0.03301038
v -0.49116549 1.49558567 0.11005361
v -0.48744469 1.50048760 0.12068264
v -0.43725643 1.59812853 0.17793554
v -0.40446300 1.61048186 0.23152144
v -0.28701068 1.64420194 0.34516800
v -0.28890182 1.64871475 0.34047490
v -0.07118491 1.68051564 0.41994974
v 0.01966071 1.68917113 0.41916546
v 0.05710661 1.70913882 0.40058115
v 0.22811289 1.63799184 0.39049554
v 0.38677200 1.59887600 0.26978000
v 0.38685900 1.59898500 0.26909200
v 0.38699700 1.59908600 0.26937500
v 0.38937300 1.59878200 0.26617900
v 0.43752921 1.55836826 0.21415947
v 0.47222633 1.48745071 0.17706068
v 0.50919255 1.41726046 0.04420317
v 0.50910352 1.39189805 -0.03893157
v 0.50782757 1.40704257 -0.05599876
v 0.41526012 1.28674031 -0.26845564
v 0.15441432 1.04367916 -0.30484092
v 0.08447852 1.00390121 -0.27485097
v 0.07953066 0.98440144 -0.24360199
v 0.06721432 0.97436489 -0.23011781
v 0.10939051 0.94477392 -0.23435362
v 0.19494763 0.83109416 -0.24882788
v 0.21533944 0.81523825 -0.23666856
v 0.23775165 0.79087128 -0.22145637
v 0.29885773 0.77869310 -0.13256389
v 0.30484837 0.76060862 -0.12516912
v 0.30341100 0.76916900 -0.12682500
v 0.30650500 0.76916900 -0.12597000
v 0.36350495 0.73020488 -0.14171807
v 0.37221804 0.74162729 -0.14481358
v 0.51607815 0.67147528 -0.12812524
v 0.56640866 0.67570711 -0.05781864
v 0.58301617 0.64900676 0.00941615
v 0.58184372 0.59542458 0.04493602
v 0.53158192 0.54620983 0.10939200
v 0.52066400 0.54968400 0.11907800
v 0.42142122 0.45653432 0.00258786
v 0.34764489 0.50320893 -0.03322707
v 0.34366000 0.51043400 -0.04024600
v 0.34056600 0.51030400 -0.04024600
v 0.37289008 0.36784934 0.02453571
v 0.36669533 0.34816536 0.07042214
v 0.34611387 0.25806098 0.14523817
v 0.28020735 0.28329309 0.18382719
v 0.13896318 0.28820916 0.18629110
v 0.08561534 0.26978092 0.15340633
v 0.05704252 0.27519714 0.12099466
v 0.00713704 0.37457848 0.04560876
v -0.00309850 0.37583900 0.02939900
v -0.01698260 0.35368654 0.02984858
v -0.03290526 0.29786647 0.07640138
v -0.10369350 0.24272550 0.16710600
v -0.16946091 0.21709914 0.20103079
v -0.35894672 0.25466882 0.13337069
v -0.37491250 0.36130100 0.01393300
v -0.37161600 0.37689700 -0.00923500
v -0.34080735 0.44014944 -0.08370149
v -0.32523475 0.49339472 -0.09576394
v -0.32663248 0.51754116 -0.08471341
v -0.33437300 0.53386700 -0.06105600
v -0.33437300 0.53580900 -0.06191800
v -0.43557229 0.47572011 -0.08176510
v -0.47517075 0.45657575 -0.00082650
v -0.47059900 0.45607000 -0.00619200
v -0.47339500 0.45596200 -0.00329400
v -0.32602503 0.73510008 -0.12498721
v -0.31705615 0.72865374 -0.11671558
v -0.30037322 0.73533688 -0.14260970
v -0.27462623 0.73715209 -0.18547331
v -0.05294500 0.92698700 -0.26273900
v 0.01267519 0.96654250 -0.23364247
v -0.05139525 0.97118700 -0.23177525
v -0.19785593 1.11473027 -0.35801233
v -0.28679261 1.16395338 -0.33961733
v -0.33051350 1.20787656 -0.33086027
v -0.34361900 1.23313000 -0.33085500
v -0.34355300 1.23361500 -0.33082600
v -0.40022646 1.34508736 -0.30820392
v -0.47917578 1.50646035 0.14480127
v -0.45812546 1.55062254 0.17046156
v -0.04526482 1.69233522 0.41522630
v -0.01020953 1.69104006 0.41855080
v 0.13434547 1.68032507 0.40400012
v 0.16024162 1.67046349 0.40100277
v 0.16326221 1.68199401 0.39203440
v 0.20064275 1.65314433 0.39534842
v 0.22728487 1.67223394 0.36626612
v 0.25615362 1.62713113 0.37950500
v 0.32247090 1.62259246 0.32911581
v 0.38667800 1.60194100 0.26704200
v 0.38769900 1.60197000 0.26626600
v 0.42699355 1.59347190 0.20709794
v 0.44905457 1.57061272 0.17992977
v 0.47879244 1.47795263 0.16328773
v 0.48395787 1.48007775 0.14637297
v 0.50977448 1.37384133 0.00326849
v 0.44975894 1.33014952 -0.22551735
v 0.40833385 1.25628422 -0.26237803
v 0.38317369 1.22292165 -0.27794143
v 0.26758632 1.09566348 -0.29133558
v 0.20937336 1.08569190 -0.32479895
v 0.12512429 1.01649547 -0.27922399
v 0.09016415 0.99054868 -0.25111777
v 0.08586350 0.96731600 -0.22054000
v 0.08049800 0.96605500 -0.22291700
v 0.09443900 0.94090900 -0.24190700
v 0.09288100 0.94565200 -0.23839300
v 0.09907600 0.93326100 -0.24655900
v 0.11573400 0.89980788 -0.26148825
v 0.29125582 0.78853402 -0.14827564
v 0.30341100 0.76607500 -0.12676000
v 0.30650500 0.76607500 -0.12515100
v 0.30650500 0.76298100 -0.12441900
v 0.55913100 0.67962700 -0.07150400
v 0.58052643 0.65259635 -0.02099592
v 0.54752610 0.53020289 0.08253147
v 0.52057000 0.54619200 0.11821600
v 0.52029500 0.54642300 0.11746200
v 0.50096515 0.48349219 0.07419686
v 0.51329758 0.48314230 0.06189994
v 0.49148916 0.47163350 0.06049091
v 0.43038091 0.45561196 0.01931450
v 0.41990349 0.45860565 -0.02562949
v 0.40204958 0.46444098 -0.03296555
v 0.34366000 0.51220200 -0.04333300
v 0.34056600 0.51219500 -0.04154300
v 0.33892900 0.51529600 -0.04644100
v 0.36104262 0.41656494 -0.02208686
v 0.32904872 0.26815562 0.15703418
v 0.06550147 0.27506091 0.13143633
v -0.00309325 0.37815200 0.05267150
v -0.02343832 0.31234691 0.03470093
v -0.03092249 0.28557665 0.06393946
v -0.09571452 0.24515165 0.16112170
v -0.13574056 0.23459057 0.18735012
v -0.30997850 0.24909803 0.17660491
v -0.33131550 0.23978750 0.16580900
v -0.35666794 0.23695606 0.14388134
v -0.37845940 0.32185545 0.05615215
v -0.38026782 0.33809947 0.01244405
v -0.37218300 0.37390825 -0.01652625
v -0.37168800 0.37597000 -0.01238700
v -0.37181900 0.37650600 -0.01175700
v -0.37193500 0.37570900 -0.01524900
v -0.37087700 0.37645500 -0.01872700
v -0.33746700 0.53421650 -0.06268425
v -0.34634978 0.53974330 -0.08442690
v -0.38498393 0.49692425 -0.08522444
v -0.41318660 0.48205560 -0.08399266
v -0.48105362 0.46114110 -0.03566092
v -0.47459100 0.45644000 -0.00338100
v -0.47404000 0.45665000 -0.00273600
v -0.47378700 0.45705600 -0.00014200
v -0.55180820 0.50115707 0.00986851
v -0.50175470 0.59663766 -0.14252711
v -0.43788242 0.64415149 -0.15545141
v -0.31271600 0.74544000 -0.12073100
v -0.18117128 0.80553524 -0.26492363
v -0.08294634 0.89434413 -0.27586109
v -0.05862500 0.92440700 -0.26357900
v -0.05572700 0.92571200 -0.26316600
v -0.02786800 0.97041000 -0.23446600
v -0.00599478 0.98291198 -0.25338042
v -0.01381268 1.00245023 -0.28521706
v -0.03159099 1.03282237 -0.32519021
v -0.12747871 1.07795216 -0.35250570
v -0.25842626 1.15559729 -0.35401598
v -0.34384300 1.23278200 -0.33061600
v -0.34366200 1.23667300 -0.33289100
v -0.38833299 1.35880122 -0.32575871
v -0.50323943 1.47425928 0.05259523
v -0.49525331 1.48322454 0.10082889
v -0.39982519 1.62558305 0.22576495
v -0.38135987 1.60544849 0.27231716
v -0.26842466 1.67744432 0.33480374
v -0.10784621 1.67185608 0.41823190
v 0.10062406 1.70192822 0.39757026
v 0.25695049 1.63415858 0.37493687
v 0.38604700 1.60510000 0.26625900
v 0.48204500 1.48135100 0.15143000
v 0.50908779 1.42730063 0.04025944
v 0.51010881 1.43100027 0.03013810
v 0.50280426 1.40445365 -0.09035821
v 0.49649959 1.41205410 -0.11875042
v 0.48662482 1.37904278 -0.14874048
v 0.46348487 1.36563900 -0.20782232
v 0.43580541 1.35178693 -0.25751860
v 0.43740987 1.32299250 -0.24528463
v 0.36616395 1.21894755 -0.29776827
v 0.35219306 1.19876689 -0.30048738
v 0.29805425 1.14978760 -0.31841233
v 0.23686762 1.09824871 -0.31933148
v 0.07760700 0.96733100 -0.22298900
v 0.08204500 0.96422200 -0.22388400
v 0.12892326 0.89591294 -0.25986952
v 0.30338900 0.76298900 -0.12690400
v 0.30675800 0.76001100 -0.12360000
v 0.30653400 0.75988000 -0.12384000
v 0.30960600 0.75942400 -0.12384000
v 0.36140719 0.74067270 -0.14238770
v 0.34679000 0.71657300 -0.13280200
v 0.45604002 0.69212925 -0.14876696
v 0.50481301 0.66307362 -0.13787004
v 0.54578944 0.66823229 -0.10032876
v 0.56037000 0.67599700 -0.07175800
v 0.56040700 0.67582400 -0.07085200
v 0.56179100 0.67628700 -0.06811300
v 0.56776770 0.66438483 -0.06234604
v 0.58500194 0.61978415 0.03018411
v 0.53432264 0.54576970 0.10640712
v 0.52036000 0.54570600 0.11781000
v 0.51683900 0.54168500 0.11765100
v 0.34056600 0.52402700 -0.05571600
v 0.33746500 0.51752800 -0.04953500
v 0.33746500 0.51529600 -0.04918800
v 0.33750100 0.51219500 -0.04956400
v 0.33810006 0.47959102 -0.06715951
v 0.34990036 0.45495489 -0.03642876
v 0.18914576 0.26262403 0.20043613
v 0.04674748 0.26870846 0.10326435
v 0.00309213 0.37517350 0.01202925
v -0.00000100 0.37649800 0.03095700
v -0.00000100 0.37649100 0.03096050
v -0.00163800 0.37597000 0.02786300
v -0.01405459 0.36018230 0.01525173
v -0.05385169 0.22665992 0.11414625
v -0.11931848 0.21172947 0.17979806
v -0.14011606 0.21714256 0.19128974
v -0.30741477 0.22193196 0.18546111
v -0.37843750 0.34346200 0.02012450
v -0.38185750 0.31667350 0.04217000
v -0.37265200 0.37333200 -0.01588700
v -0.37160100 0.37562200 -0.01548800
v -0.37140600 0.37609300 -0.01575600
v -0.37078900 0.37820138 -0.01867062
v -0.35978450 0.40414078 -0.04952844
v -0.35914600 0.40691600 -0.04902800
v -0.35390448 0.41264873 -0.06366423
v -0.33826953 0.42872308 -0.09659368
v -0.33234400 0.53696800 -0.06501900
v -0.33437300 0.54006200 -0.06455600
v -0.33878451 0.55092404 -0.08159082
v -0.51793082 0.47332463 0.01288754
v -0.53186739 0.48390384 -0.03010040
v -0.56660065 0.52386199 -0.01187642
v -0.56896741 0.60748543 -0.07873292
v -0.31270100 0.74130200 -0.11915900
v -0.31270100 0.74440400 -0.12032500
v -0.30765100 0.74749750 -0.12215500
v -0.30960800 0.74440400 -0.12004300
v -0.22541735 0.73893868 -0.24244906
v -0.16250861 0.80858077 -0.27565960
v -0.11575145 0.84636104 -0.28556457
v -0.07723363 0.93153100 -0.25529006
v -0.06199963 0.90997552 -0.27229700
v -0.02600820 0.94784390 -0.25004922
v -0.00594826 0.96421853 -0.23614682
v -0.27763860 1.15530419 -0.33963720
v -0.39957396 1.36063281 -0.31189698
v -0.43069781 1.46549494 -0.26374356
v -0.48876695 1.46617345 -0.13660362
v -0.49800200 1.44101500 -0.10526900
v -0.49836425 1.44470850 -0.10303200
v -0.49865400 1.44094200 -0.10216800
v -0.46208678 1.56856639 0.14259744
v -0.35508453 1.62773993 0.28866733
v -0.33062687 1.64940741 0.29957961
v -0.20059147 1.68431642 0.37286993
v 0.40305300 1.60439700 0.24139200
v 0.40277050 1.60652000 0.23994300
v 0.40261800 1.60584600 0.24168200
v 0.40409600 1.60211500 0.24133400
v 0.42480443 1.60112065 0.20423557
v 0.43389521 1.58378639 0.20114818
v 0.43552951 1.60070598 0.18181428
v 0.44442393 1.57672356 0.18485525
v 0.46876026 1.50060451 0.18083027
v 0.48253000 1.48435800 0.14861100
v 0.48288500 1.48073600 0.14935800
v 0.48366975 1.48213375 0.14614600
v 0.48305900 1.48086600 0.14831400
v 0.48374000 1.47846800 0.14827100
v 0.48402300 1.48135100 0.14529300
v 0.50300812 1.43894278 0.08524518
v 0.50430452 1.41272995 -0.08061915
v 0.50013905 1.41985633 -0.10212707
v 0.49148122 1.38378097 -0.13394188
v 0.36980848 1.22872585 -0.29901589
v 0.31890420 1.16231418 -0.30907156
v 0.19625108 1.07971284 -0.32500668
v 0.16577223 1.06854662 -0.32859586
v 0.10835800 0.92087900 -0.25276100
v 0.27448691 0.80651788 -0.17273925
v 0.30349800 0.75992400 -0.12697000
v 0.30603400 0.75966300 -0.12373100
v 0.30660600 0.76014800 -0.12383200
v 0.40054380 0.71280675 -0.14857550
v 0.46413768 0.68855095 -0.14780117
v 0.56053000 0.67654100 -0.07083000
v 0.56076525 0.67620550 -0.07061475
v 0.51620485 0.52730197 0.11039615
v 0.51984154 0.47799866 0.04245084
v 0.33771900 0.51839000 -0.04953500
v 0.33746500 0.51839000 -0.04965100
v 0.34020050 0.50600700 -0.03904700
v 0.33374363 0.52432145 -0.05913711
v 0.30752215 0.27276003 0.17104882
v 0.24941507 0.29205411 0.19291796
v 0.00308950 0.37568700 0.02952200
v 0.00076550 0.37586275 0.02391900
v -0.00001500 0.37607100 0.02458000
v -0.00980797 0.37022194 0.02480661
v -0.15479066 0.22929497 0.19554414
v -0.18845100 0.25476175 0.20064731
v -0.32992115 0.21892739 0.17369929
v -0.36778921 0.26931354 0.11226312
v -0.38004200 0.33602400 0.02176900
v -0.37202200 0.37287600 -0.01857500
v -0.37085154 0.37349300 -0.03040711
v -0.36061000 0.40074200 -0.04953500
v -0.36100450 0.39919150 -0.04953500
v -0.35964600 0.40396700 -0.05251300
v -0.35945000 0.40324200 -0.05318700
v -0.33127900 0.54006200 -0.06700500
v -0.33366300 0.54006200 -0.06501900
v -0.45905411 0.47691224 -0.08409446
v -0.48799133 0.45977589 -0.01000218
v -0.48121228 0.45781144 0.01226026
v -0.54756545 0.49719902 -0.01161708
v -0.58106242 0.57842104 -0.03375482
v -0.57243152 0.59330113 -0.06668367
v -0.35099993 0.69441076 -0.13081843
v -0.33965882 0.67915250 -0.12062204
v -0.31115450 0.73666200 -0.11888000
v -0.31270100 0.73820900 -0.11818100
v -0.30960800 0.74130200 -0.11966600
v -0.30277174 0.76101999 -0.13042872
v -0.29081092 0.72572968 -0.16213235
v -0.22097185 0.74072426 -0.24605577
v -0.11218114 0.85868905 -0.28246297
v -0.01851702 0.93368142 -0.26153307
v 0.00288088 0.99008780 -0.26519513
v -0.03647166 1.04376851 -0.33766613
v -0.02359086 1.05547044 -0.35186649
v -0.06923649 1.06126954 -0.35141202
v -0.26740413 1.17592683 -0.36235291
v -0.33208309 1.23784625 -0.34532119
v -0.41447465 1.41832401 -0.29601488
v -0.42451782 1.40868091 -0.28077067
v -0.44730785 1.42557647 -0.24350185
v -0.45907543 1.43079812 -0.22033496
v -0.47286466 1.42704717 -0.18993306
v -0.47968710 1.43327725 -0.17113864
v -0.49897300 1.44341300 -0.10252300
v -0.49869000 1.44402900 -0.10213200
v -0.49816800 1.44408000 -0.10236300
v -0.49819000 1.44765200 -0.10100900
v -0.50162476 1.46705054 -0.07311576
v -0.50756006 1.45932628 -0.00612931
v -0.50801248 1.45538025 0.00000694
v -0.47249942 1.52892451 0.14867300
v -0.40536462 1.63331222 0.20705883
v -0.39284208 1.63985439 0.22438445
v -0.18329838 1.65495823 0.40343907
v -0.13969347 1.66398202 0.41380937
v -0.05911443 1.69264149 0.41335269
v 0.23633050 1.64959900 0.37752650
v 0.33389144 1.63001822 0.31198473
v 0.39926300 1.61131700 0.24149300
v 0.40233600 1.60481000 0.24115300
v 0.48298700 1.48750300 0.14554600
v 0.48358800 1.48469900 0.14717000
v 0.48248000 1.48100400 0.14810400
v 0.48745227 1.40664888 -0.15109626
v 0.46807935 1.38018491 -0.19938229
v 0.45774010 1.36893364 -0.22010978
v 0.39626114 1.26648507 -0.28572263
v 0.26800237 1.13344416 -0.32978407
v 0.07120900 0.96731600 -0.22480800
v 0.09087450 0.93654919 -0.24735285
v 0.16017696 0.85817723 -0.26169702
v 0.28835462 0.75131528 -0.16243536
v 0.30275529 0.76375046 -0.12752184
v 0.30728025 0.77149125 -0.12701500
v 0.35908822 0.71186649 -0.13774389
v 0.39745764 0.69037425 -0.14839762
v 0.42120460 0.70689992 -0.14985999
v 0.57346579 0.67054382 -0.03735509
v 0.56039804 0.53964380 0.06735228
v 0.41252560 0.46225856 -0.03669379
v 0.35761806 0.50656568 -0.06303994
v 0.34151197 0.46025493 -0.06873898
v 0.35629438 0.42847287 -0.03479767
v 0.36834008 0.38524735 -0.02415023
v 0.37263103 0.37336630 0.00385556
v 0.37318304 0.35553407 0.04149491
v 0.36328986 0.29200043 0.10842007
v 0.28370871 0.27362027 0.18419253
v 0.26058075 0.25748812 0.19610479
v 0.17471145 0.26078839 0.19783830
v 0.12650876 0.26543693 0.18095413
v 0.10479910 0.26334046 0.16811087
v 0.03014619 0.28214247 0.06455525
v 0.02419987 0.31618994 0.04602375
v 0.01133230 0.36505398 0.02616415
v 0.00096262 0.37592973 0.02584441
v -0.01866720 0.33716244 0.01267688
v -0.02704942 0.25938821 0.03374310
v -0.06927380 0.21897877 0.13567882
v -0.12141188 0.22555512 0.17990463
v -0.19504925 0.20216821 0.20725851
v -0.21202290 0.23383265 0.20512469
v -0.34061200 0.23041900 0.16152300
v -0.37346481 0.36898248 -0.01397436
v -0.35901600 0.40043100 -0.05284700
v -0.35882000 0.40388700 -0.05237600
v -0.35830600 0.40383600 -0.05573000
v -0.34637710 0.42046427 -0.08079210
v -0.34538833 0.40884678 -0.09147803
v -0.32095056 0.53674947 -0.09483573
v -0.32965957 0.54260464 -0.07043456
v -0.33437300 0.54315600 -0.06722200
v -0.33437300 0.54793800 -0.07120700
v -0.49264287 0.46109035 0.00496698
v -0.53647530 0.48528787 0.00268537
v -0.55175758 0.50510358 -0.03352721
v -0.57397864 0.54735424 -0.03336665
v -0.55470470 0.59113626 -0.09825410
v -0.37649200 0.69140900 -0.14277200
v -0.35939081 0.69792527 -0.13578770
v -0.31191200 0.73511500 -0.11765200
v -0.31367147 0.69480194 -0.11305471
v -0.28768029 0.71281647 -0.16798120
v -0.07198873 1.07430461 -0.36419121
v -0.08917936 1.07622522 -0.36221683
v -0.10820065 1.09028967 -0.37105357
v -0.30902400 1.22480113 -0.35935940
v -0.37557993 1.29659466 -0.32598100
v -0.37041490 1.32528482 -0.33927063
v -0.39517270 1.36613638 -0.31836211
v -0.49824100 1.44720300 -0.10216800
v -0.49867600 1.45043400 -0.09910300
v -0.49902567 1.50036756 0.05534396
v -0.49289365 1.50167242 0.09482347
v -0.44401911 1.57523113 0.18418224
v -0.26400233 1.67232208 0.34200213
v -0.23517119 1.68167134 0.35464317
v -0.16533808 1.66241466 0.40585590
v 0.00172735 1.71278193 0.40197016
v 0.06039126 1.71708934 0.39401068
v 0.21096194 1.67858842 0.37104119
v 0.23749024 1.66972030 0.36285470
v 0.35246099 1.63140824 0.28942150
v 0.36631672 1.62645781 0.27578392
v 0.39604952 1.61191001 0.24635846
v 0.43942333 1.60388443 0.16936307
v 0.44557000 1.57682700 0.18217300
v 0.44583100 1.57559600 0.18266600
v 0.44610600 1.57432800 0.18314400
v 0.44583800 1.57557750 0.18265850
v 0.47915388 1.52038017 0.13690139
v 0.48527295 1.49304720 0.13510718
v 0.50188390 1.45831470 0.08368511
v 0.51092771 1.40685255 -0.00378557
v 0.50617347 1.41785667 -0.06727354
v 0.44922826 1.37099955 -0.23681905
v 0.30834683 1.18219515 -0.33504255
v 0.06830112 1.02185476 -0.30493093
v 0.06811500 0.96731600 -0.22559000
v 0.06811500 0.96656200 -0.22601000
v 0.11610000 0.90384800 -0.26039100
v 0.17758233 0.82544205 -0.26225949
v 0.25080652 0.77209657 -0.21070651
v 0.24305663 0.79578257 -0.21496887
v 0.26298175 0.77865609 -0.19456321
v 0.30014658 0.74850716 -0.13733832
v 0.30650500 0.74749700 -0.12320900
v 0.31329156 0.74984708 -0.12221104
v 0.35972915 0.69077596 -0.13534607
v 0.41317009 0.69299552 -0.15028472
v 0.43331787 0.69889544 -0.15023649
v 0.55940074 0.66635767 -0.07938468
v 0.56821940 0.65017216 -0.06957104
v 0.57688195 0.56251426 0.04464021
v 0.51944631 0.49032794 0.06804095
v 0.46656854 0.45636257 0.02634330
v 0.44720796 0.45624801 0.03156941
v 0.43982537 0.45475562 0.00264949
v 0.44051360 0.45648399 -0.03050560
v 0.42295247 0.46414501 -0.05245601
v 0.40752097 0.47289068 -0.06470008
v 0.41049640 0.47504304 -0.07047434
v 0.38859997 0.48713950 -0.07459709
v 0.35343851 0.42940420 -0.04901068
v 0.37515233 0.35955784 0.01817057
v 0.36907214 0.30274137 0.09176303
v 0.14287995 0.25620594 0.18867686
v 0.10806800 0.25555400 0.17045000
v 0.02075647 0.32668608 0.02857886
v 0.01360110 0.35869115 0.01704497
v -0.10457488 0.21341063 0.16927138
v -0.12114100 0.22731800 0.17950700
v -0.15648693 0.18350962 0.19972360
v -0.21004184 0.21417027 0.20738469
v -0.23715326 0.20454583 0.20838856
v -0.36773469 0.38309845 -0.03619197
v -0.36904063 0.37044245 -0.04581985
v -0.33077284 0.47461452 -0.09082758
v -0.32768525 0.55941125 -0.07581175
v -0.33155500 0.54625700 -0.06811300
v -0.33127900 0.54638350 -0.06805150
v -0.39437207 0.50117849 -0.09824392
v -0.50201789 0.46475443 0.01367675
v -0.54260909 0.58003756 -0.11004597
v -0.38081800 0.68557600 -0.14328700
v -0.37752800 0.68850300 -0.14217800
v -0.37762200 0.68848900 -0.14267100
v -0.37927624 0.68223581 -0.14259784
v -0.37149090 0.67908155 -0.13911955
v -0.31270100 0.73511500 -0.11727500
v -0.31196200 0.73202100 -0.11713400
v -0.21432579 0.76326974 -0.24842562
v -0.00240475 0.97040825 -0.23550400
v -0.00334521 0.97402113 -0.23956034
v -0.21279661 1.14800077 -0.37727011
v -0.23325835 1.15279290 -0.36795736
v -0.41022163 1.37906865 -0.29972602
v -0.48464645 1.43967495 -0.15605552
v -0.49618771 1.44356857 -0.11381767
v -0.48327753 1.52532998 0.11414225
v -0.38915033 1.64015863 0.22988391
v -0.37104818 1.61866615 0.27564795
v 0.15512660 1.69245288 0.38710995
v 0.23070400 1.65750400 0.37550850
v 0.40320844 1.61376856 0.23270187
v 0.47917325 1.51606801 0.14116748
v 0.49419004 1.47518768 0.11150323
v 0.49796973 1.46555681 0.09955395
v 0.43056061 1.35125487 -0.26631900
v 0.28866980 1.15487497 -0.33117419
v 0.11857495 1.03295630 -0.30516702
v 0.10006946 1.02258032 -0.29746453
v 0.06854610 0.98916744 -0.25518404
v 0.05263138 0.97041000 -0.23002538
v 0.07062052 0.96401352 -0.22712834
v 0.11756968 0.89898410 -0.26254910
v 0.19789078 0.81400304 -0.25145890
v 0.27273805 0.78368541 -0.17972667
v 0.28381393 0.76762745 -0.16628341
v 0.29338316 0.74761726 -0.15352546
v 0.30650500 0.74440400 -0.12336900
v 0.30895925 0.73588650 -0.11977500
v 0.43972879 0.68402728 -0.15119101
v 0.58400424 0.57514888 0.02087536
v 0.53451214 0.52274812 0.09219312
v 0.33502500 0.52303450 -0.05623900
v 0.35525300 0.42860200 -0.04024600
v 0.35527500 0.42530500 -0.04008700
v 0.35622400 0.42568900 -0.04059400
v 0.35591250 0.42668550 -0.03850750
v 0.37788483 0.35091116 -0.00298220
v 0.35442769 0.26169809 0.13472779
v 0.15303818 0.23948915 0.19357552
v 0.10051794 0.19298150 0.16583244
v 0.10059400 0.25444550 0.16522600
v 0.09917000 0.26166200 0.16408100
v 0.06409100 0.24407726 0.12933783
v 0.05292970 0.23965972 0.11320603
v 0.02307029 0.30469017 0.03032542
v -0.02109640 0.32029315 0.01937757
v -0.02534145 0.29013106 0.03368475
v -0.02872483 0.24893026 0.04175035
v -0.12122100 0.22470900 0.18000000
v -0.12115500 0.22392000 0.17957900
v -0.21830274 0.19635562 0.20964918
v -0.26294619 0.18817120 0.20693875
v -0.34978850 0.22608950 0.15444400
v -0.38186500 0.32179000 0.03560500
v -0.38522344 0.31486037 0.02447384
v -0.36271216 0.38106116 -0.06100274
v -0.32597948 0.46582755 -0.10421245
v -0.40809795 0.49961385 -0.10375664
v -0.42771276 0.49821665 -0.10909010
v -0.44558025 0.47621745 -0.08504835
v -0.46268623 0.47089562 -0.07122549
v -0.56741865 0.54124326 -0.05018182
v -0.46450223 0.63814590 -0.15438070
v -0.37708775 0.69084375 -0.14265275
v -0.37806400 0.68899600 -0.14293900
v -0.30489605 0.72368369 -0.13401357
v -0.26490681 0.72325543 -0.20063529
v -0.24676754 0.72017087 -0.22240378
v -0.18249031 0.77066524 -0.27149977
v -0.15238715 0.80894434 -0.28131881
v -0.08509225 0.87013750 -0.28616041
v -0.04025725 1.06386625 -0.35858223
v -0.05676373 1.07342797 -0.36601967
v -0.18339838 1.12120735 -0.37074802
v -0.23815425 1.16918181 -0.37714003
v -0.35920808 1.33040538 -0.35272184
v -0.49387533 1.47656733 -0.10979405
v -0.50258355 1.47673834 -0.05531888
v -0.50629747 1.46383902 -0.03150731
v -0.50645098 1.47218183 0.00850547
v -0.50337715 1.49089700 0.02403212
v -0.45984696 1.57101843 0.14560156
v -0.44960665 1.59694470 0.14623932
v -0.45043311 1.58309893 0.16020167
v -0.42199322 1.61132266 0.19860042
v -0.36513632 1.64207221 0.26317377
v -0.34534886 1.65515324 0.27652824
v -0.29628726 1.67358701 0.31316762
v -0.09350223 1.68353209 0.41363801
v -0.04823012 1.70623999 0.40452319
v -0.01754945 1.71455002 0.40049699
v 0.26616141 1.64664730 0.35947410
v 0.42109797 1.60907599 0.20393059
v 0.46007474 1.56105394 0.16134518
v 0.49571109 1.42994039 -0.11963165
v 0.47886607 1.39367663 -0.17386759
v 0.42381056 1.32730700 -0.26973456
v 0.40614478 1.30541539 -0.28841897
v 0.05613450 0.97041000 -0.22922050
v 0.05572500 0.96731600 -0.22880700
v 0.05882700 0.96731600 -0.22805400
v 0.06192000 0.96731600 -0.22732200
v 0.06189100 0.96421500 -0.22905400
v 0.07766094 0.94016334 -0.24748250
v 0.33705870 0.73277806 -0.13124758
v 0.34766097 0.70371429 -0.13115067
v 0.34573472 0.70139188 -0.12956751
v 0.40238628 0.65790662 -0.15023964
v 0.41814608 0.67564213 -0.15144484
v 0.47931739 0.65299260 -0.14916833
v 0.49879612 0.65455119 -0.14226075
v 0.58503503 0.59181290 0.02728749
v 0.57203750 0.54443311 0.04092748
v 0.44835152 0.45439255 -0.00732578
v 0.43775389 0.45623523 -0.02326293
v 0.34658113 0.51631163 -0.05694170
v 0.33437150 0.54316887 -0.06742613
v 0.33746500 0.53016400 -0.05882400
v 0.33643013 0.47228261 -0.07647311
v 0.34440327 0.46618391 -0.05215440
v 0.35553600 0.42642100 -0.04040600
v 0.35604300 0.42252300 -0.04388400
v 0.28483646 0.26633480 0.18518592
v 0.24189039 0.26916259 0.19823691
v 0.21108535 0.27474450 0.19991114
v 0.21101748 0.24128984 0.20477152
v 0.11445037 0.25649071 0.17450676
v 0.09628023 0.23775870 0.16231502
v 0.09907600 0.25215600 0.16413900
v 0.09929300 0.25543100 0.16350800
v 0.09832300 0.25847400 0.16375500
v 0.09921400 0.25486600 0.16464600
v -0.00830711 0.37121301 0.00436091
v -0.07361596 0.20098903 0.14137027
v -0.12037300 0.22139800 0.17957200
v -0.12085800 0.22381800 0.18021000
v -0.12384400 0.22426700 0.18150700
v -0.34376139 0.20685068 0.16588102
v -0.36534500 0.21316350 0.14276050
v -0.36988827 0.22004738 0.13526542
v -0.38464560 0.31310579 0.03292816
v -0.38172370 0.33291294 0.00706596
v -0.35986896 0.36978953 -0.07802614
v -0.31444102 0.49114488 -0.11628788
v -0.32008089 0.50916868 -0.10175602
v -0.31944000 0.51565100 -0.10215300
v -0.31906300 0.51843400 -0.10213200
v -0.32012800 0.52148400 -0.09907400
v -0.32817800 0.55243700 -0.07414200
v -0.33127900 0.55554600 -0.07299700
v -0.33127900 0.55518750 -0.07275050
v -0.45971932 0.46703528 -0.06348278
v -0.51348719 0.58174571 -0.13378523
v -0.48668905 0.59648969 -0.14831163
v -0.44616211 0.62348555 -0.15609905
v -0.43319405 0.62443952 -0.15607837
v -0.42345004 0.63076426 -0.15517598
v -0.27098336 0.71523506 -0.19284753
v -0.20450799 0.75028202 -0.25830041
v -0.03078113 0.90437678 -0.28004383
v -0.00617050 0.96731600 -0.23447350
v -0.01965538 1.02086283 -0.31065107
v -0.13871197 1.10314392 -0.37402155
v -0.34065526 1.28567093 -0.35737077
v -0.37519155 1.37965866 -0.34327365
v -0.43827325 1.41813837 -0.25780900
v -0.46863680 1.44905911 -0.19707816
v -0.47433848 1.47571779 -0.17704825
v -0.47650805 1.54157128 0.12203896
v -0.36240126 1.65360722 0.25643812
v -0.32860600 1.66083300 0.29106100
v -0.14096705 1.68048030 0.40206139
v 0.12341025 1.69950209 0.39220278
v 0.18456861 1.68460927 0.38045002
v 0.28412797 1.65592171 0.33853355
v 0.35949195 1.63776740 0.27502077
v 0.38156191 1.60942282 0.26976464
v 0.39539027 1.61590021 0.24400164
v 0.48933372 1.49927083 0.11516729
v 0.49567337 1.43735728 -0.11865153
v 0.41387828 1.33256622 -0.28629532
v 0.37457946 1.25164362 -0.30611730
v 0.35153461 1.23024404 -0.32155572
v 0.10318974 1.04803297 -0.32925194
v 0.05701598 0.99980150 -0.27502882
v 0.05572500 0.96922900 -0.22911200
v 0.23023992 0.76892221 -0.23299613
v 0.25641500 0.77212500 -0.20385300
v 0.26031974 0.75854511 -0.20147346
v 0.25911387 0.75248088 -0.20448031
v 0.38884015 0.68028628 -0.14604473
v 0.56023664 0.64852647 -0.08476266
v 0.57166364 0.63745030 -0.06719199
v 0.58448549 0.63280364 -0.01757156
v 0.58739289 0.59440318 0.00192321
v 0.55778252 0.51899839 0.04740224
v 0.35364943 0.52254621 -0.07869139
v 0.33746500 0.53077300 -0.05951300
v 0.33437100 0.53078000 -0.05907100
v 0.33231700 0.53232000 -0.06346850
v 0.37564022 0.32057328 0.06345539
v 0.19315688 0.21384964 0.20615931
v 0.11304441 0.26918884 0.17315738
v 0.09867800 0.25440200 0.16408800
v 0.03280678 0.25095393 0.06626148
v 0.01924454 0.32725635 0.00930225
v -0.01381318 0.35960881 -0.00437941
v -0.03824025 0.23414128 0.08249158
v -0.04986698 0.21814290 0.10705274
v -0.14516123 0.21552580 0.19335792
v -0.22386954 0.19110491 0.21018075
v -0.28373076 0.19974703 0.19974653
v -0.30161600 0.21708700 0.18881000
v -0.30363000 0.21514500 0.18822300
v -0.30649200 0.21476100 0.18738300
v -0.37943701 0.30752681 0.06418940
v -0.35651205 0.38927354 -0.07366097
v -0.31811950 0.51849700 -0.10372200
v -0.31845400 0.51762200 -0.10251600
v -0.31844700 0.51840500 -0.10170400
v -0.31823700 0.52155600 -0.10114600
v -0.31858500 0.52488200 -0.10165300
v -0.31904100 0.53702600 -0.09907400
v -0.31916500 0.54038800 -0.09921200
v -0.31891100 0.54150350 -0.09888550
v -0.31899100 0.54364800 -0.09901600
v -0.31878100 0.54598100 -0.09869700
v -0.32087808 0.55155644 -0.09312347
v -0.32818500 0.55554600 -0.07443100
v -0.32835200 0.55554600 -0.07430800
v -0.33127900 0.55864000 -0.07477900
v -0.34575422 0.57989027 -0.10666253
v -0.37879940 0.53052641 -0.11247390
v -0.50611267 0.46649812 -0.01266737
v -0.51680400 0.59292600 -0.13298400
v -0.51723175 0.59117800 -0.13246550
v -0.51639100 0.59617200 -0.13383100
v -0.40947824 0.62489186 -0.15246976
v -0.32767286 0.68972150 -0.11330728
v -0.32199000 0.71653700 -0.11644200
v -0.31580300 0.72305100 -0.11453600
v -0.31517900 0.72273200 -0.11455800
v -0.31026000 0.73124400 -0.11861550
v -0.14085724 0.81436881 -0.28515963
v -0.05642653 0.89234520 -0.28258273
v -0.02181974 0.91430033 -0.27495177
v -0.00020653 0.96959361 -0.23532219
v 0.01074339 1.00222083 -0.28496231
v -0.08460336 1.09212391 -0.37854265
v -0.18919436 1.13463946 -0.37849486
v -0.32228869 1.25311246 -0.36206515
v -0.35046682 1.29895588 -0.35233361
v -0.36046791 1.36617903 -0.35769011
v -0.40883193 1.42965365 -0.30288268
v -0.42558453 1.43412278 -0.27892880
v -0.44051532 1.45197192 -0.25257789
v -0.48912345 1.47176902 -0.13117213
v -0.48993000 1.51841300 0.08978400
v -0.48928500 1.51864500 0.09302300
v -0.46933188 1.55769140 0.13096124
v -0.45862281 1.58693735 0.12959337
v -0.33128700 1.66083300 0.28793800
v -0.33154700 1.66118800 0.28793800
v -0.21222117 1.69545674 0.35739531
v -0.20597313 1.68950238 0.36588178
v 0.03456512 1.71889771 0.39539331
v 0.15781495 1.70562162 0.37487828
v 0.34627750 1.65418355 0.27704011
v 0.37201726 1.64220803 0.25424497
v 0.49940876 1.47784982 0.08325724
v 0.50954361 1.44696298 0.00461018
v 0.50993815 1.44255375 -0.01089567
v 0.50400374 1.43889380 -0.07802043
v 0.48051848 1.40630725 -0.17074534
v 0.45754097 1.39939983 -0.22395827
v 0.43937311 1.36589989 -0.25438842
v 0.39599637 1.28272963 -0.29383372
v 0.10449610 1.02816357 -0.30388496
v 0.04554647 0.97410307 -0.23536708
v 0.05185775 0.96808950 -0.22979800
v 0.14237096 0.85494072 -0.27181771
v 0.25354600 0.77182800 -0.20763500
v 0.25387200 0.77226300 -0.20696900
v 0.25447162 0.77023775 -0.20674138
v 0.25331400 0.76906800 -0.20684600
v 0.25661100 0.76917600 -0.20412900
v 0.30518190 0.74138359 -0.12724342
v 0.30960600 0.73511500 -0.11885500
v 0.31502025 0.73586125 -0.11875125
v 0.41736897 0.66409108 -0.15222632
v 0.44979333 0.64367205 -0.15502115
v 0.57553701 0.63137138 -0.06017823
v 0.52128695 0.48943777 0.06347639
v 0.51186794 0.47073706 0.02575071
v 0.33321900 0.53386700 -0.06191800
v 0.33127000 0.53386700 -0.06497600
v 0.33574376 0.44971270 -0.09102000
v 0.37167392 0.37361620 -0.01721264
v 0.35782043 0.24714312 0.13729546
v 0.34008906 0.22820263 0.16205145
v 0.03713326 0.24831393 0.07935157
v 0.01058957 0.36634931 -0.00360909
v 0.00576854 0.37197955 -0.00018365
v -0.00851057 0.37169053 -0.00773356
v -0.06117006 0.20163390 0.12441632
v -0.08951154 0.22055516 0.15685297
v -0.16527849 0.18374534 0.20246920
v -0.30392000 0.21509400 0.18828100
v -0.30315638 0.21404600 0.18925444
v -0.30413000 0.21494900 0.18854900
v -0.31066401 0.19867106 0.18913382
v -0.37774420 0.22685008 0.12051639
v -0.37240443 0.26907539 0.10471389
v -0.38371800 0.30174325 0.05339825
v -0.39013306 0.22950406 0.09619237
v -0.38818234 0.28134277 0.06021244
v -0.38840455 0.30177771 0.02809405
v -0.38450049 0.32265538 -0.00724680
v -0.38195066 0.32875112 -0.02153498
v -0.32817423 0.43290856 -0.11266965
v -0.31350956 0.51068397 -0.11382296
v -0.31857800 0.52148400 -0.10216800
v -0.31380796 0.52154238 -0.11112164
v -0.30713003 0.53795665 -0.12133831
v -0.31895400 0.53933700 -0.09876200
v -0.31868600 0.53978600 -0.09912500
v -0.31873700 0.54315600 -0.09907400
v -0.31024814 0.55488661 -0.11537482
v -0.32818500 0.56173300 -0.07575700
v -0.33127900 0.56173300 -0.07657600
v -0.51704300 0.58960000 -0.13262100
v -0.51723200 0.59249100 -0.13250500
v -0.51697100 0.59262900 -0.13279500
v -0.36190717 0.66032124 -0.13357373
v -0.31579500 0.71963100 -0.11363000
v -0.31579500 0.72273200 -0.11444900
v -0.31329600 0.71963100 -0.11455800
v -0.29625368 0.69981602 -0.15405768
v -0.04346283 0.90470401 -0.27810571
v 0.00274500 0.95473800 -0.24454500
v 0.00723400 0.95795275 -0.24163575
v -0.00005900 0.95808500 -0.24149400
v 0.00289700 0.95826600 -0.24156700
v 0.00619225 0.96886850 -0.23495550
v 0.01238900 0.97043200 -0.23527800
v -0.00508125 0.97041100 -0.23524250
v 0.03137064 0.98550339 -0.25614659
v -0.05355607 1.07983249 -0.37260067
v -0.16004930 1.11508626 -0.37585772
v -0.39639330 1.39191882 -0.31903605
v -0.44635294 1.45590449 -0.24158190
v -0.46094787 1.45005406 -0.21365172
v -0.47073443 1.47109957 -0.18714659
v -0.50082182 1.50362253 -0.01891932
v -0.50050646 1.50769525 0.00617926
v -0.48961675 1.52108838 0.08786388
v -0.48992300 1.52139800 0.08698700
v -0.48970500 1.52149200 0.08950100
v -0.49001700 1.51878200 0.09304500
v -0.48904600 1.52134700 0.08987800
v -0.48469965 1.53543509 0.09525220
v -0.47002145 1.57439951 0.10648718
v -0.37108347 1.64617951 0.25119822
v -0.33148200 1.66388400 0.28435900
v -0.33135200 1.66393500 0.28429300
v -0.32843900 1.66392700 0.28819900
v -0.31659216 1.69314620 0.27173445
v -0.25961890 1.68492950 0.33456908
v -0.10874949 1.70923239 0.39024164
v -0.03187079 1.73274768 0.38319017
v 0.32654084 1.65465625 0.29924166
v 0.34652046 1.67439882 0.25756431
v 0.39640328 1.63771637 0.21998018
v 0.41310935 1.63114762 0.19480385
v 0.42540287 1.61330022 0.18989982
v 0.45926678 1.57192603 0.15139759
v 0.50751203 1.45977193 -0.03344817
v 0.48845130 1.41761428 -0.14682984
v 0.44265728 1.38470065 -0.25102886
v 0.39639662 1.29365670 -0.29759812
v 0.25457234 1.13081956 -0.33731297
v 0.18621261 1.08902890 -0.33984240
v 0.13228799 1.05751267 -0.32989969
v 0.06500300 0.96538850 -0.22753200
v 0.09437082 0.90632821 -0.26669052
v 0.16069817 0.82476562 -0.27234057
v 0.20502301 0.79092987 -0.25062390
v 0.25403900 0.76951700 -0.20822200
v 0.25387200 0.76898100 -0.20742500
v 0.25387200 0.76290200 -0.20851900
v 0.30960600 0.73202100 -0.11877500
v 0.31235900 0.73511500 -0.11765200
v 0.41319989 0.66088148 -0.15200899
v 0.43874540 0.65546305 -0.15410653
v 0.54561904 0.62608152 -0.11031099
v 0.57807458 0.55327213 0.02352786
v 0.40209481 0.49878941 -0.10119362
v 0.36804838 0.50506636 -0.07708717
v 0.34045800 0.53513450 -0.06979400
v 0.32034765 0.51098075 -0.10048312
v 0.33422619 0.47883496 -0.07904032
v 0.32986524 0.47579492 -0.09049464
v 0.36309020 0.39206971 -0.04635525
v 0.36649647 0.37548842 -0.04992097
v 0.37832114 0.34708178 0.01244985
v 0.38063486 0.32180542 0.04243996
v 0.38105465 0.31203756 0.05204382
v 0.38394844 0.29212981 0.06169691
v 0.38053393 0.28552029 0.07765996
v 0.37287442 0.27420198 0.10271220
v 0.17855781 0.23665992 0.20102092
v 0.11719190 0.24718457 0.17675873
v 0.07847652 0.26609632 0.14626322
v 0.04664576 0.21486003 0.10033921
v 0.02228509 0.30099517 0.01924380
v -0.04005866 0.20392425 0.08414870
v -0.11146100 0.20259600 0.17531900
v -0.19928111 0.18786035 0.20934006
v -0.23768783 0.16847766 0.21091771
v -0.30363000 0.21197900 0.18986100
v -0.33980806 0.23454944 0.15980987
v -0.38503283 0.28779066 0.06378695
v -0.38081800 0.33646600 -0.01242300
v -0.38083200 0.33569100 -0.01582900
v -0.38039000 0.33585000 -0.01822700
v -0.33780800 0.40348900 -0.10832700
v -0.33664100 0.40436500 -0.10786300
v -0.33627175 0.40209025 -0.11067075
v -0.31062405 0.57172654 -0.11628065
v -0.32818500 0.56482700 -0.07656200
v -0.32988800 0.56482700 -0.07740200
v -0.32973200 0.56623300 -0.07794000
v -0.36461223 0.53026437 -0.10009341
v -0.39726863 0.52370337 -0.11894434
v -0.40684104 0.52197248 -0.12182190
v -0.43507187 0.49779998 -0.10885519
v -0.52816393 0.48507892 -0.04047021
v -0.57176525 0.56408294 -0.05692527
v -0.55724469 0.57765308 -0.09119023
v -0.51651400 0.58884700 -0.13267900
v -0.31579500 0.71034200 -0.11160200
v -0.31889600 0.69650978 -0.10891884
v -0.30703660 0.68833560 -0.13254633
v -0.29802627 0.68264510 -0.15123394
v -0.23504090 0.70661488 -0.23539081
v -0.21161106 0.73333394 -0.25460410
v -0.00352383 0.91238046 -0.27673228
v 0.00342600 0.95792600 -0.24123400
v 0.00355700 0.95825900 -0.24129900
v 0.00636100 0.95802700 -0.24179900
v 0.00928800 0.96731600 -0.23444400
v 0.01238200 0.96731600 -0.23432800
v 0.01547600 0.97041000 -0.23511100
v 0.00119516 1.04688221 -0.34275271
v -0.41827306 1.43471591 -0.28936079
v -0.50146147 1.50216999 0.02211398
v -0.48897400 1.52186900 0.08954500
v -0.48865500 1.52455700 0.08620500
v -0.44438332 1.60183712 0.15438582
v -0.34903341 1.66436394 0.26222876
v -0.32589456 1.67270744 0.28241527
v -0.24987398 1.69389441 0.33313221
v -0.15029311 1.69310591 0.38890565
v 0.18645251 1.69949013 0.36668409
v 0.29394800 1.65438500 0.33069500
v 0.32282725 1.65101025 0.30641625
v 0.42572241 1.62990710 0.16756231
v 0.50699916 1.43741582 -0.05338768
v 0.50088696 1.44982491 -0.09141566
v 0.46870262 1.40653099 -0.20032301
v 0.40375470 1.32922719 -0.29929326
v 0.28001147 1.16372514 -0.34541470
v 0.18248800 1.08810800 -0.34017300
v 0.18266900 1.08497100 -0.33742000
v 0.15160693 1.05269255 -0.31735753
v 0.03684700 0.97041000 -0.23305500
v 0.06152675 0.96311419 -0.23009252
v 0.05731211 0.94504105 -0.24775582
v 0.06705383 0.91955288 -0.26521267
v 0.10943392 0.88817446 -0.27155625
v 0.31888700 0.72571700 -0.11771000
v 0.34297678 0.71703081 -0.13022850
v 0.37846043 0.70535316 -0.14407762
v 0.42026949 0.64016136 -0.15465858
v 0.53183883 0.65756473 -0.11920901
v 0.54220668 0.65897105 -0.10743791
v 0.58192063 0.55735307 0.01142420
v 0.54065277 0.51487941 0.07586675
v 0.48843244 0.46304867 0.03716551
v 0.46143444 0.45493393 0.00334175
v 0.44144342 0.46797603 -0.06894708
v 0.43757491 0.47654971 -0.08470681
v 0.34221100 0.53696800 -0.07430800
v 0.33969700 0.53893150 -0.07096050
v 0.34087100 0.53630100 -0.07115600
v 0.34037100 0.53730100 -0.07083000
v 0.32396875 0.53067350 -0.08650800
v 0.35167855 0.41745889 -0.06857688
v 0.35927474 0.39508303 -0.05995211
v 0.32752600 0.24098956 0.16736851
v 0.31399384 0.22701606 0.18051304
v 0.27588031 0.23510088 0.19607931
v 0.16476252 0.21361485 0.19998252
v -0.36156878 0.19730529 0.15116341
v -0.37137781 0.21270850 0.13551841
v -0.38285400 0.28618900 0.07120600
v -0.38936189 0.29278107 0.03860231
v -0.38068000 0.33581400 -0.01530700
v -0.38061100 0.33577050 -0.01702800
v -0.38092600 0.33545200 -0.01516200
v -0.37928752 0.32846775 -0.03995387
v -0.35135392 0.38229534 -0.09099371
v -0.34038766 0.40243259 -0.10415542
v -0.33827900 0.40042400 -0.10836300
v -0.33677100 0.40437200 -0.10855800
v -0.33504700 0.40353900 -0.11152200
v -0.31913472 0.45067659 -0.12044470
v -0.30850877 0.52597567 -0.11948788
v -0.31348427 0.56225010 -0.10912670
v -0.33438000 0.57104400 -0.08667700
v -0.36202289 0.55911154 -0.11463677
v -0.47905084 0.46509565 -0.05038292
v -0.52894558 0.58163404 -0.12305267
v -0.39487471 0.65786818 -0.14737654
v -0.31889600 0.70724800 -0.11158000
v -0.21511136 0.71397616 -0.25277977
v 0.00619400 0.95794700 -0.24149400
v 0.01002000 0.95781000 -0.24145100
v 0.01857700 0.97041000 -0.23493700
v 0.02579415 0.97315483 -0.23694435
v 0.02298658 0.99506193 -0.27231482
v -0.00804717 1.02304849 -0.31392124
v -0.00754425 1.03126149 -0.32472067
v -0.01950872 1.07458308 -0.37080995
v -0.30437393 1.20135098 -0.35074077
v -0.27763677 1.21181525 -0.37654396
v -0.32079591 1.26125776 -0.36633833
v -0.42601715 1.45242889 -0.27605635
v -0.44315381 1.48485703 -0.24039712
v -0.49659546 1.48064185 -0.09236397
v -0.49281502 1.51916960 0.07131395
v -0.47327940 1.56155020 0.11112480
v -0.40911406 1.64705750 0.18116067
v -0.13845734 1.70701437 0.38240198
v -0.08624864 1.71401063 0.39147126
v 0.29373800 1.65790600 0.32872400
v 0.29412200 1.65775400 0.32788300
v 0.29728100 1.65842100 0.32567300
v 0.29765800 1.65790600 0.32538400
v 0.30038200 1.65774000 0.32215200
v 0.29176234 1.68875169 0.30371033
v 0.32276400 1.65140700 0.30633500
v 0.32219900 1.65482700 0.30353800
v 0.38905985 1.64214914 0.22755161
v 0.39421663 1.64854510 0.21086810
v 0.48492591 1.53145601 0.10176616
v 0.49450855 1.50859783 0.08156705
v 0.50111132 1.49581104 0.04982277
v 0.50557207 1.47801078 0.03036021
v 0.50774609 1.46539145 0.01096559
v 0.37325768 1.26700377 -0.31549671
v 0.23269576 1.13032404 -0.35136764
v 0.20263756 1.09745749 -0.33999794
v 0.18431575 1.08809175 -0.33974175
v 0.18329200 1.08783300 -0.34032500
v 0.18249500 1.08782600 -0.34041200
v 0.17432134 1.08321139 -0.33988431
v 0.09627200 1.04761200 -0.33107200
v 0.07874611 1.03248755 -0.31662897
v 0.03582180 1.03314843 -0.32466214
v 0.05716173 1.02075278 -0.30543482
v 0.11883775 0.88975588 -0.26641300
v 0.24237156 0.74934988 -0.22362323
v 0.32074405 0.70196122 -0.11227209
v 0.45798957 0.62877900 -0.15551041
v 0.57934968 0.63222598 -0.04779564
v 0.49537000 0.46346800 0.02476900
v 0.47369800 0.45660600 0.01232100
v 0.47059700 0.45620800 0.01238600
v 0.45809480 0.46046218 -0.04786468
v 0.34055900 0.54006200 -0.07432300
v 0.34076900 0.54006200 -0.07460500
v 0.33945100 0.53732300 -0.07120700
v 0.33902300 0.54056200 -0.07109100
v 0.33437900 0.54004700 -0.06508500
v 0.33127700 0.54006200 -0.06600500
v 0.33127700 0.53696800 -0.06526600
v 0.33065050 0.53418950 -0.06656600
v 0.32629063 0.50914717 -0.08655267
v 0.36211187 0.23445925 0.13860699
v 0.32613851 0.23628054 0.16988286
v 0.27159544 0.19152166 0.20466148
v 0.22338296 0.23037840 0.20559244
v 0.22130202 0.19081965 0.21080273
v 0.08620789 0.22770318 0.15366722
v 0.03476786 0.23471742 0.07125203
v 0.01873043 0.33055848 0.00124627
v -0.00309500 0.37536800 -0.01238700
v -0.01566907 0.35815199 -0.02855125
v -0.01967777 0.33138786 -0.00686997
v -0.03522587 0.22895116 0.07192052
v -0.12090550 0.18252150 0.18262950
v -0.27430152 0.18603196 0.20400686
v -0.36361266 0.20628162 0.14700798
v -0.39344912 0.26444022 0.05955701
v -0.31841344 0.42801911 -0.12834801
v -0.29876912 0.49274106 -0.13730574
v -0.33468500 0.57431200 -0.08779200
v -0.33537300 0.57411600 -0.08978500
v -0.32973200 0.57165650 -0.08030050
v -0.46834074 0.61623414 -0.15392990
v -0.41802635 0.60608491 -0.15328699
v -0.37087517 0.63134657 -0.13790364
v -0.35311677 0.66055661 -0.12782203
v -0.32213738 0.70360375 -0.11279168
v -0.31829500 0.70724800 -0.11145700
v -0.30300912 0.69262010 -0.14199485
v -0.24465715 0.70414771 -0.22574839
v -0.21023170 0.70285754 -0.25712163
v 0.00773249 0.93802938 -0.25891796
v 0.03005733 0.93835297 -0.25768483
v 0.03405400 0.97041000 -0.23348100
v 0.20851714 0.76218305 -0.25348676
v 0.32508200 0.71653700 -0.11923900
v 0.32508200 0.71344300 -0.11844200
v 0.55830227 0.65114312 -0.08730898
v 0.55876900 0.63913900 -0.08978500
v 0.56147155 0.62123532 -0.08983977
v 0.58518059 0.59306320 -0.03137145
v 0.58709040 0.61657910 0.00777823
v 0.56302563 0.51775315 0.02608563
v 0.54096383 0.50051878 0.05389749
v 0.49508700 0.46255500 0.02167500
v 0.49429000 0.46266400 0.02167500
v 0.49240600 0.46117800 0.02091400
v 0.47679200 0.45687400 0.00928500
v 0.47545512 0.45657525 0.00733850
v 0.47350200 0.45713500 0.00851700
v 0.47348800 0.45649800 0.00950900
v 0.47403100 0.45699800 0.00922700
v 0.40585054 0.48961800 -0.09049721
v 0.33437100 0.54315600 -0.06777300
v 0.35286726 0.40155985 -0.07557604
v 0.37483919 0.35488815 -0.02718835
v 0.02792417 0.26188314 0.04550245
v 0.02452181 0.27084633 0.01973104
v 0.02173199 0.29922378 0.00335073
v -0.02197306 0.30661533 -0.01164634
v -0.06895017 0.17864761 0.13421160
v -0.12346684 0.18273166 0.18439948
v -0.18039784 0.18216253 0.20661151
v -0.21255182 0.17837810 0.21076254
v -0.24468020 0.17710019 0.20989673
v -0.32748824 0.19554757 0.18007734
v -0.38179786 0.25825867 0.09413963
v -0.39543679 0.27474044 0.03404569
v -0.38745076 0.31187085 -0.00306067
v -0.37209652 0.34517959 -0.05533516
v -0.36655682 0.34850808 -0.07139293
v -0.32818500 0.57411600 -0.07996000
v -0.33243100 0.57721700 -0.08669100
v -0.33421400 0.57676800 -0.08983600
v -0.33427900 0.57766700 -0.08979200
v -0.34531796 0.59208619 -0.11045993
v -0.35889200 0.57423200 -0.11743400
v -0.36205200 0.57487700 -0.12053600
v -0.36467284 0.57408968 -0.12253453
v -0.44483985 0.51336786 -0.12338178
v -0.55007796 0.54926071 -0.08969653
v -0.45365815 0.59589325 -0.15370515
v -0.31394037 0.70376638 -0.11244575
v -0.31734550 0.70570100 -0.11087000
v -0.21090073 0.67240634 -0.25538214
v -0.10226606 0.83070498 -0.29547816
v 0.03096000 0.96731600 -0.23293700
v 0.03405400 0.96731600 -0.23256100
v 0.03905009 0.92436806 -0.26678270
v 0.22013056 0.73166531 -0.24722306
v 0.30933866 0.72152666 -0.11982765
v 0.31270000 0.70802500 -0.11377525
v 0.32507500 0.71034200 -0.11762300
v 0.50157446 0.63505784 -0.14300676
v 0.55472600 0.63913900 -0.09598000
v 0.55545750 0.63449100 -0.09598000
v 0.55706600 0.63895000 -0.09252400
v 0.55637100 0.63658800 -0.09267600
v 0.56038500 0.63294400 -0.08880000
v 0.56013100 0.63590000 -0.08990100
v 0.56038500 0.63603800 -0.08801700
v 0.58275711 0.56285308 0.00525406
v 0.55754218 0.51511302 0.03871862
v 0.54506843 0.49768218 0.03885220
v 0.55290325 0.50077620 0.00914820
v 0.49529700 0.46284500 0.01869000
v 0.49530500 0.46212800 0.01849400
v 0.49523200 0.46232300 0.01895000
v 0.49142100 0.46149550 0.02089250
v 0.47486500 0.45615000 0.00617600
v 0.47369800 0.45630900 0.00619100
v 0.35888086 0.53102770 -0.09291049
v 0.34839605 0.53816129 -0.08626228
v 0.32698287 0.55173561 -0.07497632
v 0.33121938 0.44060673 -0.10418700
v 0.33419520 0.41484795 -0.10914922
v 0.37656626 0.32782614 -0.05253518
v 0.38423301 0.32353690 0.00369262
v 0.36795455 0.25439676 0.12128113
v 0.12472327 0.21844952 0.18241811
v 0.07793823 0.22729042 0.14541971
v 0.03013398 0.23220243 0.05078782
v 0.02573794 0.25733551 0.02367277
v 0.02052227 0.31151756 -0.01154622
v 0.01374564 0.35715472 -0.00799702
v -0.00000100 0.37594800 -0.01248100
v -0.00093600 0.37597000 -0.01548100
v -0.00154450 0.37603450 -0.01854600
v -0.01065950 0.37384014 -0.04946648
v -0.02641196 0.24499682 0.02128964
v -0.37540841 0.32971381 -0.05633288
v -0.37188752 0.33497668 -0.06392518
v -0.31252196 0.47636038 -0.12277611
v -0.32508400 0.57411600 -0.08211900
v -0.32705500 0.57411600 -0.08049600
v -0.32818500 0.57721700 -0.08135800
v -0.33424300 0.58094200 -0.08922700
v -0.33459800 0.57679000 -0.09015400
v -0.33520600 0.58047100 -0.09251700
v -0.35717500 0.57681900 -0.11675300
v -0.35940700 0.57421100 -0.11715200
v -0.40340835 0.54007753 -0.13108590
v -0.50675399 0.47154105 -0.04014726
v -0.54792429 0.50888840 -0.05182516
v -0.55838470 0.54615378 -0.07611337
v -0.53800326 0.56872650 -0.11188934
v -0.46412409 0.59280013 -0.15218486
v -0.43625554 0.59568653 -0.15385078
v -0.28549660 0.68946437 -0.17207145
v -0.26344355 0.68816159 -0.20316457
v -0.19585035 0.70214192 -0.26858882
v -0.18141067 0.73346187 -0.27708212
v -0.06734991 0.84355878 -0.29977924
v 0.01746843 0.92709629 -0.26659025
v 0.03811876 0.96039984 -0.23653419
v 0.01687635 0.96364260 -0.23586137
v 0.08697640 0.89931519 -0.27240282
v 0.13467800 0.84966800 -0.27696900
v 0.18163354 0.79448794 -0.26739336
v 0.30186530 0.71127848 -0.14018171
v 0.31146131 0.71165636 -0.11577415
v 0.39441213 0.62554850 -0.14861409
v 0.55718200 0.63615400 -0.09279200
v 0.55773300 0.63294400 -0.09287900
v 0.54724495 0.49374912 0.00864262
v 0.49847957 0.46398861 0.02237864
v 0.47421200 0.45633800 0.00301000
v 0.33556526 0.54345694 -0.07011321
v 0.34334567 0.38966313 -0.10380881
v 0.36148409 0.22399772 0.14327959
v 0.35137277 0.22938277 0.15164254
v 0.35002900 0.22603900 0.15418300
v 0.35044200 0.22779600 0.15353800
v 0.32869861 0.22215699 0.17264253
v 0.18254750 0.19886672 0.20551509
v 0.10200962 0.21802512 0.16728525
v 0.06087111 0.22394389 0.12454778
v 0.03277237 0.21426226 0.06015056
v 0.02216406 0.29199292 -0.00109864
v -0.02157467 0.31540220 -0.01340213
v -0.02344758 0.28210023 0.00255578
v -0.03021800 0.22333643 0.04929479
v -0.04801901 0.19023946 0.10061009
v -0.11028287 0.18740506 0.17546730
v -0.11355225 0.19930038 0.17681388
v -0.29084900 0.16790816 0.20025163
v -0.39496356 0.28383008 0.01209149
v -0.33006053 0.39998900 -0.12112004
v -0.31576092 0.44249107 -0.12780255
v -0.29051273 0.52055328 -0.14499603
v -0.32508400 0.57721700 -0.08273500
v -0.50271422 0.56220286 -0.13420969
v -0.24450884 0.68630369 -0.22523541
v -0.03426744 0.88293585 -0.29031581
v 0.12315300 0.85282000 -0.28008500
v 0.12388900 0.85428400 -0.27988900
v 0.34027173 0.67045070 -0.12036127
v 0.35539801 0.64392680 -0.12969041
v 0.49911174 0.61884550 -0.14514945
v 0.58303472 0.56275754 0.00049837
v 0.58169542 0.55620055 -0.00792644
v 0.48313612 0.45802330 0.01111928
v 0.38229834 0.50654346 -0.09420308
v 0.33127700 0.55244500 -0.07153300
v 0.32818400 0.55244500 -0.07311300
v 0.32302500 0.54935100 -0.08669100
v 0.32183625 0.54702125 -0.08999700
v 0.30506086 0.50831033 -0.12680900
v 0.36554200 0.37292600 -0.05571600
v 0.38557435 0.31465673 0.02269403
v 0.39849069 0.26323593 0.03827241
v 0.38722587 0.22928112 0.10380056
v 0.34961600 0.22428200 0.15482800
v 0.34990600 0.22420200 0.15514000
v 0.16727900 0.20861000 0.20093200
v 0.09378209 0.20795641 0.16065821
v 0.02085746 0.32312693 -0.03305431
v -0.02514634 0.26333067 0.01282005
v -0.02476992 0.26517285 0.00096011
v -0.06029308 0.18662847 0.12256959
v -0.08184266 0.17170139 0.14896455
v -0.17818951 0.16325025 0.20605320
v -0.30027184 0.18287161 0.19547672
v -0.34343851 0.19295171 0.16939012
v -0.40200772 0.25300089 0.03367011
v -0.39031288 0.29699670 -0.02227000
v -0.34325193 0.36966713 -0.11076285
v -0.30280413 0.57930508 -0.12903230
v -0.38018340 0.55275441 -0.12510085
v -0.50099509 0.47326256 -0.05358255
v -0.51554509 0.55884788 -0.12577356
v -0.48765695 0.57614155 -0.14439462
v -0.47112068 0.57187694 -0.14728649
v -0.46644104 0.57605176 -0.14925329
v -0.40361177 0.61024177 -0.15049730
v -0.31889600 0.69331800 -0.10802250
v -0.31709200 0.69177100 -0.10836300
v -0.30386169 0.67507239 -0.13919425
v -0.28088562 0.67951585 -0.17806434
v -0.23094089 0.66823145 -0.23732573
v -0.15544250 0.75640015 -0.28970937
v 0.11753800 0.85599400 -0.28175800
v 0.11683500 0.85585600 -0.28204800
v 0.12091500 0.85338500 -0.28144000
v 0.12002300 0.85264600 -0.28107700
v 0.12058800 0.84953100 -0.28253400
v 0.25750558 0.71942992 -0.21026211
v 0.28164870 0.71998277 -0.17631067
v 0.42091401 0.62518790 -0.15477873
v 0.54889101 0.64755218 -0.10298067
v 0.44385311 0.49821113 -0.11270435
v 0.33127700 0.55554600 -0.07338800
v 0.32818400 0.55554600 -0.07371400
v 0.32194500 0.54666300 -0.08935700
v 0.32151000 0.54632900 -0.09046600
v 0.32180700 0.54317700 -0.09004600
v 0.32153890 0.54190212 -0.09172143
v 0.36468000 0.37354200 -0.05897600
v 0.36511100 0.37323400 -0.05734600
v 0.36452000 0.36967300 -0.05831000
v 0.36615100 0.36978200 -0.05573000
v 0.37871060 0.25023338 0.10643872
v 0.35045700 0.22104300 0.15543700
v 0.34973900 0.22412200 0.15427000
v 0.34979000 0.22164400 0.15550200
v 0.16671400 0.20290000 0.20128000
v 0.16709625 0.20422988 0.20115025
v 0.16753300 0.20597900 0.20085300
v 0.16718500 0.20569000 0.20108400
v 0.16353300 0.20244300 0.20037400
v 0.13541670 0.19947291 0.18878237
v 0.04663381 0.20652860 0.09939122
v -0.00038850 0.37692116 -0.02423287
v -0.02426495 0.28277813 -0.01842276
v -0.22169718 0.15599300 0.21079267
v -0.37046579 0.18119065 0.14440047
v -0.38613950 0.26139413 0.08241150
v -0.39873762 0.24710439 0.05919914
v -0.38282858 0.30731548 -0.05074368
v -0.35091202 0.35629650 -0.10174458
v -0.32050062 0.59332201 -0.09352965
v -0.32259875 0.59811200 -0.08978500
v -0.38790400 0.55362225 -0.12942050
v -0.44974636 0.55349041 -0.14509385
v -0.32199000 0.67219325 -0.10387050
v -0.18135829 0.69648637 -0.27866423
v -0.00476580 0.88346472 -0.29159640
v 0.04630902 0.94245844 -0.25189644
v 0.06073256 0.91026405 -0.27221033
v 0.09638985 0.86631268 -0.28494113
v 0.12150100 0.85263200 -0.28218600
v 0.11911750 0.84959950 -0.28329100
v 0.11764700 0.84966800 -0.28404800
v 0.14958113 0.77887550 -0.28890462
v 0.29648637 0.70985980 -0.15267542
v 0.31579575 0.71306900 -0.11264381
v 0.38763659 0.64103406 -0.14601775
v 0.50070545 0.46317784 -0.00424473
v 0.50298525 0.46503850 0.00725250
v 0.46375024 0.45560984 -0.01866867
v 0.33127700 0.55713300 -0.07430800
v 0.32818400 0.55785700 -0.07430800
v 0.32183600 0.54668400 -0.09037200
v 0.29403002 0.55529233 -0.14028437
v 0.36533200 0.36952800 -0.05872300
v 0.36539700 0.37007900 -0.05873000
v 0.35829756 0.38264061 -0.07342447
v 0.35268800 0.21793500 0.15424100
v 0.31549396 0.21222008 0.18370718
v 0.16687400 0.19632100 0.20147600
v 0.16679400 0.19971900 0.20134500
v 0.16695300 0.20274100 0.20060600
v 0.16680100 0.20224100 0.20207000
v 0.05996310 0.20607618 0.12321978
v 0.01960281 0.33466486 -0.03167502
v -0.01956356 0.34605525 -0.03692278
v -0.03201857 0.20341111 0.05337131
v -0.07454878 0.16621530 0.13967042
v -0.12384400 0.17472900 0.18431100
v -0.31692907 0.17640304 0.18801580
v -0.39171875 0.18827488 0.11055562
v -0.30837151 0.39584860 -0.14752636
v -0.30003493 0.44924720 -0.14381304
v -0.28105586 0.54333621 -0.15674125
v -0.32818700 0.59347675 -0.08823075
v -0.47744512 0.48125217 -0.08596187
v -0.31720822 0.64513123 -0.10377425
v -0.30615731 0.66411215 -0.13341102
v -0.04716081 0.86392820 -0.29588046
v 0.02496892 0.91048745 -0.27690255
v 0.03526126 0.89928530 -0.28222231
v 0.05572500 0.90230100 -0.27702000
v 0.05525400 0.89912700 -0.27878800
v 0.05518900 0.89876500 -0.27893300
v 0.05882700 0.89610600 -0.27967200
v 0.06613181 0.87423519 -0.28887918
v 0.13231964 0.82026801 -0.28745585
v 0.45153931 0.61251037 -0.15679543
v 0.51556494 0.63729330 -0.13503947
v 0.50410100 0.46530100 0.00710400
v 0.50446300 0.46593900 0.00575600
v 0.50155800 0.46434500 0.00619100
v 0.48791953 0.46047095 -0.02378085
v 0.37334052 0.52994077 -0.10710294
v 0.32818400 0.55864000 -0.07453300
v 0.32161925 0.58575688 -0.08831963
v 0.31986567 0.56800544 -0.09289332
v 0.31573600 0.53075800 -0.10526200
v 0.32227094 0.52961269 -0.09036244
v 0.28053899 0.48847037 -0.15865809
v 0.38890028 0.24829822 0.08806430
v 0.30911448 0.18403989 0.19218880
v 0.24075454 0.21807561 0.20602477
v 0.16668500 0.19949400 0.20124400
v 0.14634805 0.17020339 0.19488910
v 0.11492200 0.19363300 0.17684800
v 0.11501700 0.19648000 0.17652900
v 0.11166900 0.19262600 0.17456500
v 0.03540392 0.20005977 0.06767781
v -0.03265901 0.17655202 0.04771135
v -0.04198608 0.17817327 0.08566741
v -0.10032009 0.18015824 0.16762576
v -0.32576805 0.16030414 0.18345651
v -0.36385055 0.17569581 0.15274052
v -0.39360668 0.23552664 0.08542542
v -0.32446660 0.36721971 -0.13667801
v -0.32663450 0.58805300 -0.08535450
v -0.32621500 0.59269400 -0.08669100
v -0.36077024 0.58800169 -0.12358674
v -0.53417898 0.53914555 -0.10165880
v -0.51823333 0.54077379 -0.11648475
v -0.39503310 0.60559155 -0.14696360
v -0.32027300 0.67938100 -0.10526900
v -0.31889600 0.68114200 -0.10526900
v -0.29245199 0.65842011 -0.15882855
v -0.11409836 0.81420424 -0.29623452
v -0.06843981 0.87200979 -0.28948461
v 0.05263100 0.89920700 -0.27915000
v 0.05260300 0.89948900 -0.27807000
v 0.05549400 0.89934500 -0.27852700
v 0.05522150 0.89894600 -0.27886050
v 0.04638321 0.86536412 -0.29624373
v 0.07551630 0.87110347 -0.28829943
v 0.10834366 0.85027062 -0.28743906
v 0.12412394 0.84762529 -0.28229937
v 0.13352105 0.79823253 -0.29265307
v 0.25266432 0.74363398 -0.21311185
v 0.26819523 0.70527022 -0.19648172
v 0.31850738 0.69873600 -0.11025688
v 0.36658708 0.63206692 -0.13615988
v 0.39128992 0.62950788 -0.14722009
v 0.55720400 0.61748900 -0.09598000
v 0.55733100 0.61576450 -0.09613950
v 0.57703345 0.59593106 -0.05981199
v 0.50480300 0.46575800 0.00311900
v 0.50449900 0.46528700 0.00637900
v 0.48883894 0.47061772 -0.06076139
v 0.45485200 0.47492300 -0.08009800
v 0.45499700 0.47460500 -0.08106100
v 0.45512000 0.47688700 -0.08359700
v 0.45101594 0.49113692 -0.10367973
v 0.19468708 0.19358042 0.20882533
v 0.16266237 0.19499620 0.20039763
v 0.11458900 0.18727800 0.17644200
v 0.11445100 0.19043700 0.17681100
v 0.11503800 0.19388600 0.17636200
v 0.12437278 0.19016222 0.18270530
v 0.10658126 0.20583897 0.17116609
v 0.05324978 0.17552660 0.11060055
v 0.04065608 0.18787974 0.08333584
v 0.02861564 0.21881765 0.03702091
v 0.01361888 0.36612435 -0.03690271
v -0.01696570 0.36370983 -0.05282589
v -0.02523547 0.25403191 -0.00227735
v -0.02749032 0.21937435 0.02622634
v -0.05334223 0.17060405 0.10832273
v -0.05629376 0.14411957 0.10809675
v -0.07146527 0.14902794 0.13293250
v -0.11139613 0.16244683 0.17593071
v -0.12847750 0.16621000 0.18645350
v -0.38263460 0.17903594 0.12800230
v -0.38497089 0.23846581 0.10168458
v -0.41138706 0.22518615 0.01143971
v -0.32187648 0.36993787 -0.13922252
v -0.30437714 0.43950968 -0.14126782
v -0.29402839 0.46232526 -0.14716630
v -0.32508400 0.59456400 -0.08669100
v -0.49967429 0.48186377 -0.07302189
v -0.54383168 0.52003218 -0.07346600
v -0.48322927 0.55769691 -0.14035666
v -0.33614857 0.64722425 -0.11189959
v -0.31889600 0.66390400 -0.10237100
v -0.32199000 0.67631600 -0.10494300
v -0.08147224 0.82658390 -0.30220888
v -0.07659500 0.83548100 -0.30065500
v -0.07423800 0.83774925 -0.30025875
v -0.07456600 0.83767000 -0.30057500
v -0.07439200 0.83974900 -0.29990200
v 0.31579400 0.68785925 -0.10806850
v 0.55745800 0.61404000 -0.09629900
v 0.55700800 0.61417000 -0.09549500
v 0.55758800 0.61433000 -0.09600200
v 0.56873325 0.59783012 -0.07723416
v 0.45821400 0.47504700 -0.08000300
v 0.45567100 0.47518400 -0.08061200
v 0.45799700 0.47490900 -0.08056100
v 0.46566304 0.50136569 -0.11300983
v 0.35100248 0.56400386 -0.10629755
v 0.32508200 0.56792900 -0.08061200
v 0.30288077 0.51547067 -0.12782400
v 0.32123990 0.46745496 -0.11063582
v 0.30478408 0.45925028 -0.13648844
v 0.37265325 0.19776913 0.13993187
v 0.34683142 0.19899460 0.16484371
v 0.29132767 0.18959664 0.19882436
v 0.15699355 0.18272428 0.19888639
v 0.08737521 0.16254840 0.15322669
v 0.05557300 0.18405400 0.11455000
v 0.05347712 0.18375393 0.11099491
v -0.14319255 0.16523616 0.19390542
v -0.13190100 0.16621000 0.18772075
v -0.26056412 0.13628411 0.20607946
v -0.26689213 0.15379487 0.20647573
v -0.39004550 0.23509200 0.09345400
v -0.39865779 0.20780066 0.08980221
v -0.32403724 0.57553977 -0.08401681
v -0.46409949 0.50390635 -0.11428642
v -0.48857968 0.49606683 -0.10004733
v -0.53008023 0.48965713 -0.05192425
v -0.53035359 0.51977829 -0.09214314
v -0.49504310 0.54108432 -0.12908043
v -0.38134889 0.61065171 -0.14135478
v -0.35528884 0.61308804 -0.12491957
v -0.31945400 0.66390400 -0.10216800
v -0.31706325 0.68131825 -0.10681600
v -0.25790864 0.65622962 -0.20651069
v -0.20487200 0.67943200 -0.26041300
v -0.13042984 0.75988230 -0.30059222
v -0.07940458 0.81638896 -0.30543908
v -0.07400800 0.83672800 -0.30005400
v -0.07428300 0.83647400 -0.30048100
v -0.03684273 0.84874451 -0.30264159
v -0.01687991 0.85597468 -0.30196311
v 0.07830155 0.85201159 -0.29511954
v 0.08976934 0.84963764 -0.29302265
v 0.11256181 0.82244774 -0.29488214
v 0.20726100 0.74161400 -0.25684100
v 0.55558221 0.61713744 -0.09855565
v 0.55760300 0.61151800 -0.09588600
v 0.46135900 0.47530000 -0.07979300
v 0.38326737 0.54638975 -0.12417540
v 0.32582900 0.57102200 -0.08049600
v 0.32508200 0.57102200 -0.08111900
v 0.33143703 0.39959078 -0.11833541
v 0.39725058 0.25932019 0.04991264
v 0.32678166 0.19304591 0.18137318
v 0.26034460 0.16026334 0.20913721
v 0.05626200 0.18056900 0.11480300
v 0.05576900 0.17972213 0.11456150
v 0.05576200 0.18068500 0.11507100
v 0.03335229 0.17375072 0.05188783
v 0.02416021 0.26886008 -0.01331126
v 0.02439946 0.26946246 -0.01999999
v 0.02309028 0.32507918 -0.05134214
v -0.14164425 0.15228750 0.19169600
v -0.15171000 0.15305700 0.19622300
v -0.15945600 0.14980350 0.19875500
v -0.17626200 0.13361550 0.20153925
v -0.24276894 0.14157434 0.20850639
v -0.30384884 0.15701348 0.19411889
v -0.33181528 0.17409144 0.17908182
v -0.37751350 0.20260450 0.12924225
v -0.38877114 0.20677157 0.11110991
v -0.39202700 0.22426700 0.09597900
v -0.35498323 0.32747302 -0.10584834
v -0.34173015 0.37369559 -0.11300078
v -0.27922675 0.48700435 -0.15904942
v -0.27740616 0.51247317 -0.15983378
v -0.32508400 0.60198300 -0.08886500
v -0.32801222 0.59616846 -0.08946611
v -0.46750500 0.55399550 -0.14243550
v -0.32199000 0.66390400 -0.10164600
v -0.31889600 0.66081100 -0.10199400
v -0.30649645 0.64778752 -0.13066760
v -0.23797334 0.64912539 -0.22723580
v -0.22181535 0.64641205 -0.24237727
v -0.20091600 0.67634500 -0.26316600
v -0.20106000 0.67979400 -0.26295600
v -0.20232488 0.68126300 -0.26245625
v -0.20210400 0.67881600 -0.26328200
v -0.20084300 0.67933000 -0.26283300
v -0.19778607 0.67679872 -0.26562476
v -0.18693705 0.66295105 -0.27178236
v -0.13258813 0.78896323 -0.29517992
v -0.07076900 0.83731500 -0.30061900
v 0.01630338 0.88536088 -0.29050999
v 0.15128075 0.81994875 -0.27819338
v 0.15997911 0.77556951 -0.28430726
v 0.19036564 0.75416779 -0.26874013
v 0.20701500 0.74138200 -0.25689900
v 0.20553650 0.73989300 -0.25862350
v 0.20722500 0.73859300 -0.25714500
v 0.21026100 0.73781000 -0.25483400
v 0.57276887 0.55106449 -0.04493540
v 0.32818400 0.57411600 -0.08084400
v 0.32818400 0.58523100 -0.08583075
v 0.32508200 0.57411600 -0.08167000
v 0.29884309 0.44807484 -0.14503900
v 0.34481105 0.37211575 -0.10738640
v 0.37028740 0.33195709 -0.06910129
v 0.37998172 0.32010862 -0.04509847
v 0.38530931 0.31494201 -0.02034147
v 0.38655197 0.20943395 0.11490369
v 0.10017725 0.19059350 0.16586875
v 0.06938864 0.19955885 0.13603067
v 0.05566000 0.18047500 0.11423800
v 0.05591400 0.17790200 0.11433200
v 0.02667367 0.22353454 0.01826186
v 0.02382722 0.29463927 -0.03369247
v 0.02553840 0.33060051 -0.06264040
v -0.00958700 0.37531000 -0.05602800
v -0.01244900 0.37291900 -0.05879500
v -0.02179600 0.33896600 -0.04321000
v -0.02580197 0.24273508 0.00179557
v -0.03673710 0.17312875 0.06443304
v -0.09490216 0.14491688 0.15843462
v -0.15163065 0.13804463 0.19461371
v -0.20277303 0.12980436 0.20698191
v -0.19833463 0.15779425 0.20940165
v -0.26811623 0.14226451 0.20509546
v -0.34641227 0.16544177 0.16859375
v -0.38135593 0.15870343 0.13132156
v -0.39210700 0.21807200 0.09907300
v -0.39292500 0.22099200 0.09590700
v -0.40218706 0.25652311 0.02114663
v -0.39743321 0.27485087 -0.00825376
v -0.38735531 0.27984426 -0.06249207
v -0.35179200 0.34191500 -0.10526900
v -0.35021900 0.34521900 -0.10711700
v -0.31061085 0.35947795 -0.15170683
v -0.32508400 0.60519300 -0.08977000
v -0.36938878 0.59554257 -0.13177661
v -0.39668547 0.57124927 -0.14054506
v -0.37895618 0.57409912 -0.13292816
v -0.50703210 0.51819267 -0.10978950
v -0.46750500 0.55244500 -0.14188800
v -0.46473000 0.55271300 -0.14241000
v -0.46467900 0.55257500 -0.14202600
v -0.43086122 0.56212609 -0.14665929
v -0.30888347 0.62713870 -0.12360376
v -0.29216935 0.64203914 -0.15594802
v -0.25236403 0.66775750 -0.21472681
v -0.13751818 0.75086540 -0.29853102
v 0.00659609 0.88144736 -0.29241369
v 0.11350029 0.79275300 -0.30218018
v 0.20748600 0.73855600 -0.25742800
v 0.31626825 0.67241950 -0.10606950
v 0.36664318 0.61653447 -0.13412755
v 0.41335735 0.60180170 -0.15258851
v 0.56797040 0.52607239 -0.02058540
v 0.52857682 0.47956281 0.00138907
v 0.46993884 0.48745385 -0.09689069
v 0.40063661 0.52039901 -0.11857542
v 0.32818400 0.58019500 -0.08360400
v 0.32818400 0.57721700 -0.08232900
v 0.32508200 0.58031100 -0.08277100
v 0.39447372 0.28412755 0.01077893
v 0.06754468 0.17498092 0.13213601
v 0.05591400 0.17782300 0.11455000
v 0.05574000 0.17475100 0.11381800
v 0.03697197 0.15259038 0.05802105
v -0.00885150 0.37622125 -0.06033125
v -0.00952900 0.37474500 -0.05778100
v -0.02680127 0.21791538 -0.00669226
v -0.12094752 0.15706713 0.18138415
v -0.28492192 0.14985124 0.20132964
v -0.39351200 0.21193500 0.09911600
v -0.37137977 0.29900930 -0.08812821
v -0.34969000 0.34158900 -0.10795000
v -0.35033500 0.34216100 -0.10850100
v -0.29593591 0.39754486 -0.15832722
v -0.31164706 0.59150154 -0.11415063
v -0.32666828 0.63090296 -0.09845375
v -0.49557400 0.51816500 -0.11519500
v -0.52424528 0.51270730 -0.09243584
v -0.46446900 0.55276300 -0.14188100
v -0.46370625 0.55055550 -0.14169475
v -0.28411123 0.63838732 -0.16770718
v -0.27828153 0.64385539 -0.17712602
v -0.23529600 0.64822500 -0.22967700
v -0.19880230 0.66066907 -0.26285180
v -0.15213287 0.74379171 -0.29278093
v -0.03763177 0.83771329 -0.30645813
v 0.06937420 0.84927260 -0.29808519
v 0.31579400 0.67628700 -0.10700100
v 0.37866815 0.59493383 -0.13889552
v 0.41225506 0.59238916 -0.15061759
v 0.52337014 0.47839344 -0.03027512
v 0.31527685 0.61743805 -0.10661449
v 0.29870800 0.56173300 -0.13312800
v 0.33236683 0.37875192 -0.12374574
v 0.35163312 0.19115138 0.16188212
v 0.11161834 0.16070625 0.17417990
v 0.03155914 0.17851096 0.04290094
v 0.02705238 0.20179363 0.00687557
v 0.02505433 0.24976901 0.00503533
v 0.00640151 0.37702367 -0.04731210
v 0.00968033 0.38122561 -0.08167207
v -0.02324429 0.33179239 -0.04484626
v -0.02523952 0.31542951 -0.04804260
v -0.04681416 0.15673772 0.09198384
v -0.05145748 0.15184367 0.09933134
v -0.06466394 0.12709842 0.11624038
v -0.13859703 0.13217683 0.18722112
v -0.24459200 0.13757300 0.20784500
v -0.24650150 0.13461700 0.20730500
v -0.24768600 0.13757300 0.20754000
v -0.25086000 0.13791400 0.20722900
v -0.27083575 0.14446025 0.20460000
v -0.34611767 0.14414143 0.16792144
v -0.39476950 0.19330300 0.10371750
v -0.40659537 0.23898086 -0.02324860
v -0.38975267 0.28874837 -0.04270691
v -0.35063200 0.34207400 -0.10852200
v -0.35009888 0.34084250 -0.10862850
v -0.34852400 0.33882100 -0.11145700
v -0.28398671 0.43315281 -0.16078347
v -0.25404287 0.45892504 -0.17982223
v -0.27024608 0.54233945 -0.16845722
v -0.48168474 0.52434757 -0.12589097
v -0.47238084 0.52759990 -0.13056973
v -0.34695988 0.61192765 -0.11715343
v -0.32044300 0.64997100 -0.09998650
v -0.32276350 0.63381175 -0.09634575
v -0.23541200 0.64489900 -0.22964800
v -0.23602250 0.64574700 -0.22859925
v -0.23541900 0.64605800 -0.22893800
v -0.23548538 0.64127561 -0.22833776
v -0.04921948 0.81659951 -0.31117415
v -0.00554679 0.84051729 -0.30787837
v -0.00477387 0.83415050 -0.31044326
v 0.03334980 0.86801758 -0.29634002
v 0.15164000 0.78302650 -0.28715250
v 0.20234569 0.71237805 -0.26329517
v 0.27741533 0.69208555 -0.18340676
v 0.29127260 0.68625515 -0.16292348
v 0.31579400 0.67319300 -0.10687000
v 0.31769200 0.67628700 -0.10526900
v 0.32726174 0.66893702 -0.10844951
v 0.45412673 0.57313594 -0.15052716
v 0.33136897 0.57770482 -0.08732521
v 0.32681386 0.58178604 -0.08374001
v 0.30243566 0.49338928 -0.13250882
v 0.35968979 0.18685223 0.15514118
v 0.14361129 0.15636810 0.19346845
v 0.11115462 0.14399659 0.17192617
v 0.06505800 0.16545400 0.12692500
v 0.05040997 0.16059911 0.10219540
v 0.02819591 0.19970108 0.02521952
v 0.01325480 0.37159227 -0.05287737
v -0.00341128 0.37944913 -0.05963771
v -0.02451788 0.30888588 -0.03935877
v -0.02588291 0.24721975 -0.01639346
v -0.02842703 0.20159876 0.02539512
v -0.02944459 0.17472767 0.01120399
v -0.08879649 0.12878361 0.14947143
v -0.09581065 0.12998161 0.15607827
v -0.24149100 0.13447900 0.20768500
v -0.24451300 0.13475500 0.20689500
v -0.24802000 0.13679800 0.20687400
v -0.24768600 0.13447900 0.20712000
v -0.23711474 0.12988349 0.20770845
v -0.30668193 0.13612773 0.19068199
v -0.40109037 0.18561490 0.09228897
v -0.40102078 0.23127868 0.06728443
v -0.36381226 0.30586070 -0.09972094
v -0.34585886 0.33113634 -0.11782197
v -0.37942472 0.59766502 -0.13849272
v -0.41617077 0.53787785 -0.13458843
v -0.43535862 0.55247846 -0.14357478
v -0.41453900 0.56079200 -0.14236700
v -0.41776300 0.55871200 -0.14251900
v -0.41809700 0.55914700 -0.14270700
v -0.41615100 0.55975200 -0.14244300
v -0.42106000 0.55864000 -0.14314900
v -0.41769800 0.55850900 -0.14192500
v -0.32199000 0.64842000 -0.09873300
v -0.32116400 0.64842000 -0.09907400
v -0.29729290 0.62376857 -0.14435058
v -0.27769185 0.61472040 -0.17276341
v -0.23808600 0.64163900 -0.22539500
v -0.23503500 0.64556600 -0.22888700
v -0.23464400 0.64242800 -0.22911200
v -0.17752478 0.67740477 -0.27970989
v -0.13350664 0.72721262 -0.30232866
v -0.09475771 0.76971038 -0.31202532
v -0.06683358 0.81506488 -0.30887592
v 0.09342317 0.82882283 -0.29891195
v 0.30317983 0.69060121 -0.13827802
v 0.40256372 0.53856190 -0.12988900
v 0.32597175 0.56560450 -0.07897800
v 0.30051906 0.48206057 -0.13655017
v 0.31411410 0.39368588 -0.13996507
v 0.35580656 0.35655064 -0.09173130
v 0.40618682 0.22710928 0.04965783
v 0.34780772 0.18143848 0.16766112
v 0.28539549 0.18308652 0.20117258
v 0.07874012 0.14566875 0.14165937
v 0.02517671 0.25045415 -0.00888727
v -0.02677305 0.36376076 -0.09236453
v -0.02895922 0.29558974 -0.06224646
v -0.02600227 0.25964259 -0.02680838
v -0.03176951 0.17313381 0.03662330
v -0.03713354 0.14411419 0.05033417
v -0.04063079 0.14785113 0.06783038
v -0.11606282 0.14621572 0.17628528
v -0.24154200 0.13143600 0.20722900
v -0.24514300 0.13422600 0.20746800
v -0.24531700 0.13475500 0.20749000
v -0.35796114 0.14427220 0.15806010
v -0.39459200 0.19949400 0.10216700
v -0.40043204 0.24854447 -0.04639534
v -0.37647506 0.29820804 -0.07732812
v -0.34070127 0.33838731 -0.12335767
v -0.29029565 0.36229107 -0.16758303
v -0.27523293 0.40190369 -0.17214987
v -0.27952332 0.46942650 -0.16027426
v -0.24991042 0.50466654 -0.18328818
v -0.28161636 0.56006897 -0.15826755
v -0.28673051 0.58961123 -0.15577800
v -0.32013962 0.63342825 -0.09762069
v -0.32508400 0.63176650 -0.09692000
v -0.15702592 0.70611037 -0.29257733
v -0.12541277 0.69054165 -0.30684966
v 0.12667210 0.78985024 -0.29765467
v 0.22919184 0.71219961 -0.24013906
v 0.23708986 0.68687991 -0.23256630
v 0.27206846 0.68110960 -0.19041291
v 0.30638456 0.63468706 -0.12717219
v 0.31889500 0.66397700 -0.10215300
v 0.47627978 0.60923733 -0.15303442
v 0.49469547 0.58129481 -0.14393949
v 0.52731222 0.59488249 -0.12712070
v 0.37104900 0.56492900 -0.12345600
v 0.37674284 0.56723895 -0.12879596
v 0.28461401 0.54658814 -0.15267844
v 0.35298417 0.33508050 -0.10499217
v 0.38529912 0.27844913 -0.07093777
v 0.19535790 0.16688643 0.20991860
v 0.11970400 0.15928800 0.17911600
v 0.11716100 0.15624500 0.17720300
v 0.03457235 0.27829298 -0.07605710
v -0.01842256 0.36838101 -0.06816901
v -0.16820020 0.12390848 0.19755322
v -0.34919444 0.12882389 0.16340672
v -0.40633783 0.23129689 0.04298436
v -0.39234483 0.26406626 -0.06223728
v -0.36303841 0.29125645 -0.10779411
v -0.34029427 0.32986666 -0.12559849
v -0.33604026 0.31642179 -0.13469196
v -0.28654384 0.38126173 -0.16802060
v -0.29498539 0.61548455 -0.14694951
v -0.32044645 0.61024837 -0.09406564
v -0.32508400 0.61270487 -0.09188675
v -0.32508400 0.62824100 -0.09598000
v -0.32276350 0.62520375 -0.09470100
v -0.32399000 0.62985000 -0.09598000
v -0.18607413 0.63734097 -0.26787856
v -0.15994981 0.67862999 -0.29020408
v 0.22047487 0.67090695 -0.24724059
v 0.30775761 0.68719309 -0.12734455
v 0.37175900 0.56476200 -0.12357100
v 0.37401950 0.56332000 -0.12515850
v 0.37152700 0.56792900 -0.12505700
v 0.32508200 0.62365500 -0.09569000
v 0.32511666 0.36608941 -0.13652449
v 0.39891782 0.25679829 -0.04277936
v 0.39466053 0.28412160 -0.00594951
v 0.37120100 0.18098200 0.14229300
v 0.18396477 0.13967428 0.20572140
v 0.12433400 0.15252800 0.18110100
v 0.12132537 0.15378162 0.17968900
v 0.12095800 0.15607100 0.17957200
v 0.12119000 0.15700600 0.17903600
v 0.12137800 0.15315900 0.18006500
v 0.09793525 0.14843275 0.16095975
v 0.07188285 0.12165598 0.12621002
v 0.02618262 0.24345354 -0.02372876
v -0.03562458 0.14886068 0.04414922
v -0.19195300 0.12519000 0.20339600
v -0.39204782 0.17083041 0.11404993
v -0.41062669 0.22142088 0.02819981
v -0.34572600 0.30342930 -0.12762550
v -0.31718678 0.33402922 -0.14990522
v -0.27571928 0.59389422 -0.17144092
v -0.23545318 0.62488405 -0.22427831
v -0.20480127 0.63462089 -0.25333076
v -0.16801178 0.64535229 -0.28087423
v -0.12428957 0.69998348 -0.30734168
v 0.01340016 0.84345734 -0.30670701
v 0.04963939 0.84019091 -0.30449091
v 0.14114902 0.77789309 -0.29380950
v 0.15899837 0.74050375 -0.28945625
v 0.14974100 0.76757500 -0.29096050
v 0.17451598 0.74451102 -0.28053397
v 0.24710708 0.67912437 -0.22204075
v 0.29327704 0.66088779 -0.15763576
v 0.32047806 0.61378675 -0.09384625
v 0.48481532 0.47984847 -0.07909362
v 0.49820598 0.51179061 -0.10946971
v 0.34562904 0.60941896 -0.11722492
v 0.30183187 0.55362313 -0.12796162
v 0.34889882 0.31371013 -0.11846251
v 0.37136000 0.17783700 0.14268400
v 0.37151800 0.17555125 0.14239075
v 0.37137500 0.17782300 0.14241600
v 0.12098700 0.15594100 0.17965900
v 0.03237741 0.15632891 0.03001709
v -0.02697324 0.35149153 -0.07952423
v -0.02967781 0.28875526 -0.06249131
v -0.02856317 0.26304263 -0.04855716
v -0.06116373 0.11519019 0.10382583
v -0.07018674 0.10857028 0.11610275
v -0.08625136 0.11332983 0.13964001
v -0.10217200 0.13138500 0.16219700
v -0.18627900 0.11574200 0.19981600
v -0.18591700 0.11878500 0.20091800
v -0.18908700 0.11830150 0.20118600
v -0.18885900 0.12209600 0.20202600
v -0.19195300 0.12209600 0.20267100
v -0.19269900 0.11948800 0.20216400
v -0.17599325 0.13559950 0.20180700
v -0.21048000 0.11740850 0.20446450
v -0.26623734 0.12125477 0.20172101
v -0.28246609 0.12669313 0.19935488
v -0.37032449 0.13579329 0.14315087
v -0.39786000 0.17163500 0.10216700
v -0.41057875 0.22858255 -0.00085298
v -0.30869162 0.32518455 -0.15893971
v -0.26383372 0.43211402 -0.17478274
v -0.24811340 0.46752324 -0.18309031
v 0.07502956 0.81876659 -0.30635884
v 0.16393009 0.74506787 -0.28651369
v 0.19803000 0.70416100 -0.26626000
v 0.31553236 0.67370551 -0.10728729
v 0.55593246 0.51013067 -0.03259050
v 0.31009382 0.56119329 -0.11393654
v 0.32517176 0.37012035 -0.13403402
v 0.37415000 0.17492400 0.13922100
v 0.37123000 0.17492400 0.14191600
v 0.37190400 0.17460600 0.14281500
v 0.23723800 0.13126262 0.20859353
v 0.14211914 0.11685403 0.18649979
v 0.09614350 0.15825200 0.16069700
v 0.04968688 0.13649888 0.09115489
v -0.01180083 0.37824548 -0.07909801
v -0.05293767 0.12681351 0.09171268
v -0.10546100 0.12894400 0.16412400
v -0.10526600 0.12800900 0.16376900
v -0.18213348 0.08129660 0.18694185
v -0.18857600 0.11935000 0.20062800
v -0.18900400 0.11899500 0.20093900
v -0.18878600 0.11876300 0.20199700
v -0.25666940 0.11230124 0.20187003
v -0.28771032 0.12111383 0.19609768
v -0.32628375 0.13488660 0.18026707
v -0.40951981 0.20779719 0.05242743
v -0.40956032 0.22255701 -0.03653376
v -0.34382900 0.31095400 -0.12696200
v -0.34340800 0.31341800 -0.12665100
v -0.34083475 0.31331075 -0.12975925
v 0.19797200 0.70098800 -0.26589100
v 0.19841400 0.70100200 -0.26607900
v 0.31769704 0.64974739 -0.10140956
v 0.32044200 0.64629050 -0.09936750
v 0.48594617 0.54184073 -0.13452375
v 0.27663725 0.50549774 -0.16029159
v 0.37175200 0.17167800 0.14241600
v 0.37149100 0.17507700 0.14242400
v 0.36917200 0.17163500 0.14551000
v 0.01787400 0.37287200 -0.07974250
v 0.01716400 0.37287600 -0.07740200
v -0.02764426 0.23434350 -0.03102662
v -0.04697896 0.11617160 0.06609975
v -0.10641800 0.12503800 0.16450800
v -0.10478000 0.12795100 0.16447900
v -0.12671745 0.13179895 0.18013451
v -0.17128825 0.10372614 0.19241584
v -0.21672600 0.11280800 0.20382300
v -0.24418450 0.10545350 0.20093950
v -0.40538213 0.15953770 0.08647152
v -0.40937958 0.19866359 0.06140726
v -0.38715707 0.25155588 -0.08780041
v -0.37658607 0.24854331 -0.11103628
v -0.34069900 0.31384500 -0.13059200
v -0.34428500 0.31189600 -0.12725900
v -0.34064100 0.31388200 -0.13024500
v -0.34025700 0.31402600 -0.12990400
v -0.32786620 0.30158897 -0.14777471
v -0.29580834 0.34420504 -0.16599497
v -0.23470451 0.50219112 -0.19396928
v -0.26316510 0.60955227 -0.19007065
v -0.20895047 0.60631949 -0.24256517
v -0.11952237 0.67365565 -0.30809709
v -0.10458915 0.73471752 -0.31296449
v -0.06430883 0.77027285 -0.31929791
v -0.02984984 0.81945898 -0.31254624
v 0.02952518 0.83949009 -0.30728864
v 0.04503148 0.81967706 -0.31145486
v 0.05405002 0.81275865 -0.31193220
v 0.05896611 0.80268854 -0.31346022
v 0.09869786 0.78208038 -0.30863993
v 0.16256250 0.72431150 -0.28872500
v 0.19813900 0.69763300 -0.26616600
v 0.19883400 0.70156700 -0.26624600
v 0.20389117 0.68454054 -0.26184435
v 0.31368500 0.69486500 -0.11145700
v 0.31889500 0.64223300 -0.09927700
v 0.31991996 0.64360000 -0.09890886
v 0.32044200 0.64068600 -0.09846500
v 0.28402125 0.58807300 -0.15903325
v 0.30287818 0.41661145 -0.14686379
v 0.36682789 0.29429335 -0.09954552
v 0.38100794 0.28428650 -0.07586544
v 0.41147795 0.22682609 0.00324583
v 0.40043110 0.22505706 0.07439647
v 0.39728526 0.20032470 0.09630398
v 0.39918363 0.17303949 0.09942529
v 0.38138235 0.15541337 0.13074846
v 0.37373843 0.14088299 0.13910099
v 0.29967472 0.15693669 0.19632131
v 0.02810186 0.26424858 -0.04657581
v 0.02706031 0.27742356 -0.04724444
v 0.01953579 0.36501577 -0.06764974
v 0.01858400 0.37286800 -0.08208300
v 0.01809100 0.37287600 -0.08049600
v -0.03177236 0.34152779 -0.08755702
v -0.21984100 0.11277900 0.20399000
v -0.22451071 0.09685653 0.19948586
v -0.37375700 0.12209250 0.13469950
v -0.38907734 0.25963431 -0.07683368
v -0.32014796 0.30510811 -0.15360476
v -0.24088294 0.49024094 -0.18829161
v -0.21928114 0.61752077 -0.23721149
v -0.19505400 0.62674900 -0.25860100
v -0.15162268 0.63566694 -0.28827301
v -0.12818624 0.71853535 -0.30510827
v 0.18904521 0.70730065 -0.27290171
v 0.16886800 0.72292481 -0.28473800
v 0.18816300 0.68792375 -0.27317425
v 0.19815300 0.69795900 -0.26626000
v 0.19860237 0.69853044 -0.26590744
v 0.27760303 0.64739494 -0.17925042
v 0.32508200 0.62990800 -0.09729900
v 0.29370700 0.60668977 -0.14756213
v 0.30476964 0.37267693 -0.15349462
v 0.32500018 0.30816941 -0.14696988
v 0.38093200 0.28235600 -0.07780800
v 0.38112000 0.28293500 -0.07799600
v 0.38178700 0.28256600 -0.07469200
v 0.37131301 0.15506917 0.14466437
v 0.34989040 0.15473675 0.16572618
v 0.27405049 0.13725497 0.20440031
v 0.09922100 0.12828750 0.15806350
v 0.05302611 0.11750119 0.08783646
v 0.02838797 0.17761768 0.00355657
v -0.03272724 0.14401368 0.00802138
v -0.04048872 0.13302993 0.05539335
v -0.07499504 0.10287366 0.11827547
v -0.14190828 0.11351400 0.18362456
v -0.20584490 0.10048311 0.19927329
v -0.32182400 0.11901700 0.17939100
v -0.33705425 0.11901700 0.16904775
v -0.38202975 0.13290300 0.12624225
v -0.36658000 0.12285700 0.14360100
v -0.38689000 0.14060900 0.12070100
v -0.39333487 0.14832478 0.11042322
v -0.39864125 0.17544175 0.09984375
v -0.41278205 0.19188990 0.05179772
v -0.41532635 0.20487080 0.01226664
v -0.25508575 0.59988129 -0.19730785
v -0.23031087 0.60614640 -0.22397288
v -0.19574900 0.62335100 -0.25851400
v -0.19405600 0.61636025 -0.25673775
v -0.19195300 0.62366200 -0.26006500
v -0.16762338 0.61139801 -0.27325949
v -0.14896240 0.64771730 -0.29179278
v 0.11284215 0.77098030 -0.30603133
v 0.30805844 0.61031269 -0.12272457
v 0.32340005 0.62866982 -0.09597172
v 0.32648901 0.62074601 -0.09651968
v 0.29709344 0.59969369 -0.14049925
v 0.30611675 0.62827400 -0.12752975
v 0.28972050 0.57647850 -0.14906550
v 0.26670242 0.43957053 -0.17273878
v 0.27999996 0.40964822 -0.16687087
v 0.38081600 0.27966000 -0.08040200
v 0.38072900 0.28323200 -0.07714900
v 0.39745406 0.16161719 0.10437581
v 0.22272637 0.14894584 0.21103424
v 0.04713271 0.11670535 0.06933445
v 0.03171466 0.15605201 0.02109865
v 0.02762000 0.25538000 -0.04039100
v 0.02744600 0.25846700 -0.04309400
v 0.02865600 0.26080000 -0.04432600
v 0.02819200 0.26275600 -0.04653600
v 0.02716697 0.36070737 -0.08730131
v -0.01190702 0.38251209 -0.09528173
v -0.03590530 0.31002363 -0.08737313
v -0.11140799 0.11983978 0.16725184
v -0.32397918 0.11563898 0.17727509
v -0.34070625 0.11860344 0.16611188
v -0.34284328 0.10830693 0.16236181
v -0.38944000 0.14397800 0.11725900
v -0.39739400 0.14997750 0.10373550
v -0.38877462 0.13037865 0.11596094
v -0.41308296 0.21262691 -0.02291257
v -0.36743536 0.28048864 -0.10667779
v -0.35422461 0.27870972 -0.12655593
v -0.25222267 0.42439846 -0.18186321
v -0.24613676 0.58426611 -0.20248827
v -0.20105538 0.61928673 -0.25233890
v -0.19473500 0.62019100 -0.25797800
v -0.19480700 0.62059700 -0.25681200
v -0.18630858 0.60953277 -0.26030450
v -0.08670046 0.76783024 -0.31429529
v -0.08016404 0.77050719 -0.31580419
v 0.06133705 0.78124388 -0.31741166
v 0.15268338 0.71194145 -0.29532031
v 0.14552250 0.66547475 -0.29544175
v 0.32353594 0.64416838 -0.09948137
v 0.32198900 0.62674900 -0.09493700
v 0.25637118 0.50937579 -0.17816905
v 0.24243395 0.50951390 -0.18842160
v 0.28379454 0.39692355 -0.16631470
v 0.32146104 0.33100130 -0.14490328
v 0.11875322 0.11473244 0.17127539
v 0.04254871 0.10997921 0.03542420
v 0.03564965 0.13610951 0.03351708
v 0.03513904 0.13114848 0.00964656
v 0.02763121 0.22094975 -0.02855950
v 0.02809800 0.25501800 -0.04334800
v 0.02799600 0.25815500 -0.04299300
v 0.02759450 0.25766075 -0.04180600
v 0.02760500 0.25770600 -0.04355000
v 0.02842400 0.25832200 -0.04644100
v -0.03563364 0.27047853 -0.07830461
v -0.03150029 0.24858710 -0.06158629
v -0.02895672 0.17925780 -0.01220664
v -0.29414622 0.10010184 0.18631734
v -0.40691533 0.17273128 0.08038711
v -0.41274415 0.18267547 0.05508990
v -0.39770169 0.22667512 -0.07981495
v -0.34805345 0.27496628 -0.13597105
v -0.25752394 0.38272559 -0.18317091
v -0.25550467 0.58107937 -0.19202009
v -0.19414100 0.61730800 -0.25713100
v -0.09288300 0.74255600 -0.31537800
v -0.04971020 0.77921077 -0.31953523
v -0.03210608 0.79292665 -0.31889277
v 0.17863500 0.70201100 -0.27963175
v 0.17126534 0.68341882 -0.28372571
v 0.25521731 0.65517577 -0.21027434
v 0.26433213 0.51740675 -0.17194237
v 0.34155014 0.14030395 0.17187203
v 0.17123350 0.12418277 0.19910033
v 0.08967194 0.12154663 0.14651506
v 0.02979548 0.23465045 -0.04794179
v 0.02949916 0.36608688 -0.09915441
v -0.02760588 0.38055252 -0.11927708
v -0.03103523 0.15770309 0.01159566
v -0.03897736 0.12227342 0.03302459
v -0.08580909 0.09840964 0.13189546
v -0.11571381 0.10498191 0.16431542
v -0.15166000 0.10607600 0.18627400
v -0.15557200 0.10410500 0.18516600
v -0.15481900 0.10342400 0.18597700
v -0.15789800 0.10351900 0.18710000
v -0.15022850 0.10662350 0.18486900
v -0.17261095 0.08941133 0.18710778
v -0.23621536 0.09298688 0.19798326
v -0.26006900 0.10042500 0.19694700
v -0.24381500 0.10661650 0.20132350
v -0.27126613 0.09739600 0.19326625
v -0.36504715 0.11426647 0.14315158
v -0.39933752 0.13176432 0.09659043
v -0.40392450 0.14241538 0.08693044
v -0.41502768 0.19321231 0.03134853
v -0.38744000 0.24286000 -0.09290800
v -0.38590400 0.24284500 -0.09598000
v -0.38583432 0.23125281 -0.10358412
v -0.23767940 0.42433185 -0.18857190
v -0.24072533 0.54268892 -0.19698838
v -0.14634515 0.65104265 -0.29396652
v -0.09345500 0.73849800 -0.31548000
v -0.09133600 0.74192900 -0.31585650
v -0.09310000 0.73810000 -0.31617500
v -0.08824600 0.74526049 -0.31640695
v 0.09072689 0.74152661 -0.31684396
v 0.26151102 0.65574337 -0.20192652
v 0.29338866 0.62823944 -0.15225251
v 0.26584900 0.51918700 -0.17052300
v 0.26605900 0.51536900 -0.17057400
v 0.26713200 0.51877400 -0.17027000
v 0.39165884 0.26437142 -0.06422209
v 0.41067655 0.18832334 0.06286048
v 0.15789600 0.11900300 0.19286100
v 0.15486000 0.11904600 0.19165100
v 0.03498603 0.17928781 -0.06092702
v 0.04724457 0.30312495 -0.11114421
v 0.00272043 0.38711063 -0.10209678
v -0.04218883 0.28494399 -0.09665515
v -0.12637579 0.11243628 0.17419162
v -0.15510900 0.10359100 0.18515800
v -0.15784700 0.10014200 0.18616600
v -0.15788400 0.10041700 0.18589800
v -0.29802816 0.11106313 0.18960671
v -0.30904105 0.09378659 0.17846715
v -0.38171182 0.10278800 0.11520298
v -0.38745346 0.12407176 0.11532833
v -0.38700600 0.24284500 -0.09379200
v -0.21680529 0.57225011 -0.22508093
v -0.13967861 0.62477934 -0.29146971
v -0.10137090 0.69823718 -0.31542168
v -0.09238300 0.73770100 -0.31584900
v -0.09548940 0.73385593 -0.31550099
v -0.04189604 0.76819683 -0.32246009
v 0.01802107 0.80774297 -0.31686735
v 0.03145251 0.80697676 -0.31612852
v 0.12156110 0.74822435 -0.30570910
v 0.11028752 0.71452184 -0.31293634
v 0.11462880 0.71276258 -0.31146829
v 0.17027200 0.70111100 -0.28472200
v 0.25941901 0.57623970 -0.18668302
v 0.26895791 0.54599427 -0.17044892
v 0.34038554 0.28904529 -0.13785007
v 0.36599774 0.26075883 -0.12058426
v 0.40549091 0.24134043 -0.02836897
v 0.15775100 0.11528600 0.19246900
v 0.15578100 0.11891600 0.19160700
v 0.15480200 0.11590100 0.19070100
v 0.07428200 0.10994500 0.12227300
v 0.07228200 0.11280800 0.12074500
v 0.02839336 0.20070284 -0.03122036
v -0.03387800 0.34691987 -0.09590475
v -0.03879128 0.21432139 -0.08200846
v -0.12128745 0.07429668 0.15192208
v -0.15480400 0.10042500 0.18454300
v -0.24945373 0.09282149 0.19609885
v -0.30764112 0.10310938 0.18148763
v -0.40437640 0.22205868 -0.06258491
v -0.27199795 0.35204901 -0.17932072
v -0.19448886 0.57449206 -0.24317013
v -0.09812095 0.66489937 -0.31466664
v 0.27644600 0.58959300 -0.16937100
v 0.28426800 0.38536700 -0.16719000
v 0.41401650 0.19954669 -0.03648848
v 0.30912191 0.12216669 0.18784553
v 0.16113500 0.11343800 0.19212200
v 0.15781700 0.11590900 0.19188200
v 0.15810613 0.11713237 0.19245963
v 0.15681629 0.11076269 0.19026794
v 0.07533900 0.11590100 0.12694000
v 0.07435400 0.11267700 0.12388200
v 0.07460000 0.11262600 0.12346900
v 0.07427600 0.09656817 0.11353000
v 0.02476500 0.37239700 -0.09907400
v 0.02446000 0.37283200 -0.09908800
v -0.03447600 0.34787100 -0.09919700
v -0.03391800 0.34513900 -0.09529900
v -0.03388200 0.34532000 -0.09586400
v -0.03674147 0.36638157 -0.11457396
v -0.03072716 0.19721451 -0.04639595
v -0.07538189 0.06342745 0.07825151
v -0.07975621 0.06544408 0.08944658
v -0.28315720 0.08579905 0.18503541
v -0.31928601 0.09145302 0.17254106
v -0.41826006 0.18413526 0.01108537
v -0.38085061 0.22206511 -0.11702814
v -0.35202431 0.23972969 -0.14745433
v -0.33429819 0.26948830 -0.15196496
v -0.22046749 0.46157177 -0.19660557
v -0.15218023 0.59296183 -0.27645463
v -0.01121789 0.79780089 -0.31930578
v 0.08950542 0.75059063 -0.31592185
v 0.19463200 0.65757200 -0.26574600
v 0.19464844 0.66600519 -0.26647469
v 0.24373375 0.64422525 -0.22052725
v 0.27238676 0.61302700 -0.18016330
v 0.28216136 0.62665527 -0.16901099
v 0.28486900 0.38262100 -0.16735700
v 0.28451400 0.38165000 -0.16723400
v 0.28552475 0.38106688 -0.16681888
v 0.28793400 0.38216500 -0.16491500
v 0.31453961 0.32841783 -0.15150946
v 0.33250200 0.30786000 -0.13932400
v 0.36010100 0.28618900 -0.11455800
v 0.35508649 0.26160852 -0.13491128
v 0.41461585 0.20714169 0.02466849
v 0.07447000 0.11290900 0.12466500
v 0.07555841 0.11157091 0.12544008
v 0.03181780 0.16092878 -0.02919138
v 0.02653300 0.36978200 -0.09907400
v 0.02549650 0.37130700 -0.09908100
v 0.02576265 0.38015763 -0.11290437
v -0.03441800 0.34524100 -0.09537100
v -0.04139183 0.23510781 -0.08995384
v -0.03370242 0.15449942 -0.04632433
v -0.14863974 0.09239720 0.17830788
v -0.19918785 0.06687625 0.18101271
v -0.20745627 0.07362506 0.18696670
v -0.26756428 0.08767179 0.18986398
v -0.41545515 0.15209076 0.05115762
v -0.40562244 0.20840219 -0.07003119
v -0.39537440 0.21868855 -0.09159480
v -0.37536412 0.20850051 -0.13099414
v -0.24963997 0.40336318 -0.18487377
v -0.18996876 0.55453478 -0.23890505
v -0.17355733 0.58123029 -0.25962239
v -0.11440264 0.63009336 -0.30317706
v 0.06975615 0.77825179 -0.31657022
v 0.10836104 0.73583562 -0.31161416
v 0.17190951 0.65706436 -0.28067873
v 0.20887700 0.64504400 -0.25276850
v 0.18110692 0.61839054 -0.26804298
v 0.22467532 0.62017728 -0.23400730
v 0.25080350 0.63598700 -0.21106250
v 0.28475300 0.37865000 -0.16727000
v 0.28508600 0.38204100 -0.16681300
v 0.28508600 0.37610000 -0.16785700
v 0.27403243 0.36910118 -0.17616752
v 0.33343650 0.30474800 -0.13932000
v 0.33342200 0.30475900 -0.13932400
v 0.33437100 0.30163600 -0.13931600
v 0.35962200 0.28275400 -0.11797100
v 0.35881100 0.28271800 -0.11768800
v 0.38420143 0.25973194 -0.08890503
v 0.40790000 0.23665000 -0.01238700
v 0.40858100 0.23425200 -0.01181500
v 0.40860300 0.23237500 -0.00981500
v 0.40893875 0.23230937 -0.01188550
v 0.08232450 0.10661650 0.13158050
v -0.04722780 0.09638860 0.03219299
v -0.36448103 0.09376614 0.13411810
v -0.40201894 0.14877944 0.09305200
v -0.41674565 0.19015759 -0.02424019
v -0.41227097 0.20128415 -0.04394879
v -0.39074879 0.19809485 -0.11034500
v -0.30708317 0.29869530 -0.16532923
v -0.28922691 0.32161636 -0.17342514
v -0.23152609 0.42971686 -0.19163100
v -0.23472622 0.46697253 -0.19052720
v -0.01823377 0.77566567 -0.32290989
v 0.17865815 0.63961218 -0.27390184
v 0.26092394 0.58990306 -0.18806100
v 0.28543400 0.37907100 -0.16719000
v 0.35676000 0.28308000 -0.12091200
v 0.35867300 0.28332700 -0.11784000
v 0.35788325 0.28081225 -0.12046300
v 0.40906700 0.23411400 -0.01196700
v 0.40814700 0.23334600 -0.01228600
v 0.39075470 0.14047938 0.11236659
v 0.03252394 0.14753660 -0.00926041
v -0.05134336 0.32418664 -0.11919256
v -0.04607871 0.25702616 -0.10174191
v -0.24244176 0.06102863 0.17906038
v -0.26117307 0.06699281 0.17950042
v -0.34892614 0.10194430 0.15486836
v -0.34197732 0.08742980 0.15236055
v -0.35329754 0.09101711 0.14471302
v -0.38941711 0.09216748 0.09163013
v -0.29021791 0.30028466 -0.17580364
v -0.06649449 0.73577750 -0.32223841
v 0.15412012 0.71490593 -0.29417226
v 0.21602554 0.62752950 -0.24314036
v 0.23749034 0.57355445 -0.20861561
v 0.24018496 0.43056980 -0.18752125
v 0.27026733 0.37196308 -0.17760134
v 0.39840238 0.13825744 0.09899476
v 0.07519469 0.07806653 0.09991900
v -0.04672646 0.24001955 -0.10131418
v -0.03978202 0.11276396 -0.00054156
v -0.37502844 0.08481029 0.11215806
v -0.41875183 0.16945915 0.01923966
v -0.32550272 0.26221159 -0.16181658
v -0.30341200 0.29237600 -0.16918300
v -0.21903593 0.52461797 -0.20818178
v 0.11223319 0.68447354 -0.31230205
v 0.25677956 0.60440625 -0.19646050
v 0.27666350 0.58657800 -0.16810494
v 0.24271713 0.41670007 -0.18713224
v 0.26143038 0.38856515 -0.18085706
v 0.39452812 0.22525035 -0.08830603
v 0.16971138 0.09319097 0.18860637
v 0.10937888 0.09904477 0.15780233
v 0.09785644 0.06358753 0.11588919
v 0.03983094 0.23653574 -0.08594760
v 0.00746646 0.39558655 -0.13093911
v -0.04902556 0.35599411 -0.12734190
v -0.37300287 0.06397824 0.09610883
v -0.40047149 0.10811131 0.08255845
v -0.41088749 0.18872893 -0.06286731
v -0.39381587 0.20402889 -0.10163723
v -0.33384591 0.25053422 -0.15943665
v -0.31169649 0.27715848 -0.16756848
v -0.24527155 0.32596430 -0.19122521
v -0.16993264 0.57204188 -0.25834830
v -0.12555957 0.61649953 -0.29573051
v -0.08156211 0.69558159 -0.32086534
v -0.08414408 0.71182327 -0.32017325
v 0.03556709 0.77725376 -0.32152442
v 0.07109119 0.75025309 -0.32025246
v 0.21559700 0.62623100 -0.24319350
v 0.21363700 0.62548100 -0.24496500
v 0.21665900 0.62307500 -0.24197300
v 0.21755700 0.62698100 -0.24142200
v 0.28256599 0.59514221 -0.16279767
v 0.23957623 0.53913639 -0.19716570
v 0.37847668 0.23146586 -0.11605865
v 0.36378136 0.10770889 0.14106319
v 0.35002742 0.09993962 0.15181490
v 0.32498100 0.11548800 0.17727500
v 0.32508200 0.11900300 0.17739100
v 0.32428925 0.11515550 0.17678075
v 0.27497361 0.10562795 0.19625104
v 0.06174608 0.07864852 0.06758227
v -0.01416997 0.39160832 -0.12630771
v -0.04640600 0.36205800 -0.12693700
v -0.09554483 0.05811398 0.10632326
v -0.35566433 0.08430057 0.13892210
v -0.40862625 0.09693925 0.00990344
v -0.41933513 0.17311867 -0.00519343
v -0.36596846 0.19617889 -0.14716823
v -0.36281399 0.23029659 -0.13848960
v -0.26250657 0.32854475 -0.18516735
v -0.22644862 0.39201469 -0.19429247
v -0.20650416 0.46509315 -0.20184759
v -0.23146010 0.55191834 -0.20684019
v -0.13058213 0.58869748 -0.28537526
v -0.05933638 0.71149488 -0.32528444
v 0.06490066 0.71714181 -0.32432491
v 0.15791800 0.67943150 -0.29080450
v 0.21615900 0.62340800 -0.24156700
v 0.21716600 0.62336500 -0.24111000
v 0.23101747 0.52469168 -0.19999711
v 0.23383450 0.47278250 -0.19110800
v 0.21524522 0.46974349 -0.19976026
v 0.28943071 0.32566917 -0.17141148
v 0.31834100 0.30229286 -0.15424814
v 0.37363600 0.24284500 -0.11765200
v 0.37475100 0.23975900 -0.11735500
v 0.40736279 0.19970380 -0.06785744
v 0.41404093 0.15556837 0.05646529
v 0.33846304 0.10237688 0.16374699
v 0.32659433 0.12167357 0.17750655
v 0.32469800 0.11528600 0.17656500
v 0.32498100 0.11602500 0.17760100
v 0.32198900 0.11590100 0.17831100
v 0.18380095 0.08509231 0.18981745
v 0.13703694 0.09017330 0.17325166
v 0.05253785 0.08867338 0.04691318
v -0.04818261 0.37015462 -0.13442028
v -0.06030218 0.22438673 -0.12450741
v -0.03395184 0.14396951 -0.02613886
v -0.11267176 0.04848231 0.11382758
v -0.13172512 0.06878919 0.15367487
v -0.16991045 0.07416878 0.17843087
v -0.42062237 0.14033458 0.00048925
v -0.34936737 0.19991099 -0.16298166
v -0.15276950 0.56705669 -0.26623665
v -0.09402346 0.67234592 -0.31628902
v -0.04946082 0.73765271 -0.32522107
v 0.02314916 0.76292874 -0.32466322
v 0.20699414 0.62128835 -0.24945992
v 0.21686100 0.62059000 -0.24050200
v 0.23202700 0.47186600 -0.19226700
v 0.23204100 0.46841700 -0.19111500
v 0.23195400 0.46578700 -0.19184000
v 0.23002334 0.39709597 -0.19249510
v 0.32737149 0.28297368 -0.15231128
v 0.37482925 0.23985275 -0.11732750
v 0.37486000 0.23991100 -0.11810800
v 0.38749831 0.12570464 0.11440804
v 0.32496600 0.10630100 0.17352900
v 0.32498050 0.10665600 0.17361600
v 0.32498100 0.10656200 0.17363100
v 0.32508200 0.10971400 0.17455100
v 0.32355400 0.11280800 0.17647100
v 0.20566891 0.10508379 0.20161636
v 0.09248300 0.08774500 0.13354800
v 0.09350400 0.08854900 0.13235900
v 0.09033800 0.08804200 0.13003400
v 0.08468076 0.10889320 0.13670808
v 0.06057791 0.07455968 0.05286273
v 0.04170307 0.11031427 -0.03328600
v 0.05471881 0.35249369 -0.13296904
v 0.03190219 0.38861193 -0.13467410
v -0.06172472 0.38405589 -0.15702022
v -0.04936737 0.08455355 0.00095093
v -0.06575763 0.06520342 0.04315022
v -0.30031900 0.06946400 0.16797900
v -0.30310112 0.06683550 0.16448375
v -0.30315900 0.06997800 0.16695000
v -0.40852325 0.13450275 0.07126925
v -0.41798800 0.15314400 0.02835500
v -0.20700241 0.40403384 -0.19749405
v -0.20334298 0.52972755 -0.22022875
v -0.09315971 0.61373158 -0.30633903
v 0.27372225 0.44726574 -0.16756409
v 0.23254800 0.47230800 -0.19142000
v 0.23270800 0.47154000 -0.19149900
v 0.23188200 0.46885200 -0.19195600
v 0.37034908 0.07920523 0.11355757
v 0.32499500 0.10701100 0.17370300
v 0.09339600 0.08457100 0.13071500
v 0.09493200 0.08493400 0.13339600
v 0.09167800 0.08786100 0.13314200
v 0.05112647 0.08294665 0.01018173
v 0.03977915 0.18490346 -0.07994172
v 0.04948584 0.22814726 -0.10718183
v 0.04970042 0.27541043 -0.11029353
v -0.06111778 0.28615311 -0.12870828
v -0.19473886 0.04893355 0.16448889
v -0.30250700 0.06927600 0.16761000
v -0.30387600 0.06643500 0.16321900
v -0.41134551 0.15381449 -0.07139675
v -0.32725862 0.23293577 -0.17044627
v -0.03262852 0.77731227 -0.32215300
v 0.00421283 0.74803814 -0.32763872
v 0.03851204 0.73953183 -0.32639819
v 0.06834153 0.69235489 -0.32385009
v 0.24997494 0.63467988 -0.21148006
v 0.20553028 0.53952982 -0.22318026
v 0.22130057 0.49043233 -0.20034815
v 0.23474890 0.44030045 -0.19004733
v 0.27791350 0.33133275 -0.17669125
v 0.24817700 0.35696050 -0.18820450
v 0.29687788 0.31243400 -0.16827319
v 0.41904383 0.16732217 0.01895786
v 0.05718900 0.08184700 0.05263500
v 0.05958225 0.07725650 0.05266775
v 0.05678180 0.07440040 0.02845837
v 0.04565744 0.09504939 -0.01221409
v -0.03937418 0.16281494 -0.07144218
v -0.30326000 0.06546400 0.16366100
v -0.30982194 0.05838524 0.15391129
v -0.32421521 0.06082305 0.14894159
v -0.19467805 0.43726300 -0.20193107
v -0.17303465 0.55301875 -0.24872586
v -0.16115757 0.53735195 -0.24859514
v -0.13071289 0.55580840 -0.27230419
v -0.07466868 0.66359729 -0.32044116
v 0.01923476 0.73686546 -0.32840888
v 0.05332285 0.73865936 -0.32436074
v 0.10624272 0.65297065 -0.31152358
v 0.13199582 0.66312139 -0.30285439
v 0.23255518 0.61817094 -0.22623019
v 0.30647600 0.28768850 -0.16669750
v 0.16541108 0.05380275 0.16244580
v 0.09032219 0.11650534 0.14289412
v 0.05945000 0.07837600 0.05587400
v 0.05836300 0.07925300 0.05291800
v 0.05852200 0.07939800 0.05331700
v 0.05255572 0.36271379 -0.13446103
v -0.02535405 0.40483830 -0.16012692
v -0.04580545 0.39132206 -0.15249447
v -0.06957043 0.36670671 -0.15296749
v -0.04109297 0.13070040 -0.05709388
v -0.15782775 0.05258102 0.15326940
v -0.29319378 0.07000069 0.17238379
v -0.37710790 0.06661535 0.09082788
v -0.39163494 0.07787812 0.07172820
v -0.40202643 0.17881333 -0.09140824
v -0.19421872 0.53328710 -0.22726618
v -0.15520876 0.55271537 -0.25864663
v -0.15337850 0.55356425 -0.26019900
v -0.14287384 0.54827815 -0.26323687
v 0.13525925 0.65065400 -0.29933450
v 0.13806370 0.64544319 -0.29758270
v 0.12722072 0.62190987 -0.29723464
v 0.24608283 0.60519573 -0.20850217
v 0.19871982 0.51873736 -0.22022018
v 0.20612162 0.43454027 -0.19954391
v 0.26922788 0.33063736 -0.18111052
v 0.29018311 0.30746874 -0.17322620
v 0.28858049 0.28085285 -0.17979780
v 0.31170900 0.27540375 -0.16653450
v 0.29605366 0.31060144 -0.16897247
v 0.36569077 0.23737675 -0.13299339
v 0.38278834 0.21761639 -0.11502934
v 0.32105058 0.09316347 0.17043065
v 0.11843526 0.07332691 0.14917775
v 0.12573357 0.05470318 0.13667156
v 0.06122500 0.07565200 0.05572900
v 0.05897100 0.07944900 0.05285300
v 0.06085243 0.26682296 -0.12645324
v 0.06375017 0.32607336 -0.13743859
v -0.06634805 0.33931656 -0.14177613
v -0.08008644 0.31540282 -0.15203677
v -0.06135368 0.18553279 -0.12675916
v -0.05081907 0.17006731 -0.10511104
v -0.34997300 0.06168775 0.12231350
v -0.41076521 0.11750539 0.05463685
v -0.29896225 0.26365825 -0.17870375
v -0.29722500 0.27062500 -0.17803700
v -0.27762057 0.29051692 -0.18349414
v -0.22684117 0.36165837 -0.19474458
v -0.08408954 0.62410342 -0.31131705
v -0.06211698 0.65602542 -0.32186804
v -0.02891162 0.73208068 -0.32802338
v 0.08033805 0.68252881 -0.32073455
v 0.09677487 0.62220328 -0.30844241
v 0.25155725 0.35339750 -0.18713225
v 0.41734791 0.19544051 -0.00147625
v 0.41975758 0.15955297 0.01779211
v 0.17401673 0.05484195 0.16674248
v 0.07739700 0.06694300 0.08672600
v 0.05853591 0.37151523 -0.14623599
v 0.04631715 0.38747270 -0.14823612
v -0.23187714 0.03316188 0.14970150
v -0.26956449 0.05028650 0.16485533
v -0.29687700 0.26435000 -0.18040600
v -0.29708000 0.26468400 -0.17926200
v -0.17109342 0.45698430 -0.20969123
v -0.11011323 0.57324935 -0.28743558
v -0.06926134 0.69668676 -0.32350390
v 0.03397475 0.72114941 -0.32862600
v 0.14925713 0.58815901 -0.27713598
v 0.23711155 0.38550012 -0.19070250
v 0.24458300 0.35618900 -0.18962300
v 0.23601194 0.33075125 -0.19341791
v 0.27588400 0.31767100 -0.17947900
v 0.35946549 0.22581695 -0.14641461
v 0.39253392 0.09745515 0.08928320
v 0.31008260 0.07242184 0.16545837
v 0.07848400 0.06314600 0.08411800
v 0.07798050 0.06286525 0.08160200
v 0.07739700 0.06500800 0.08359600
v 0.07714000 0.06432650 0.08227400
v 0.04184064 0.40768015 -0.17397991
v 0.00181507 0.41113182 -0.16941041
v -0.05479523 0.07829856 -0.02832174
v -0.19301952 0.03713504 0.14993880
v -0.23187325 0.04296139 0.16273426
v -0.28443780 0.04496196 0.15340811
v -0.41742132 0.12581839 0.01378822
v -0.02302385 0.68385201 -0.32893343
v -0.03129990 0.70506660 -0.32862431
v 0.19229962 0.61835242 -0.25995431
v 0.21480429 0.58643608 -0.23200074
v 0.22314422 0.56629902 -0.21886544
v 0.23220000 0.36978200 -0.19264400
v 0.23608025 0.36219750 -0.19190000
v 0.24462389 0.30241479 -0.19285220
v 0.27545700 0.31716400 -0.17957300
v 0.27571400 0.31596100 -0.17971450
v 0.27560900 0.31709900 -0.17974700
v 0.31888000 0.25830700 -0.16716100
v 0.31376413 0.27256250 -0.16594500
v 0.41143439 0.11550068 0.04677927
v 0.21608466 0.07421828 0.18841721
v 0.09858719 0.05286860 0.10417093
v 0.07760000 0.06290700 0.08012600
v 0.07760000 0.06307300 0.08140100
v 0.07760000 0.06325500 0.08055300
v 0.07330486 0.04886710 0.02311716
v 0.03721300 0.14340600 -0.04952800
v 0.04209820 0.12296615 -0.05297073
v -0.08268308 0.38701269 -0.17240460
v -0.07280837 0.28436782 -0.14183915
v -0.04819114 0.13876845 -0.08788157
v -0.07299225 0.05071051 0.00242752
v -0.40542926 0.08385871 0.03307890
v -0.41271700 0.12054950 0.04644050
v -0.40552114 0.14432408 -0.08443986
v -0.37170376 0.18213467 -0.14152866
v -0.19011137 0.36571958 -0.19801112
v -0.19983049 0.48215358 -0.20754439
v -0.17550288 0.52102121 -0.23289295
v -0.09231870 0.58187910 -0.29668912
v -0.07104500 0.62960400 -0.31561000
v -0.07119700 0.63296600 -0.31579900
v -0.05504674 0.67568629 -0.32464419
v -0.04167292 0.69992325 -0.32780990
v 0.03305055 0.69812829 -0.32893345
v 0.08506956 0.59748675 -0.30280050
v 0.21596983 0.49586110 -0.20384903
v 0.20501394 0.42737939 -0.19935260
v 0.22601300 0.37442300 -0.19391250
v 0.26847622 0.31070563 -0.18367500
v 0.41473284 0.16491515 -0.05074174
v 0.23459553 0.08267811 0.19317794
v 0.18552750 0.05999950 0.17260000
v 0.10111835 0.04314498 0.09306907
v 0.07735400 0.06191400 0.07761900
v 0.03404300 0.39772975 -0.15271000
v -0.08177243 0.04580827 0.03940732
v -0.15598852 0.04426635 0.14394203
v -0.16109853 0.03301754 0.13068694
v -0.41614382 0.12244157 0.02646302
v -0.41698900 0.11885266 0.00354683
v -0.40063875 0.16559778 -0.09626379
v -0.31755921 0.21520906 -0.18287315
v -0.18410190 0.42247325 -0.20220760
v -0.18022177 0.48996938 -0.21763556
v -0.18369301 0.50294995 -0.22135504
v -0.06868200 0.63008900 -0.31611000
v -0.06831675 0.62912900 -0.31576025
v -0.06836400 0.63037200 -0.31559600
v 0.01358660 0.71457889 -0.32967613
v 0.14253987 0.60816135 -0.28662694
v 0.39765173 0.20258408 -0.09310796
v 0.41408623 0.19692083 -0.03560879
v 0.41796726 0.13399861 -0.02866177
v 0.40686035 0.11620862 0.06416966
v 0.18560400 0.05642200 0.17013800
v 0.18585000 0.05727000 0.16974700
v 0.07345254 0.05225872 0.03304717
v 0.03621672 0.13844342 -0.03733753
v 0.04564302 0.16128379 -0.09112500
v 0.06180687 0.20599366 -0.12623425
v 0.05657175 0.39570699 -0.16557624
v -0.01349680 0.42351995 -0.19234948
v -0.05712866 0.16847493 -0.11636262
v -0.20126655 0.02617237 0.13501219
v -0.30341477 0.03941474 0.13599869
v -0.32473068 0.04009641 0.12316092
v -0.34967542 0.03187059 0.07681847
v -0.37331900 0.05398000 0.07430700
v -0.37436200 0.05366800 0.07191600
v -0.37494900 0.05382100 0.07114100
v -0.41982496 0.14869178 -0.01793835
v -0.38742162 0.18151150 -0.12019673
v -0.36517724 0.16767380 -0.15142940
v -0.31335521 0.23726716 -0.17845297
v -0.25018943 0.29303694 -0.19271886
v -0.06500900 0.62679900 -0.31574100
v -0.06564600 0.62699500 -0.31528400
v -0.06826200 0.63011800 -0.31598700
v 0.17367905 0.58322644 -0.26224095
v 0.21052900 0.39841800 -0.19683225
v 0.21363000 0.39454700 -0.19615800
v 0.21674000 0.38388525 -0.19557700
v 0.21911048 0.31973958 -0.19667305
v 0.39672529 0.18366683 -0.10043429
v 0.38531425 0.07513148 0.08249974
v 0.26348266 0.06415147 0.17868008
v 0.18602400 0.05698000 0.16989200
v 0.13884368 0.04340660 0.13240932
v 0.10002335 0.06283247 0.12131104
v 0.04878800 0.20569000 -0.10364600
v 0.04800200 0.20878300 -0.10216800
v 0.04953800 0.21163100 -0.10544300
v -0.08108185 0.28595862 -0.14945867
v -0.06335053 0.06240503 -0.01059785
v -0.37450700 0.05440000 0.07159000
v -0.37433150 0.05310325 0.07055600
v -0.37452900 0.05230600 0.06838800
v -0.38407826 0.05720147 0.05363131
v -0.39142005 0.14666419 -0.11283249
v -0.38644800 0.15869400 -0.12070200
v -0.38782050 0.15305350 -0.11919900
v -0.22463425 0.31419370 -0.19582827
v -0.09714774 0.55237693 -0.28293945
v -0.09064442 0.55471833 -0.28562101
v -0.06501600 0.62985000 -0.31640700
v -0.04745794 0.60768260 -0.31472683
v -0.04422358 0.62663083 -0.31928114
v -0.04336552 0.67767389 -0.32626397
v -0.00069662 0.73128164 -0.32966921
v 0.12118887 0.63407775 -0.30195488
v 0.11377608 0.58974074 -0.29351679
v 0.18758482 0.57745121 -0.25093305
v 0.19427500 0.39222725 -0.19910550
v 0.19513858 0.37510167 -0.19851666
v 0.30884198 0.24558823 -0.17849300
v 0.32748800 0.23056350 -0.17082400
v 0.33095900 0.23358500 -0.16715400
v 0.35212875 0.21265600 -0.15560800
v 0.33111021 0.21580924 -0.17308969
v 0.37230950 0.19022050 -0.13933050
v 0.40346879 0.17020744 -0.08821351
v 0.35517824 0.08306888 0.13576698
v 0.35915100 0.07255100 0.12075900
v 0.35630400 0.07246400 0.12422300
v 0.35573192 0.06821493 0.12095725
v 0.08146525 0.05102431 0.06463408
v 0.06454537 0.05832720 -0.00939653
v 0.04668150 0.18860643 -0.09888683
v 0.04953800 0.20569000 -0.10512400
v 0.05060300 0.20897200 -0.10565300
v 0.09623053 0.28127922 -0.16222940
v -0.06614397 0.40803778 -0.17934166
v -0.09519317 0.33460931 -0.16640421
v -0.09035213 0.25100387 -0.15722562
v -0.09964457 0.24890175 -0.16518607
v -0.09352564 0.03630860 0.04854003
v -0.34956911 0.03143159 0.07160826
v -0.41256965 0.13279003 -0.05573231
v -0.38720100 0.15645500 -0.12002800
v -0.38732400 0.15694100 -0.12050700
v -0.24304725 0.28228700 -0.19556250
v -0.32671250 0.18193338 -0.18160200
v -0.20927517 0.36889202 -0.19721569
v -0.16943203 0.48228669 -0.21812819
v -0.08369545 0.54484729 -0.28291585
v -0.06619098 0.56601654 -0.29708722
v 0.24885104 0.29508187 -0.19225082
v 0.29422719 0.23101809 -0.18996357
v 0.32811800 0.23000600 -0.17028400
v 0.32806000 0.23047700 -0.17035700
v 0.34930860 0.18320312 -0.16549486
v 0.35555206 0.21085781 -0.15174003
v 0.37773700 0.19022000 -0.13212100
v 0.41814068 0.13878552 0.01468989
v 0.41797633 0.13792815 0.01750117
v 0.36202100 0.07263000 0.11700600
v 0.35947800 0.06904400 0.11823800
v 0.35891200 0.07271700 0.12135300
v 0.35649200 0.06937000 0.12096200
v 0.15045801 0.03047079 0.12367850
v 0.11352400 0.04396300 0.10836200
v 0.04963900 0.20265400 -0.10527600
v 0.04977700 0.20516100 -0.10521100
v 0.05339760 0.38965902 -0.15625095
v -0.17102137 0.01834265 0.10808969
v -0.26888877 0.02886434 0.13661155
v -0.36788915 0.03856315 0.04721921
v -0.40239895 0.07628290 0.01994679
v -0.38296410 0.14795372 -0.12696942
v -0.26772634 0.25125146 -0.19492807
v -0.14672284 0.52464333 -0.24954311
v -0.12543731 0.52666971 -0.26022023
v 0.07812436 0.63038782 -0.31495793
v 0.20082237 0.39647900 -0.19844725
v 0.21630146 0.37335988 -0.19602995
v 0.32675600 0.23355600 -0.17028400
v 0.32877800 0.22986100 -0.17023300
v 0.32822000 0.22757100 -0.17136400
v 0.38700400 0.15922300 -0.12073800
v 0.39575548 0.17359102 -0.10677375
v 0.36100600 0.06931200 0.11464400
v 0.35885775 0.07020425 0.11878750
v 0.35955000 0.06917400 0.11768000
v 0.35821700 0.06951500 0.11741900
v 0.35631100 0.06814500 0.12039000
v 0.28752326 0.07839640 0.18024514
v 0.20694167 0.05299529 0.17107167
v 0.11701600 0.04159700 0.10836200
v 0.04344621 0.13192978 -0.06815593
v 0.07486487 0.24201072 -0.14217720
v -0.03473960 0.42357010 -0.19345314
v -0.32427367 0.01952222 0.07803021
v -0.21711312 0.30519825 -0.19688137
v -0.15047298 0.40322064 -0.19992758
v -0.10899255 0.51749488 -0.26145580
v -0.05067112 0.59424436 -0.31014199
v 0.17698696 0.47057722 -0.21322777
v 0.35812863 0.17189679 -0.15834279
v 0.40893690 0.15236235 -0.07314358
v 0.38460171 0.05754771 0.04990367
v 0.24372823 0.06230320 0.17922662
v 0.23731928 0.04058026 0.15829052
v 0.18078605 0.03104504 0.14001054
v 0.13099106 0.03038650 0.10022450
v 0.05535994 0.18000354 -0.11416520
v 0.08029500 0.28325400 -0.14893100
v -0.06464792 0.24783045 -0.13126932
v -0.08229963 0.20670450 -0.15050263
v -0.07980917 0.04282443 0.00160799
v -0.16132886 0.02173362 0.10891562
v -0.23362340 0.02809299 0.14265193
v -0.31570288 0.01866933 0.08039895
v -0.28010700 0.25023950 -0.19086550
v -0.27864700 0.25522800 -0.19023900
v -0.26844056 0.26857744 -0.19097188
v -0.22717814 0.27814760 -0.19882859
v -0.15805974 0.45892738 -0.21324074
v -0.13236454 0.49908212 -0.24128316
v -0.09278900 0.54034400 -0.27786000
v -0.09288300 0.54315600 -0.27938200
v -0.09103900 0.54126637 -0.27886563
v -0.03712933 0.58079413 -0.30728290
v 0.18580700 0.53076600 -0.23229200
v 0.18690088 0.52871775 -0.23088850
v 0.17068889 0.44849716 -0.20983341
v 0.37078729 0.06165080 0.08970595
v 0.30920000 0.06059500 0.15474100
v 0.08629559 0.03690026 0.00285975
v 0.07404411 0.28030908 -0.14276048
v 0.08390400 0.28000100 -0.15198900
v 0.08267200 0.27995000 -0.15238700
v 0.08359200 0.28311700 -0.15190200
v 0.08278050 0.28098450 -0.15100163
v 0.08081233 0.33158502 -0.15484723
v 0.08766023 0.36042709 -0.16592626
v -0.10121500 0.37891100 -0.17928300
v -0.10581074 0.35470766 -0.17572952
v -0.08355100 0.20588500 -0.15244500
v -0.04487815 0.10509856 -0.03993967
v -0.13596961 0.02130261 0.08497165
v -0.24055269 0.01561687 0.11553282
v -0.19513000 0.32799250 -0.19685400
v -0.17716844 0.34670800 -0.19623956
v -0.09049200 0.53993100 -0.27859200
v -0.08952100 0.54072100 -0.27772300
v -0.08987600 0.54025000 -0.27828800
v -0.08362300 0.53698200 -0.27865700
v -0.02433355 0.64702164 -0.32541006
v -0.01074332 0.67473940 -0.32885544
v 0.01402009 0.67900818 -0.32936728
v 0.18270500 0.52769300 -0.23277100
v 0.18609600 0.53035300 -0.23232100
v 0.19040400 0.38835200 -0.19923800
v 0.38121120 0.17725490 -0.12940536
v 0.41902805 0.13682989 0.00061393
v 0.40558020 0.09298739 0.03508274
v 0.30960600 0.06015300 0.15536400
v 0.30991400 0.06063900 0.15492250
v 0.30899700 0.06053700 0.15437900
v 0.10453487 0.05512225 0.11380500
v 0.10016732 0.23730183 -0.16573315
v 0.08364300 0.28036300 -0.15167000
v 0.10945718 0.37347238 -0.18226764
v 0.02596925 0.42049250 -0.18836375
v -0.09135750 0.39765950 -0.18271800
v -0.10180200 0.37867200 -0.17941400
v -0.10230200 0.37882400 -0.18042800
v -0.10217200 0.37597000 -0.17858800
v -0.10496100 0.37594100 -0.17993500
v -0.08397800 0.20540700 -0.15156100
v -0.08288400 0.20551600 -0.15130800
v -0.05707168 0.09961203 -0.08274933
v -0.29246717 0.01874942 0.10083764
v -0.41099609 0.09821143 -0.01797835
v -0.31068114 0.17334003 -0.19230941
v -0.30650600 0.20569000 -0.18981800
v -0.29402600 0.22559475 -0.19101950
v -0.21393326 0.29582180 -0.19770790
v -0.20589000 0.31869600 -0.19683200
v -0.19195300 0.32953200 -0.19679600
v -0.16310383 0.37174730 -0.19694128
v -0.13141820 0.45501236 -0.21606376
v -0.14731044 0.45197104 -0.21261959
v -0.14661908 0.47321153 -0.22200028
v -0.08671000 0.53848900 -0.27864300
v 0.17458031 0.53362103 -0.24017852
v 0.33320874 0.04492195 0.11903660
v 0.32844778 0.06652930 0.14751700
v 0.06631025 0.06309744 -0.04621724
v 0.11240202 0.38507002 -0.18718653
v -0.10516400 0.37941800 -0.18108700
v -0.14877667 0.28383642 -0.18907157
v -0.11723356 0.29619935 -0.17562908
v -0.08345650 0.18708928 -0.15227889
v -0.41394056 0.11650919 -0.03660289
v -0.39586564 0.13120312 -0.10048506
v -0.32503400 0.18703900 -0.18265200
v -0.31573000 0.20258800 -0.18572500
v -0.28925567 0.21304035 -0.19604411
v -0.25591219 0.24159475 -0.19989792
v -0.11291676 0.47601253 -0.23324230
v -0.06419960 0.53512657 -0.28213300
v 0.05421478 0.66048219 -0.32395179
v 0.17879625 0.39880562 -0.20035975
v 0.16594996 0.39594601 -0.19983659
v 0.39517640 0.12794341 -0.10136189
v 0.41394728 0.10707158 0.00236040
v 0.10723755 0.32389201 -0.17223323
v 0.04871114 0.42111375 -0.19178115
v -0.01125600 0.43424713 -0.20757212
v -0.07635676 0.04854475 -0.02126688
v -0.09351991 0.03221384 -0.00681213
v -0.10135011 0.02767996 -0.01995388
v -0.10466701 0.02702101 0.03076768
v -0.11155082 0.50649889 -0.25389570
v -0.04221830 0.55334062 -0.29529718
v -0.02015405 0.62544242 -0.32149123
v -0.00939900 0.66687500 -0.32733400
v -0.00382400 0.66504100 -0.32801275
v 0.09520500 0.60740100 -0.30432150
v 0.15219637 0.40227000 -0.19968282
v 0.18789305 0.31907380 -0.19668592
v 0.25436791 0.25474695 -0.19744121
v 0.41334230 0.13528699 -0.05150699
v 0.05064600 0.09733100 -0.05263700
v 0.07760208 0.21361622 -0.14547728
v 0.01774357 0.42880124 -0.20020950
v -0.06505875 0.43194575 -0.20389513
v -0.11805099 0.39163568 -0.19004847
v -0.06320578 0.15365695 -0.12535258
v -0.08237232 0.04302968 -0.02485608
v -0.32818500 0.17937350 -0.18156900
v -0.17246110 0.32211121 -0.19504558
v -0.15305482 0.43754572 -0.20725574
v -0.00938400 0.66315800 -0.32770300
v -0.00622500 0.66736800 -0.32822500
v -0.00580500 0.66752700 -0.32792800
v -0.00929000 0.66854850 -0.32821400
v -0.00619600 0.67009900 -0.32847100
v 0.05077880 0.64974254 -0.32347325
v 0.09452126 0.58695325 -0.29861477
v 0.13227913 0.55799250 -0.27427225
v 0.16061225 0.41428525 -0.20188163
v 0.17352500 0.40699500 -0.20119400
v 0.29740829 0.21173552 -0.19289558
v 0.31381971 0.19164014 -0.18863384
v 0.37889066 0.16246036 -0.13423254
v 0.29688869 0.04762507 0.15093195
v 0.16929652 0.02715404 0.12702345
v 0.10731419 0.02807155 0.05284679
v 0.05258800 0.09504800 -0.05272300
v 0.05133500 0.09733100 -0.05573000
v 0.05948585 0.15172101 -0.11619181
v 0.06819964 0.17159948 -0.13439312
v 0.10300811 0.26247620 -0.16677104
v -0.10700682 0.21321424 -0.17192114
v -0.08051637 0.17315630 -0.14744350
v -0.12291936 0.01670559 0.01870294
v -0.18801596 0.00419401 0.06287572
v -0.27437978 0.01751948 0.10798587
v -0.37072863 0.12833401 -0.14026629
v -0.35049132 0.16905940 -0.16628428
v -0.32387260 0.16137836 -0.18477020
v -0.24589462 0.23008868 -0.20375959
v -0.19156927 0.30670120 -0.19676332
v -0.07720866 0.50929737 -0.26553141
v -0.00773717 0.62233364 -0.32246333
v -0.00315300 0.66678100 -0.32818100
v -0.00671800 0.66730300 -0.32848600
v -0.00343957 0.63509623 -0.32427863
v 0.31139499 0.18012957 -0.19178755
v 0.39682200 0.07250000 0.03094200
v 0.24814258 0.02478853 0.13383412
v 0.21686721 0.03396187 0.14937471
v 0.20553427 0.02051082 0.12624138
v 0.05225500 0.09370800 -0.05516500
v 0.05241098 0.10932665 -0.07831474
v 0.12146956 0.34870889 -0.18237114
v 0.02786651 0.43448881 -0.20841203
v -0.08339375 0.40906719 -0.18798769
v -0.37610171 0.04154693 0.01733867
v -0.38784856 0.05350817 -0.01040092
v -0.40696259 0.11511637 -0.06536612
v -0.33715550 0.15154650 -0.17534900
v -0.36502094 0.11335956 -0.14104425
v -0.33143425 0.16201737 -0.17988750
v -0.24498251 0.24385090 -0.20137672
v -0.19164400 0.33648350 -0.19692387
v -0.09334427 0.48630451 -0.24607243
v 0.07925564 0.56537702 -0.29460794
v 0.17526386 0.35913959 -0.19694867
v 0.19150840 0.24141288 -0.20254097
v 0.31596700 0.15262189 -0.19038823
v 0.39671836 0.07884684 0.05022410
v 0.39601700 0.07208700 0.03322400
v 0.39618400 0.07268800 0.03452900
v 0.39455400 0.06946400 0.03405800
v 0.39372521 0.06647985 0.02913196
v 0.36343529 0.05723260 0.09713921
v 0.06727536 0.06964507 -0.06617625
v 0.05263100 0.09597600 -0.05882400
v 0.05491974 0.11937377 -0.09198651
v 0.11644243 0.28613391 -0.17521423
v 0.10225995 0.39955820 -0.18870337
v 0.05029100 0.41934138 -0.18931481
v 0.01547600 0.42951500 -0.20124500
v 0.01233800 0.43247800 -0.20430200
v 0.01246550 0.43060900 -0.20279200
v 0.03405741 0.41807684 -0.18611953
v -0.05411006 0.42930713 -0.20077002
v -0.08847484 0.14607147 -0.15295995
v -0.14387757 0.00917412 0.01607978
v -0.26064042 0.01123220 0.09462254
v -0.34812150 0.14074350 -0.16542600
v -0.33437300 0.15615100 -0.17770400
v -0.14402563 0.34544609 -0.19067643
v -0.16128576 0.35555791 -0.19493949
v 0.00691100 0.66727400 -0.32869600
v 0.00584600 0.66747700 -0.32807300
v 0.00619400 0.66390400 -0.32787000
v 0.04513883 0.61080813 -0.31579744
v 0.09507347 0.55895013 -0.28789299
v 0.13931800 0.53386700 -0.25856500
v 0.14247000 0.53382300 -0.25700000
v 0.22279450 0.27704771 -0.19911792
v 0.28996586 0.19845744 -0.19804628
v 0.38780562 0.11497544 -0.10685144
v 0.40173270 0.07547060 0.00811015
v 0.39674200 0.07161600 0.03413700
v 0.39516200 0.06955100 0.03081200
v 0.34985500 0.04319100 0.09287800
v 0.25836352 0.04389457 0.15824568
v 0.26729192 0.02880418 0.13645129
v 0.07739605 0.08093452 -0.10987750
v 0.08656276 0.19251405 -0.15493920
v 0.10835800 0.27998600 -0.17027700
v 0.10819325 0.27338375 -0.17042200
v 0.07157250 0.42097675 -0.19463050
v 0.01552700 0.43172500 -0.20433900
v 0.01211400 0.43225400 -0.20371600
v 0.01236000 0.43166700 -0.20409200
v 0.01241800 0.43155100 -0.20418700
v 0.00945500 0.43170300 -0.20433900
v -0.04645300 0.43773900 -0.21054800
v -0.05107550 0.43938000 -0.21207700
v -0.09325560 0.41972182 -0.19617798
v -0.11939644 0.24420167 -0.17748455
v -0.10526650 0.18323512 -0.17024150
v -0.11759321 0.17433759 -0.17906865
v -0.06987259 0.13735480 -0.12802969
v -0.05672920 0.09103172 -0.07057363
v -0.06260513 0.07388762 -0.05456912
v -0.14473633 0.01464120 0.06797813
v -0.37095838 0.03652411 -0.01698589
v -0.35604500 0.13138500 -0.15638700
v -0.33806712 0.13945756 -0.17349044
v -0.32888901 0.11947987 -0.17627491
v -0.28934982 0.20351748 -0.19727510
v -0.19646835 0.27819757 -0.19890448
v 0.04868664 0.60075187 -0.31263124
v 0.07702400 0.58645900 -0.30257200
v 0.13647800 0.53080900 -0.25779700
v 0.13883300 0.53096800 -0.25679000
v 0.14281800 0.53388800 -0.25642800
v 0.13907550 0.52932350 -0.25608000
v 0.14242000 0.53077300 -0.25546400
v 0.17575850 0.31733750 -0.19531975
v 0.17338000 0.32363400 -0.19513700
v 0.33300130 0.20001941 -0.17615121
v 0.39614536 0.07129865 0.03093497
v 0.35004400 0.04228600 0.08915400
v 0.35000700 0.04184400 0.08937100
v 0.07695018 0.04738372 -0.02782183
v 0.06900513 0.14969165 -0.13141521
v 0.10835100 0.26762500 -0.17029900
v 0.10764800 0.27134200 -0.17029900
v 0.10875600 0.27377000 -0.17066800
v 0.10833600 0.27690000 -0.17028400
v 0.10838700 0.27728400 -0.17054500
v 0.06982739 0.42849745 -0.20093259
v 0.04311800 0.43186200 -0.20413600
v 0.04298000 0.43168900 -0.20456300
v -0.03739937 0.43627138 -0.20917438
v -0.08687256 0.41109325 -0.19196725
v -0.06859731 0.11330836 -0.11630000
v -0.08193522 0.04628328 -0.04283209
v -0.39068764 0.12217442 -0.10837153
v -0.34701835 0.11150267 -0.15929010
v -0.27342284 0.20541358 -0.20258132
v -0.13852475 0.37906375 -0.19323275
v -0.11675880 0.42488474 -0.20249603
v -0.11680037 0.46042925 -0.22176302
v -0.08431029 0.48253148 -0.24561545
v -0.04182661 0.52732447 -0.28189399
v -0.00239866 0.58373892 -0.31031470
v 0.04650200 0.60224400 -0.31269700
v 0.04882800 0.60199800 -0.31284200
v 0.04941400 0.60209200 -0.31328400
v 0.04971200 0.59833900 -0.31153100
v 0.04686712 0.60164175 -0.31292588
v 0.13918100 0.53066400 -0.25683300
v 0.13934700 0.53128000 -0.25668900
v 0.17027900 0.32333700 -0.19467300
v 0.17388000 0.32012000 -0.19486900
v 0.17297500 0.32009100 -0.19485400
v 0.17099457 0.28591587 -0.19549914
v 0.26441064 0.20091612 -0.20512046
v 0.35784992 0.15298726 -0.15753647
v 0.34721994 0.03308320 0.07597445
v 0.34956600 0.04119900 0.08853000
v 0.34975775 0.04196875 0.08977300
v 0.33605814 0.03603148 0.09909605
v 0.12353633 0.02008428 0.05463953
v 0.05867850 0.09246766 -0.07553204
v 0.10835800 0.27070500 -0.17032000
v 0.10828500 0.27427700 -0.17029900
v 0.07576740 0.40958743 -0.18565422
v 0.04486050 0.42880500 -0.20073750
v 0.04643600 0.43170300 -0.20423000
v 0.04611800 0.43193500 -0.20386000
v 0.04342200 0.43148600 -0.20385300
v -0.04563725 0.44694275 -0.22075950
v -0.11764900 0.39454700 -0.19063000
v -0.10026920 0.19570308 -0.16694310
v -0.33988939 0.02027798 0.03968793
v -0.35037441 0.02379596 0.02672734
v -0.21860082 0.23864956 -0.20405070
v -0.14148773 0.35448312 -0.19046097
v 0.04629200 0.59967200 -0.31247300
v 0.05008800 0.60176600 -0.31295100
v 0.13672500 0.52747600 -0.25705100
v 0.17300300 0.32020700 -0.19556400
v 0.37542556 0.14861406 -0.13819326
v 0.10868710 0.02192540 -0.02216238
v 0.08749457 0.04084014 -0.04885514
v 0.10826992 0.21094988 -0.17353017
v 0.11944200 0.31996975 -0.17826700
v 0.04952300 0.43179000 -0.20430200
v -0.03566973 0.46387426 -0.23874633
v -0.15053024 0.32129991 -0.19015677
v -0.09421038 0.11174600 -0.14940312
v -0.20300498 0.01406532 0.10965592
v -0.37478131 0.10798925 -0.12517600
v -0.35914600 0.12209600 -0.15078600
v -0.11210882 0.45289428 -0.21786208
v -0.09457607 0.45045111 -0.21823771
v 0.02875598 0.59189750 -0.31212566
v 0.41479600 0.11492890 -0.02328350
v 0.14422276 0.01800961 0.07996015
v 0.13313100 0.01912900 0.06811200
v 0.08677354 0.16000750 -0.15348865
v 0.13918806 0.29207670 -0.18699117
v -0.01496934 0.45692170 -0.23386905
v -0.00865679 0.43632525 -0.21056395
v -0.01725962 0.45139754 -0.22780909
v -0.09503704 0.04383570 -0.07956659
v -0.12133636 0.01830688 -0.03413402
v -0.20170035 0.00832088 0.08815498
v -0.37863384 0.09814486 -0.11514409
v -0.36103317 0.08802861 -0.13322999
v -0.29134530 0.14883987 -0.20019814
v -0.18698867 0.23779517 -0.20237300
v -0.05571848 0.50544178 -0.26704330
v 0.00848350 0.53083450 -0.28538850
v 0.03293553 0.54681602 -0.29423846
v 0.15056718 0.35444047 -0.19273281
v 0.36575311 0.04097412 0.05699673
v 0.35292700 0.03249700 0.05922200
v 0.35245813 0.03218425 0.05904250
v 0.35295600 0.03340200 0.06182300
v 0.13313100 0.01780300 0.06191700
v 0.13310900 0.01691100 0.05725800
v 0.09520850 0.41412175 -0.19382525
v -0.03836412 0.45385325 -0.22862975
v -0.12263425 0.40377197 -0.19490550
v -0.06431068 0.47846837 -0.24668246
v 0.00833488 0.58992406 -0.31247340
v 0.05224938 0.58890176 -0.30843624
v 0.06818299 0.52777923 -0.27965433
v 0.07720072 0.53244608 -0.27956585
v 0.31816880 0.13937296 -0.18829728
v 0.40599100 0.11281450 -0.06053400
v 0.35193197 0.02839089 0.04786896
v 0.35271700 0.03251900 0.05827300
v 0.31920323 0.02306977 0.09208367
v 0.24199687 0.01559763 0.11358555
v 0.13618850 0.01499100 0.05262100
v 0.09752900 0.41158200 -0.19266950
v 0.07624500 0.42103212 -0.19522275
v 0.01867100 0.44722300 -0.22291700
v 0.01574400 0.44764400 -0.22298900
v 0.01517100 0.44708600 -0.22307600
v 0.01238200 0.44712900 -0.22291700
v 0.00919400 0.44712200 -0.22298200
v 0.01398300 0.44870150 -0.22456150
v -0.09895753 0.42847617 -0.20270443
v 0.00742955 0.55066260 -0.29712483
v 0.16436093 0.49461944 -0.22672795
v 0.17143603 0.42089800 -0.20360473
v 0.12930525 0.41006750 -0.19804975
v 0.35759630 0.11616351 -0.15100936
v 0.21916727 0.01076367 0.10146816
v 0.19498141 0.01170774 0.09686358
v 0.10238493 0.03301430 -0.06133832
v 0.08849643 0.13251131 -0.15025309
v 0.10509700 0.40685000 -0.19218100
v 0.10167837 0.42377536 -0.19979654
v 0.01530200 0.44755700 -0.22319200
v 0.01330200 0.44707800 -0.22346700
v -0.07952072 0.43502992 -0.20673846
v -0.02359054 0.51262357 -0.27543196
v 0.23036791 0.23214600 -0.20488654
v 0.40590205 0.12155986 -0.06832934
v 0.40534876 0.10123955 -0.05234145
v 0.17333638 0.01713029 0.10544861
v 0.11021032 0.02051892 0.00678573
v 0.07679119 0.54450634 -0.28600789
v 0.11295552 0.52000085 -0.26247222
v 0.03143437 0.56936637 -0.30374098
v 0.06074384 0.44592568 -0.21902347
v -0.02595300 0.46707450 -0.24135100
v -0.03760697 0.48883970 -0.25751654
v -0.00939336 0.54143429 -0.29258469
v 0.04875175 0.56025875 -0.29779475
v 0.12698600 0.44164400 -0.21057700
v 0.12693600 0.44099200 -0.21037400
v 0.14822250 0.41178813 -0.20064275
v 0.14060127 0.48633812 -0.23229866
v 0.12368200 0.44064400 -0.20946100
v 0.12403700 0.44029600 -0.21117900
v 0.12384200 0.43789100 -0.20899000
v 0.12300850 0.44192850 -0.21103375
v 0.09760857 0.46241772 -0.22836881
v 0.03956082 0.45745307 -0.23263985
v -0.02178100 0.47133000 -0.24508800
v 0.09443741 0.50855609 -0.26138223
v 0.11732800 0.48014700 -0.23552400
v 0.11452400 0.47477800 -0.23353100
v 0.11421700 0.47649562 -0.23442250
v 0.12395348 0.44303909 -0.21148690
v 0.12340700 0.44144800 -0.21073700
v 0.12074800 0.43789100 -0.20907700
v 0.12590695 0.42746482 -0.20435900
v 0.09998830 0.44398380 -0.21340104
v -0.01330000 0.47808650 -0.25082350
v -0.03310694 0.46032806 -0.23494106
v -0.00468338 0.51033450 -0.27437612
v 0.09558947 0.51272780 -0.26397469
v 0.11204600 0.47824200 -0.23629200
v 0.11401700 0.47829300 -0.23528500
v 0.11433500 0.47817700 -0.23620500
v 0.11443000 0.47779300 -0.23510400
v 0.01550475 0.54466475 -0.29397650
v 0.00609511 0.51835665 -0.27962521
v 0.12515982 0.46532319 -0.22393883
v 0.10446377 0.47789966 -0.23816880
v 0.04900143 0.47159450 -0.24313138
v 0.01425273 0.47870769 -0.25190227
v 0.01009219 0.49902418 -0.26680193
v 0.02738188 0.52998395 -0.28584836
v 0.03959547 0.50110707 -0.26670217
v 0.14900005 0.28710757 -0.18988448
v 0.23235602 0.18486773 -0.21166605
v 0.24813374 0.18658136 -0.20999842
v 0.32619366 0.02145999 0.07375461
v 0.30851419 0.01807823 0.08464329
v 0.15170900 0.00715900 0.01857400
v 0.32602063 0.12627019 -0.17907390
v 0.37963356 0.11315194 -0.12167268
v 0.40139086 0.07940387 -0.02996615
v 0.36382346 0.03290806 -0.01866614
v 0.35397418 0.02716536 0.02478003
v 0.13540431 0.01897919 0.06833212
v 0.13847359 0.00965796 0.01399704
v 0.10741317 0.03625675 -0.08475611
v 0.08493315 0.05396619 -0.08094283
v 0.08335681 0.10261934 -0.13278403
v 0.15058302 0.21323621 -0.19588797
v 0.19268791 0.21569928 -0.20571646
v 0.20831983 0.20137174 -0.20886252
v 0.29006776 0.18721103 -0.20013861
v 0.28967387 0.13208538 -0.19771812
v 0.39310500 0.10387400 -0.08970500
v 0.39406100 0.10411300 -0.08681400
v 0.39449600 0.10042500 -0.08359700
v 0.33150739 0.01850825 0.05063895
v 0.14947184 0.01182536 0.06062258
v 0.13936900 0.01027400 -0.00701800
v 0.09516365 0.09841466 -0.14509703
v 0.09782154 0.15179505 -0.16279204
v 0.11882990 0.20357216 -0.17992671
v 0.28982500 0.13453700 -0.19826000
v 0.30447582 0.13686638 -0.19327248
v 0.39311200 0.10035200 -0.08694500
v 0.39206113 0.10243650 -0.09073412
v 0.39424900 0.10054100 -0.08651700
v 0.39261900 0.10052600 -0.08661900
v 0.39330000 0.09728000 -0.08356100
v 0.39332200 0.09728000 -0.08361900
v 0.38333122 0.04967385 0.01993714
v 0.37444000 0.04130700 -0.00614800
v 0.37459900 0.04145950 -0.01095950
v 0.36675559 0.03411667 0.01870858
v 0.31270000 0.01779500 0.07740100
v 0.30982300 0.01763600 0.08043700
v 0.13773150 0.01116200 -0.01640800
v 0.13931800 0.01052100 -0.01238700
v 0.13865900 0.01002800 -0.01217700
v 0.12147999 0.17191808 -0.18188695
v 0.14327423 0.24241669 -0.18950052
v 0.28768000 0.13066100 -0.19819400
v 0.28813000 0.13171900 -0.19785400
v 0.37787400 0.04456800 -0.00926400
v 0.37476600 0.04171300 -0.00898900
v 0.37475100 0.04132200 -0.00952500
v 0.33750782 0.01671844 -0.00749435
v 0.31190300 0.01767200 0.07385100
v 0.30920700 0.01599100 0.07770500
v 0.30951200 0.01756300 0.07755300
v 0.13962300 0.01078900 -0.01627800
v 0.13952900 0.01029600 -0.01585800
v 0.13931800 0.01077400 -0.01862500
v 0.12242033 0.12331410 -0.17710466
v 0.28497100 0.12841500 -0.19847000
v 0.28848500 0.13176900 -0.19860700
v 0.36894446 0.08475334 -0.11922797
v 0.37526600 0.04138700 -0.00919900
v 0.30939475 0.01707700 0.07838287
v 0.30989600 0.01725900 0.07666200
v 0.30675800 0.01670100 0.08003900
v 0.28159135 0.01903970 0.11202721
v 0.24387067 0.00969086 0.09373611
v 0.14242000 0.00989800 -0.01857500
v 0.13924600 0.01087600 -0.01535800
v 0.27984517 0.12752268 -0.19990793
v 0.34756653 0.08460322 -0.14473545
v 0.36653644 0.07007094 -0.10529856
v 0.37516482 0.07230472 -0.09803415
v 0.39015270 0.05919121 -0.01849867
v 0.16927239 0.16501052 -0.20448504
v 0.17225848 0.20804074 -0.20293469
v 0.21204674 0.17099435 -0.21193490
v 0.23894108 0.16731047 -0.21110598
v 0.28683848 0.13895033 -0.20081422
v 0.32757658 0.09647878 -0.16778283
v 0.38833838 0.13050056 -0.11009125
v 0.39699843 0.09124932 -0.07013184
v 0.39491729 0.07554209 -0.04982753
v 0.31806863 0.01092175 0.02744830
v 0.23800225 0.00743250 0.08349550
v 0.24148900 0.00754300 0.08288600
v 0.23835900 0.00726700 0.08363200
v 0.18479258 0.00629036 0.06626629
v 0.17954535 0.00332796 0.03623603
v 0.16221522 0.00654190 0.04273270
v 0.15229232 0.00730255 -0.01834538
v 0.23827200 0.00713000 0.08365400
v 0.23978490 0.00326699 0.05830509
v 0.12833518 0.01749887 -0.05803854
v 0.08816381 0.06273611 -0.10493483
v 0.38257481 0.05598744 -0.05362047
v 0.33249228 0.01555727 -0.02961881
v 0.31931580 0.01083552 0.00770310
v 0.20762345 0.00540709 0.07383958
v 0.18958123 0.00365255 0.05006539
v 0.13662783 0.02704215 -0.10202042
v 0.11726003 0.06007006 -0.13494497
v 0.13364733 0.15058902 -0.18717075
v 0.13953168 0.18307883 -0.19237289
v 0.25320863 0.15795665 -0.20945979
v 0.25172637 0.11476429 -0.20366231
v 0.29321583 0.11279397 -0.19300915
v 0.25949478 0.00434864 0.05544079
v 0.16873200 0.00394550 0.00309700
v 0.38293855 0.05293616 -0.03643657
v 0.30405104 0.00986678 0.05173347
v 0.17647400 0.00288400 -0.00309800
v 0.10385217 0.11307292 -0.15847203
v 0.28262145 0.08638121 -0.18553750
v 0.31080873 0.08085490 -0.17107945
v 0.34727189 0.02419528 -0.03570876
v 0.14569556 0.03818572 -0.13194120
v 0.09985900 0.07571000 -0.13031000
v 0.09627200 0.07934000 -0.13003500
v 0.28063450 0.00971613 0.07798747
v 0.19659900 0.00103250 -0.01238700
v 0.16121430 0.00754789 -0.04743707
v 0.10211200 0.06940600 -0.12744800
v 0.10189500 0.07268100 -0.12975900
v 0.09948200 0.07576800 -0.12999800
v 0.09901100 0.07513700 -0.12981000
v 0.10188700 0.07243500 -0.13023700
v 0.12715788 0.13325723 -0.18059776
v 0.13931800 0.15924500 -0.19068100
v 0.35842407 0.03529956 -0.05456249
v 0.18309970 0.00542327 -0.06553061
v 0.14174970 0.01685242 -0.07465405
v 0.16265323 0.02505115 -0.11898920
v 0.09989300 0.07422625 -0.12942975
v 0.14209437 0.15565625 -0.19156638
v 0.14296300 0.15560000 -0.19167300
v 0.14215200 0.15630300 -0.19248500
v 0.14242000 0.15917200 -0.19222400
v 0.15806892 0.15768612 -0.19963783
v 0.24339104 0.11041325 -0.20312156
v 0.31529358 0.06187288 -0.15364527
v 0.35727747 0.03807401 -0.06916544
v 0.27625086 0.00408521 0.03465543
v 0.12429275 0.08314675 -0.15902813
v 0.14267300 0.15633200 -0.19167300
v 0.30517521 0.00771057 -0.02306500
v 0.28214416 0.00370374 0.02212731
v 0.17317133 0.00368653 -0.02676105
v 0.32268751 0.04627900 -0.13095565
v 0.18299870 0.00808273 -0.07932873
v 0.12353700 0.08290500 -0.15773500
v 0.12397200 0.08183200 -0.15730000
v 0.12408800 0.08458600 -0.16006800
v 0.16046041 0.13149726 -0.19752327
v 0.17562040 0.01250312 -0.09223362
v 0.12658100 0.07881100 -0.15819800
v 0.12365300 0.08197700 -0.15759700
v 0.12731200 0.08191200 -0.16045900
v 0.13313939 0.06297219 -0.15155194
v 0.18887100 0.14360900 -0.20767200
v 0.19134200 0.14350000 -0.20764300
v 0.18932600 0.14363400 -0.20707950
v 0.29285777 0.06670411 -0.16935886
v 0.30231487 0.00975600 -0.04643400
v 0.15730640 0.04036381 -0.14234552
v 0.12692800 0.07872400 -0.15806100
v 0.19185700 0.14379000 -0.20741800
v 0.21857866 0.12466336 -0.20816970
v 0.21168680 0.09173368 -0.19771789
v 0.25482683 0.07082928 -0.18466852
v 0.29206188 0.05895797 -0.16391327
v 0.35305400 0.04201400 -0.08519100
v 0.36285575 0.05971181 -0.09806012
v 0.31565600 0.01397700 -0.05265800
v 0.19181169 0.00099126 0.01051468
v 0.14052885 0.09696306 -0.17851045
v 0.25117424 0.05203620 -0.17036711
v 0.35320551 0.06166141 -0.11748011
v 0.34871025 0.03537350 -0.07662850
v 0.31889500 0.01573750 -0.05727700
v 0.26660856 0.00225066 -0.02057651
v 0.16684450 0.00554056 0.00644325
v 0.18533403 0.01459255 -0.10499303
v 0.22934427 0.07573879 -0.18906351
v 0.34007287 0.03469876 -0.09059238
v 0.34203350 0.02823975 -0.06734350
v 0.32431100 0.01967350 -0.06656600
v 0.22083065 0.00015518 0.02532690
v 0.23998050 0.00055600 -0.01420575
v 0.13568100 0.05659600 -0.14574300
v 0.13358700 0.06048700 -0.14814900
v 0.13681913 0.05619312 -0.14566831
v 0.17839436 0.12198667 -0.20112691
v 0.22008596 0.05990400 -0.17891511
v 0.21436200 0.00023900 -0.00928600
v 0.13929700 0.05429200 -0.14537400
v 0.13858700 0.05428400 -0.14592400
v 0.13612300 0.05770400 -0.14607600
v 0.26272481 0.00331344 -0.03444969
v 0.16599809 0.06194618 -0.16866767
v 0.28449883 0.04483535 -0.15234011
v 0.21513887 0.00176594 -0.04620602
v 0.32530202 0.02514814 -0.08626881
v 0.29973461 0.01328489 -0.07411490
v 0.20364026 0.02231764 -0.12960653
v 0.17689988 0.09008650 -0.19019587
v 0.32508200 0.02800400 -0.09287900
v 0.30913630 0.01323372 -0.05123602
v 0.25416424 0.00074307 -0.00642664
v 0.23291100 0.00023900 -0.01245900
v 0.32506100 0.02896100 -0.09706000
v 0.32508200 0.03055500 -0.09907400
v 0.32444500 0.02879400 -0.09569000
v 0.32456100 0.02869300 -0.09548000
v 0.31844034 0.03015839 -0.10789028
v 0.24681444 0.00318434 -0.05292445
v 0.32324900 0.02976500 -0.09848700
v 0.26207290 0.00965710 -0.08913247
v 0.22048258 0.01066349 -0.10053968
v 0.30610600 0.02054900 -0.09311100
v 0.30301900 0.01895500 -0.08904600
v 0.25065844 0.03135231 -0.14604235
v 0.30302700 0.02052000 -0.09292200
v 0.30336000 0.02108500 -0.09279900
v 0.30354100 0.02036800 -0.09304600
v 0.30435787 0.01964588 -0.09061463
v 0.24159986 0.00527358 -0.07273523
v 0.22190140 0.01824265 -0.12324062
v 0.21088424 0.03742700 -0.15604684
v 0.19702928 0.06709329 -0.18123084
v 0.20728766 0.03157867 -0.14689211
v 0.27287546 0.02072989 -0.11620770
v 0.25583678 0.00578575 -0.07049622
v -0.13426392 0.28710592 -0.18317534
v -0.12703900 0.22707900 -0.18238400
v -0.12661900 0.22426700 -0.18266700
v -0.12627800 0.22128900 -0.18271800
v -0.13412038 0.21610457 -0.18742798
v -0.06212500 0.10345300 -0.09582100
v -0.06314700 0.10042500 -0.09598000
v -0.06164700 0.10376500 -0.09566800
v -0.34812782 0.02138498 -0.01012118
v -0.39942180 0.09449042 -0.07086612
v -0.38408900 0.09580200 -0.10371800
v -0.31091571 0.13507637 -0.18924145
v -0.17339825 0.28845275 -0.19510075
v -0.12696275 0.22856250 -0.18271487
v -0.12623500 0.22481800 -0.18252900
v -0.10677417 0.14349321 -0.16930214
v -0.06248700 0.10392400 -0.09550200
v -0.14420709 0.00992002 -0.02923180
v -0.19211719 0.00374237 0.05084663
v -0.37603406 0.08192730 -0.10722995
v -0.17195305 0.28048105 -0.19532397
v -0.17340400 0.28965200 -0.19447000
v -0.07571975 0.10059821 -0.11960800
v -0.08665541 0.07822412 -0.12025819
v -0.06832700 0.08160000 -0.08661900
v -0.07093234 0.06439515 -0.06772165
v -0.11982620 0.02546908 -0.07213055
v -0.32073096 0.01288319 0.03936572
v -0.38019766 0.04647786 -0.02660453
v -0.41012969 0.09771500 0.01338531
v -0.39312100 0.08188300 -0.07112000
v -0.34245350 0.08162908 -0.14825537
v -0.31507003 0.08723911 -0.17246666
v -0.17404100 0.28588400 -0.19598400
v -0.17301300 0.28914500 -0.19507900
v -0.06996500 0.08123800 -0.08872000
v -0.06855663 0.08285413 -0.08884238
v -0.06804500 0.08179600 -0.08685800
v -0.15173200 0.00760100 -0.00595300
v -0.15171000 0.00757200 0.00285800
v -0.31099610 0.00893227 0.02707762
v -0.15149619 0.00863845 -0.03941925
v -0.15208700 0.00713000 -0.00021400
v -0.15376450 0.00711150 -0.00298950
v -0.15126100 0.00676000 -0.00056200
v -0.15138400 0.00733300 0.00012600
v -0.23116783 0.00346171 0.06193838
v -0.39765128 0.06867339 -0.02367222
v -0.38947028 0.08165716 -0.07840750
v -0.27990698 0.10841002 -0.19849616
v -0.27188258 0.15370792 -0.20608204
v -0.27293948 0.15846640 -0.20673920
v -0.15113638 0.22434392 -0.19377452
v -0.14430570 0.23734309 -0.19010259
v -0.15388439 0.16803721 -0.19815982
v -0.13357527 0.14812271 -0.18727770
v -0.10683221 0.03875012 -0.08663945
v -0.13878727 0.01632105 -0.06639848
v -0.15272500 0.00731100 -0.00288100
v -0.15207300 0.00794100 -0.00037400
v -0.25206752 0.00693416 0.08024560
v -0.38529548 0.07100826 -0.07637080
v -0.33644924 0.07331520 -0.14808499
v -0.30933974 0.10954235 -0.18407430
v -0.16621728 0.24842675 -0.19631772
v -0.14478811 0.26903893 -0.18818223
v -0.27061380 0.12041162 -0.20220703
v -0.23408897 0.20157330 -0.20944986
v -0.16404159 0.23035429 -0.19768401
v -0.08328434 0.05903859 -0.08588539
v -0.15148600 0.18101100 -0.19749200
v -0.17294782 0.00392524 -0.02742511
v -0.29049584 0.00664620 0.04067238
v -0.35282800 0.07573200 -0.13222300
v -0.21410138 0.17418814 -0.21127375
v -0.18969925 0.20003397 -0.20645951
v -0.16995500 0.23965700 -0.19824500
v -0.16100600 0.23569400 -0.19609300
v -0.15499300 0.18062700 -0.19831800
v -0.15445600 0.18104000 -0.19757900
v -0.15004371 0.13072230 -0.19178040
v -0.31975499 0.01027183 0.00234240
v -0.33434481 0.01359745 -0.00678866
v -0.35260939 0.02704156 -0.04530793
v -0.38633185 0.06125178 -0.05419596
v -0.35289300 0.07282600 -0.12960000
v -0.35290800 0.07236200 -0.12996900
v -0.16554937 0.23521200 -0.19747250
v -0.16760000 0.23700500 -0.19782500
v -0.16718700 0.23665000 -0.19780300
v -0.16452100 0.23306400 -0.19756400
v -0.16678100 0.23055700 -0.19837600
v -0.15789800 0.21497800 -0.19709300
v -0.14527563 0.18434960 -0.19453486
v -0.15533300 0.18459000 -0.19834700
v -0.15432913 0.18029581 -0.19806737
v -0.15448500 0.18037300 -0.19884700
v -0.15543500 0.17786600 -0.19834700
v -0.12043159 0.10968994 -0.17013951
v -0.10034018 0.09664754 -0.14743910
v -0.10098110 0.06475594 -0.12308056
v -0.12040643 0.04220367 -0.11336690
v -0.17486487 0.00715072 -0.06150267
v -0.19339562 0.00400350 -0.05717580
v -0.20891067 0.00134845 0.03656920
v -0.36257819 0.06282045 -0.10852334
v -0.34966900 0.06895000 -0.12966500
v -0.34919075 0.07017400 -0.13130475
v -0.35019800 0.06947900 -0.13033900
v -0.35025600 0.06872500 -0.12992600
v -0.32051275 0.05502107 -0.14461546
v -0.24907067 0.15732064 -0.20962944
v -0.16351872 0.21838783 -0.19866861
v -0.16078200 0.21488400 -0.19841900
v -0.16144100 0.21454400 -0.19799200
v -0.16101200 0.21347675 -0.19838100
v -0.16115900 0.21284800 -0.19835400
v -0.15789800 0.17782300 -0.19939000
v -0.21555228 0.00109088 -0.04043602
v -0.24462829 0.00055914 0.02115322
v -0.34703900 0.06616700 -0.13003500
v -0.22492386 0.17347597 -0.21240308
v -0.22123215 0.15590255 -0.21185382
v -0.16089800 0.21419600 -0.19860000
v -0.13838181 0.03022553 -0.10815557
v -0.33425538 0.05918738 -0.13564013
v -0.13906550 0.07778247 -0.16686977
v -0.33418500 0.06010300 -0.13586000
v -0.29483630 0.06826130 -0.17114549
v -0.16264219 0.14004980 -0.19900855
v -0.34970528 0.03372783 -0.07493679
v -0.33911455 0.05005885 -0.12021572
v -0.33429300 0.05707400 -0.13346900
v -0.33130800 0.05742900 -0.13628000
v -0.33131500 0.05700900 -0.13638200
v -0.25069364 0.13170903 -0.20691573
v -0.19296476 0.16974182 -0.20912026
v -0.12384400 0.10042500 -0.16769700
v -0.12075000 0.10042500 -0.16561100
v -0.15244059 0.01497273 -0.08031659
v -0.28244536 0.00343799 0.00578320
v -0.31727497 0.01299068 -0.04466663
v -0.33114200 0.05768300 -0.13673700
v -0.32818500 0.05470500 -0.13623000
v -0.24081524 0.13417026 -0.20815440
v -0.17611115 0.17483643 -0.20579586
v -0.17677946 0.14470166 -0.20367492
v -0.12693700 0.09733100 -0.16827700
v -0.12359000 0.09949000 -0.16624100
v -0.12029300 0.09824400 -0.16356000
v -0.12047400 0.09786700 -0.16401700
v -0.36070310 0.05027517 -0.09211046
v -0.15364831 0.11584178 -0.19006764
v -0.12109000 0.09722200 -0.16429900
v -0.15179700 0.02286000 -0.10225500
v -0.15480400 0.02185300 -0.10216800
v -0.18784075 0.00989080 -0.08650847
v -0.29995600 0.00699200 -0.02855900
v -0.30341200 0.00808600 -0.02786400
v -0.29988800 0.00762406 -0.02755844
v -0.25923129 0.11361742 -0.20247092
v -0.19311545 0.11654064 -0.20191006
v -0.15505800 0.02194000 -0.10491400
v -0.20313934 0.01117398 -0.09849486
v -0.21761080 0.00282317 -0.05363595
v -0.20435249 0.00024747 0.00810919
v -0.29708000 0.00749900 -0.03115300
v -0.30038400 0.00764400 -0.02771900
v -0.30082600 0.00726700 -0.02798000
v -0.30031100 0.00794800 -0.03023300
v -0.31462494 0.01820246 -0.07725456
v -0.29417130 0.03769596 -0.13915579
v -0.16640500 0.10000400 -0.18855800
v -0.19216631 0.09889036 -0.19611303
v -0.12365732 0.05029967 -0.12707601
v -0.15772400 0.02284600 -0.10718900
v -0.25382370 0.00103388 -0.02170410
v -0.29861664 0.00952871 -0.05452816
v -0.32382994 0.02985334 -0.10300454
v -0.21038578 0.12389307 -0.20735143
v -0.17022300 0.09738200 -0.18868100
v -0.16682500 0.10009100 -0.18964500
v -0.16862550 0.10029100 -0.18944500
v -0.15561497 0.03250944 -0.12726116
v -0.17153315 0.02145265 -0.11406736
v -0.18704071 0.01428800 -0.10364480
v -0.28707000 0.05126700 -0.15709550
v -0.18880800 0.13134900 -0.20435300
v -0.18885900 0.12828400 -0.20366500
v -0.28451600 0.05131400 -0.15753200
v -0.28174800 0.05225600 -0.16039400
v -0.19243800 0.12787800 -0.20441100
v -0.18828600 0.13178400 -0.20459200
v -0.19201100 0.12830600 -0.20431700
v -0.17492517 0.08355622 -0.18423318
v -0.28508100 0.05094400 -0.15751000
v -0.28051880 0.04937908 -0.15819377
v -0.23786490 0.07026503 -0.18573442
v -0.19461900 0.12865400 -0.20470100
v -0.19159000 0.12883500 -0.20480200
v -0.19508300 0.12518300 -0.20423000
v -0.23052483 0.01169243 -0.10349558
v -0.27252161 0.00426668 -0.03861891
v -0.15876351 0.06965869 -0.16908116
v -0.14878779 0.05456330 -0.15134400
v -0.28270648 0.02853959 -0.12870092
v -0.24059125 0.03129925 -0.14717645
v -0.25667729 0.00320526 -0.04569105
v -0.22657590 0.02277818 -0.13214365
v -0.29496066 0.01945107 -0.10127409
v -0.25853115 0.04394871 -0.15941384
v -0.22963426 0.08874617 -0.19586406
v -0.16177332 0.05989125 -0.16475229
v -0.18344131 0.07348754 -0.18206726
v -0.20771900 0.06948600 -0.18312300
v -0.20337200 0.06983400 -0.18254400
v -0.22571621 0.03799138 -0.15643084
v -0.20396600 0.06964500 -0.18303700
v -0.20501700 0.06897900 -0.18269600
v -0.20279250 0.06827200 -0.18159850
v -0.20434300 0.06637000 -0.18053000
v -0.23797957 0.00878754 -0.09164589
v -0.26080358 0.00750086 -0.07578842
v -0.25620583 0.02173037 -0.12436263
v -0.18849697 0.03431083 -0.14577731
v -0.21207697 0.05507566 -0.17310308
v -0.21683400 0.02929400 -0.14236700
v -0.21672600 0.02751200 -0.13932400
v -0.21416800 0.02978000 -0.14298300
v -0.21714600 0.02927200 -0.14301900
v -0.21629800 0.02952600 -0.14335900
v -0.21696675 0.02894450 -0.14198850
v -0.21982700 0.02921400 -0.14262800
v -0.22922439 0.03107700 -0.14648130
v -0.20153132 0.02833681 -0.13909504
v 0.50833165 0.57356758 -0.13544340
v 0.52938889 0.57229100 -0.12033227
v 0.56247028 0.58096318 -0.08592968
v 0.41314931 0.57645061 -0.14842071
v 0.56993047 0.57196157 -0.06631697
v 0.55322865 0.52531212 -0.06581462
v 0.49452575 0.49936100 -0.09900850
v 0.49226900 0.49981200 -0.10061700
v 0.48185604 0.52810454 -0.12713749
v 0.46736180 0.54721198 -0.14109676
v 0.50351442 0.48034432 -0.06732974
v 0.49482600 0.49978300 -0.09922600
v 0.49542000 0.49903000 -0.09867500
v 0.49552900 0.50005900 -0.09913200
v 0.49057045 0.53576437 -0.12855395
v 0.49820300 0.50095000 -0.09892900
v 0.50233961 0.49604359 -0.09149419
v 0.53125989 0.50442628 -0.07613286
v 0.51685408 0.48039549 -0.04914036
v 0.50747000 0.49388500 -0.08421300
v 0.50465100 0.49362400 -0.08601700
v 0.51089000 0.49459550 -0.08216250
v 0.43321444 0.54110845 -0.13987429
v 0.51084600 0.49335600 -0.08049600
v 0.50714400 0.49405900 -0.08301800
v 0.50768000 0.49330600 -0.08414800
v 0.50787600 0.49494300 -0.08700300
v 0.51816453 0.49869724 -0.08214571
v 0.51089700 0.49561700 -0.08353900
v 0.54027651 0.54714518 -0.10128471
v 0.55266100 0.54651800 -0.08345200
v 0.55445100 0.54606100 -0.08109700
v 0.55416800 0.54597400 -0.08066300
v 0.55453800 0.54292400 -0.07762700
v 0.53902456 0.57500103 -0.11430243
v 0.55432800 0.54563400 -0.08165500
v 0.55402300 0.54283000 -0.07786600
v 0.55286400 0.54315600 -0.08049600
v 0.51741975 0.53336766 -0.11335744
v 0.02731190 1.00303801 -0.28484575
v -0.06232307 1.09812611 -0.38799172
v -0.12883046 1.13046107 -0.39943415
v -0.35168170 1.31606374 -0.35618504
v -0.39454646 1.42002114 -0.32172310
v -0.43289950 1.45174200 -0.26478900
v -0.48256523 1.49773934 -0.14048274
v -0.49969139 1.49613388 -0.05588483
v -0.42945240 1.61172256 0.18095452
v -0.18073271 1.70996973 0.36122656
v 0.00820365 1.72260776 0.39352458
v 0.08451422 1.71250346 0.39301070
v 0.29094800 1.66131200 0.32723800
v 0.29061500 1.66071000 0.32730400
v 0.29381700 1.66045700 0.32531800
v 0.29693300 1.65745700 0.32503600
v 0.29759200 1.66168100 0.32251400
v 0.29794000 1.66084800 0.32199300
v 0.31207314 1.66042127 0.30918246
v 0.32237300 1.65426900 0.30361000
v 0.31905400 1.65799300 0.30403800
v 0.35465509 1.66535536 0.25463967
v 0.49085294 1.50843323 0.10007206
v 0.50244320 1.49153444 0.04315562
v 0.48504868 1.45348765 -0.15122924
v 0.43994939 1.39666598 -0.25687700
v 0.34496755 1.23958949 -0.33307185
v 0.31645720 1.21653172 -0.34872943
v 0.17956800 1.08806500 -0.34217300
v 0.13525781 1.07563241 -0.34816373
v 0.09911200 1.05225000 -0.33435500
v 0.09541325 1.05137650 -0.33453050
v 0.09619200 1.05105400 -0.33430400
v 0.09613400 1.05180800 -0.33436200
v 0.09337400 1.05135800 -0.33486200
v 0.08916442 1.04373623 -0.32826064
v -0.27555300 1.20261800 -0.37287300
v -0.31867901 1.26514239 -0.36976669
v -0.39075319 1.40186448 -0.32626657
v -0.49554644 1.49466877 -0.08469788
v -0.48756657 1.54624054 0.05858878
v -0.38934245 1.66778913 0.19291747
v -0.36221851 1.66657799 0.24215580
v -0.21666019 1.70632468 0.34408142
v -0.19753728 1.69858976 0.36209977
v -0.10557323 1.72890617 0.37389362
v 0.00549717 1.74612423 0.37162044
v 0.04896891 1.73979591 0.37520547
v 0.16202729 1.72753399 0.35311572
v 0.21599046 1.68405724 0.36373861
v 0.25559303 1.67434652 0.34534524
v 0.28806400 1.66381100 0.32863000
v 0.29117300 1.66076800 0.32744900
v 0.29084700 1.66422400 0.32514400
v 0.47295138 1.54732549 0.13298184
v 0.48727173 1.53434719 0.08504222
v 0.48798120 1.44849142 -0.14256365
v 0.32472117 1.19968534 -0.33106036
v 0.21527200 1.12791684 -0.36073369
v 0.11841835 1.05043355 -0.32713081
v 0.09612700 1.05104700 -0.33393400
v 0.01454833 1.02988825 -0.32248636
v -0.10067200 1.10646900 -0.38700900
v -0.11929948 1.11135915 -0.38683474
v -0.17224095 1.14248692 -0.39209048
v -0.26365352 1.19259092 -0.37551915
v -0.27424700 1.20324700 -0.37422950
v -0.27293000 1.20243000 -0.37462600
v -0.27635000 1.20535700 -0.37484300
v -0.27557500 1.20551000 -0.37479300
v -0.41072458 1.45368735 -0.29744178
v -0.48559624 1.51637214 -0.11297903
v -0.48160941 1.55787402 0.07462929
v -0.47750304 1.57336896 0.06861962
v -0.42724351 1.64049472 0.14330508
v -0.34798000 1.67321600 0.25384700
v -0.34675600 1.67460000 0.25387600
v -0.24468342 1.70314173 0.32764705
v -0.11428232 1.71422833 0.38440663
v -0.01214794 1.74334541 0.37395186
v 0.09584076 1.71347813 0.38958539
v 0.20481900 1.69502600 0.36064800
v 0.20678425 1.69533725 0.35928225
v 0.20718800 1.69533700 0.35940200
v 0.21094900 1.69297500 0.35887300
v 0.21052900 1.69488800 0.35743800
v 0.23953817 1.67938262 0.35428458
v 0.28492700 1.66709400 0.32820200
v 0.29506637 1.65891169 0.32608700
v 0.28794100 1.66398500 0.32828900
v 0.36588889 1.66188782 0.24195886
v 0.45375406 1.58325907 0.15497497
v 0.49660600 1.52138657 0.04443964
v 0.46985785 1.44063522 -0.19529587
v 0.41241898 1.34277475 -0.29110712
v 0.33426779 1.23208038 -0.33993033
v 0.25921646 1.16584824 -0.36224671
v 0.05449070 1.00428317 -0.28297020
v 0.01916939 1.02127549 -0.31097521
v -0.02612191 1.08425232 -0.37939534
v -0.08019993 1.11299114 -0.39708127
v -0.09628100 1.10895400 -0.39010300
v -0.09925200 1.10967100 -0.39032000
v -0.10277300 1.10922900 -0.38958100
v -0.10536700 1.11144600 -0.39008800
v -0.21206509 1.16551931 -0.38962820
v -0.22102950 1.16654700 -0.38582478
v -0.27520500 1.20507500 -0.37414100
v -0.27570500 1.20859600 -0.37606100
v -0.45633622 1.46992959 -0.21875663
v -0.49676033 1.51246756 -0.05099695
v -0.41838719 1.65567077 0.14313702
v -0.35016100 1.67332500 0.25073900
v -0.34969000 1.67326700 0.25112300
v -0.34693000 1.67637500 0.25053600
v -0.35044012 1.67504475 0.24820650
v -0.34675600 1.67733200 0.25076800
v -0.35020036 1.68297954 0.23976533
v -0.06028425 1.72740642 0.38424093
v -0.03625983 1.75027904 0.36567369
v 0.12888180 1.72847642 0.36604538
v 0.13275854 1.73589095 0.35720172
v 0.18259225 1.72635112 0.34446238
v 0.20418100 1.69801100 0.35820600
v 0.20763000 1.69542400 0.35951800
v 0.20752200 1.69480100 0.35935100
v 0.20735500 1.69783700 0.35609800
v 0.20760900 1.69838000 0.35606900
v 0.22525200 1.68056775 0.36118887
v 0.28053268 1.68734138 0.31436985
v 0.37088088 1.66429734 0.23162478
v 0.44087255 1.61786033 0.14574409
v 0.47164301 1.56542965 0.11434864
v 0.47631414 1.56159631 0.09928606
v 0.49617095 1.46174365 -0.10856893
v 0.47996755 1.45375263 -0.16627542
v 0.47962733 1.41992952 -0.17291949
v 0.42989771 1.38573275 -0.27209182
v 0.36544493 1.28435292 -0.33149088
v -0.01858600 1.07555200 -0.37158300
v -0.03888770 1.11295597 -0.40358869
v -0.04984167 1.11009378 -0.39980298
v -0.09907100 1.11297500 -0.39279100
v -0.09918700 1.10993200 -0.38958800
v -0.09912100 1.11001900 -0.39036400
v -0.11190333 1.12728129 -0.40126843
v -0.15628434 1.13692847 -0.39439378
v -0.30600481 1.28372398 -0.38683423
v -0.33395618 1.31060919 -0.37117688
v -0.33890091 1.33735992 -0.37313988
v -0.42313738 1.46706880 -0.27774824
v -0.48910997 1.52184830 -0.08969431
v -0.49522343 1.52787152 0.02832902
v -0.44560576 1.62268781 0.11475755
v -0.44112010 1.62357995 0.12940691
v -0.38494806 1.68028929 0.18195859
v -0.34928500 1.67568700 0.24794200
v -0.35061100 1.67654200 0.24705800
v -0.35037200 1.67659300 0.24785500
v -0.31122239 1.67102705 0.30176238
v -0.27253200 1.69529400 0.31275400
v -0.26938700 1.69493100 0.31581200
v -0.26603900 1.69774300 0.31580500
v -0.25553899 1.69880121 0.32374783
v -0.05648303 1.73178563 0.38081853
v 0.01463506 1.74675661 0.37026945
v 0.25071336 1.69228331 0.33275384
v 0.32392717 1.67309787 0.28459451
v 0.43462074 1.63356743 0.13669881
v 0.45290552 1.60528371 0.12391923
v 0.46090168 1.58389617 0.12842374
v 0.50178909 1.46530467 -0.07726251
v 0.46090684 1.44978313 -0.21440328
v 0.42998376 1.42933231 -0.27290820
v 0.39651700 1.34513300 -0.31260300
v 0.39529825 1.34425300 -0.31359925
v 0.39629300 1.34201800 -0.31216100
v 0.39026446 1.33804687 -0.31900299
v 0.33981250 1.24130650 -0.33902100
v 0.28475138 1.19026732 -0.35891713
v 0.19976702 1.12348241 -0.36526991
v 0.17457360 1.10450491 -0.36066785
v -0.01232600 1.07855800 -0.37469800
v -0.01564400 1.07867400 -0.37468400
v -0.01626750 1.07867800 -0.37462400
v -0.01852100 1.07875400 -0.37473500
v -0.01846300 1.07888400 -0.37483600
v -0.02183200 1.08204400 -0.37751700
v -0.39068947 1.45183326 -0.32338651
v -0.39875774 1.47859905 -0.30879943
v -0.47546615 1.50469148 -0.15856592
v -0.49439740 1.53252057 -0.01553561
v -0.48802212 1.55643235 0.01847865
v -0.46831926 1.58437871 0.09625903
v -0.45276845 1.61296969 0.10557736
v -0.28692453 1.71150160 0.28234555
v -0.27257500 1.69828600 0.30962400
v -0.27143700 1.69812700 0.30953000
v -0.26874200 1.69731500 0.31291400
v -0.26930700 1.69499700 0.31587700
v -0.26833600 1.69817000 0.31192800
v -0.26593800 1.70048200 0.31306600
v -0.25867362 1.71608262 0.30231565
v 0.09597771 1.73980762 0.36438313
v 0.20623491 1.70415170 0.35186776
v 0.50435363 1.49095193 -0.00385991
v 0.50101657 1.48635480 -0.06015807
v 0.49321143 1.46051061 -0.12156729
v 0.39559700 1.34498100 -0.31313200
v 0.39578600 1.34522700 -0.31253800
v 0.39370600 1.34503200 -0.31597200
v 0.38726876 1.35822150 -0.32646705
v 0.37855459 1.33644466 -0.33270855
v 0.33769700 1.23935400 -0.34059300
v 0.33734200 1.23970900 -0.34067300
v 0.27845257 1.20338380 -0.37191350
v 0.16006788 1.08563517 -0.34923647
v 0.06494436 1.04669577 -0.33691189
v 0.04457526 1.04312192 -0.33563503
v -0.01857900 1.07892100 -0.37436500
v -0.26377588 1.22888564 -0.39503017
v -0.29162486 1.24020652 -0.38064520
v -0.34800445 1.36655046 -0.36984610
v -0.45149038 1.49076500 -0.22165113
v -0.47813013 1.52775730 -0.13103385
v -0.48760215 1.53080669 -0.08574300
v -0.49578716 1.52331566 -0.03254463
v -0.49117121 1.54625835 0.01064813
v -0.27629639 1.70055814 0.30403063
v -0.26922000 1.69737300 0.31302200
v -0.26924575 1.69863600 0.31212750
v -0.15716593 1.72020788 0.36329744
v -0.08448960 1.73216359 0.37569003
v 0.00861543 1.76035352 0.35606057
v 0.30136370 1.69380177 0.28806009
v 0.38364558 1.66437088 0.20934810
v 0.41586950 1.64554811 0.16952099
v 0.44851954 1.60650678 0.13729309
v 0.48073641 1.56410681 0.07008921
v 0.50329460 1.49389584 -0.01777505
v 0.50664211 1.45363337 -0.04436978
v 0.39002978 1.31729888 -0.31439558
v 0.33711700 1.23940500 -0.34015800
v 0.33754650 1.23621125 -0.33855900
v 0.33599400 1.24286800 -0.34366500
v 0.22675475 1.13199854 -0.35679562
v 0.09073503 1.05415398 -0.33929382
v 0.02854162 1.05538638 -0.35078793
v 0.00935504 1.08632694 -0.38236052
v -0.01251859 1.09820974 -0.39290344
v -0.10264962 1.13558033 -0.40963119
v -0.18264402 1.16180855 -0.40071502
v -0.24847840 1.19441068 -0.38651859
v -0.29921851 1.24759065 -0.37874442
v -0.35818604 1.39516810 -0.36220516
v -0.38470724 1.44359982 -0.33166336
v -0.43124838 1.47506125 -0.26282100
v -0.46829500 1.49694400 -0.18223200
v -0.46933929 1.59502716 0.06448657
v -0.42980831 1.64477502 0.12735462
v -0.37127350 1.68062381 0.20879450
v -0.24090269 1.70637613 0.32732849
v -0.06843115 1.74564034 0.36551289
v 0.05775013 1.74285589 0.37065578
v 0.16737740 1.73470046 0.34354236
v 0.19814600 1.75266100 0.30590000
v 0.39676119 1.65849220 0.19253661
v 0.41905322 1.65122249 0.15135310
v 0.44782639 1.45061022 -0.24002790
v 0.44668243 1.42523570 -0.24459608
v 0.42593002 1.38193154 -0.27796878
v 0.39847623 1.38272704 -0.31600186
v 0.36535172 1.31276409 -0.34177668
v 0.33552902 1.26745676 -0.35688347
v 0.33746500 1.24286800 -0.34215100
v 0.23909868 1.16327365 -0.37366273
v 0.02482277 1.08099622 -0.37672773
v -0.01196940 1.10447936 -0.39844869
v -0.33236898 1.36733825 -0.38326350
v -0.36862087 1.41644292 -0.35094516
v -0.37528360 1.42652078 -0.34387428
v -0.44127233 1.49736871 -0.23867072
v -0.44926339 1.52361706 -0.21122615
v -0.46628000 1.49983500 -0.18576100
v -0.46725800 1.49962500 -0.18276100
v -0.46720800 1.49978400 -0.18316000
v -0.44917412 1.62062913 0.10360887
v -0.44887600 1.62122100 0.10481900
v -0.44892700 1.61899700 0.10860100
v -0.42270998 1.64879878 0.14228092
v -0.35626527 1.68930741 0.22273869
v -0.33661344 1.69165227 0.24770835
v -0.29634471 1.70789606 0.27697777
v -0.13156860 1.73657907 0.35787979
v 0.10262366 1.74827516 0.35355317
v 0.33168153 1.69895300 0.24683202
v 0.36309300 1.67318000 0.23215400
v 0.36252425 1.67530300 0.22967425
v 0.39221297 1.68237019 0.16599657
v 0.46462990 1.58600057 0.11073980
v 0.49274913 1.48356576 -0.11209038
v 0.45308042 1.44260428 -0.23135387
v 0.37144525 1.34244628 -0.34191765
v 0.30824629 1.19332181 -0.34245770
v 0.28862200 1.20561100 -0.36546000
v 0.28773100 1.20427000 -0.36593800
v 0.03085375 1.09400146 -0.38817271
v -0.13737817 1.14793362 -0.40963203
v -0.23113702 1.19550512 -0.39783671
v -0.29908048 1.26844272 -0.38676436
v -0.46675800 1.50293600 -0.18266700
v -0.46822900 1.50029900 -0.18279700
v -0.46750500 1.50293600 -0.18077600
v -0.46728750 1.49838950 -0.18399650
v -0.48524446 1.54197925 -0.08356197
v -0.46462359 1.60617576 0.06052433
v -0.44885400 1.62047500 0.10576800
v -0.45025615 1.62342563 0.09309284
v -0.42181731 1.65649494 0.13093669
v -0.39864223 1.67979843 0.15035741
v -0.19908299 1.72880993 0.33233631
v -0.18813199 1.74399621 0.32321908
v -0.02867609 1.76129029 0.35456350
v 0.03751040 1.76720861 0.34671090
v 0.04841396 1.77148865 0.34090744
v 0.13807661 1.74400840 0.34613274
v 0.20229258 1.71501521 0.34425523
v 0.36288300 1.67659300 0.22921200
v 0.36167300 1.67559300 0.22919800
v 0.37738466 1.68076734 0.19721981
v 0.48844097 1.53976854 0.06853679
v 0.48483445 1.48570238 -0.13934660
v 0.48085557 1.48396832 -0.15295201
v 0.41277566 1.40799247 -0.29774147
v 0.34704909 1.26874500 -0.34493617
v 0.32358184 1.26132034 -0.36547557
v 0.28758600 1.20850200 -0.36830800
v 0.28447100 1.20572700 -0.36798200
v 0.28520200 1.20611800 -0.36859800
v 0.26702887 1.19484264 -0.37497117
v 0.14388796 1.10184340 -0.37145535
v 0.05505538 1.05588520 -0.34802448
v -0.29677750 1.29459495 -0.39746109
v -0.30866411 1.31201032 -0.39251086
v -0.35144310 1.39936431 -0.36871860
v -0.37938307 1.46090899 -0.33556049
v -0.46566468 1.48237085 -0.19607188
v -0.47226036 1.52683181 -0.15248783
v -0.44171817 1.64288494 0.08517377
v -0.44100000 1.62987300 0.11765100
v -0.35838756 1.69879411 0.20432288
v -0.33093336 1.71176572 0.22865601
v -0.26158152 1.73279588 0.28164087
v -0.23186334 1.73130350 0.30652211
v -0.22688319 1.72568128 0.31631942
v -0.21072827 1.71357939 0.34094403
v 0.21376800 1.71720500 0.33452000
v 0.35978900 1.67940400 0.22911100
v 0.36239800 1.67554200 0.22966800
v 0.36223800 1.67925900 0.22519100
v 0.38299898 1.68841494 0.17621641
v 0.41085488 1.66280400 0.15284085
v 0.44239901 1.62801379 0.12109223
v 0.46946604 1.58542429 0.08963841
v 0.47500320 1.57613625 0.07874540
v 0.48540909 1.55974854 0.04593829
v 0.49963275 1.51247949 0.02291400
v 0.49789527 1.52274116 0.00364733
v 0.49649780 1.49844369 -0.08113251
v 0.37888824 1.37032501 -0.33771099
v 0.36806954 1.31998354 -0.34004766
v 0.29928275 1.23443400 -0.37238500
v 0.30728700 1.23781100 -0.36736600
v 0.30291100 1.23323900 -0.36867000
v 0.30293300 1.23020300 -0.36735900
v 0.29471585 1.22601765 -0.37211596
v 0.28476013 1.20209863 -0.36611962
v 0.28463700 1.20574900 -0.36859800
v 0.28130400 1.20283600 -0.36829300
v 0.15701600 1.11081536 -0.37447528
v 0.10882384 1.07332576 -0.35461911
v 0.04009178 1.07845453 -0.37334743
v -0.19956189 1.17809061 -0.40365517
v -0.42765538 1.49479563 -0.26314825
v -0.43794576 1.51405613 -0.23796728
v -0.46184600 1.51216000 -0.18931100
v -0.47992400 1.52460100 -0.12694800
v -0.48684503 1.55094084 -0.05265846
v -0.43231630 1.64602329 0.11673045
v -0.40642228 1.67733379 0.13476688
v -0.29746540 1.72394361 0.25588749
v -0.23554300 1.72632000 0.31005200
v -0.23586100 1.72953700 0.30703800
v 0.07576684 1.76057155 0.34782537
v 0.20594950 1.72432350 0.33220900
v 0.21990925 1.70848062 0.33929863
v 0.24679956 1.70961740 0.31945176
v 0.34828919 1.68810214 0.23655071
v 0.41924554 1.66105460 0.13081158
v 0.49821700 1.51821700 0.02494300
v 0.49846400 1.51764500 0.02167500
v 0.49868100 1.51797100 0.01920400
v 0.47319041 1.47319805 -0.17909382
v 0.46666040 1.46931487 -0.19668651
v 0.39461850 1.38090150 -0.32004450
v 0.39035100 1.37930400 -0.32512400
v 0.35047561 1.30717302 -0.35523286
v 0.31291423 1.21175456 -0.34946029
v 0.30549000 1.23684700 -0.36805400
v 0.30335300 1.23313000 -0.36818500
v 0.30364300 1.23352100 -0.36925700
v 0.24044126 1.19243249 -0.39123568
v 0.15610806 1.11157678 -0.37580126
v 0.12848657 1.08449422 -0.35967686
v -0.06677472 1.13984346 -0.41962107
v -0.24598277 1.22224843 -0.40276314
v -0.29360200 1.28321200 -0.39616700
v -0.31800493 1.38558074 -0.39642071
v -0.32840807 1.39005060 -0.38822550
v -0.35637661 1.41537979 -0.36428940
v -0.35321054 1.44400237 -0.36522775
v -0.39834920 1.49218607 -0.30587232
v -0.40173108 1.50747538 -0.29711422
v -0.42189708 1.50279256 -0.26975804
v -0.46307728 1.52324517 -0.17983303
v -0.47907600 1.52770200 -0.12694100
v -0.48100300 1.52751400 -0.12397700
v -0.48069900 1.52770200 -0.12074600
v -0.47951100 1.52807100 -0.12336900
v -0.48540936 1.55877538 -0.04080753
v -0.47833000 1.57724000 0.04334700
v -0.47806200 1.57724000 0.04644000
v -0.47694600 1.57857400 0.05265700
v -0.37481801 1.68920208 0.18833521
v -0.33234038 1.70372225 0.23749012
v -0.23891200 1.72905900 0.30361800
v -0.23826000 1.72966700 0.30387800
v -0.23539000 1.72921800 0.30673300
v -0.23378900 1.72961300 0.30734575
v -0.18946973 1.74391667 0.32211061
v -0.05814222 1.76190079 0.34995261
v -0.06875866 1.78018009 0.32694536
v 0.17894542 1.75226803 0.31764303
v 0.24372293 1.72342424 0.30791435
v 0.26669810 1.71034459 0.30341894
v 0.30317241 1.70679541 0.27115564
v 0.49227174 1.54261035 0.01979694
v 0.49896400 1.51834000 0.02200100
v 0.49843938 1.51849363 0.01985725
v 0.49641862 1.52790712 -0.01032736
v 0.49579712 1.52943362 -0.02239235
v 0.49947557 1.50622354 -0.03949117
v 0.42758926 1.43030171 -0.27577446
v 0.39327800 1.38844800 -0.32224000
v 0.39285100 1.38483900 -0.32242800
v 0.39367700 1.38241200 -0.32176200
v 0.39306800 1.38241200 -0.32183400
v 0.39011200 1.38512900 -0.32502200
v 0.39011900 1.38492600 -0.32574000
v 0.37949382 1.39931916 -0.33873914
v 0.33600374 1.27877818 -0.36054733
v 0.30025200 1.23424600 -0.37183600
v 0.27625628 1.21787268 -0.38201998
v 0.23102034 1.17056847 -0.38314113
v 0.18314857 1.12862416 -0.37779618
v 0.09124323 1.09259754 -0.37799946
v 0.08394425 1.07440782 -0.36159378
v 0.06043605 1.06411480 -0.35597841
v 0.03036906 1.11570249 -0.40660706
v 0.00496195 1.12034077 -0.41149390
v -0.07304902 1.15096233 -0.42656228
v -0.12138290 1.14638901 -0.41331666
v -0.21844086 1.19880207 -0.40650466
v -0.30454086 1.33720424 -0.40157276
v -0.37645444 1.44723933 -0.34035647
v -0.47904000 1.53079600 -0.12384000
v -0.48023500 1.52767300 -0.12468000
v -0.47975700 1.53068000 -0.12064400
v -0.47986600 1.53078900 -0.12068800
v -0.47257328 1.56097272 -0.11445437
v -0.47713400 1.58074000 0.04050600
v -0.47785900 1.58047900 0.04307800
v -0.47671400 1.57984900 0.04679600
v -0.47641700 1.57976200 0.04909200
v -0.47654000 1.58033400 0.04953400
v -0.38036345 1.69980477 0.15647993
v -0.22368475 1.74321788 0.29960723
v -0.20578641 1.74372477 0.31219922
v -0.01749901 1.77590760 0.33844120
v 0.07228186 1.77706284 0.32938209
v 0.10580513 1.77129680 0.32674532
v 0.15740219 1.75534049 0.32463296
v 0.20571861 1.74224523 0.31282463
v 0.44696014 1.63524430 0.08562879
v 0.49732254 1.52370977 0.01853108
v 0.48782291 1.51158343 -0.11074728
v 0.47531073 1.51334025 -0.15298930
v 0.40260695 1.41212267 -0.31132250
v 0.39049600 1.38828100 -0.32547900
v 0.39319900 1.38528100 -0.32218200
v 0.39381500 1.38197700 -0.32292100
v 0.39779398 1.38780049 -0.31708139
v 0.21561850 1.16381248 -0.38764569
v -0.03710600 1.12786500 -0.41441900
v -0.25563156 1.25521954 -0.41169079
v -0.27640865 1.25713480 -0.39849789
v -0.34521537 1.38973552 -0.37436896
v -0.35134023 1.47033562 -0.36304360
v -0.39928172 1.52202376 -0.29556248
v -0.48272418 1.56683465 0.04174448
v -0.47791700 1.57757350 0.04644775
v -0.47732300 1.58071100 0.04699100
v -0.47687300 1.58013100 0.04596900
v -0.47530100 1.58313800 0.04649100
v -0.45135131 1.62744672 0.07702477
v -0.43616305 1.65226237 0.08419505
v -0.41757049 1.66943083 0.11522630
v -0.31850415 1.72009628 0.23343539
v -0.10843439 1.76395229 0.33578502
v 0.23284124 1.71762640 0.32136485
v 0.32196015 1.71629677 0.23538505
v 0.33901770 1.70048231 0.23358981
v 0.34749254 1.70815383 0.20932918
v 0.41283331 1.68051680 0.10980867
v 0.43338220 1.65646567 0.09115221
v 0.44427988 1.63584972 0.09561359
v 0.46027314 1.61073818 0.07812578
v 0.42343976 1.46869892 -0.27668855
v 0.41347191 1.43102625 -0.29584899
v 0.30832999 1.25763839 -0.37598244
v 0.21016779 1.14510461 -0.37728864
v 0.12507519 1.10045155 -0.37619894
v 0.05093606 1.09693681 -0.38894926
v -0.02306488 1.12552990 -0.41432169
v -0.03651550 1.12890125 -0.41530475
v -0.03715700 1.13147300 -0.41716500
v -0.03684500 1.12834300 -0.41554900
v -0.03739600 1.12838700 -0.41476700
v -0.04309974 1.13174665 -0.41679717
v -0.04879778 1.15227656 -0.43080958
v -0.10017043 1.16141898 -0.42777390
v -0.12713713 1.17270875 -0.42855668
v -0.18469872 1.19023385 -0.41768812
v -0.29100880 1.38471581 -0.41720452
v -0.29801363 1.40738637 -0.41338932
v -0.41419667 1.52321006 -0.27315715
v -0.42113507 1.52747437 -0.25952987
v -0.42735100 1.52693863 -0.24944763
v -0.46018926 1.55211735 -0.16652280
v -0.48047938 1.56601919 -0.06503684
v -0.41245089 1.68816028 0.08291537
v -0.41758621 1.67573359 0.09919648
v -0.37098874 1.70342587 0.17090955
v -0.26867975 1.72825440 0.28025380
v -0.23554708 1.74122014 0.29271144
v -0.15370010 1.73084013 0.35512334
v -0.08859675 1.76647337 0.33841225
v -0.02075341 1.78655219 0.32532460
v 0.19871800 1.73239900 0.32832500
v 0.25834421 1.72083279 0.29860183
v 0.47147276 1.58943308 0.06825182
v 0.49208189 1.51243008 -0.08931212
v 0.46704625 1.48309664 -0.19133937
v 0.45037217 1.46754378 -0.23094140
v 0.35634991 1.34605203 -0.35826937
v 0.30988100 1.26152600 -0.37616200
v 0.26725396 1.22335706 -0.39101859
v 0.00454394 1.12909327 -0.41757847
v -0.17080704 1.17384273 -0.41336590
v -0.28453942 1.27353024 -0.39961441
v -0.29722500 1.31097700 -0.40108700
v -0.30074713 1.31476000 -0.39934475
v -0.29907200 1.31127400 -0.39859500
v -0.29855693 1.34789474 -0.40804583
v -0.34494060 1.45983369 -0.37086296
v -0.38075758 1.49095641 -0.32833267
v -0.43966000 1.52494800 -0.22912600
v -0.47683977 1.58568808 -0.02088706
v -0.45272443 1.62973011 0.05550566
v -0.30584795 1.74016990 0.22007665
v -0.22139045 1.75398227 0.28808090
v 0.19492900 1.73777500 0.32472400
v 0.23807930 1.73676702 0.29594954
v 0.37887552 1.69417324 0.17385903
v 0.39341478 1.68741118 0.15301114
v 0.49523496 1.52336153 -0.04557192
v 0.44876980 1.48735609 -0.22817715
v 0.42625803 1.45787785 -0.27415730
v 0.41352403 1.44624250 -0.29405298
v 0.40044294 1.44495692 -0.31170838
v 0.38754754 1.42040640 -0.32921502
v 0.32465543 1.27928843 -0.37098453
v 0.31270000 1.26763400 -0.37646600
v 0.31215950 1.26919550 -0.37765850
v 0.30895400 1.26385200 -0.37802400
v 0.31002600 1.26466300 -0.37752400
v 0.08937060 1.10095503 -0.38624338
v 0.05685380 1.08128425 -0.37392654
v 0.00272818 1.12913128 -0.41764402
v 0.01435002 1.14111317 -0.42632563
v -0.03680127 1.14480777 -0.42698042
v -0.15274519 1.18701182 -0.42915608
v -0.28087100 1.29263800 -0.40826800
v -0.26629740 1.29564023 -0.41929714
v -0.28331460 1.31071091 -0.41129784
v -0.30021000 1.31393300 -0.39968900
v -0.29991300 1.31497000 -0.39958700
v -0.30060800 1.31404200 -0.39954400
v -0.33482200 1.42211800 -0.38310300
v -0.34911529 1.48079301 -0.36317897
v -0.43979050 1.52711275 -0.22829675
v -0.44016700 1.53069400 -0.22520600
v -0.44113800 1.52795500 -0.22577900
v -0.45081122 1.53261197 -0.20214799
v -0.44689168 1.64367154 0.03752026
v -0.42811086 1.67076963 0.05775218
v -0.34887825 1.73161979 0.16492367
v -0.35914600 1.70660400 0.18886100
v -0.35913900 1.70477100 0.19195500
v -0.15972026 1.76059537 0.31872209
v -0.04641505 1.78522238 0.32445614
v 0.02785345 1.78079609 0.33139974
v 0.43002717 1.66687394 0.07677358
v 0.45995721 1.61647841 0.06465632
v 0.45438814 1.47824829 -0.21977762
v 0.35639594 1.36602893 -0.36102727
v 0.31174300 1.26760500 -0.37768400
v 0.30962000 1.26419200 -0.37758200
v 0.30668600 1.26692400 -0.38122000
v 0.30455313 1.25505814 -0.37795188
v 0.30341100 1.26454000 -0.38239300
v 0.27178938 1.24677433 -0.39892074
v 0.24777921 1.21930219 -0.40115668
v 0.23043702 1.20477680 -0.40425461
v 0.21038400 1.16863600 -0.39321100
v 0.20758700 1.16672400 -0.39266000
v 0.20454400 1.16836800 -0.39621100
v 0.06192000 1.09736100 -0.38750900
v -0.05549500 1.15257300 -0.43061300
v -0.05926300 1.15296400 -0.42995400
v -0.05538763 1.15321025 -0.43086663
v -0.27943631 1.28072097 -0.40572315
v -0.29873914 1.35878698 -0.40930251
v -0.31320492 1.42482133 -0.40116064
v -0.33758300 1.41924900 -0.38128500
v -0.37010790 1.49551916 -0.33901710
v -0.37681447 1.50804633 -0.32790773
v -0.42716144 1.51321069 -0.25651006
v -0.43963800 1.53133200 -0.22560500
v -0.44031900 1.53062200 -0.22545300
v -0.48511091 1.56497894 -0.01326360
v -0.46967024 1.60316404 0.01236382
v -0.35913200 1.70719100 0.18793400
v -0.33528781 1.71932126 0.20994411
v 0.04512122 1.79099190 0.31575209
v 0.06403120 1.78538885 0.32061587
v 0.11840754 1.77095988 0.32255712
v 0.27720842 1.72990600 0.27047890
v 0.33444642 1.71890178 0.21244478
v 0.48789761 1.55886585 0.00485537
v 0.49130155 1.54783392 -0.01903050
v 0.48398357 1.50101935 -0.13329115
v 0.31458814 1.28629429 -0.38137405
v 0.30679400 1.26765500 -0.38095900
v 0.29781781 1.26556935 -0.38706663
v 0.20737700 1.17152700 -0.39668200
v 0.20681900 1.17121600 -0.39624000
v 0.20743500 1.16855700 -0.39470400
v 0.20424700 1.16844800 -0.39589200
v 0.20424700 1.16939700 -0.39621800
v 0.20155100 1.16859300 -0.39757300
v 0.12932333 1.12465281 -0.39527112
v 0.11017908 1.11731369 -0.39476182
v 0.06181200 1.10013600 -0.39045000
v 0.06193500 1.10038200 -0.39056600
v 0.06187000 1.10144000 -0.39013900
v -0.02141261 1.14930292 -0.43148888
v -0.05585800 1.15326800 -0.43091000
v -0.05564000 1.15264500 -0.43075100
v -0.08218850 1.15488400 -0.42736000
v -0.08363700 1.15540600 -0.42713500
v -0.08668100 1.15588400 -0.42678700
v -0.08976700 1.15617400 -0.42662100
v -0.15491620 1.19196018 -0.43096814
v -0.23360539 1.23249908 -0.41506297
v -0.29574884 1.41163959 -0.41481422
v -0.33683700 1.41842300 -0.38057500
v -0.33297491 1.42462986 -0.38440219
v -0.36864745 1.48746517 -0.34244949
v -0.43940600 1.53476600 -0.22408300
v -0.43764960 1.53380905 -0.22838967
v -0.46559955 1.55971496 -0.14207653
v -0.36339890 1.71770744 0.16201626
v -0.25539088 1.74770640 0.26718394
v -0.09073031 1.77375105 0.32902552
v 0.36390314 1.71114057 0.17296916
v 0.44651204 1.64397368 0.06385285
v 0.45763984 1.62531039 0.05136932
v 0.48959519 1.53984953 -0.05981526
v 0.47831761 1.52578642 -0.13368983
v 0.46690834 1.51672312 -0.17337823
v 0.43612552 1.50213678 -0.24636652
v 0.37744125 1.41387450 -0.34072175
v 0.37771500 1.41006100 -0.34058600
v 0.32896492 1.32600384 -0.37971184
v 0.28496969 1.27069079 -0.39856789
v 0.22599800 1.19640900 -0.40239900
v 0.22317200 1.19332200 -0.40180400
v 0.20468238 1.17668255 -0.40163028
v 0.16460139 1.14542759 -0.39854160
v 0.15900772 1.14951627 -0.40359982
v 0.06517142 1.09048956 -0.38137829
v 0.06030450 1.09900950 -0.38911750
v 0.05868900 1.10065800 -0.39072600
v 0.00718234 1.14625979 -0.43008028
v -0.08245039 1.16284194 -0.43244197
v -0.08710100 1.15615900 -0.42749800
v -0.08652100 1.15608000 -0.42732400
v -0.08978900 1.15927500 -0.42859200
v -0.39317004 1.52751419 -0.30166302
v -0.40391082 1.53681991 -0.28298653
v -0.43912607 1.56691597 -0.20242804
v -0.44530439 1.57187246 -0.18499968
v -0.46896256 1.56471232 -0.12302217
v -0.47228969 1.59759110 0.00613919
v -0.39343075 1.70356374 0.11084776
v -0.27623537 1.75842541 0.22834553
v -0.01624242 1.80064042 0.30712407
v 0.06247880 1.79661872 0.30585523
v 0.19351250 1.74647700 0.31582300
v 0.42157193 1.67467584 0.09013258
v 0.43948400 1.64853000 0.08616100
v 0.44047700 1.64579900 0.08688600
v 0.48883906 1.55488917 0.02725438
v 0.45034233 1.50393391 -0.21834531
v 0.41441755 1.48032409 -0.28694610
v 0.40497296 1.45973713 -0.30369305
v 0.40199098 1.44809456 -0.30912736
v 0.37767100 1.41239500 -0.34028200
v 0.37786700 1.41298900 -0.34068700
v 0.37468392 1.42190250 -0.34370934
v 0.34989200 1.35761700 -0.36618500
v 0.35038400 1.35390000 -0.36557600
v 0.34950800 1.35027800 -0.36581500
v 0.22344800 1.19948100 -0.40560800
v 0.22597600 1.19765500 -0.40261600
v 0.22336100 1.19282200 -0.40384000
v 0.22277400 1.19356900 -0.40248500
v 0.22059825 1.19098550 -0.40231500
v 0.21969400 1.18983700 -0.40283300
v 0.21675300 1.18721400 -0.40213800
v -0.17782947 1.21533890 -0.43402633
v -0.31736005 1.47235912 -0.39247652
v -0.39681277 1.54758543 -0.28799844
v -0.42723300 1.53696200 -0.24457400
v -0.41965150 1.57077738 -0.23598053
v -0.44634682 1.54071199 -0.20599871
v -0.46597689 1.57959353 -0.11319955
v -0.40628035 1.68682343 0.11204343
v -0.24906599 1.76579395 0.24613067
v -0.14029065 1.76291180 0.32503524
v -0.12027308 1.75683357 0.33975909
v 0.16523615 1.76013503 0.31571291
v 0.19612913 1.75495913 0.30425625
v 0.15562450 1.77763675 0.29734475
v 0.19919151 1.75820951 0.29859348
v 0.39925048 1.69135320 0.12752987
v 0.41658673 1.68076493 0.09444568
v 0.44007100 1.64900900 0.08428400
v 0.43960000 1.64811000 0.08424800
v 0.43938300 1.64826900 0.08370500
v 0.43905675 1.64935425 0.08428450
v 0.47592476 1.58993294 0.02901662
v 0.47887602 1.58278418 -0.01387782
v 0.43481722 1.46979539 -0.25749215
v 0.38225153 1.44782044 -0.33301565
v 0.37752600 1.41564800 -0.34088300
v 0.36193255 1.40259577 -0.35793691
v 0.34985500 1.35432100 -0.36577200
v 0.34950800 1.35048800 -0.36488800
v 0.35077000 1.35411225 -0.36494225
v 0.34629000 1.34764000 -0.36815600
v 0.22024500 1.19632900 -0.40573900
v 0.21953500 1.19662600 -0.40567400
v 0.21981800 1.19333000 -0.40426800
v 0.21973800 1.19029400 -0.40247800
v 0.07613006 1.11446439 -0.39980731
v -0.06502755 1.16816310 -0.43904624
v -0.20512101 1.21465300 -0.42160508
v -0.29230210 1.35575977 -0.41357181
v -0.34566032 1.49137540 -0.36418937
v -0.45955256 1.58492424 -0.12942428
v -0.47184805 1.59470140 -0.04364849
v -0.43662310 1.66404721 0.00906059
v -0.28169363 1.74917903 0.23682611
v -0.19899659 1.76263772 0.29405488
v 0.17374638 1.76793050 0.30016413
v 0.18858882 1.76140700 0.30040889
v 0.28127385 1.73378935 0.26028867
v 0.30344700 1.73238400 0.23563900
v 0.29976800 1.73458125 0.23710625
v 0.38395700 1.70510450 0.13796750
v 0.38568500 1.70042400 0.14293100
v 0.43963600 1.64959500 0.08049500
v 0.47403569 1.59383012 0.02536289
v 0.46309976 1.55038674 -0.15979889
v 0.37771500 1.41624200 -0.34044800
v 0.37761300 1.41926300 -0.34040500
v 0.33477700 1.32646100 -0.37464000
v 0.33145100 1.32399800 -0.37651700
v 0.33153800 1.32779800 -0.37759475
v 0.28268822 1.29829685 -0.40900417
v 0.21697700 1.19315600 -0.40576800
v 0.20994041 1.19383424 -0.41003811
v 0.11222845 1.13212642 -0.40583349
v 0.05524903 1.13695407 -0.41959587
v -0.11108400 1.17485300 -0.43333700
v -0.11404700 1.17487500 -0.43292400
v -0.20413106 1.22827759 -0.42848064
v -0.27868300 1.31988200 -0.41657100
v -0.37883925 1.54586125 -0.31063937
v -0.42281781 1.54843953 -0.24593001
v -0.44191956 1.57854504 -0.18632978
v -0.46975240 1.58040856 -0.09415583
v -0.45650255 1.62961438 0.01859710
v -0.31986954 1.72907666 0.21695408
v -0.07976904 1.79414721 0.30492337
v -0.03657988 1.80142396 0.30336991
v 0.06190625 1.80546775 0.29334150
v 0.08208550 1.79166100 0.30779500
v 0.09854350 1.78666700 0.30969850
v 0.15789600 1.77693000 0.29714000
v 0.16726631 1.77400714 0.29580376
v 0.20846160 1.76361647 0.28460535
v 0.22912950 1.75499586 0.28007545
v 0.26615803 1.73314745 0.27705823
v 0.29722300 1.73539800 0.23881300
v 0.29809200 1.73488400 0.23842800
v 0.30031000 1.73565900 0.23554500
v 0.30015700 1.73510900 0.23511000
v 0.31900366 1.73817116 0.20483705
v 0.38073600 1.70774200 0.13975000
v 0.38407700 1.70443800 0.13979300
v 0.38359100 1.70414100 0.13945300
v 0.40682574 1.69107782 0.10253544
v 0.48575046 1.53862840 -0.08610698
v 0.45681918 1.50834381 -0.20227481
v 0.43482768 1.49957739 -0.24898922
v 0.35929356 1.42043435 -0.36080694
v 0.33788945 1.33948381 -0.37476667
v 0.32257546 1.36147055 -0.39137850
v 0.33157500 1.32589600 -0.37786500
v 0.30934499 1.33008338 -0.39692016
v 0.18113140 1.16377198 -0.40460677
v 0.17768655 1.19008436 -0.42194971
v 0.06675258 1.12745567 -0.41123989
v -0.01312492 1.16127417 -0.43985648
v -0.10836000 1.17350500 -0.43344600
v -0.11185200 1.17546900 -0.43280900
v -0.11141000 1.17436100 -0.43325800
v -0.10955823 1.19099800 -0.44351518
v -0.21745071 1.24975222 -0.43121239
v -0.25547132 1.30216869 -0.42726525
v -0.27463300 1.31411500 -0.41796900
v -0.27526300 1.31664300 -0.41795500
v -0.27568300 1.31695500 -0.41853500
v -0.42474100 1.55251850 -0.24021550
v -0.44858818 1.58719745 -0.15935676
v -0.45663850 1.58043148 -0.14447474
v -0.46062271 1.60063198 -0.09877590
v -0.41072893 1.69700131 0.05440857
v -0.40471847 1.69712249 0.08520255
v -0.38902303 1.71225883 0.10405787
v -0.37453421 1.71794854 0.13114753
v -0.37213700 1.72165300 0.13051900
v -0.37158700 1.72029800 0.13327200
v -0.21094446 1.77036898 0.27286369
v -0.13885399 1.77699111 0.30767274
v -0.11828663 1.77839751 0.31377967
v -0.11008042 1.78935888 0.30254944
v 0.01221833 1.80628740 0.29838933
v 0.07236400 1.79807688 0.30130925
v 0.07551666 1.79988384 0.29789129
v 0.09781693 1.78902553 0.30676636
v 0.10339656 1.78320485 0.31344264
v 0.14866875 1.77937400 0.29840650
v 0.11028688 1.78488425 0.30686319
v 0.15043804 1.78756528 0.28642561
v 0.16712056 1.78877385 0.27555248
v 0.29696200 1.73792000 0.23534900
v 0.30070800 1.73585500 0.23513900
v 0.30012800 1.73646400 0.23231300
v 0.30018600 1.73812300 0.23091500
v 0.38030900 1.70972700 0.13618500
v 0.38136700 1.70632900 0.13940900
v 0.39546018 1.70319905 0.10792254
v 0.45177221 1.63737496 0.04688755
v 0.46122501 1.62111978 0.03042463
v 0.34063163 1.35963072 -0.37523152
v 0.30619380 1.30541914 -0.39363590
v 0.05148993 1.15959319 -0.43637556
v -0.10836000 1.17475200 -0.43419200
v -0.27711800 1.32016100 -0.41761800
v -0.27534300 1.31759300 -0.41823800
v -0.31642592 1.44068320 -0.39762529
v -0.31487208 1.44968975 -0.39767634
v -0.31869958 1.51617477 -0.38225635
v -0.42928171 1.56008967 -0.22761639
v -0.43262745 1.56175812 -0.21961044
v -0.37202900 1.72309500 0.12725100
v -0.37153600 1.72323300 0.12646900
v -0.36877500 1.72489200 0.12970800
v -0.32631127 1.74717637 0.17581298
v 0.11533375 1.78432825 0.30665200
v 0.12521498 1.79432158 0.28838535
v 0.30218324 1.72403499 0.24966008
v 0.42694812 1.67804821 0.04579949
v 0.48814047 1.54950000 -0.04700889
v 0.47921082 1.54640522 -0.10685350
v 0.45729793 1.53804516 -0.18372293
v 0.34778398 1.43151443 -0.37138988
v 0.32880032 1.38220723 -0.38861452
v 0.26977020 1.26545910 -0.40761862
v 0.11761422 1.14675425 -0.41473587
v 0.03648177 1.16906339 -0.44378148
v -0.07739900 1.18094700 -0.44458300
v -0.07986426 1.18494485 -0.44656074
v -0.08993672 1.18946150 -0.44719010
v -0.26034050 1.42506045 -0.43760017
v -0.42297300 1.56485700 -0.23529900
v -0.46013584 1.60251042 -0.09629809
v -0.47239129 1.58759053 -0.06393152
v -0.46645308 1.60739352 -0.03957766
v -0.40794365 1.69904548 0.06171580
v -0.37257200 1.72275500 0.12383900
v -0.37208125 1.72195025 0.12872025
v -0.37166700 1.72293600 0.12694700
v -0.36981200 1.72584900 0.12383900
v -0.36049174 1.72872703 0.14372572
v -0.26123633 1.75515863 0.24983372
v -0.17206044 1.76467495 0.30682026
v 0.04154737 1.80833263 0.29306929
v 0.11301346 1.79020421 0.29945517
v 0.23429447 1.76836952 0.25736740
v 0.24085849 1.76225028 0.26115155
v 0.25948070 1.76029929 0.24584833
v 0.29791741 1.74596799 0.22127143
v 0.33905635 1.73481550 0.17715986
v 0.34813252 1.73366154 0.16020050
v 0.36238453 1.72800921 0.13976627
v 0.41192586 1.69114854 0.08052473
v 0.47975071 1.57667443 -0.03541080
v 0.40261554 1.49067808 -0.30010600
v 0.36459591 1.44452404 -0.35326136
v 0.33642048 1.42640680 -0.38224693
v 0.34829525 1.40014567 -0.37170594
v 0.23180643 1.24686709 -0.42302981
v 0.18108434 1.17435089 -0.41101595
v 0.13284234 1.13638909 -0.40315231
v 0.07527709 1.14062101 -0.42004282
v -0.00187029 1.18543406 -0.45510757
v -0.04288157 1.19168250 -0.45681856
v -0.05128787 1.19692976 -0.45814928
v -0.07100800 1.18159200 -0.44624200
v -0.07460200 1.18137400 -0.44574900
v -0.07430500 1.18194700 -0.44582900
v -0.11858390 1.20628446 -0.44948626
v -0.26403039 1.38839717 -0.43520510
v -0.30108823 1.47500773 -0.40545789
v -0.35458579 1.52331357 -0.34668679
v -0.37454773 1.54997354 -0.31398730
v -0.44663592 1.61111725 -0.13462092
v -0.47057000 1.59324600 -0.06131000
v -0.46969650 1.59441425 -0.05957225
v -0.47054800 1.59275300 -0.05939700
v -0.37016675 1.72556952 0.12359008
v -0.31520294 1.74522467 0.19717722
v -0.12788047 1.78748637 0.29857702
v 0.10969974 1.80840346 0.27422829
v 0.28466459 1.74997528 0.23254270
v 0.37313357 1.71696146 0.13896430
v 0.41342139 1.69386819 0.05681611
v 0.48104569 1.56802845 -0.05435623
v 0.47439071 1.55076090 -0.12150998
v 0.44067362 1.53330584 -0.22135641
v 0.32880794 1.41266560 -0.38940331
v 0.30983769 1.35025832 -0.40019576
v 0.24225365 1.23269898 -0.41092360
v -0.07121100 1.18404100 -0.44769100
v -0.07472888 1.18279737 -0.44630075
v -0.07142900 1.18112800 -0.44605400
v -0.07137100 1.18072200 -0.44644500
v -0.15416414 1.23303279 -0.45097003
v -0.24971692 1.37413413 -0.44282301
v -0.46881600 1.59581800 -0.06191800
v -0.45685049 1.62931999 -0.00648250
v -0.37027267 1.73392975 0.09927748
v -0.36641517 1.73098132 0.11997410
v -0.29510079 1.76091997 0.19885432
v 0.08158282 1.81371651 0.27557575
v 0.27797945 1.76552414 0.21506374
v 0.35444216 1.73359339 0.14633315
v 0.36068812 1.73219882 0.13432508
v 0.36685598 1.73574971 0.10871614
v 0.46563062 1.55895911 -0.14333570
v 0.39180120 1.47234467 -0.31817287
v 0.14218152 1.16549039 -0.42015922
v -0.04736102 1.19153860 -0.45572132
v -0.13306210 1.21811521 -0.45103198
v -0.24059779 1.27143922 -0.42622149
v -0.22263648 1.29425665 -0.44285815
v -0.28839480 1.44203995 -0.41826751
v -0.41001083 1.55553294 -0.26305857
v -0.40128592 1.57347582 -0.26525032
v -0.40558699 1.57215950 -0.26025178
v -0.41988825 1.56454174 -0.24123643
v -0.45294183 1.62477464 -0.07507641
v -0.43108029 1.67277727 0.00175771
v -0.41742928 1.69231799 0.01889910
v -0.36604975 1.73465685 0.11017018
v -0.15713067 1.77683749 0.29819524
v -0.15231200 1.77719100 0.30011800
v -0.06005729 1.81542084 0.27789523
v 0.01161027 1.81753367 0.28136299
v 0.18077731 1.79385397 0.25963875
v 0.20397182 1.77802131 0.26773747
v 0.32067451 1.75465950 0.17132201
v 0.33528170 1.74738692 0.15808383
v 0.36291507 1.73515776 0.12218944
v 0.39401571 1.71402789 0.07656698
v 0.41534626 1.69242232 0.05147469
v 0.42814270 1.67884361 0.02148094
v 0.48117185 1.55931680 -0.07682546
v 0.45046608 1.53808528 -0.19870945
v 0.09347289 1.15081170 -0.42394591
v 0.03480955 1.19197280 -0.45748928
v -0.32123997 1.53043960 -0.37539911
v -0.33996772 1.53928670 -0.35513848
v -0.35861965 1.56864991 -0.32329952
v -0.39312306 1.57875997 -0.27348765
v -0.45763746 1.62505521 -0.03314655
v -0.41898884 1.69046050 0.00471227
v -0.39265601 1.71710746 0.06736293
v -0.35099063 1.74329062 0.12980955
v -0.28507400 1.75520800 0.22349500
v -0.28660650 1.75454850 0.22199150
v -0.17257554 1.78730814 0.27541104
v -0.15517375 1.77965850 0.29525750
v -0.15464500 1.77890800 0.29721200
v -0.15493500 1.77793000 0.29728500
v -0.06654205 1.80447195 0.29369907
v 0.12619994 1.80516087 0.27225215
v 0.27915991 1.76645414 0.21093806
v 0.29422056 1.76107329 0.20012074
v 0.33655488 1.75548607 0.13510399
v 0.45723066 1.63055792 0.00805433
v 0.46710229 1.60977788 -0.01670277
v 0.47326620 1.57532041 -0.08911494
v 0.46646827 1.56961618 -0.12752824
v 0.39400825 1.50996446 -0.30608660
v 0.21039631 1.19774806 -0.41185438
v 0.07924176 1.15491920 -0.42983504
v 0.01480108 1.18421977 -0.45416651
v -0.07724887 1.19375761 -0.45246497
v -0.16210243 1.22571747 -0.44517204
v -0.19322923 1.26207876 -0.44728851
v -0.21363200 1.25167900 -0.43364900
v -0.21405200 1.25253400 -0.43351900
v -0.21672600 1.25519300 -0.43393900
v -0.21706600 1.25547600 -0.43391700
v -0.21672600 1.25215700 -0.43228000
v -0.21993500 1.26116300 -0.43393200
v -0.25724300 1.34204600 -0.43410600
v -0.26331230 1.35037321 -0.43218895
v -0.37175615 1.56829695 -0.30835382
v -0.42228450 1.57259200 -0.23065850
v -0.43145332 1.58716727 -0.20093564
v -0.43804212 1.60917236 -0.16197574
v -0.44045538 1.65811077 -0.02697601
v -0.38741147 1.72805326 0.03064846
v -0.36851838 1.73935961 0.08641831
v -0.28755900 1.75680900 0.21631500
v -0.28471900 1.75644700 0.21948800
v -0.28448000 1.75753400 0.21930000
v -0.15721000 1.77882200 0.29535000
v -0.15475400 1.77844500 0.29679900
v -0.15442000 1.78045200 0.29423400
v -0.10128344 1.80650411 0.28015023
v 0.06190400 1.80983938 0.28676163
v 0.38828334 1.71683272 0.09130607
v 0.38147937 1.73027290 0.06923328
v 0.45405684 1.63456710 0.03571888
v 0.46468916 1.61340550 -0.03131040
v 0.46605168 1.60435744 -0.06346422
v 0.41974536 1.50744152 -0.27013390
v 0.40551600 1.49663200 -0.29409800
v 0.38553399 1.49933428 -0.31977538
v 0.32719115 1.45848577 -0.38729994
v 0.29436441 1.33892872 -0.41033225
v 0.04572937 1.18914353 -0.45481069
v -0.21363200 1.25525100 -0.43500400
v -0.21608100 1.25856900 -0.43371400
v -0.21672600 1.26143900 -0.43570700
v -0.22006593 1.31123378 -0.44874113
v -0.23953968 1.32186478 -0.44100707
v -0.25655069 1.32609904 -0.43259302
v -0.25308400 1.33893800 -0.43654000
v -0.25435900 1.34189400 -0.43698900
v -0.25346800 1.34273500 -0.43638800
v -0.25387400 1.34490900 -0.43694600
v -0.29677185 1.48922346 -0.40618283
v -0.30769516 1.50267045 -0.39504527
v -0.43822515 1.66156279 -0.02378443
v -0.33179098 1.75390425 0.14798179
v -0.28528400 1.75694700 0.22064800
v 0.01861300 1.81873100 0.27884500
v 0.02180100 1.81855700 0.27882300
v 0.02786600 1.81646300 0.28174300
v 0.05882700 1.81736800 0.27554800
v 0.06929469 1.81411868 0.27858190
v 0.09910004 1.81304858 0.27035046
v 0.22730669 1.78825405 0.23088266
v 0.25601523 1.76533849 0.24065775
v 0.44656728 1.64966584 0.00643568
v 0.46710922 1.58318622 -0.10435996
v 0.40569000 1.49979200 -0.29279400
v 0.40245350 1.50218625 -0.29657950
v 0.40466900 1.49996600 -0.29335200
v 0.40229200 1.50017600 -0.29735800
v 0.36136182 1.46611251 -0.35354457
v 0.18491407 1.20685769 -0.42852435
v 0.14644349 1.18087723 -0.42876737
v 0.15256554 1.16956080 -0.41912459
v 0.13065935 1.18114343 -0.43420261
v 0.10683257 1.15611558 -0.42438157
v -0.21366800 1.25864900 -0.43622900
v -0.25395400 1.34212600 -0.43701800
v -0.25557850 1.34278175 -0.43554400
v -0.23865621 1.41119914 -0.45062897
v -0.26940512 1.49882691 -0.42262530
v -0.32538477 1.55947537 -0.36129505
v -0.36617354 1.54441180 -0.32631290
v -0.38544800 1.57724000 -0.28483800
v -0.44055514 1.62437847 -0.13206558
v -0.40840449 1.70458437 -0.00374786
v -0.35290771 1.75244421 0.09529461
v -0.28153540 1.77076130 0.19949684
v -0.14268900 1.78732100 0.29106100
v -0.14219000 1.78748700 0.29129300
v -0.14399700 1.78620500 0.29222000
v 0.02167100 1.82059300 0.27554800
v 0.02187400 1.81886800 0.27949700
v 0.02206900 1.81841200 0.27846100
v 0.02522100 1.81749900 0.27892400
v 0.02776400 1.81847000 0.27849000
v 0.02089725 1.81963850 0.27717650
v 0.03662931 1.83027828 0.25770978
v 0.05576900 1.82040450 0.27105200
v 0.15204298 1.79682044 0.27192914
v 0.31595739 1.75381256 0.18158594
v 0.34088565 1.75800254 0.11595913
v 0.37340994 1.73547767 0.08344517
v 0.43931837 1.66175685 -0.00977017
v 0.46665337 1.61220408 -0.01280634
v 0.45156690 1.56618760 -0.17624251
v 0.42083520 1.55017487 -0.24774952
v 0.40227000 1.50029900 -0.29689500
v 0.40180700 1.50275500 -0.29764800
v 0.40184811 1.50649151 -0.29599475
v 0.35381239 1.47197451 -0.36001880
v 0.32402416 1.47269678 -0.38807680
v 0.29755700 1.38598775 -0.41381191
v 0.06864741 1.16804178 -0.43958879
v -0.07516882 1.22563543 -0.46826560
v -0.17960429 1.25051588 -0.44847433
v -0.20132668 1.25991834 -0.44262126
v -0.20839068 1.27636581 -0.44491048
v -0.24574574 1.44717352 -0.44502604
v -0.33322612 1.56286899 -0.35211702
v -0.38638200 1.58040700 -0.28220800
v -0.38582625 1.58247875 -0.28093250
v -0.38670100 1.57961700 -0.28160600
v -0.39812477 1.71703397 0.01405819
v -0.31701136 1.76483138 0.15290145
v -0.27551357 1.76713137 0.21375550
v -0.22487442 1.78178554 0.24315410
v -0.14557300 1.78753100 0.28932200
v -0.14255900 1.78745800 0.29154600
v -0.12421894 1.80348571 0.27618030
v -0.11268140 1.80575077 0.27720100
v 0.00532659 1.83697229 0.24804331
v 0.02469200 1.82049900 0.27546800
v 0.32027785 1.76140749 0.15576608
v 0.39986830 1.71370331 0.04330217
v 0.46395457 1.61383945 -0.04086357
v 0.46666653 1.60695631 -0.04816482
v 0.44211384 1.56387562 -0.19855557
v 0.43394404 1.53524802 -0.23390493
v 0.38271124 1.50965828 -0.32057816
v 0.30132290 1.42424652 -0.41147002
v 0.19345800 1.22517050 -0.43306950
v 0.19815300 1.23056500 -0.43330100
v 0.19814600 1.22738400 -0.43195400
v 0.20142839 1.22402007 -0.42896222
v 0.14825913 1.19649901 -0.43696556
v 0.08341650 1.19351782 -0.45177500
v 0.00550685 1.21511130 -0.46999235
v -0.10769474 1.21946289 -0.45868042
v -0.24615423 1.34887111 -0.44201015
v -0.22221543 1.37813487 -0.45765243
v -0.23574015 1.39488024 -0.45186250
v -0.27733775 1.46681509 -0.42295980
v -0.35351673 1.57794579 -0.32434305
v -0.36851376 1.58327707 -0.30401104
v -0.38154495 1.57652570 -0.29102346
v -0.38765800 1.58334800 -0.27917200
v -0.38618000 1.58347900 -0.27798300
v -0.41510574 1.59597865 -0.22502146
v -0.42714630 1.64335517 -0.14096586
v -0.37628033 1.73708245 0.05504285
v -0.35641194 1.75458137 0.06848159
v -0.31990686 1.76626351 0.14226731
v -0.30173810 1.76528673 0.17921555
v -0.26558446 1.78497683 0.19229206
v -0.27211790 1.77185113 0.20944231
v -0.22978391 1.78648937 0.23037571
v -0.15244271 1.78698706 0.28714456
v 0.18239400 1.79653700 0.25382500
v 0.18887900 1.79394300 0.25368100
v 0.27462307 1.77891108 0.19262394
v 0.28093612 1.77748240 0.18634707
v 0.41312678 1.55561663 -0.25813596
v 0.41402277 1.52081566 -0.27283843
v 0.37400861 1.51036077 -0.33014352
v 0.35679473 1.48381006 -0.35444980
v 0.30133898 1.40673404 -0.41150375
v 0.25869767 1.27686687 -0.41866421
v 0.19505200 1.23047800 -0.43476500
v 0.19746500 1.23071000 -0.43425000
v 0.19501600 1.22640600 -0.43345300
v 0.19427700 1.22323200 -0.43122900
v 0.18842597 1.22170655 -0.43418015
v -0.06053772 1.21881525 -0.46755443
v -0.23686875 1.42788062 -0.45105409
v -0.27997107 1.52134103 -0.40980028
v -0.33052137 1.58184404 -0.34541912
v -0.37421585 1.59430816 -0.28926574
v -0.37419764 1.60986392 -0.27907732
v -0.39071500 1.58033400 -0.27554900
v -0.38793300 1.58356600 -0.27855600
v -0.39000500 1.58201500 -0.27478100
v -0.38935300 1.58339200 -0.27547700
v -0.44322887 1.65192768 -0.03577450
v -0.24734901 1.78616902 0.21265909
v -0.21303754 1.80322972 0.21544120
v -0.03419840 1.82012552 0.27497515
v -0.01081399 1.81630946 0.28318779
v -0.01935043 1.83840777 0.24475148
v 0.05568200 1.82862100 0.25704300
v 0.07009401 1.83515360 0.24190813
v 0.18266900 1.79843600 0.25078200
v 0.18256100 1.79713900 0.25272400
v 0.18488738 1.79665775 0.25212462
v 0.18603800 1.79684200 0.25066600
v 0.18517600 1.79758100 0.25081900
v 0.25365098 1.78130451 0.21499387
v 0.45239268 1.63380336 -0.05348502
v 0.46117036 1.57880612 -0.13460093
v 0.45214108 1.58527766 -0.15421189
v 0.44235671 1.57365303 -0.19040124
v 0.39957089 1.55724051 -0.27682319
v 0.38485542 1.55221244 -0.30071726
v 0.36745945 1.51869464 -0.33450263
v 0.33970762 1.47523805 -0.37298288
v 0.32305096 1.44819243 -0.39192543
v 0.28842464 1.35922630 -0.41712106
v 0.20017903 1.25010809 -0.44029953
v 0.19263900 1.22710900 -0.43491000
v 0.19490000 1.22722500 -0.43286700
v 0.07961103 1.18202012 -0.44590393
v 0.03744950 1.21822100 -0.46989157
v -0.09515476 1.22883012 -0.46555784
v -0.23148692 1.44573044 -0.45274818
v -0.34202450 1.56166250 -0.34366150
v -0.41276350 1.59426750 -0.23065850
v -0.39010700 1.62060600 -0.24622600
v -0.43995456 1.65458209 -0.05220615
v -0.31232838 1.77657673 0.13079079
v -0.13454647 1.81704273 0.24828356
v 0.09482943 1.82418817 0.25325814
v 0.18552400 1.79741400 0.25076100
v 0.18885700 1.79767500 0.24768100
v 0.18689683 1.79980057 0.24568724
v 0.22217389 1.79439129 0.22525277
v 0.31215730 1.77740320 0.13080189
v 0.36104999 1.75198991 0.06689296
v 0.42093500 1.68866400 0.01850800
v 0.44964720 1.64248738 -0.02768249
v 0.45525196 1.62793907 -0.05501943
v 0.10435286 1.18294554 -0.44189302
v -0.13936516 1.24817355 -0.46177331
v -0.21107977 1.34338375 -0.45887056
v -0.20139322 1.36965558 -0.46636239
v -0.21271369 1.41429266 -0.46289741
v -0.40361845 1.61025296 -0.23288017
v -0.42007027 1.60925233 -0.20327373
v -0.44790364 1.62470338 -0.10322124
v -0.44510434 1.64072911 -0.07364573
v -0.41570050 1.69364859 -0.03513075
v -0.33645430 1.76489572 0.10251069
v -0.20210681 1.79488766 0.24136262
v -0.14953253 1.80221508 0.26542625
v 0.05915812 1.84767888 0.21797850
v 0.11295877 1.83063075 0.23440562
v 0.14190462 1.80945868 0.25715398
v 0.15274400 1.81883810 0.23415984
v 0.17636294 1.80650909 0.24145852
v 0.20724302 1.78903630 0.24783957
v 0.34315385 1.76473692 0.08533753
v 0.39896604 1.71701751 0.01296606
v 0.42077600 1.68860600 0.01579900
v 0.42211975 1.68711700 0.01472275
v 0.42105800 1.68854100 0.01548000
v 0.42045700 1.68928000 0.01219800
v 0.46329242 1.58607714 -0.11499727
v 0.34346683 1.51799683 -0.35898669
v 0.24923302 1.29041849 -0.42853227
v 0.21394776 1.27324197 -0.44217308
v 0.08623092 1.21290196 -0.46092028
v -0.02791473 1.21976947 -0.47074858
v -0.09310468 1.24063662 -0.47084184
v -0.15727928 1.27970993 -0.46661578
v -0.17840668 1.26776622 -0.45495875
v -0.24130037 1.44770867 -0.44719639
v -0.40868415 1.61050031 -0.22348669
v -0.43418136 1.64073516 -0.12195449
v -0.31781250 1.78022928 0.10467583
v -0.30850085 1.77434842 0.14557226
v -0.23636541 1.79883520 0.19916282
v -0.07047968 1.83281389 0.24592002
v -0.04138350 1.83598744 0.24647314
v 0.25050216 1.78824764 0.20540044
v 0.42067673 1.68873895 0.02991208
v 0.42119600 1.68837400 0.01275500
v 0.42090600 1.68911300 0.01261800
v 0.44899669 1.62912604 -0.08861795
v 0.45075042 1.60818214 -0.12560274
v 0.44356866 1.58161207 -0.18055730
v 0.43669631 1.58064215 -0.19663867
v 0.43105210 1.56343525 -0.22062226
v 0.41907708 1.53316268 -0.26056858
v 0.35629339 1.50050767 -0.35090161
v 0.28529631 1.37941045 -0.42129342
v 0.27238174 1.35756564 -0.42729728
v 0.21652858 1.24900199 -0.43192554
v 0.00028874 1.23696283 -0.47955997
v -0.19063590 1.30504312 -0.46086947
v -0.25417081 1.46554172 -0.43812940
v -0.26061200 1.46909900 -0.43344600
v -0.25965600 1.47167800 -0.43390300
v -0.25974625 1.47359125 -0.43335400
v -0.29845066 1.53012113 -0.39385061
v -0.35289093 1.59365830 -0.31635482
v -0.39978700 1.61140400 -0.23842200
v -0.41563202 1.62974189 -0.18898438
v -0.33479830 1.75755118 0.13139565
v -0.08150325 1.82808800 0.25067350
v -0.07753700 1.82675900 0.25381100
v 0.20082351 1.80395560 0.22762086
v 0.28831512 1.78220934 0.16295474
v 0.37628428 1.74035628 0.04179563
v 0.41346690 1.69858036 -0.02244948
v 0.43134261 1.67409260 -0.01038631
v 0.33588517 1.48530646 -0.37451965
v 0.31034056 1.48393270 -0.39722421
v 0.23277703 1.27969425 -0.43454747
v 0.17561900 1.22743500 -0.44183700
v -0.25697500 1.47197600 -0.43537400
v -0.25961300 1.47167800 -0.43368500
v -0.26061200 1.47190300 -0.43349700
v -0.26025700 1.47561300 -0.43245400
v -0.26290191 1.50245085 -0.42555676
v -0.31451150 1.53446289 -0.37989904
v -0.31276910 1.57664574 -0.36365738
v -0.39543861 1.62537086 -0.23311930
v -0.42775013 1.65897362 -0.10318137
v -0.39650589 1.71855509 -0.02192072
v -0.37996156 1.73679784 0.01439852
v -0.31953464 1.78343195 0.08735530
v -0.29566657 1.78041114 0.15570120
v -0.28512654 1.78573506 0.16089038
v -0.27944485 1.78447681 0.17272410
v -0.15697836 1.79856291 0.26720099
v -0.11751172 1.82254528 0.24670830
v -0.08064500 1.82762100 0.25087600
v -0.07997100 1.82809900 0.25088400
v -0.07738400 1.82910600 0.25110800
v 0.12617051 1.83202758 0.22545075
v 0.25559322 1.78914001 0.19643951
v 0.33573596 1.77586614 0.06491001
v 0.41568933 1.69602306 0.00045225
v 0.43873979 1.64990358 -0.07787812
v 0.29315570 1.44367870 -0.41531722
v 0.29158079 1.42663477 -0.41797374
v 0.24087684 1.28594954 -0.43219052
v 0.19825850 1.25366400 -0.44243100
v 0.20098600 1.25793200 -0.44280000
v 0.20070400 1.25536000 -0.44118500
v 0.17956800 1.23359400 -0.44273500
v 0.17956800 1.23357900 -0.44272800
v 0.17671300 1.23009400 -0.44305400
v 0.17678600 1.23028200 -0.44258300
v 0.17261900 1.22984000 -0.44449600
v 0.16233014 1.21508889 -0.44152951
v 0.11528248 1.19233695 -0.44477034
v 0.08197543 1.22977331 -0.46941865
v -0.04643800 1.23357900 -0.47494200
v -0.04346800 1.22963800 -0.47363800
v -0.04619200 1.23051400 -0.47360900
v -0.10608231 1.25320169 -0.47238750
v -0.14179245 1.26435381 -0.46660299
v -0.18317800 1.27366200 -0.45543700
v -0.18284325 1.27382725 -0.45503125
v -0.18243200 1.27371300 -0.45464700
v -0.17852852 1.28193958 -0.45924362
v -0.19341259 1.33548442 -0.46599482
v -0.18927760 1.42510389 -0.47297376
v -0.25846000 1.47797500 -0.43361300
v -0.26093051 1.49597740 -0.42839665
v -0.28100547 1.56499586 -0.39379391
v -0.38834822 1.62075667 -0.24952047
v -0.38908351 1.62519395 -0.24366853
v -0.40925884 1.70140193 -0.04188265
v -0.36322909 1.75378704 0.02178439
v -0.33796379 1.77293371 0.06276005
v -0.12142097 1.82324012 0.24376880
v -0.09691285 1.82536586 0.24979863
v -0.08322400 1.82816400 0.24993500
v -0.08156500 1.82766400 0.25087600
v 0.08327072 1.82678180 0.25318739
v 0.14541242 1.82210163 0.23298454
v 0.24077579 1.80303529 0.18567836
v 0.30578546 1.78615515 0.11910658
v 0.32035129 1.77735169 0.10920149
v 0.31985041 1.78577099 0.07940462
v 0.45710700 1.60808900 -0.09969744
v 0.44475111 1.61432357 -0.13573230
v 0.42584000 1.57724000 -0.21982300
v 0.42415900 1.57403800 -0.22526400
v 0.41424700 1.56226400 -0.25163100
v 0.41518900 1.55847400 -0.25250800
v 0.41448800 1.56326125 -0.25043900
v 0.39021373 1.54987779 -0.29393480
v 0.32933600 1.49674100 -0.37772000
v 0.20113800 1.25778700 -0.44271300
v 0.20120400 1.25892400 -0.44313400
v 0.19784900 1.25809100 -0.44418400
v 0.19706126 1.23078893 -0.43432407
v 0.17951700 1.23424600 -0.44306100
v 0.17609350 1.23015900 -0.44298500
v 0.17681500 1.23037700 -0.44332200
v 0.10696034 1.19718130 -0.44914990
v -0.02000240 1.24603072 -0.48206891
v -0.04659000 1.23037700 -0.47292800
v -0.04652500 1.22996400 -0.47435500
v -0.12638695 1.25571159 -0.46844968
v -0.18294600 1.27701000 -0.45575600
v -0.18296800 1.27318400 -0.45472700
v -0.18008636 1.39945231 -0.47647093
v -0.21598776 1.46207058 -0.45824226
v -0.25153420 1.54607368 -0.42060472
v -0.35077637 1.61410413 -0.30469875
v -0.40869200 1.62062000 -0.21362800
v -0.41187300 1.62078000 -0.20733800
v -0.40895000 1.62297412 -0.21080900
v -0.38955802 1.72317067 -0.05426275
v -0.37060917 1.74722152 0.00237768
v -0.35023979 1.76488775 0.03937727
v 0.03494382 1.83738687 0.24503485
v 0.28936334 1.78617386 0.15124102
v 0.37415262 1.74478217 0.01897158
v 0.38417843 1.73422025 -0.00321801
v 0.43634322 1.61755796 -0.15660074
v 0.42457200 1.57703700 -0.22261200
v 0.42402900 1.57728400 -0.22284400
v 0.42218150 1.58190650 -0.22292750
v 0.42486900 1.57832700 -0.22311200
v 0.42263172 1.58554802 -0.21944194
v 0.41356263 1.57037170 -0.24717424
v 0.41447900 1.56159700 -0.25071100
v 0.41527600 1.56199600 -0.25071800
v 0.33847331 1.50271562 -0.36822319
v 0.32752400 1.49703100 -0.37858900
v 0.32686500 1.49373400 -0.38072000
v 0.29852051 1.48734784 -0.40525265
v 0.29232816 1.48514806 -0.41028705
v 0.28179040 1.46820754 -0.42001142
v 0.25171119 1.34704830 -0.43879655
v 0.18307287 1.24084397 -0.44431266
v 0.10386057 1.23628976 -0.46804260
v -0.02882723 1.24397956 -0.48106049
v -0.33287198 1.60650324 -0.32868078
v -0.40754700 1.62412000 -0.21351200
v -0.40796700 1.62396800 -0.21002700
v -0.40809800 1.62385900 -0.21038900
v -0.18546635 1.79544551 0.25319458
v -0.02422996 1.84794278 0.22489021
v 0.05860569 1.83560863 0.24327938
v 0.09029603 1.83749849 0.23057011
v 0.18464831 1.80842432 0.23274136
v 0.22542739 1.81128592 0.18616254
v 0.34585718 1.77078236 0.03711350
v 0.36840110 1.75065130 0.02249830
v 0.42659308 1.67911495 -0.03186488
v 0.42354400 1.58037800 -0.22325700
v 0.41368200 1.56485700 -0.25078300
v 0.32508200 1.50293600 -0.38006000
v 0.32501700 1.49951600 -0.38087200
v 0.32311150 1.49899475 -0.38303300
v 0.32540800 1.49984200 -0.38113300
v 0.32602400 1.49674100 -0.38079900
v 0.32304600 1.49732100 -0.38360300
v 0.27852804 1.48259785 -0.41991974
v 0.21363000 1.28311800 -0.44522000
v 0.21020300 1.27977000 -0.44629300
v 0.21115200 1.27656000 -0.44411200
v 0.06596002 1.24117871 -0.47607420
v -0.14420958 1.27234494 -0.46845871
v -0.18095479 1.32302641 -0.46875862
v -0.25148655 1.48582374 -0.43671398
v -0.27717643 1.57118045 -0.39391757
v -0.31188889 1.60410369 -0.34981513
v -0.39010700 1.62240300 -0.24458800
v -0.40900300 1.62363400 -0.21049800
v -0.40857606 1.62783628 -0.20658649
v -0.42662599 1.66770385 -0.08158811
v -0.41969361 1.68074569 -0.07486719
v -0.23639616 1.80500266 0.18564766
v -0.17647600 1.80199300 0.24768100
v -0.17648700 1.80280800 0.24619200
v -0.00367131 1.85388765 0.21353580
v 0.32879200 1.77590900 0.09276900
v 0.32732900 1.77556100 0.09588500
v 0.39876027 1.71763121 -0.00951819
v 0.42768428 1.60045912 -0.19774713
v 0.32238700 1.50615300 -0.38160400
v 0.32385800 1.50318300 -0.38053800
v 0.32472700 1.49998000 -0.38024100
v 0.25152500 1.32988100 -0.43614200
v 0.25077800 1.32985200 -0.43637300
v 0.25121700 1.32824000 -0.43576150
v 0.21261500 1.28316100 -0.44677800
v 0.21023200 1.28070500 -0.44579300
v 0.20947800 1.27970500 -0.44564100
v 0.20952425 1.27868425 -0.44584438
v 0.10927259 1.23016643 -0.46431799
v 0.03824592 1.24048248 -0.47910223
v 0.03184104 1.24926672 -0.48268684
v -0.04141905 1.24757205 -0.48094788
v -0.18540018 1.38501778 -0.47396202
v -0.22824566 1.47292682 -0.45102192
v -0.23620210 1.48760373 -0.44456522
v -0.28756141 1.58189932 -0.38138376
v -0.40001006 1.64431221 -0.20344919
v -0.41056666 1.66947184 -0.14004396
v -0.37637051 1.73931622 -0.04077105
v -0.36734251 1.75062555 0.00170246
v -0.32978298 1.78397837 0.02854034
v -0.32164508 1.78637531 0.06344425
v -0.29460770 1.79128725 0.12676402
v -0.17649800 1.80362300 0.24470300
v -0.17647600 1.80325400 0.24537000
v -0.11622164 1.83488430 0.22494984
v 0.32842300 1.77527800 0.09253700
v 0.40960329 1.56551224 -0.25792412
v 0.39212939 1.56711267 -0.28204256
v 0.31904445 1.51652233 -0.38166615
v 0.27246150 1.32220270 -0.42194130
v 0.25104600 1.32975100 -0.43626500
v 0.24768400 1.32955500 -0.43836600
v 0.21052900 1.28311800 -0.44677800
v 0.15789731 1.23669061 -0.45241548
v 0.01570628 1.27520526 -0.49134095
v -0.12989512 1.28682478 -0.47723706
v -0.18117180 1.44002501 -0.47503342
v -0.22086703 1.45418623 -0.45692398
v -0.20801750 1.48963948 -0.45803772
v -0.23470912 1.49738589 -0.44349297
v -0.33696931 1.60946401 -0.32291657
v -0.36226730 1.61690768 -0.28872510
v -0.37751187 1.64527711 -0.24171022
v -0.39627300 1.63906800 -0.21633800
v -0.39956800 1.63549550 -0.21462600
v -0.40028000 1.63628500 -0.21313500
v -0.42440600 1.66627225 -0.09769175
v -0.42600200 1.66350000 -0.09989300
v -0.41432735 1.68804030 -0.07431186
v -0.36857302 1.74955086 -0.00182177
v -0.35137886 1.76589561 0.00786700
v -0.15329700 1.81254300 0.24455100
v -0.15172500 1.81254300 0.24559400
v -0.13345491 1.82765625 0.22953596
v 0.01761131 1.84229476 0.23745362
v 0.04002800 1.84720250 0.22421650
v 0.07936605 1.84309233 0.22341861
v 0.18097020 1.82596046 0.19840486
v 0.30525055 1.78898804 0.11023749
v 0.34217740 1.77552125 0.00715760
v 0.24166724 1.33313267 -0.44240579
v -0.15225918 1.30447526 -0.47524759
v -0.17611095 1.48263207 -0.47266992
v -0.26672666 1.55924275 -0.40550529
v -0.35594437 1.66800300 -0.24757888
v -0.39056708 1.64149460 -0.22389230
v -0.39952600 1.63938600 -0.21083100
v -0.39601900 1.64231300 -0.21286000
v -0.39637400 1.64115400 -0.21395400
v -0.39770700 1.63916200 -0.21362800
v -0.39929400 1.63894400 -0.21083100
v -0.39783400 1.64004900 -0.21239250
v -0.42270500 1.66702100 -0.10216800
v -0.42416100 1.66593400 -0.09907400
v -0.42419700 1.66719500 -0.09576300
v -0.42405300 1.66689100 -0.09602300
v -0.35208442 1.76532825 -0.01364647
v -0.27974263 1.79349854 0.14889953
v -0.24404577 1.81051230 0.16082330
v -0.15792700 1.81257900 0.24145000
v -0.17478507 1.81274551 0.22960331
v -0.07449550 1.83830925 0.23398124
v 0.03423500 1.84659700 0.22645900
v 0.03720600 1.84631500 0.22631400
v 0.03724200 1.84628600 0.22564000
v 0.05265300 1.84660500 0.22294400
v 0.16770804 1.81359698 0.23415359
v 0.24287649 1.80570273 0.17588699
v 0.26160300 1.79981250 0.16100150
v 0.33673805 1.77724205 0.04920988
v 0.41894583 1.68822402 -0.04405325
v 0.41885521 1.68730062 -0.05274584
v 0.40335958 1.61082707 -0.23321644
v 0.27540177 1.49931071 -0.41819618
v 0.27448519 1.41888562 -0.42879745
v 0.25231558 1.36714618 -0.44091057
v 0.24500461 1.31532665 -0.43740534
v 0.14833720 1.25387823 -0.46211702
v 0.14353876 1.22584362 -0.45249065
v 0.03564778 1.26723011 -0.48824812
v -0.07508219 1.26722281 -0.48305796
v -0.07590155 1.28565854 -0.48873679
v -0.18632783 1.46596938 -0.47039307
v -0.24683167 1.53337061 -0.42733018
v -0.41041181 1.64969493 -0.17452934
v -0.41157656 1.67406229 -0.12702831
v -0.42416800 1.66720200 -0.09897200
v -0.42441500 1.66686200 -0.09552400
v -0.42385000 1.66831100 -0.09303800
v -0.33665260 1.77917684 0.00575200
v -0.31662900 1.78777000 0.07740100
v -0.31524500 1.78741500 0.08072700
v -0.31567200 1.78671200 0.08361800
v -0.31579500 1.78643000 0.08669000
v -0.27579214 1.80767454 0.11515582
v -0.06372795 1.85690371 0.19756948
v 0.03715500 1.84806100 0.22291600
v 0.03701000 1.84585800 0.22538600
v 0.04398572 1.84694815 0.22418762
v 0.09765895 1.84282792 0.21581978
v 0.13681603 1.84263434 0.19542465
v 0.23538909 1.81291994 0.16866812
v 0.27103258 1.80456293 0.13463101
v 0.30754742 1.79102156 0.09417153
v 0.34415652 1.77250325 -0.02344347
v 0.36196788 1.75629371 -0.01296262
v 0.38961425 1.72673814 -0.03055198
v 0.44193977 1.64066846 -0.08984334
v 0.44473000 1.63577100 -0.08959700
v 0.44533850 1.63267125 -0.09491850
v 0.44571500 1.63280700 -0.09264700
v 0.44525900 1.63208300 -0.09571900
v 0.43830985 1.63974178 -0.11055430
v 0.38630937 1.60018520 -0.26903377
v 0.37467701 1.53398103 -0.32054402
v 0.30933435 1.51966395 -0.38893885
v 0.29925874 1.51475887 -0.39828140
v 0.22630859 1.29803005 -0.44336766
v 0.18164904 1.26123953 -0.45224730
v -0.04008798 1.26370613 -0.48642277
v -0.17237109 1.37762418 -0.47868559
v -0.15019578 1.39218982 -0.48710499
v -0.19369476 1.48831795 -0.46436528
v -0.28662578 1.61906147 -0.36171123
v -0.30765180 1.63110315 -0.33590854
v -0.36690345 1.66828949 -0.23195441
v -0.39942850 1.66667309 -0.17238477
v -0.42211774 1.66902169 -0.09984912
v -0.40325075 1.70089644 -0.08063625
v -0.31513950 1.78834438 0.07975313
v -0.31513600 1.78744400 0.08039400
v -0.31640400 1.78819700 0.08029900
v -0.31491900 1.78777000 0.08359600
v -0.29955684 1.79500644 0.10274291
v -0.20256552 1.81155391 0.20858012
v -0.12344066 1.83302261 0.22424893
v -0.06651100 1.84156428 0.22971816
v -0.04440762 1.86029233 0.19467970
v 0.02675790 1.85000646 0.22050474
v 0.14972844 1.84022693 0.19224093
v 0.26243568 1.80665291 0.14314201
v 0.39780517 1.71532377 -0.04542033
v 0.44554100 1.63297400 -0.09282800
v 0.44566500 1.63318400 -0.09316900
v 0.44466500 1.63298800 -0.09866100
v 0.42799115 1.64527994 -0.13481137
v 0.41402674 1.60813780 -0.21616001
v 0.38731453 1.59067588 -0.27417875
v 0.34568665 1.56191212 -0.34002753
v 0.25948028 1.45096687 -0.43616017
v 0.12782710 1.23006044 -0.45898419
v 0.09220268 1.26323464 -0.47949690
v 0.04909573 1.26410340 -0.48622269
v -0.10424249 1.27558059 -0.48048646
v -0.14988446 1.32862524 -0.48114428
v -0.18188010 1.36062560 -0.47374455
v -0.24491976 1.56928945 -0.41552436
v -0.35761023 1.64387545 -0.27060952
v -0.38547785 1.65888271 -0.21095256
v -0.41670133 1.67975426 -0.09143565
v -0.40223600 1.70135100 -0.08382900
v -0.40287400 1.70213400 -0.08025000
v -0.31261400 1.79024800 0.08050200
v -0.19962689 1.82131388 0.19002772
v -0.17685527 1.82616109 0.20089860
v -0.15961961 1.82375200 0.21912290
v 0.04590110 1.85644009 0.20294121
v 0.06192225 1.84976750 0.21376425
v 0.09800037 1.84840375 0.20376046
v 0.31836747 1.79111817 0.05433764
v 0.43347700 1.65432000 -0.08753200
v 0.43456625 1.65320012 -0.08849187
v 0.43652100 1.65061000 -0.08632200
v 0.42525012 1.61909899 -0.18269250
v 0.35692372 1.56682049 -0.32500509
v 0.16654830 1.26551747 -0.45946042
v 0.11233945 1.23668249 -0.46606233
v 0.08668600 1.25214300 -0.47668800
v 0.08359200 1.25215000 -0.47722450
v 0.08049800 1.25215700 -0.47776100
v -0.09433982 1.28500810 -0.48522359
v -0.11373445 1.30043959 -0.48510217
v -0.16079733 1.34285055 -0.47938466
v -0.14871219 1.34281393 -0.48359790
v -0.15349963 1.43883748 -0.48518225
v -0.20616674 1.53734631 -0.44780505
v -0.25153294 1.58340987 -0.40539840
v -0.27864700 1.59271700 -0.38278500
v -0.37143275 1.64294950 -0.25269250
v -0.40414900 1.69768500 -0.08645200
v -0.40245300 1.70166300 -0.08374900
v -0.40261300 1.70075700 -0.08367000
v -0.40170000 1.70061900 -0.08724200
v -0.37040268 1.74719429 -0.02490478
v -0.30793777 1.79855815 0.05159392
v -0.07534575 1.86063130 0.18527650
v 0.20615506 1.82326022 0.17826871
v 0.35461262 1.76095951 -0.04776685
v 0.43325300 1.65432000 -0.08975600
v 0.43411500 1.65469600 -0.08945900
v 0.38151229 1.58460042 -0.28647721
v 0.27794903 1.53809653 -0.40616500
v 0.25245519 1.48165980 -0.43651179
v 0.08359200 1.25215700 -0.47723200
v -0.08580627 1.29839637 -0.49054459
v -0.16159331 1.38301557 -0.48269595
v -0.22060583 1.51688416 -0.44651762
v -0.26403811 1.59966872 -0.38990037
v -0.27626348 1.60512411 -0.37850091
v -0.33150787 1.65576274 -0.29268260
v -0.36829872 1.68454793 -0.20869730
v -0.39690900 1.70422002 -0.09905776
v -0.40249000 1.70017000 -0.08669100
v -0.40112000 1.70108300 -0.08978500
v -0.37352804 1.73791214 -0.06865342
v -0.21053100 1.82033900 0.17957200
v -0.20761800 1.82089700 0.18262200
v 0.03815556 1.86445197 0.18534377
v 0.08259889 1.85567681 0.19383015
v 0.15823392 1.83459992 0.19854316
v 0.20506561 1.81421452 0.20146044
v 0.43134000 1.65723200 -0.09029200
v 0.43297000 1.65496400 -0.09064700
v 0.43365100 1.65400100 -0.09260400
v 0.33347822 1.54556208 -0.35867402
v 0.26530412 1.52694570 -0.41810366
v 0.25256459 1.44830006 -0.44080110
v 0.25193881 1.40991316 -0.44295054
v 0.24637424 1.38770514 -0.44575991
v 0.00778274 1.28333312 -0.49331001
v -0.15173049 1.42135538 -0.48659609
v -0.20453800 1.51506500 -0.45392200
v -0.29649923 1.63954740 -0.34010537
v -0.35230583 1.65423384 -0.26836467
v -0.39567361 1.70978254 -0.08387279
v -0.35146611 1.76318046 -0.04803205
v -0.32694846 1.78608455 -0.02786949
v -0.21021200 1.82178800 0.17644200
v -0.20980600 1.82168700 0.17600700
v -0.20704500 1.82154900 0.17963700
v -0.20760300 1.82199100 0.17991300
v -0.20469800 1.82240400 0.18318000
v -0.19391567 1.82631161 0.18428675
v -0.13015014 1.83707811 0.21230498
v 0.37425299 1.74058967 -0.05318799
v 0.41854976 1.68027140 -0.08146702
v 0.42999655 1.66041241 -0.08901449
v 0.41248593 1.63578256 -0.18973554
v 0.39725601 1.61555028 -0.23973907
v 0.24166560 1.48000715 -0.44298740
v 0.19227194 1.28039341 -0.45449347
v 0.10149931 1.25252129 -0.47433724
v 0.07184348 1.27755984 -0.48741554
v 0.02744076 1.29819787 -0.49674779
v -0.00140573 1.29128882 -0.49541963
v -0.07715130 1.29205331 -0.49035879
v -0.16366141 1.42776450 -0.48228511
v -0.13908238 1.47304901 -0.48635216
v -0.21169896 1.56173375 -0.43662529
v -0.25295239 1.59889506 -0.39690705
v -0.30020243 1.80072348 0.07492516
v -0.20743700 1.82306300 0.17647100
v -0.20698700 1.82120100 0.17972400
v -0.20434300 1.82332400 0.17957200
v -0.10715111 1.84879084 0.19847080
v -0.11693533 1.85278710 0.18311681
v 0.00519652 1.86162555 0.19511437
v 0.06033370 1.86368560 0.18232130
v 0.24540320 1.81511635 0.14689717
v 0.30735068 1.79930590 0.05349939
v 0.31171655 1.79789595 0.03878755
v 0.33737920 1.77929388 -0.00633162
v 0.34231626 1.77315658 -0.03102350
v 0.42570858 1.66138232 -0.10604556
v 0.42810909 1.63253161 -0.15682724
v 0.41974484 1.65112347 -0.15004686
v 0.30811945 1.54339216 -0.38203210
v 0.27147466 1.53699533 -0.41086735
v 0.23395061 1.43715310 -0.45188161
v 0.23975104 1.36709974 -0.44792336
v 0.20105503 1.30299433 -0.45658368
v 0.12230600 1.25686700 -0.47028300
v -0.09371511 1.32685230 -0.49493784
v -0.13654744 1.36565846 -0.48993242
v -0.16295260 1.47346104 -0.47841138
v -0.15778078 1.50076996 -0.47603068
v -0.17925962 1.50145719 -0.46755594
v -0.21605676 1.57728915 -0.42845797
v -0.32101575 1.64878335 -0.30965272
v -0.35532185 1.68183575 -0.23302889
v -0.37724544 1.70237692 -0.16074434
v -0.39901533 1.68852618 -0.13274684
v -0.39724538 1.69936671 -0.11214635
v -0.38051766 1.72419372 -0.09540859
v -0.30978735 1.79994365 0.01710620
v -0.22890353 1.81725556 0.16555946
v -0.19187633 1.83586450 0.16253595
v -0.03844480 1.86146901 0.19297487
v -0.03531214 1.86866844 0.17448270
v -0.01756658 1.86018127 0.19828965
v 0.07129600 1.85895800 0.19057100
v 0.17527221 1.83446600 0.18302090
v 0.27792397 1.80617750 0.11401467
v 0.31320719 1.79810439 0.02488852
v 0.32316492 1.79076271 -0.01590361
v 0.39953597 1.70936121 -0.06506328
v 0.38263391 1.63049636 -0.24895454
v 0.29283751 1.56052209 -0.38717677
v 0.25278976 1.42173138 -0.44226613
v -0.02315610 1.27850990 -0.49178202
v -0.04366948 1.30539898 -0.49722129
v -0.15184100 1.42560300 -0.48633900
v -0.15267400 1.42802300 -0.48629600
v -0.15196925 1.43010825 -0.48610400
v -0.12750043 1.44973700 -0.49253792
v -0.17675019 1.51744870 -0.46476798
v -0.21082863 1.53844546 -0.44521837
v -0.20954406 1.59257938 -0.42518579
v -0.26609700 1.60777400 -0.38390800
v -0.28969071 1.64513940 -0.34184916
v -0.32216400 1.65463100 -0.30315500
v -0.32191800 1.65446400 -0.30292300
v -0.32230000 1.65600525 -0.30188487
v -0.36332726 1.74892773 -0.06298003
v -0.34655732 1.76685668 -0.05067740
v -0.27032393 1.82210250 0.06021108
v -0.28312051 1.80889137 0.09331914
v -0.24560549 1.81836035 0.13631327
v -0.08710545 1.86569029 0.16512850
v 0.06754875 1.85500575 0.20059900
v 0.05140675 1.86455950 0.18192700
v 0.07635000 1.85888250 0.18878150
v 0.07452800 1.85888600 0.18913600
v 0.07345600 1.85953100 0.18893300
v 0.07739700 1.85847300 0.18886100
v 0.09090472 1.86215309 0.17328683
v 0.17383442 1.83934285 0.17146264
v 0.20641722 1.83291034 0.15257914
v 0.23279894 1.82323902 0.14304249
v 0.41267149 1.68538339 -0.09256364
v 0.15707040 1.27498570 -0.46581478
v 0.14484703 1.26892171 -0.46805944
v 0.13352972 1.27365431 -0.47260871
v -0.13303791 1.42241171 -0.49214743
v -0.15171000 1.42862500 -0.48625200
v -0.15193500 1.43161700 -0.48593400
v -0.15165200 1.43207400 -0.48587600
v -0.19348515 1.51236995 -0.45943020
v -0.26298200 1.61172200 -0.38414700
v -0.26443850 1.61518600 -0.38085000
v -0.26309800 1.61104900 -0.38436400
v -0.26227354 1.62841785 -0.37441886
v -0.32123700 1.65213900 -0.30623400
v -0.32220800 1.65536300 -0.30331400
v -0.35371029 1.66987177 -0.25009783
v -0.36328255 1.69262391 -0.20656090
v -0.37522427 1.71495695 -0.13905677
v -0.32908318 1.78331150 -0.03936279
v -0.30994954 1.79958120 -0.01507317
v -0.29094496 1.81020709 0.04996398
v -0.21713276 1.82734644 0.15373786
v -0.17396384 1.83536940 0.18222969
v -0.16220611 1.84024204 0.18060706
v 0.07737500 1.85974800 0.18578200
v 0.07530300 1.85929200 0.18870200
v 0.07538872 1.86373074 0.17669534
v 0.11550731 1.85916352 0.16678774
v 0.15526100 1.84543160 0.17459050
v 0.16099000 1.84238800 0.17647100
v 0.16097600 1.84525700 0.16847200
v 0.32813810 1.78690037 -0.00484831
v 0.41241118 1.66824871 -0.13892266
v 0.40982656 1.65783324 -0.16383027
v 0.36310307 1.57935385 -0.31168072
v 0.33845574 1.55981353 -0.34782416
v 0.30969004 1.56914208 -0.37009129
v 0.25294352 1.53359237 -0.42390976
v 0.24092150 1.48288662 -0.44284662
v 0.24412000 1.48075700 -0.44141600
v 0.24112000 1.48166300 -0.44323500
v 0.04966936 1.29756080 -0.49518589
v -0.12605450 1.33073766 -0.48788301
v -0.13258690 1.34160762 -0.48800257
v -0.14868900 1.43473300 -0.48690500
v -0.15190600 1.43193600 -0.48541900
v -0.19988378 1.54996451 -0.44619001
v -0.22875469 1.62599285 -0.39701399
v -0.25846800 1.61130900 -0.38694400
v -0.26354700 1.61162100 -0.38466800
v -0.28927358 1.67698269 -0.31709010
v -0.38936589 1.70755870 -0.11494364
v -0.28224532 1.81804285 0.00953893
v -0.29064107 1.81207424 0.03176481
v -0.28081265 1.81682987 0.04793758
v -0.22605194 1.82894572 0.13643751
v -0.05765041 1.86368934 0.18174787
v 0.00210833 1.87056842 0.17102113
v 0.05495852 1.87326915 0.15553519
v 0.15738900 1.84232200 0.17660100
v 0.16086000 1.84369200 0.17313800
v 0.16070000 1.84377200 0.17403600
v 0.15937359 1.84615328 0.16768986
v 0.28484644 1.80701760 0.09115481
v 0.29852492 1.80759299 0.03078124
v 0.31708666 1.79578773 0.00819532
v 0.40319735 1.65402039 -0.18409406
v 0.24148900 1.48435800 -0.44217000
v 0.24086600 1.48084400 -0.44252500
v 0.24168500 1.48113400 -0.44290900
v 0.24105500 1.47852600 -0.44327900
v 0.22482485 1.33997702 -0.45265223
v 0.21912587 1.33584929 -0.45478210
v 0.21446835 1.31363392 -0.45324243
v 0.10738309 1.29464605 -0.48569417
v -0.08728717 1.32948708 -0.49649010
v -0.12171430 1.35896131 -0.49338063
v -0.12735470 1.36824622 -0.49256459
v -0.20621337 1.60181023 -0.42251607
v -0.29952035 1.64248513 -0.33618532
v -0.35736484 1.74162130 -0.11718519
v -0.10357360 1.85549336 0.18506476
v 0.15789600 1.84460500 0.17337700
v 0.16060600 1.84283000 0.17242800
v 0.26899026 1.80979090 0.12260499
v 0.27481742 1.81839812 0.06646980
v 0.36745540 1.74205499 -0.08198663
v 0.40735941 1.69343377 -0.08984946
v 0.34807627 1.60593702 -0.31260459
v 0.28411689 1.55694571 -0.39529649
v 0.25470064 1.58071633 -0.40582985
v 0.23845300 1.49054600 -0.44275700
v 0.24046100 1.48451100 -0.44330000
v 0.23489872 1.49245894 -0.44447846
v 0.22186756 1.37942139 -0.45843572
v 0.01285867 1.31595334 -0.50125556
v -0.07326762 1.31927620 -0.49693808
v -0.11332453 1.45996706 -0.49502592
v -0.16171152 1.50988641 -0.47237893
v -0.18924907 1.55473603 -0.44948892
v -0.21409946 1.62230763 -0.40744800
v -0.24958148 1.65399261 -0.36615822
v -0.32930376 1.67033317 -0.28080575
v -0.36411475 1.69011325 -0.20710300
v -0.36578300 1.68833100 -0.20662800
v -0.36865200 1.68683100 -0.20428100
v -0.30396079 1.80086672 -0.04980328
v -0.30341200 1.80423900 -0.00309800
v -0.29722500 1.80836900 -0.00000400
v -0.30031900 1.80634100 -0.00004000
v -0.22291300 1.83021500 0.13622900
v -0.21617286 1.82935377 0.14916184
v 0.04589772 1.87122559 0.16400194
v 0.06464563 1.87479042 0.14689438
v 0.11440070 1.86265831 0.15774759
v 0.15583991 1.85265216 0.15254005
v 0.35861919 1.75389494 -0.06724489
v 0.40267600 1.65138500 -0.18846300
v 0.40285000 1.64862500 -0.19207200
v 0.36255986 1.60333276 -0.29720350
v 0.20434100 1.36980500 -0.46572600
v 0.17524265 1.30681447 -0.46829209
v -0.10639279 1.35020360 -0.49565131
v -0.36036062 1.69283842 -0.21114266
v -0.36505800 1.68870000 -0.20659900
v -0.36555100 1.68852600 -0.20730200
v -0.36510200 1.69095400 -0.20378800
v -0.30021700 1.80634800 -0.00616300
v -0.30007900 1.80577500 -0.00329400
v -0.29964500 1.80526800 -0.00352500
v -0.30026800 1.80602200 -0.00234400
v -0.30069500 1.80599300 -0.00314900
v -0.22997871 1.83220098 0.11873955
v -0.02557077 1.87225107 0.16535903
v 0.07608192 1.87465283 0.14204224
v 0.23248112 1.83441961 0.10438803
v 0.25263493 1.82092629 0.11374204
v 0.29767055 1.80860568 -0.00206489
v 0.30622878 1.80280783 -0.01937773
v 0.31685868 1.79373557 -0.03826999
v 0.40248000 1.70077900 -0.08059700
v 0.40499500 1.69798200 -0.08359700
v 0.40264000 1.70133700 -0.08304700
v 0.40260400 1.70061900 -0.08689400
v 0.40331200 1.69962500 -0.08594850
v 0.40335700 1.69827200 -0.08981400
v 0.39885909 1.69798311 -0.10924040
v 0.41158250 1.66816288 -0.14097752
v 0.40698000 1.65774000 -0.17028400
v 0.40538600 1.65769600 -0.17366100
v 0.40558200 1.65490700 -0.17747900
v 0.40025225 1.65279600 -0.19278575
v 0.40200900 1.65134200 -0.18872400
v 0.40261800 1.65145800 -0.18903600
v 0.40188600 1.64908100 -0.19239100
v 0.40127000 1.65257300 -0.19206500
v 0.38772160 1.63887024 -0.23197723
v 0.32753517 1.58838247 -0.34485500
v 0.28420791 1.58319751 -0.38342522
v 0.20620603 1.37833331 -0.46577156
v 0.17663450 1.31966085 -0.47078113
v -0.02779110 1.32453194 -0.50222670
v -0.02718839 1.33308466 -0.50390396
v -0.25067917 1.62532743 -0.38397828
v -0.26461276 1.66385313 -0.34696058
v -0.31792486 1.69208883 -0.27090218
v -0.31657979 1.69931014 -0.26488702
v -0.37469106 1.69651071 -0.17684822
v -0.37240116 1.72669938 -0.11657135
v -0.32725472 1.78277484 -0.05373602
v -0.25283438 1.83189067 0.06237536
v -0.24792426 1.82360280 0.11481138
v -0.07898338 1.86928269 0.15664950
v -0.01190761 1.88052076 0.14121124
v 0.03912116 1.86640221 0.18003327
v 0.22575368 1.83515245 0.11406551
v 0.27865977 1.81756219 0.05535473
v 0.32896314 1.77902356 -0.07124731
v 0.40256000 1.70102500 -0.08305400
v 0.40214000 1.70051100 -0.08425700
v 0.40274900 1.70087300 -0.08676400
v 0.39634580 1.70707396 -0.09039282
v 0.40535000 1.66062300 -0.16973300
v 0.40605300 1.65830500 -0.17296500
v 0.40575925 1.65998575 -0.16924425
v 0.40557400 1.65749300 -0.17311000
v 0.40047300 1.65463800 -0.18886200
v 0.38081600 1.64571200 -0.23537200
v 0.36591811 1.62091315 -0.27994938
v 0.22955728 1.51458625 -0.44258268
v -0.04322621 1.34310435 -0.50415579
v -0.10467696 1.37205572 -0.49823110
v -0.14603006 1.50112142 -0.47938422
v -0.15388335 1.55996365 -0.46037251
v -0.25064159 1.65766418 -0.36203023
v -0.35084613 1.67907150 -0.24251325
v -0.33267175 1.71234944 -0.22398975
v -0.36144437 1.71008766 -0.17947732
v -0.32406372 1.78568800 -0.05046241
v -0.26935800 1.82306300 0.05572900
v -0.14998002 1.86045019 0.13385406
v -0.06989443 1.87757775 0.13364036
v 0.00410279 1.87952109 0.14483256
v 0.03399568 1.88054951 0.13783169
v 0.22127878 1.83121846 0.13653108
v 0.30506845 1.79729608 -0.07300401
v 0.34613122 1.76271007 -0.08275504
v 0.40423400 1.66392700 -0.16719000
v 0.40484300 1.66053600 -0.16921900
v 0.38022900 1.64776900 -0.23190800
v 0.38175800 1.64900850 -0.22998450
v 0.38080100 1.64811000 -0.23213300
v 0.37891800 1.64845100 -0.23529900
v 0.35478671 1.62013952 -0.29427250
v 0.22796651 1.53576143 -0.43714806
v 0.21506236 1.44121780 -0.46082329
v 0.14499902 1.29043767 -0.47413425
v 0.08960345 1.30302094 -0.49140391
v 0.04472758 1.31904076 -0.50012502
v -0.07647961 1.35196318 -0.50144420
v -0.09416690 1.40933813 -0.50151283
v -0.14555200 1.52449200 -0.47363800
v -0.14358785 1.54586124 -0.46820126
v -0.23600548 1.66346751 -0.36773126
v -0.27552783 1.68344465 -0.32342343
v -0.28622664 1.68813636 -0.30898504
v -0.32756469 1.69611454 -0.25502434
v -0.32787059 1.77136973 -0.10830908
v -0.29144315 1.81201027 -0.01731416
v -0.26935800 1.82340400 0.05263500
v -0.26653900 1.82425200 0.05228000
v -0.26622100 1.82531700 0.05545400
v -0.26590200 1.82410700 0.05900400
v -0.20160937 1.84042765 0.13577026
v -0.19217723 1.84465548 0.13618555
v -0.15949658 1.84509401 0.17057511
v 0.16443406 1.85348802 0.14124649
v 0.28486887 1.81609879 0.02858264
v 0.30271242 1.80287674 -0.04761621
v 0.39486392 1.68189235 -0.15929201
v 0.37967800 1.64894300 -0.23195900
v 0.37853400 1.65161000 -0.23240100
v 0.37434876 1.65867494 -0.23104068
v 0.35685432 1.67393549 -0.24093567
v 0.30932272 1.60246658 -0.35356767
v 0.21265404 1.45615896 -0.46047670
v 0.07739700 1.31097700 -0.49471500
v 0.07771600 1.31434600 -0.49488200
v 0.07485400 1.31402800 -0.49577300
v -0.11419839 1.49487857 -0.48886051
v -0.14529100 1.52448500 -0.47384800
v -0.14211700 1.52770200 -0.47416700
v -0.14242100 1.53323800 -0.47211600
v -0.14104500 1.52618025 -0.47454000
v -0.19914984 1.61671993 -0.41828763
v -0.25785955 1.83100380 0.04425632
v -0.26640200 1.82549800 0.04960700
v -0.26755000 1.82373700 0.05877250
v -0.26640200 1.82489700 0.05522900
v -0.26623500 1.82554100 0.05578700
v -0.26556100 1.82492600 0.05882300
v -0.11649641 1.86641676 0.14319917
v 0.15033613 1.86087737 0.13106432
v 0.28181952 1.81849331 0.01787614
v 0.30806067 1.79526883 -0.07004867
v 0.36756558 1.63550309 -0.26558540
v 0.29252000 1.58007300 -0.37781400
v 0.29147713 1.57851263 -0.37994088
v 0.29167300 1.57729800 -0.38083600
v 0.29127400 1.57737100 -0.38182800
v 0.23226602 1.57133928 -0.42222080
v 0.22390775 1.49027340 -0.45035621
v 0.14083591 1.30482424 -0.47975277
v 0.12400072 1.30941324 -0.48514642
v 0.07992751 1.31551420 -0.49536584
v 0.07729600 1.31402800 -0.49548300
v 0.01502151 1.33100412 -0.50417582
v -0.08724425 1.46635645 -0.49937324
v -0.08531004 1.49625739 -0.49467135
v -0.12693700 1.52460800 -0.47902900
v -0.12377800 1.53083900 -0.47821000
v -0.13921900 1.52770200 -0.47466700
v -0.14233400 1.52779600 -0.47403600
v -0.14261000 1.52711500 -0.47413000
v -0.12913293 1.53551393 -0.47546202
v -0.17455747 1.56412813 -0.45142130
v -0.17610243 1.57849767 -0.44539737
v -0.15972111 1.59334681 -0.44519545
v -0.21654400 1.63885700 -0.39609500
v -0.22270008 1.66241683 -0.37659714
v -0.29793070 1.69760531 -0.28658821
v -0.31731219 1.71358486 -0.24481495
v -0.33245015 1.76930638 -0.10035903
v -0.30196965 1.79532125 -0.08965860
v -0.29165556 1.80855955 -0.05612416
v -0.25115478 1.83567785 0.03362061
v -0.24272109 1.83864682 0.05115338
v -0.26326400 1.82611400 0.05879400
v -0.17272819 1.84031792 0.17058014
v 0.02988038 1.88366413 0.12380962
v 0.13865760 1.86200778 0.13824578
v 0.18365202 1.84947600 0.13017403
v 0.20209096 1.84215623 0.13032934
v 0.25695594 1.82676408 0.07840179
v 0.28168100 1.81873100 0.01240800
v 0.27885081 1.82065573 0.00749666
v 0.36298800 1.74470900 -0.09010000
v 0.37713243 1.67956595 -0.20002297
v 0.29102800 1.58033400 -0.37930700
v 0.29054200 1.57686400 -0.38148800
v 0.28935400 1.58014600 -0.38045900
v 0.28808600 1.58074700 -0.38140800
v 0.22291200 1.53079600 -0.44111900
v 0.21954200 1.53123000 -0.44246000
v 0.21973100 1.53136100 -0.44299600
v 0.19769970 1.53373633 -0.45254456
v 0.19345714 1.34648537 -0.46809282
v 0.10885455 1.34591432 -0.49510072
v 0.07844691 1.33721513 -0.49953113
v 0.04463881 1.35099302 -0.50538036
v -0.01350896 1.32615978 -0.50324129
v -0.08825649 1.45246437 -0.50075004
v -0.11915385 1.52335270 -0.48157359
v -0.12384400 1.52150700 -0.48066600
v -0.12687900 1.52121700 -0.47996300
v -0.12380700 1.52410100 -0.48042700
v -0.12367700 1.52796300 -0.47848500
v -0.12378088 1.52653700 -0.47929225
v -0.18896941 1.59670310 -0.43270978
v -0.24946888 1.67738740 -0.34797761
v -0.27963290 1.67580137 -0.32689492
v -0.31365420 1.78354084 -0.10478887
v 0.24148903 1.83684659 0.07005833
v 0.28145600 1.81901300 0.00937900
v 0.28330850 1.81784775 0.00820350
v 0.28218800 1.81918700 0.00895900
v 0.28154300 1.81928100 0.00937200
v 0.28186200 1.81873100 0.00619100
v 0.28178200 1.81876700 0.00306100
v 0.28995782 1.81316998 -0.02470928
v 0.28422890 1.81397933 -0.05426455
v 0.35902100 1.74920100 -0.08708200
v 0.36223800 1.74523800 -0.08978500
v 0.36373800 1.74418000 -0.09041500
v 0.38782103 1.70773362 -0.11897927
v 0.37950500 1.66083300 -0.21982300
v 0.37778700 1.66059400 -0.22267000
v 0.37557000 1.66392700 -0.22291700
v 0.37759200 1.66116000 -0.22295300
v 0.37654100 1.66071700 -0.22505400
v 0.32948521 1.60847902 -0.33043849
v 0.32311447 1.61649554 -0.33168329
v 0.21961500 1.53117300 -0.44254700
v 0.22112575 1.53046625 -0.44217713
v 0.21426130 1.42661806 -0.46228837
v 0.17616212 1.34517224 -0.47491481
v 0.16444711 1.32700294 -0.47644923
v 0.06212300 1.33587300 -0.50122200
v -0.06124983 1.37159346 -0.50563674
v -0.12053200 1.52464400 -0.48022400
v -0.12346700 1.52424600 -0.48023900
v -0.12361900 1.52472400 -0.48044900
v -0.12066300 1.52768000 -0.47987600
v -0.10238681 1.53966636 -0.48082395
v -0.11759461 1.56689688 -0.46842258
v -0.27822204 1.69504557 -0.30877725
v -0.32528943 1.75599300 -0.15750334
v -0.32101196 1.76482938 -0.14449432
v -0.27902769 1.81934721 -0.02978266
v -0.25723622 1.82429064 0.08957396
v -0.14117739 1.86484572 0.12711197
v 0.20596869 1.84581529 0.10818643
v 0.22257303 1.83956451 0.10208897
v 0.28244200 1.81886100 0.00666900
v 0.29732368 1.80805521 -0.03402905
v 0.34795783 1.75988971 -0.08847539
v 0.36067300 1.74733900 -0.08919800
v 0.36173800 1.74426000 -0.09235000
v 0.36273100 1.74465100 -0.09269800
v 0.39724966 1.67585444 -0.16460114
v 0.39511653 1.65754299 -0.19691367
v 0.38585649 1.65551089 -0.21553502
v 0.37810600 1.66111600 -0.22314800
v 0.36437161 1.68055106 -0.22191819
v 0.25796610 1.58082090 -0.40356443
v 0.24160355 1.58824807 -0.40998479
v 0.12147579 1.33013711 -0.48955096
v 0.07141337 1.35234499 -0.50251564
v 0.06192000 1.33884400 -0.50165700
v 0.06202150 1.33735850 -0.50143950
v 0.06195700 1.33816300 -0.50156300
v -0.00483433 1.34986699 -0.50693361
v -0.04432942 1.35752563 -0.50584065
v -0.10492264 1.43291138 -0.49873070
v -0.06988173 1.49753007 -0.49681963
v -0.19256100 1.63945200 -0.40842700
v -0.19463400 1.63701000 -0.40861500
v -0.19182900 1.63890800 -0.40878900
v -0.19002450 1.64060012 -0.40859088
v -0.30903261 1.71859010 -0.24807889
v -0.24818489 1.83878882 0.00320473
v 0.00906348 1.88407882 0.12673125
v 0.04948862 1.86946212 0.16838375
v 0.22947928 1.84191587 0.07591492
v 0.23624294 1.84131067 0.05928126
v 0.23924568 1.84128561 0.04967901
v 0.27292398 1.82406019 -0.01091095
v 0.26305230 1.82907158 -0.03027932
v 0.36205700 1.74441200 -0.09321900
v 0.36202100 1.74411500 -0.09595800
v 0.36619147 1.73652676 -0.10558975
v 0.38442400 1.67957100 -0.18577500
v 0.35130348 1.64431946 -0.27853659
v 0.33623629 1.62058399 -0.31533881
v 0.30447221 1.58809994 -0.36552799
v 0.21270523 1.56254835 -0.43587227
v 0.20885195 1.53905651 -0.44582800
v 0.20861091 1.40542233 -0.46576252
v 0.13212529 1.33312835 -0.48713866
v 0.09907600 1.33202600 -0.49475900
v 0.09595300 1.33263400 -0.49549100
v -0.11390260 1.38454936 -0.49681026
v -0.06570273 1.52538501 -0.49121358
v -0.14054724 1.58971368 -0.45324388
v -0.18946417 1.63592045 -0.41179847
v -0.18931500 1.63886500 -0.40999900
v -0.19204000 1.63922000 -0.40903600
v -0.18867800 1.64188600 -0.40818100
v -0.28618685 1.71385205 -0.28017014
v -0.34124090 1.73012857 -0.18102090
v -0.34387200 1.74131100 -0.15171400
v -0.33915550 1.74642300 -0.14957950
v -0.34946191 1.74009467 -0.14282634
v -0.34009000 1.74440500 -0.15157600
v -0.23424124 1.84186593 0.05953751
v -0.23294754 1.83841885 0.08623195
v -0.12955147 1.86959135 0.12007858
v 0.02786600 1.88176000 0.13312700
v 0.10118097 1.87342528 0.13045604
v 0.26705155 1.82679724 0.03373536
v 0.31278850 1.78788227 -0.09157439
v 0.36145600 1.74442600 -0.09598000
v 0.37194253 1.72792053 -0.11337544
v 0.36982116 1.71553975 -0.15070407
v 0.34035889 1.64498688 -0.29118696
v 0.29739700 1.60483900 -0.36161300
v 0.18890800 1.43268200 -0.47279700
v 0.18706662 1.40220255 -0.47452175
v 0.19153464 1.38565556 -0.47246558
v 0.09861200 1.33588800 -0.49600500
v 0.09901100 1.33585200 -0.49512800
v 0.09904700 1.33591700 -0.49499800
v 0.09919200 1.33891600 -0.49583100
v -0.09273800 1.39770800 -0.50156300
v -0.09597700 1.40076500 -0.50094700
v -0.09297000 1.40068600 -0.50100500
v -0.09291200 1.40385900 -0.50156300
v -0.09295500 1.40675000 -0.50157000
v -0.09452750 1.40530450 -0.50124050
v -0.08905333 1.43522990 -0.50177054
v -0.18539665 1.62610553 -0.41936144
v -0.19862578 1.64643524 -0.40126040
v -0.23656267 1.69150946 -0.34508001
v -0.27285993 1.70829328 -0.29942189
v -0.28780688 1.72689321 -0.26180948
v -0.34031500 1.72300800 -0.19528200
v -0.34068400 1.72263900 -0.19562900
v -0.34072800 1.72453700 -0.19194900
v -0.34079300 1.74396300 -0.15158300
v -0.34057500 1.74507900 -0.15180100
v -0.31002059 1.78343206 -0.11361634
v 0.10859416 1.87515973 0.11792976
v 0.30313281 1.79265235 -0.10163412
v 0.32885295 1.77141544 -0.10646703
v 0.34789135 1.75179506 -0.11817074
v 0.36334820 1.69332102 -0.20588856
v 0.29499100 1.60770100 -0.36194600
v 0.29388300 1.60814300 -0.36204800
v 0.29254900 1.60452000 -0.36525000
v 0.27841461 1.61210746 -0.37272300
v 0.22426947 1.59231510 -0.41780455
v 0.18885700 1.43791400 -0.47246400
v 0.18516200 1.43737000 -0.47351500
v 0.18626300 1.43482000 -0.47369600
v 0.18613300 1.43200100 -0.47394900
v 0.10214100 1.33959000 -0.49530200
v 0.10062300 1.33388800 -0.49473700
v 0.10188000 1.33874200 -0.49587500
v 0.09907258 1.35171764 -0.49788140
v 0.03261793 1.36102385 -0.50724900
v -0.09241900 1.40087400 -0.50119300
v -0.09315800 1.40102600 -0.50159200
v -0.09300600 1.40297500 -0.50141000
v -0.10432905 1.52243305 -0.48505097
v -0.12879185 1.57557342 -0.46249064
v -0.14843995 1.60860661 -0.44166180
v -0.22887603 1.67306250 -0.36499007
v -0.23681907 1.70204410 -0.33553854
v -0.28195302 1.72038909 -0.27653433
v -0.30591050 1.73969150 -0.22028475
v -0.33746700 1.72389200 -0.19815100
v -0.34067700 1.72255900 -0.19500600
v -0.33004085 1.73330989 -0.19486152
v -0.33778600 1.74442600 -0.15790100
v -0.33766179 1.74363357 -0.16046118
v -0.31478250 1.77878875 -0.11450900
v -0.31515000 1.77830700 -0.11441300
v -0.31181000 1.78152400 -0.11456500
v -0.25752859 1.83159417 -0.03736895
v -0.22719965 1.84889576 -0.01377742
v -0.18636206 1.84987328 0.12637427
v -0.03450144 1.88527588 0.11694343
v 0.05112491 1.88174462 0.12673857
v 0.16341844 1.85860417 0.12358504
v 0.25158463 1.83613308 0.02633778
v 0.28885229 1.80301378 -0.10021036
v 0.35527953 1.65705040 -0.26178756
v 0.29162200 1.61105600 -0.36178700
v 0.29287725 1.60719375 -0.36369050
v 0.29424500 1.60833100 -0.36186600
v 0.19406736 1.43372322 -0.47078741
v 0.18493700 1.44209400 -0.47369600
v 0.18556000 1.43703700 -0.47380400
v 0.18593700 1.43824000 -0.47393500
v 0.18596600 1.43433400 -0.47287000
v 0.18266900 1.43172600 -0.47531900
v 0.17944409 1.41733290 -0.47743511
v 0.11405723 1.36269821 -0.49581813
v -0.01086577 1.37612841 -0.50925432
v -0.08224779 1.39031261 -0.50351773
v -0.16219529 1.62580313 -0.42807222
v -0.15624088 1.67164879 -0.40235187
v -0.31501300 1.77872700 -0.11431900
v -0.24781625 1.83848371 -0.01150467
v -0.05134324 1.88047845 0.13141048
v 0.01438615 1.88757424 0.11107144
v 0.13450608 1.87258827 0.10224759
v 0.37846882 1.69795352 -0.16704523
v 0.36769063 1.70175083 -0.18298427
v 0.29823104 1.61490634 -0.35524711
v 0.22770390 1.60332050 -0.41068583
v 0.20238057 1.58170552 -0.43325855
v 0.18241399 1.50906560 -0.46527210
v 0.18438450 1.43806400 -0.47421750
v 0.14180619 1.32921272 -0.48431423
v 0.07844499 1.39086604 -0.50433813
v -0.06436857 1.53270297 -0.48913474
v -0.32699422 1.70901629 -0.23793256
v -0.32793994 1.71866406 -0.22115856
v -0.19927444 1.85004464 0.10069684
v -0.15660800 1.86126300 0.12056400
v -0.09565195 1.87878825 0.11128212
v -0.02116695 1.88757765 0.11049483
v 0.05469655 1.88737953 0.10037550
v 0.08336058 1.88091547 0.11460668
v 0.25686524 1.83363505 0.00301689
v 0.25409237 1.83445473 -0.02417305
v 0.29302282 1.79630250 -0.11623803
v 0.34833003 1.69819077 -0.22361251
v 0.33431147 1.67170794 -0.27288925
v 0.25535498 1.61845423 -0.38536302
v 0.21431999 1.59685066 -0.42091106
v 0.14860000 1.36056600 -0.48583200
v 0.14878900 1.35542200 -0.48521600
v 0.16355938 1.36621736 -0.48179185
v 0.10049898 1.36570806 -0.49894687
v -0.04308356 1.37493719 -0.50770330
v -0.06476178 1.40507886 -0.50626860
v -0.08232299 1.56285069 -0.47685122
v -0.09649827 1.59479566 -0.46207300
v -0.19255562 1.66625429 -0.39040793
v -0.24000470 1.71887662 -0.31620865
v -0.30987868 1.76093962 -0.17500408
v -0.30951300 1.77622000 -0.13834500
v -0.30977400 1.77578900 -0.13887750
v -0.30900600 1.77704600 -0.13657700
v -0.20841840 1.85741304 0.01615427
v -0.23339100 1.84349600 0.04638200
v -0.23204300 1.84365600 0.05270100
v -0.23263700 1.84358300 0.05563500
v -0.23062825 1.84396725 0.05669675
v -0.16102100 1.86179100 0.11451300
v -0.15644875 1.86235837 0.11799250
v -0.15800000 1.86284900 0.11744100
v -0.15761600 1.86178400 0.11801300
v 0.22845129 1.84866682 -0.01030923
v 0.32434611 1.77185000 -0.11784951
v 0.36403537 1.70168789 -0.19023985
v 0.31621296 1.64824562 -0.31570683
v 0.29126919 1.63300081 -0.34926948
v 0.26761783 1.62196228 -0.37515294
v 0.18582778 1.45095605 -0.47274307
v 0.14551300 1.35742200 -0.48646300
v 0.14372925 1.35074500 -0.48573250
v 0.14682500 1.35703100 -0.48678900
v 0.14615100 1.35408900 -0.48630300
v 0.14526700 1.35185700 -0.48511500
v 0.00593136 1.38688068 -0.51008832
v -0.05879010 1.43693819 -0.50594713
v -0.31083997 1.74133452 -0.21111821
v -0.32468354 1.74598432 -0.18196788
v -0.31003500 1.77535800 -0.13941000
v -0.30907100 1.77549600 -0.13974400
v -0.28856008 1.78241096 -0.16176611
v -0.28412772 1.80881023 -0.08132818
v -0.22549834 1.84774926 0.04367117
v -0.22910800 1.84498900 0.05263500
v -0.23168800 1.84305400 0.05201200
v -0.23165200 1.84335100 0.05285300
v -0.19739295 1.85889491 0.05505630
v -0.19405351 1.85654254 0.07822936
v -0.17679272 1.85617210 0.11503212
v -0.16016600 1.86207400 0.11446300
v -0.15795600 1.86174800 0.11823000
v -0.17118507 1.86040656 0.10577362
v 0.17159533 1.86460352 0.08706378
v 0.27278933 1.81669227 -0.08398424
v 0.35163203 1.74250105 -0.13271625
v 0.24044411 1.61746738 -0.39533454
v 0.20160969 1.56142762 -0.44143737
v 0.15556838 1.39101042 -0.48586033
v 0.14514400 1.35398000 -0.48585400
v 0.14549900 1.35433500 -0.48605000
v 0.06434435 1.37657351 -0.50573752
v -0.03652153 1.47199756 -0.50520188
v -0.14243185 1.64184836 -0.42593440
v -0.17514514 1.64342699 -0.41341811
v -0.22000556 1.69093133 -0.35630005
v -0.30031900 1.74268800 -0.22291700
v -0.30655000 1.77539400 -0.14555500
v -0.30757900 1.77598900 -0.14293200
v -0.30650600 1.77655400 -0.14241700
v -0.27274222 1.81005616 -0.10844973
v -0.23436910 1.84245027 -0.05151942
v -0.07028379 1.88704041 0.08923144
v -0.00094710 1.88993026 0.10051965
v 0.18257335 1.86181020 0.07861501
v 0.21341950 1.85229863 0.05145242
v 0.22532289 1.84909053 -0.03137360
v 0.25310603 1.83209960 -0.05882466
v 0.18857078 1.50167850 -0.46439890
v 0.13607843 1.36749690 -0.49055528
v 0.10780501 1.36708821 -0.49748628
v 0.07621097 1.40833789 -0.50509149
v -0.04795001 1.55543968 -0.48414024
v -0.06645300 1.56800120 -0.47771820
v -0.10069732 1.58663747 -0.46455069
v -0.14578759 1.66993863 -0.40751532
v -0.17935420 1.67683349 -0.38908047
v -0.26987844 1.73327034 -0.27253831
v -0.27296600 1.73558700 -0.26621700
v -0.27508900 1.73812300 -0.25997100
v -0.26989524 1.74737573 -0.25344708
v -0.29722500 1.74506400 -0.22296000
v -0.30045600 1.74444100 -0.21982300
v -0.29808000 1.74442600 -0.22291700
v -0.24165926 1.83561182 -0.07251806
v -0.22559751 1.84246212 0.08326736
v 0.04032675 1.88559263 0.11328100
v 0.21375474 1.85486198 0.01509254
v 0.23205264 1.84684405 0.01272987
v 0.33865535 1.75039692 -0.14393193
v 0.34459107 1.68424515 -0.24578275
v 0.31995280 1.68095287 -0.28056583
v 0.31632418 1.65040939 -0.31407885
v 0.27291774 1.63765018 -0.36082653
v 0.27394746 1.65028705 -0.35126474
v 0.25962495 1.62914219 -0.37628871
v 0.17240209 1.61447763 -0.43097814
v 0.18120157 1.47001852 -0.47302850
v 0.12689419 1.39140337 -0.49446258
v -0.03044697 1.40156214 -0.50936175
v -0.03849367 1.53693234 -0.49092187
v -0.11874655 1.64554558 -0.43141356
v -0.13026437 1.65257084 -0.42353247
v -0.27207500 1.73790500 -0.26319500
v -0.27263300 1.73844900 -0.26280400
v -0.26547825 1.77225300 -0.21656425
v -0.29416914 1.76110635 -0.19779893
v -0.24096401 1.83229235 -0.09163081
v -0.21179100 1.84871300 0.07450300
v -0.20974100 1.84936500 0.07792300
v -0.21117500 1.84932200 0.08007500
v -0.21093262 1.84926275 0.07837025
v -0.09966713 1.88275150 0.08585672
v -0.08807689 1.88426916 0.09029704
v -0.05673642 1.88885932 0.08792290
v 0.14185683 1.87313181 0.08976465
v 0.22312535 1.85030322 -0.02449744
v 0.28620717 1.79703039 -0.12730429
v 0.36263223 1.71725131 -0.16242696
v 0.28348734 1.64688300 -0.34599902
v 0.22182324 1.63888741 -0.39329205
v 0.18225826 1.63097684 -0.41826020
v 0.17415275 1.57106766 -0.44922851
v 0.17617201 1.47578533 -0.47381158
v 0.02493243 1.37683421 -0.50892175
v -0.03352595 1.47160487 -0.50484401
v -0.05487401 1.56487062 -0.48019485
v -0.08872808 1.58105799 -0.46939913
v -0.11354101 1.60605944 -0.45309534
v -0.20100407 1.72785248 -0.33279577
v -0.23663225 1.73544527 -0.29896552
v -0.27796373 1.73368070 -0.26411787
v -0.26935800 1.73823100 -0.26635400
v -0.26889400 1.73760100 -0.26632500
v -0.27314000 1.73856500 -0.26318100
v -0.26983600 1.74069500 -0.26347000
v -0.30705536 1.78219703 -0.12534043
v -0.27668860 1.79719173 -0.14340446
v -0.20393649 1.85869919 0.02416025
v -0.21364600 1.84944500 0.07114100
v -0.21053100 1.85023500 0.07430700
v -0.21090000 1.85004600 0.07769800
v -0.21039300 1.84932900 0.07743700
v 0.02890350 1.89102950 0.08982725
v 0.07165452 1.88788248 0.08901727
v 0.23515470 1.84259088 -0.04649144
v 0.24132747 1.83898556 -0.05264203
v 0.30175367 1.78570802 -0.12932688
v 0.30357265 1.78135900 -0.13734851
v 0.24162954 1.63317389 -0.38559388
v 0.16446081 1.51568667 -0.47042316
v 0.05254344 1.39507157 -0.50765107
v 0.01100593 1.40770798 -0.51056703
v -0.02579624 1.44528179 -0.50817930
v -0.12310655 1.66641678 -0.41716384
v -0.20518216 1.71268734 -0.34521511
v -0.26935800 1.73830400 -0.26626000
v -0.28776599 1.74227547 -0.24024467
v -0.16312156 1.86501380 0.09573172
v -0.12234151 1.87390980 0.10850170
v -0.09387064 1.88268218 0.09318234
v -0.03599131 1.89132595 0.08433379
v 0.00156732 1.89318936 0.08332866
v 0.08953509 1.88558150 0.08326579
v 0.10402398 1.88444145 0.07292265
v 0.22629955 1.84232024 -0.08485301
v 0.25573747 1.82116982 -0.10737877
v 0.32282373 1.76278573 -0.14660130
v 0.29856168 1.66567625 -0.31829605
v 0.19913924 1.64097457 -0.40413831
v 0.16083863 1.59696533 -0.44407674
v 0.15126965 1.54434314 -0.46645047
v 0.13321501 1.50940417 -0.48140742
v -0.03909109 1.50770896 -0.49779315
v -0.03938524 1.57836239 -0.47730303
v -0.07056945 1.59428538 -0.46706321
v -0.10379319 1.62382974 -0.44770316
v -0.13562428 1.67430319 -0.40812666
v -0.18054244 1.69596511 -0.37293732
v -0.18800249 1.69939082 -0.36650218
v -0.20434300 1.71153800 -0.34675900
v -0.30549433 1.76841227 -0.16631182
v -0.28192934 1.78588501 -0.16433284
v -0.25473857 1.82431629 -0.09496283
v -0.08410505 1.88750663 0.07283011
v -0.06556360 1.89018784 0.07349579
v -0.00914000 1.89241388 0.08611401
v 0.07816075 1.88983679 0.06618272
v 0.19511065 1.86182869 0.03602923
v 0.26275861 1.80936373 -0.13317247
v 0.21935591 1.61172107 -0.41062659
v 0.15807050 1.53947112 -0.46581060
v 0.16397821 1.48125925 -0.47756186
v -0.03543069 1.41939260 -0.50900985
v -0.03775100 1.50508100 -0.49839600
v -0.02070257 1.52652688 -0.49478222
v -0.10079207 1.63386939 -0.44339718
v -0.13741818 1.68555475 -0.39928409
v -0.20115675 1.71266725 -0.34746350
v -0.20140800 1.71307500 -0.34657800
v -0.20180000 1.71309600 -0.34650600
v -0.20434300 1.71478500 -0.34366500
v -0.30426982 1.76054988 -0.18469351
v -0.26008300 1.81258600 -0.12696200
v -0.26090200 1.81241200 -0.12386900
v -0.26438750 1.81167700 -0.11953950
v -0.26316300 1.81332500 -0.11765200
v -0.23238076 1.84240936 -0.05947469
v -0.20434300 1.85904500 0.00308300
v -0.16367821 1.86862949 0.07442108
v 0.04037200 1.89402000 0.06437300
v 0.21217278 1.85062089 -0.07166300
v 0.24466347 1.82382367 -0.12060674
v 0.33796563 1.73501064 -0.17932591
v 0.33514344 1.70422624 -0.23422654
v 0.15130830 1.40949206 -0.48765309
v -0.02197635 1.48350274 -0.50386218
v -0.03104900 1.50598700 -0.49888200
v -0.03412100 1.50641400 -0.49834500
v -0.03390300 1.50645800 -0.49812800
v -0.07755313 1.62609021 -0.45170252
v -0.19521300 1.71358200 -0.34994700
v -0.19804600 1.71320500 -0.34764300
v -0.20062600 1.71367600 -0.34756300
v -0.19797087 1.70200720 -0.35942517
v -0.26339060 1.80713055 -0.13912464
v -0.25998200 1.81431100 -0.12086200
v -0.26306100 1.81334700 -0.12121700
v -0.26346377 1.81328744 -0.11778644
v -0.21409096 1.85282067 -0.04132034
v -0.18865034 1.86423229 -0.03454948
v -0.20434300 1.85902400 0.00619100
v -0.20463000 1.85885538 0.00818275
v -0.20444400 1.85941500 0.00688600
v -0.20743700 1.85764700 0.00928500
v -0.20282308 1.85981765 -0.00025650
v 0.00611429 1.89571123 0.06077920
v 0.12852918 1.87958488 0.06983321
v 0.18744099 1.86202768 0.06131239
v 0.34618994 1.71540945 -0.20057366
v 0.31058529 1.71297473 -0.25481249
v 0.30014657 1.67816143 -0.30543936
v 0.14788278 1.62117938 -0.43659564
v -0.01075055 1.45131148 -0.50820110
v -0.03419300 1.50645000 -0.49881600
v -0.03112850 1.50710450 -0.49849575
v -0.03140400 1.50952300 -0.49804800
v -0.05497654 1.62242439 -0.45637604
v -0.19814800 1.71515400 -0.34675900
v -0.23965087 1.74257416 -0.28721717
v -0.25201282 1.75863737 -0.25454990
v -0.26445365 1.79597878 -0.16805033
v -0.20419100 1.85936400 0.00940100
v -0.20470500 1.85855300 0.00950900
v -0.20394400 1.85909600 0.00945900
v -0.20124200 1.86019000 0.01238600
v -0.08304721 1.88928785 0.06092401
v -0.03855342 1.89424977 0.06221955
v 0.02697413 1.89534639 0.05981291
v 0.04488950 1.89126700 0.08204550
v 0.19118343 1.86381178 -0.01729278
v 0.24049130 1.82164308 -0.13492615
v 0.26462475 1.80053390 -0.15598892
v 0.26040028 1.79238736 -0.18501939
v 0.26694795 1.66184234 -0.34718546
v 0.23889828 1.65702187 -0.37155533
v 0.14596563 1.55440748 -0.46477407
v 0.15245300 1.50259323 -0.47730119
v 0.15059954 1.43884054 -0.48658909
v 0.11727556 1.41682323 -0.49659315
v 0.06520071 1.42634865 -0.50609379
v -0.02154826 1.59043525 -0.47388124
v -0.08469478 1.64456473 -0.44059414
v -0.14657241 1.70934244 -0.37690225
v -0.16547577 1.73232201 -0.34758358
v -0.18354426 1.73741796 -0.33267748
v -0.16277784 1.87367095 0.04058763
v -0.14801558 1.87634246 0.05843829
v -0.10893147 1.88507315 0.05835714
v 0.05033122 1.89473760 0.05193357
v 0.13516700 1.88055738 0.04738747
v 0.16049871 1.87032413 0.07542427
v 0.15529537 1.87538493 0.04098538
v 0.25543290 1.82416046 -0.09757504
v 0.25658895 1.81258517 -0.13453207
v 0.30663177 1.77238378 -0.15501347
v 0.32298856 1.74988966 -0.17803812
v 0.32443194 1.69411971 -0.26095599
v 0.30619923 1.69221218 -0.28554313
v 0.19512604 1.66441594 -0.39034400
v 0.16398093 1.62581446 -0.42779783
v 0.13108000 1.44312300 -0.49144800
v 0.14644937 1.44070192 -0.48755813
v -0.00382548 1.45622666 -0.50784143
v -0.02161757 1.51142184 -0.49805261
v 0.00110448 1.54013860 -0.49133385
v -0.01067194 1.57354969 -0.48013341
v -0.23705954 1.75262111 -0.27624191
v -0.24171431 1.80484037 -0.18011737
v -0.23472910 1.82444254 -0.13403843
v -0.05548754 1.89355401 0.05521789
v 0.03484891 1.89359134 0.07102210
v 0.05584023 1.89506279 0.04226656
v 0.24104863 1.83306241 -0.09129342
v 0.23529175 1.81906658 -0.15152364
v 0.28456758 1.78781888 -0.15656509
v 0.31429708 1.72042292 -0.24028385
v 0.24852626 1.66789218 -0.35643520
v 0.17729891 1.64474122 -0.41139778
v 0.13003000 1.44720300 -0.49143300
v 0.12682000 1.44670300 -0.49177400
v 0.12726900 1.44986200 -0.49198400
v 0.12662400 1.44711600 -0.49221600
v 0.12693600 1.44404400 -0.49248400
v 0.03276972 1.48437089 -0.50330351
v -0.07086250 1.62807625 -0.45162674
v -0.07021665 1.66922850 -0.42721459
v -0.10272878 1.67694988 -0.41556679
v -0.14482733 1.72332454 -0.36535363
v -0.20878654 1.73759820 -0.31716543
v -0.20259142 1.75271856 -0.30276410
v -0.26087824 1.76282227 -0.23907625
v -0.21476200 1.84968400 -0.06194000
v -0.21363200 1.85059000 -0.05882400
v -0.21392000 1.84989975 -0.06206838
v -0.20330067 1.85324467 -0.07258310
v -0.19882582 1.85909402 -0.04426466
v -0.07685325 1.89156098 0.04982489
v 0.21149864 1.84568303 -0.10087369
v 0.28543510 1.77719604 -0.18042794
v 0.28605599 1.66997365 -0.32483500
v 0.24129059 1.66811839 -0.36108102
v 0.12595700 1.45010800 -0.49267200
v 0.12740700 1.44659400 -0.49296900
v 0.11057610 1.42430142 -0.49799982
v 0.04651379 1.43603761 -0.50742101
v -0.03307943 1.59786052 -0.46996477
v -0.10420996 1.70027913 -0.39779768
v -0.23176801 1.76461229 -0.26381440
v -0.24882992 1.79722110 -0.18904013
v -0.22947070 1.81775353 -0.16378252
v -0.23071196 1.83398870 -0.10749563
v -0.23039468 1.83732234 -0.09283635
v -0.21672600 1.84835100 -0.06501900
v -0.21353000 1.85001000 -0.06528700
v -0.21390000 1.84961200 -0.06169400
v -0.18232667 1.86751442 -0.01823285
v -0.17148263 1.87156474 0.00510040
v -0.03873207 1.89632464 0.04530399
v 0.01595718 1.89608179 0.05503564
v 0.01672825 1.89814662 0.02250350
v 0.15109977 1.87548090 0.05254944
v 0.17940175 1.86902382 0.01972223
v 0.27982173 1.69863717 -0.30411481
v 0.13299474 1.47609188 -0.48786617
v 0.12384200 1.44720300 -0.49311400
v 0.12505900 1.45339800 -0.49227400
v -0.00224364 1.49238992 -0.50252225
v 0.00579832 1.54956058 -0.48812582
v -0.03058823 1.61326477 -0.46296894
v -0.16305996 1.72376890 -0.35695748
v -0.21332700 1.85013300 -0.06490300
v -0.21330600 1.84911200 -0.06462100
v -0.19077476 1.85886899 -0.07020026
v -0.16300756 1.87474806 -0.00450646
v -0.16148955 1.87471536 0.02300337
v -0.06364278 1.89433606 0.03746283
v 0.17830450 1.86798757 -0.03002399
v 0.19402109 1.86158281 -0.03761445
v 0.32399867 1.74498568 -0.18646870
v 0.31317464 1.74706732 -0.19912821
v 0.22605042 1.68779262 -0.35511116
v 0.20223645 1.67166538 -0.38153314
v 0.11651671 1.56758760 -0.46847252
v 0.11737650 1.46702963 -0.49302919
v 0.01178571 1.43249128 -0.51008878
v -0.05345751 1.62652416 -0.45470363
v -0.06374267 1.64078399 -0.44588370
v -0.09026529 1.69658177 -0.40440454
v -0.24363081 1.76954835 -0.24568378
v -0.26211951 1.78728690 -0.19217585
v -0.22129754 1.84064184 -0.09727948
v 0.03814400 1.89473112 0.05894975
v 0.06134178 1.89583277 0.01293450
v 0.09264261 1.89026821 0.04152495
v 0.18209562 1.86428890 -0.05617421
v 0.22690152 1.83113544 -0.12626983
v 0.11742200 1.57151600 -0.46620400
v 0.11703100 1.56796600 -0.46809500
v 0.08708800 1.42724476 -0.50295477
v -0.00111774 1.59419688 -0.47234251
v -0.00922983 1.61192389 -0.46475851
v -0.12751128 1.71831176 -0.37570300
v -0.12664214 1.72714726 -0.36830079
v -0.12659913 1.88411096 0.02662703
v -0.14364011 1.87924196 0.03670353
v 0.07392909 1.89427971 0.01746368
v 0.23796739 1.81318411 -0.16432230
v 0.28138400 1.78085925 -0.17718375
v 0.28446300 1.71194630 -0.28467895
v 0.11534300 1.57160300 -0.46651500
v 0.11471900 1.57148000 -0.46712400
v 0.11479200 1.57081300 -0.46691400
v 0.11610700 1.57116450 -0.46655900
v 0.10345747 1.45041256 -0.49795173
v 0.04135535 1.46510297 -0.50559859
v 0.01110542 1.52629379 -0.49520224
v -0.16428900 1.73034800 -0.34985300
v -0.24179438 1.78846575 -0.21442863
v -0.20046850 1.84984150 -0.09675175
v -0.20434300 1.84893800 -0.09287900
v -0.02764648 1.89847204 0.02360394
v 0.16182141 1.87471179 0.01798087
v 0.17035075 1.86727852 -0.06778631
v 0.16845267 1.86588911 -0.08206691
v 0.22166141 1.83801328 -0.11138644
v 0.27519292 1.78414915 -0.18186396
v 0.27593511 1.73592323 -0.26298506
v 0.26717876 1.70395567 -0.30975946
v 0.12412258 1.49418955 -0.48711628
v 0.09190598 1.45858988 -0.49918639
v 0.05331023 1.46511487 -0.50436972
v 0.04584463 1.47779211 -0.50319441
v 0.01756709 1.50438952 -0.49972639
v 0.02142457 1.60160889 -0.46880295
v -0.04859006 1.64082008 -0.44772340
v -0.07575289 1.68758888 -0.41374474
v -0.16103375 1.73225550 -0.35009950
v -0.16129600 1.73202200 -0.35031700
v -0.16074600 1.73280400 -0.35046200
v -0.14393900 1.74749649 -0.34176647
v -0.24886413 1.77562380 -0.23082791
v -0.22817986 1.81748539 -0.16562457
v -0.19766919 1.84043103 -0.14003902
v -0.20144400 1.84912600 -0.09629900
v -0.20099500 1.84967700 -0.09596600
v -0.20124200 1.85031400 -0.09287900
v -0.08500395 1.89236876 0.01108087
v -0.00413630 1.89946108 0.01100700
v 0.10223848 1.88936500 0.02556215
v 0.21034479 1.83228835 -0.14839787
v 0.22657282 1.81525594 -0.17532366
v 0.28707796 1.76970855 -0.19396020
v 0.16734838 1.64177246 -0.41706505
v 0.15481830 1.59599151 -0.44651382
v 0.10332475 1.58400816 -0.46550429
v 0.11354831 1.54760161 -0.47574998
v 0.08940167 1.47882027 -0.49736859
v 0.02668678 1.56144491 -0.48376416
v -0.01456608 1.62870992 -0.45610371
v -0.03436231 1.65378083 -0.44157494
v -0.05551236 1.65486312 -0.43889430
v -0.15789800 1.73204400 -0.35132400
v -0.16086900 1.73266700 -0.35024400
v -0.15780400 1.73384800 -0.34976600
v -0.20343824 1.76232914 -0.28975277
v -0.20137900 1.84911200 -0.09575500
v -0.16033295 1.87222011 -0.05010643
v -0.14546976 1.87922012 0.02460246
v -0.04315192 1.89788467 0.00045660
v -0.00236206 1.89902249 0.02343891
v 0.02468548 1.89876051 0.00013105
v 0.18057914 1.86207598 -0.07922736
v 0.17354927 1.85759588 -0.11511621
v 0.24130274 1.69422371 -0.33876342
v 0.18894400 1.67678800 -0.38421900
v 0.11609508 1.57857183 -0.46436106
v -0.08856650 1.72751764 -0.37921020
v -0.11242811 1.72946051 -0.37042349
v -0.22501707 1.77257594 -0.25736959
v -0.21901421 1.81564569 -0.18276551
v -0.20808200 1.83173380 -0.15377028
v -0.16028687 1.86538383 -0.09920316
v -0.13439278 1.88152565 -0.04044048
v 0.19585290 1.84483213 -0.13039378
v 0.23509161 1.80679128 -0.18512244
v 0.25085174 1.78759530 -0.20762619
v 0.26770107 1.74998416 -0.25208039
v 0.00981879 1.61008851 -0.46539611
v -0.05651500 1.69959715 -0.40859532
v -0.10828483 1.74571356 -0.35594338
v -0.15193358 1.74991700 -0.33546788
v -0.19153705 1.85255788 -0.10169822
v -0.18384348 1.85497275 -0.10458539
v -0.11483629 1.88720734 0.02158063
v 0.02591300 1.89742550 0.03416300
v 0.08582867 1.89231197 0.01892435
v 0.14402820 1.88033028 -0.00816543
v 0.16866735 1.86233398 -0.10126790
v 0.19281234 1.84136615 -0.14502800
v 0.23043670 1.80240023 -0.20104034
v 0.28901309 1.75404683 -0.21913586
v 0.18597300 1.68289600 -0.38091500
v 0.10571158 1.52084465 -0.48545392
v 0.05041328 1.56072158 -0.48243441
v 0.03992919 1.57437942 -0.47837281
v -0.00195521 1.65148866 -0.44443552
v -0.07114209 1.72550380 -0.38493576
v -0.19691674 1.78406998 -0.26346588
v -0.22325840 1.81025847 -0.19130464
v -0.20446834 1.82266998 -0.18164336
v -0.18940200 1.85179300 -0.10864500
v -0.18722150 1.85327800 -0.10581800
v -0.18888100 1.85296600 -0.10511700
v -0.18847500 1.85348800 -0.10142900
v 0.01597600 1.89836800 0.02228300
v 0.19548063 1.83274828 -0.16776286
v 0.25581840 1.77918014 -0.21771671
v 0.23589028 1.71430549 -0.32387315
v 0.18889300 1.68544700 -0.37745200
v 0.18543700 1.68525100 -0.37838600
v 0.13156292 1.61473672 -0.44442310
v 0.03914801 1.50834724 -0.49776031
v -0.25706250 1.77854075 -0.21464031
v -0.18572900 1.85273400 -0.11094200
v -0.18760500 1.85294500 -0.10871800
v -0.18954700 1.85237200 -0.10597200
v -0.18871400 1.85240800 -0.10458800
v -0.18755795 1.86267315 -0.05185440
v 0.10834910 1.88883576 0.01031390
v 0.12403090 1.88565969 -0.00594723
v 0.16342177 1.87154939 -0.04826608
v 0.12998345 1.87510182 -0.09757801
v 0.21594253 1.81528520 -0.18782366
v 0.25085713 1.77563573 -0.22978583
v 0.26202196 1.75227781 -0.25517645
v 0.26954244 1.73086530 -0.27575239
v 0.24784120 1.71400788 -0.31496052
v 0.19820464 1.68927792 -0.36984936
v 0.18234300 1.68861300 -0.37745900
v 0.18284300 1.68859900 -0.37718400
v 0.10475507 1.59649672 -0.45973884
v 0.06547431 1.46787132 -0.50256336
v 0.05328846 1.52534540 -0.49242654
v 0.03483138 1.62544145 -0.45647284
v 0.00581326 1.66084157 -0.43872513
v -0.06131269 1.71295906 -0.39672856
v -0.16783446 1.75787811 -0.31822915
v -0.19970796 1.84380894 -0.12454183
v -0.18576500 1.85332900 -0.10836300
v -0.13808545 1.87953454 -0.04999313
v -0.14499230 1.87914641 -0.02464913
v -0.04380986 1.89750011 -0.01738745
v 0.16415409 1.84838831 -0.15838520
v 0.18381400 1.69179400 -0.37462600
v 0.18264000 1.68857000 -0.37816200
v 0.18241188 1.68885675 -0.37766650
v 0.17956800 1.69052600 -0.37772000
v 0.17279142 1.68068612 -0.38888014
v 0.08708117 1.49809264 -0.49444156
v 0.01649279 1.63215339 -0.45438241
v -0.06535700 1.71248800 -0.39566700
v -0.06550900 1.71314000 -0.39592100
v -0.05395360 1.72541124 -0.38799995
v -0.19096169 1.78984063 -0.25898990
v -0.22665410 1.79086760 -0.22564472
v -0.18482518 1.83525542 -0.17155487
v -0.18090415 1.84767200 -0.13999483
v -0.14438344 1.87505401 -0.07040185
v -0.12674675 1.88459565 0.00234940
v -0.07060443 1.89455276 -0.01527032
v -0.01567366 1.89956464 -0.01078712
v 0.00909200 1.89920100 0.00304600
v 0.13407439 1.88248976 -0.01979766
v 0.20166261 1.82902008 -0.17141992
v 0.29069219 1.73590509 -0.24548559
v 0.07472333 1.55894730 -0.47987512
v 0.06464710 1.58261975 -0.47259126
v -0.01273143 1.68305639 -0.42374534
v -0.06182800 1.70984300 -0.39923200
v -0.06237900 1.71371900 -0.39676900
v -0.06161100 1.71393000 -0.39671100
v -0.06172700 1.71656700 -0.39378300
v -0.08199969 1.74701496 -0.36120774
v -0.10089390 1.75295094 -0.35044754
v -0.21986300 1.80053700 -0.21371500
v -0.15792757 1.86028751 -0.12590468
v -0.10201159 1.88962884 -0.01156234
v 0.05160032 1.89684829 -0.01068862
v 0.14083020 1.87840152 -0.05208124
v 0.14900414 1.86063870 -0.13621788
v 0.16490746 1.85286833 -0.14318340
v 0.25827386 1.73317684 -0.28388429
v 0.20069229 1.71959872 -0.34187611
v 0.12603312 1.67082796 -0.41346429
v 0.07454788 1.52059829 -0.49145107
v 0.04945169 1.53779699 -0.48965532
v 0.05391093 1.61571283 -0.45938096
v 0.05070796 1.64602521 -0.44440418
v -0.05839400 1.71340100 -0.39688500
v -0.06257400 1.71341500 -0.39589900
v -0.05853100 1.71629900 -0.39373300
v -0.11575067 1.75557507 -0.34247845
v -0.16621651 1.76694881 -0.30779787
v -0.19608725 1.78909099 -0.25594577
v -0.15607230 1.86466075 -0.10804441
v -0.12698997 1.88419572 -0.01166907
v 0.14140452 1.86954030 -0.10793541
v 0.21313796 1.81297595 -0.19609326
v 0.24334329 1.72431255 -0.30778234
v 0.19416693 1.72071175 -0.34498968
v 0.10078944 1.63695694 -0.44084562
v 0.07699885 1.57970524 -0.47176979
v -0.00635563 1.67497678 -0.42975486
v -0.20211910 1.79714317 -0.23707060
v -0.19271900 1.80942900 -0.22214150
v -0.14567854 1.86902664 -0.10262306
v -0.11393678 1.88684342 -0.03307440
v -0.03645788 1.89562994 -0.04331006
v -0.01050063 1.89884038 -0.01906037
v 0.01442000 1.89887650 -0.01301375
v 0.03726964 1.89755168 -0.02456958
v 0.10390384 1.88977903 -0.01572897
v 0.12066077 1.87205210 -0.12187594
v 0.19575361 1.81902271 -0.20001840
v 0.21491249 1.72107139 -0.33044284
v 0.09337218 1.60603506 -0.45772884
v 0.09946756 1.55731712 -0.47601076
v -0.04457450 1.70119281 -0.40840813
v -0.04307600 1.70153200 -0.40786200
v -0.04640900 1.70071400 -0.40868100
v -0.05342857 1.71700717 -0.39467708
v -0.17029609 1.82517290 -0.20898216
v -0.17336800 1.83400400 -0.18576100
v 0.10005453 1.88401461 -0.08530344
v 0.16645171 1.84345933 -0.16900233
v 0.19646922 1.80460923 -0.22948755
v 0.23851871 1.75212595 -0.27628989
v -0.04036600 1.70052500 -0.40916600
v -0.04331500 1.70081500 -0.40874600
v -0.04419900 1.70202500 -0.40808600
v -0.04332300 1.70439400 -0.40610800
v -0.06241599 1.73545133 -0.37731424
v -0.14151775 1.76668295 -0.32024336
v -0.17948058 1.83057092 -0.18648680
v -0.15325350 1.85591900 -0.14542800
v -0.08178904 1.89235998 -0.02922930
v -0.02641286 1.89713376 -0.03783079
v -0.01020914 1.89866750 -0.02481101
v 0.11946358 1.88417168 -0.04729670
v 0.22780748 1.78877442 -0.23003718
v 0.10484827 1.66885474 -0.41990115
v 0.12524695 1.66286581 -0.41900616
v 0.06363189 1.59505554 -0.46725718
v -0.02688974 1.69718528 -0.41309293
v -0.02081389 1.71269953 -0.40114594
v -0.16718700 1.77642300 -0.29412700
v -0.16308950 1.77820950 -0.29411950
v -0.19510650 1.80869550 -0.22141325
v -0.18515825 1.81889375 -0.20891250
v -0.16496602 1.83231251 -0.19775731
v -0.17032450 1.83691000 -0.18138800
v -0.17042575 1.84470825 -0.16020000
v -0.10790837 1.88450409 -0.07077309
v -0.09123794 1.89130845 -0.02064189
v 0.01467795 1.89755054 -0.03909621
v 0.11662247 1.87483734 -0.11384976
v 0.24029994 1.77643770 -0.23869588
v 0.13481322 1.67998540 -0.40445810
v 0.10161900 1.68250500 -0.41124500
v 0.10147400 1.68009200 -0.41289700
v 0.11573771 1.64103163 -0.43491664
v 0.01774028 1.69542353 -0.41472752
v -0.11398818 1.76648011 -0.33051407
v -0.16409300 1.77776400 -0.29412700
v -0.16208600 1.77865500 -0.29411200
v -0.19225457 1.80277325 -0.23583838
v -0.18397264 1.81444005 -0.21954883
v -0.15232362 1.84979351 -0.16432664
v -0.12234657 1.87537413 -0.10350630
v -0.01488870 1.89583530 -0.06014282
v 0.06322604 1.89461322 -0.03215997
v 0.07536984 1.89364672 -0.02156851
v 0.12302263 1.88545059 -0.01803898
v 0.10812854 1.87936558 -0.10211488
v 0.14046958 1.86367095 -0.13398263
v 0.15947674 1.84249496 -0.17793854
v 0.21010100 1.72873200 -0.32494300
v 0.20758000 1.72801500 -0.32851500
v 0.17349696 1.70097376 -0.37188472
v 0.15593083 1.70934855 -0.37264887
v 0.12384181 1.68008142 -0.40813879
v 0.09921400 1.68244700 -0.41211500
v 0.09943100 1.68278100 -0.41110800
v 0.09802537 1.68042262 -0.41344425
v 0.09938000 1.68269400 -0.41231100
v 0.08348553 1.69499229 -0.40688247
v 0.01165591 1.70405797 -0.40886197
v -0.09494561 1.77851197 -0.32223189
v -0.11085832 1.77003105 -0.32732756
v -0.17472002 1.78357032 -0.28007824
v -0.17726683 1.81271809 -0.22899849
v 0.13997046 1.85064078 -0.17401704
v 0.21324600 1.72895000 -0.32307300
v 0.21099200 1.72934800 -0.32498600
v 0.21039100 1.72914500 -0.32497900
v 0.11270009 1.69845539 -0.39693003
v 0.05658455 1.66290945 -0.43332090
v -0.02506129 1.76935622 -0.34601701
v -0.12689715 1.77332897 -0.31796624
v -0.14120668 1.85742373 -0.15287398
v -0.14335800 1.86057625 -0.14070575
v -0.09132655 1.89059825 -0.03623614
v 0.21065589 1.77289204 -0.27029841
v 0.21034950 1.72935550 -0.32469625
v 0.21047100 1.73172500 -0.32225400
v 0.17213072 1.72935902 -0.34688908
v 0.09384897 1.68922464 -0.40841650
v 0.09154178 1.60761090 -0.45764941
v 0.02964032 1.66792070 -0.43311416
v 0.00801909 1.69375824 -0.41628560
v -0.02233361 1.74225598 -0.37480137
v -0.06761115 1.76024193 -0.35035094
v -0.15843394 1.83677383 -0.19236863
v -0.14006700 1.86233500 -0.13869300
v -0.13878400 1.86205200 -0.13879500
v -0.13932000 1.86292200 -0.13623000
v -0.11196634 1.87774787 -0.10385685
v -0.07341984 1.89079320 -0.06551832
v -0.06155885 1.89305349 -0.05793652
v -0.03568024 1.89409831 -0.06732350
v -0.00714543 1.89580247 -0.06048746
v 0.03381966 1.89523547 -0.05779369
v 0.04985216 1.89374482 -0.05946251
v 0.08209660 1.89035764 -0.06005869
v 0.08474478 1.88931615 -0.06643678
v 0.10046283 1.88780028 -0.05176195
v 0.10101223 1.86605916 -0.15973964
v 0.17327200 1.82174500 -0.21359900
v 0.17674200 1.81891200 -0.21680100
v 0.23239600 1.75371500 -0.27902700
v 0.22910700 1.75103400 -0.28546100
v 0.21922168 1.74294580 -0.30425874
v 0.15246400 1.72357725 -0.36132800
v 0.15157800 1.72276900 -0.36301800
v 0.13448385 1.71199139 -0.37862213
v 0.08637800 1.69853162 -0.40338122
v 0.07965352 1.66249105 -0.42985386
v -0.14124916 1.78162686 -0.30155643
v -0.13622600 1.86200900 -0.14241700
v -0.13587900 1.86111000 -0.14187400
v -0.13917500 1.86234900 -0.13946100
v -0.13622600 1.86290700 -0.13932400
v -0.11265287 1.87280588 -0.12385075
v -0.10497979 1.88104130 -0.09372163
v -0.09527063 1.88733040 -0.06674203
v 0.12760548 1.85681031 -0.16750319
v 0.15405019 1.83402183 -0.20254132
v 0.16994212 1.82000413 -0.22012075
v 0.17057600 1.82057800 -0.21989500
v 0.17389500 1.81818000 -0.21964200
v 0.17643100 1.81878900 -0.21827900
v 0.17647400 1.81756400 -0.21982300
v 0.17911283 1.81450029 -0.22433858
v 0.22854100 1.75365000 -0.28241100
v 0.22967900 1.75402700 -0.28236700
v 0.15210000 1.72318200 -0.36178700
v 0.15212900 1.72345000 -0.36214200
v -0.11921227 1.78289092 -0.30842416
v -0.16656894 1.81002361 -0.24155413
v -0.13944963 1.82772345 -0.22608400
v -0.13596600 1.86207400 -0.14241700
v 0.02637317 1.89241139 -0.08319271
v 0.17218379 1.82322188 -0.21159557
v 0.16718500 1.81949900 -0.22291700
v 0.17033000 1.81869400 -0.22213400
v 0.17336600 1.81929600 -0.21956900
v 0.17343800 1.81870200 -0.21943100
v 0.17959000 1.80590950 -0.24006700
v 0.20486666 1.79200819 -0.24504068
v 0.22563600 1.75551200 -0.28169300
v 0.22844000 1.75393300 -0.28173000
v 0.22508804 1.75848603 -0.27872173
v 0.17312700 1.73219600 -0.34357100
v 0.17346000 1.73263100 -0.34363600
v 0.15204200 1.72590700 -0.35905500
v 0.11561931 1.71977095 -0.37790814
v 0.07313949 1.64575131 -0.44138655
v -0.01607669 1.75823008 -0.35852478
v -0.04782404 1.76733869 -0.34563202
v -0.07622704 1.77820612 -0.32707023
v 0.10086963 1.87232307 -0.13702093
v 0.12338281 1.84635056 -0.19623449
v 0.16176186 1.81600524 -0.23390637
v 0.16531707 1.80000987 -0.26106211
v 0.20381563 1.79844793 -0.23449945
v 0.17292000 1.73285625 -0.34308200
v 0.17341600 1.73515900 -0.34055000
v 0.17362700 1.73147800 -0.34429600
v 0.17017000 1.73328300 -0.34377400
v 0.15526552 1.73377666 -0.35031359
v 0.09593900 1.72267500 -0.38069100
v 0.09301900 1.71985700 -0.38397300
v 0.05164553 1.69194849 -0.41399680
v 0.01002622 1.73742350 -0.38064316
v -0.06337994 1.79470563 -0.30926598
v -0.15635100 1.79570050 -0.27245500
v -0.16867352 1.80075653 -0.25682660
v -0.14286610 1.81697205 -0.24477096
v -0.11688648 1.86822624 -0.13750533
v -0.00108294 1.89413256 -0.07427837
v 0.09780777 1.87381961 -0.13499317
v 0.14001224 1.84007942 -0.19960162
v 0.15698709 1.82417124 -0.22058331
v 0.20032744 1.77996936 -0.26775040
v 0.09544600 1.72529100 -0.37753100
v 0.09486600 1.72342100 -0.38079900
v 0.06439462 1.68437577 -0.41774849
v 0.01523176 1.72304135 -0.39314627
v -0.06177827 1.78859649 -0.31722599
v -0.12219943 1.79767536 -0.28648036
v -0.04791450 1.89411825 -0.05735525
v -0.05047272 1.88966969 -0.08941946
v 0.09350755 1.85898945 -0.18356332
v 0.14670000 1.81275936 -0.24987588
v 0.09402875 1.72457963 -0.37933313
v 0.09599700 1.72608800 -0.37743000
v 0.09591700 1.72650100 -0.37785800
v 0.09307700 1.72614600 -0.37774200
v -0.00539341 1.74595445 -0.37182515
v 0.00990347 1.76801965 -0.34825595
v -0.03673825 1.78091697 -0.33070232
v -0.08043276 1.80946127 -0.28459713
v -0.12315429 1.85016407 -0.18600149
v -0.10883800 1.87095700 -0.13323700
v -0.10859100 1.87110900 -0.13279500
v -0.10886000 1.87206600 -0.12992600
v -0.10696850 1.87164550 -0.13279150
v -0.01675718 1.89357328 -0.07770898
v 0.10864280 1.86237196 -0.16522335
v 0.10712604 1.83662059 -0.22652867
v 0.15328890 1.83057158 -0.21046142
v 0.13947909 1.72961213 -0.36112670
v 0.04319800 1.70364800 -0.40510800
v 0.04028450 1.70270250 -0.40676750
v 0.04074100 1.70443800 -0.40518100
v 0.05887837 1.71239984 -0.39761825
v -0.11192307 1.79278061 -0.29734228
v -0.09491434 1.86864105 -0.15326881
v -0.10507700 1.87122500 -0.13565700
v -0.10889600 1.87159500 -0.13305600
v -0.11156805 1.87186863 -0.12882116
v -0.14086700 1.86249450 -0.13622600
v -0.07811431 1.88318256 -0.10546113
v 0.02897291 1.88867176 -0.10422783
v 0.08043520 1.87212312 -0.15135586
v 0.12672543 1.81904973 -0.24975323
v 0.16423600 1.74759300 -0.33144200
v 0.04595800 1.70156800 -0.40732600
v 0.04275600 1.70443800 -0.40557200
v 0.04382100 1.70382900 -0.40549200
v 0.03240848 1.75399070 -0.36188720
v -0.10458009 1.85585937 -0.18415828
v -0.07679341 1.88619573 -0.09273813
v 0.06690437 1.88252431 -0.11820023
v 0.12794205 1.82890609 -0.23030938
v 0.20600131 1.75186313 -0.30255318
v 0.16362800 1.75049800 -0.32841300
v 0.16441000 1.74792600 -0.33104300
v 0.16080900 1.75039700 -0.32994900
v 0.16269012 1.75044862 -0.32889750
v 0.14336947 1.75974109 -0.32764746
v 0.07478220 1.73121370 -0.37801309
v 0.04803000 1.70417700 -0.40513000
v 0.01473533 1.76304327 -0.35334422
v -0.13423966 1.82590047 -0.23277705
v -0.11685176 1.83754163 -0.21900795
v -0.09138500 1.87902375 -0.11611600
v -0.06697743 1.88022856 -0.12851158
v 0.05559587 1.89051739 -0.08140152
v 0.07974960 1.86280227 -0.17935203
v 0.18478237 1.75832585 -0.30846789
v 0.18052836 1.74041317 -0.33170606
v 0.16325100 1.75036100 -0.32839100
v 0.16449000 1.75101300 -0.32947800
v 0.16099000 1.75193300 -0.32818100
v 0.07375994 1.70909337 -0.39791400
v 0.03032411 1.73725181 -0.37924311
v -0.04537576 1.79004459 -0.31798697
v -0.06900711 1.80761540 -0.28980646
v -0.14408012 1.80162297 -0.27038128
v -0.07686320 1.86155830 -0.18457109
v -0.06944887 1.88583363 -0.09941900
v 0.13424605 1.81377444 -0.25581965
v 0.16831352 1.77388892 -0.29681523
v -0.03225954 1.80012466 -0.30601148
v -0.11462776 1.82173187 -0.25028850
v -0.07606209 1.87502787 -0.14315717
v -0.09626944 1.87379411 -0.13440759
v -0.04957600 1.88684700 -0.10537000
v -0.05592300 1.88686900 -0.10239200
v -0.02566938 1.88883199 -0.10366814
v 0.11083039 1.74406573 -0.35631349
v 0.10496209 1.74022861 -0.36181061
v -0.00448820 1.78584530 -0.32660251
v -0.09920895 1.80854215 -0.27933768
v -0.12891342 1.81317035 -0.25872230
v -0.08931906 1.84809969 -0.21037056
v -0.06569354 1.86400885 -0.18287435
v -0.05263300 1.88684700 -0.10395000
v -0.04991022 1.88318597 -0.12276674
v 0.06035490 1.87335852 -0.15614929
v 0.06359152 1.73553063 -0.37568051
v -0.10594195 1.83209229 -0.23557521
v -0.11548592 1.84955192 -0.19324181
v -0.06670273 1.88459388 -0.10843209
v 0.03374946 1.88412605 -0.12507578
v 0.08677312 1.86198209 -0.17863495
v 0.09097392 1.74566287 -0.36046545
v -0.06269266 1.87271975 -0.15705095
v 0.01313391 1.79577425 -0.31303046
v -0.08389394 1.84180040 -0.22588166
v -0.01056902 1.88844939 -0.10913929
v 0.10144073 1.84818809 -0.20441436
v -0.04474340 1.80770680 -0.29370301
v -0.00797367 1.88232289 -0.13520912
v 0.17349001 1.79294382 -0.26727527
v 0.17083740 1.76050833 -0.31380776
v 0.13753343 1.76554429 -0.32281638
v 0.12796468 1.77376760 -0.31629929
v 0.10951841 1.76829040 -0.33003248
v 0.00834651 1.81032152 -0.29296455
v -0.07958895 1.81523749 -0.27472894
v -0.08421599 1.83285319 -0.24320168
v 0.09606155 1.83489105 -0.23463594
v 0.02961131 1.78574009 -0.32548914
v -0.01985163 1.81718631 -0.28239395
v -0.04169003 1.81700317 -0.28018734
v -0.02002448 1.88183696 -0.13582130
v 0.06824229 1.84323739 -0.22749847
v 0.15141900 1.77543800 -0.30339400
v 0.14550600 1.77753200 -0.30347400
v 0.06128394 1.76813957 -0.34309908
v 0.03825103 1.79609721 -0.31071002
v -0.07313797 1.85823074 -0.19511280
v 0.03764857 1.87182879 -0.16618648
v 0.10281819 1.83064095 -0.24039523
v 0.12418101 1.81159598 -0.26454129
v 0.10076760 1.81036575 -0.27528708
v 0.13429402 1.79616112 -0.28353907
v 0.14846250 1.77648500 -0.30343400
v 0.14860700 1.77643000 -0.30341600
v 0.13236977 1.79272391 -0.28967629
v 0.06757900 1.76925000 -0.33941200
v 0.06458700 1.76881500 -0.34041200
v 0.06723325 1.76898900 -0.33993925
v 0.06178300 1.76685900 -0.34380300
v 0.04931489 1.77755644 -0.33373768
v -0.07717629 1.82950837 -0.25093301
v 0.10872000 1.79861700 -0.29096800
v 0.11179900 1.79709500 -0.29120700
v 0.10852800 1.79703350 -0.29229750
v 0.11138600 1.79710200 -0.29088100
v 0.11145900 1.79483400 -0.29421400
v 0.06538400 1.76843100 -0.34078200
v 0.06476100 1.76908300 -0.34026700
v -0.05779714 1.84825433 -0.22043566
v 0.06125400 1.84040200 -0.23461800
v 0.11035800 1.79624700 -0.29101100
v 0.00338345 1.81669533 -0.28373589
v -0.01049919 1.83645779 -0.25026465
v -0.04084810 1.83129930 -0.25591211
v -0.00047447 1.87734104 -0.15243986
v 0.03653108 1.87885515 -0.14344158
v 0.04842312 1.85786697 -0.20100863
v 0.05862734 1.84935104 -0.21775843
v 0.05888500 1.83980800 -0.23592300
v 0.05905800 1.84043100 -0.23508900
v 0.07292105 1.77005806 -0.33803698
v 0.03662600 1.79431300 -0.31305200
v -0.03395631 1.84367770 -0.23447390
v -0.04530981 1.86618624 -0.18159039
v 0.03656730 1.86169568 -0.19413576
v 0.05263100 1.84115600 -0.23529900
v 0.05573300 1.84027200 -0.23539400
v 0.06002575 1.84039125 -0.23499125
v 0.05570400 1.84018500 -0.23648000
v 0.09591981 1.82445440 -0.25391362
v 0.10425923 1.79964345 -0.29024516
v 0.04024900 1.79396500 -0.31307400
v 0.04048100 1.79479100 -0.31293700
v 0.05749818 1.83495509 -0.24595835
v 0.05897100 1.83417100 -0.24684200
v 0.07564207 1.78523354 -0.31924542
v 0.04330600 1.79416800 -0.31274100
v 0.04442400 1.79495050 -0.31132600
v -0.00788020 1.83108977 -0.25945727
v -0.02687389 1.84559011 -0.23214319
v -0.02891190 1.87599055 -0.15496055
v 0.04359256 1.85503775 -0.20901146
v 0.05302300 1.83456200 -0.24768200
v 0.05545700 1.83368600 -0.24836300
v 0.05615300 1.83377300 -0.24822600
v 0.06317596 1.82747296 -0.25793444
v 0.02695985 1.81867157 -0.27930394
v 0.02538140 1.85058154 -0.22144710
v 0.05263100 1.83290300 -0.25078300
v 0.05397275 1.83398887 -0.24843738
v 0.05578300 1.83423600 -0.24803000
v 0.07623376 1.81017751 -0.28355455
v 0.02475000 1.85267700 -0.21645300
v 0.04481534 1.82038347 -0.27399299
v -0.02253148 1.85979684 -0.20166355
v 0.01288686 1.86007966 -0.20170076
v 0.02372325 1.85276525 -0.21710200
v 0.02489500 1.85245200 -0.21722900
v 0.02215600 1.85108200 -0.21944600
v 0.08994034 1.79120062 -0.30709431
v 0.06530528 1.79379332 -0.30953814
v -0.03140529 1.86361400 -0.19039273
v 0.03176891 1.83445580 -0.25233771
v 0.01708386 1.83348606 -0.25558488
v 0.00154442 1.86604417 -0.18711093
v 0.01935137 1.85352652 -0.21608795
v -0.00743747 1.86905887 -0.17823583
f 4202 4204 4201
f 4583 4584 4431
f 6160 6572 6573
f 8984 9279 8983
f 9721 9420 9279
f 9421 9217 9808
f 9366 9279 9420
f 9420 9721 9366
f 9462 9564 9505
f 9505 9564 9504
f 10039 10040 10038
f 9985 9776 10051
f 11862 11850 11849
f 11853 11871 11868
f 11871 11845 11868
f 11867 11863 11864
f 11845 11871 11822
f 11861 11849 11820
f 11820 11849 11841
f 11865 11863 11866
f 11863 11867 11866
f 11866 11867 11869
f 11845 11838 11843
f 11838 11845 11800
f 11800 11845 11822
f 11849 11850 11840
f 11763 11850 11831
f 11852 11855 11854
f 11854 11855 11857
f 11834 11850 11856
f 11856 11850 11862
f 11862 11849 11861
f 11853 11868 11845
f 11822 11871 11861
f 11763 11849 11840
f 11852 11854 11851
f 11861 11871 11853
f 11848 11850 11834
f 11856 11862 11834
f 11862 11861 11853
f 11843 11838 11860
f 11801 11858 11740
f 11822 11861 11821
f 11820 11841 11738
f 11737 11841 11849
f 11763 11840 11850
f 11831 11850 11810
f 11810 11850 11848
f 11860 11838 11842
f 11838 11858 11842
f 11842 11858 11846
f 11859 11858 11755
f 11755 11858 11801
f 11858 11838 11740
f 11821 11861 11820
f 11737 11849 11763
f 11853 11845 11870
f 11846 11858 11859
f 11740 11838 11800
f 11800 11822 11793
f 11811 11841 11737
f 11841 11811 11738
f 11853 11870 11843
f 11870 11845 11843
f 11859 11755 11844
f 11822 11821 11776
f 11812 11821 11820
f 11820 11738 11761
f 11817 11818 11809
f 11819 11810 11789
f 11798 11810 11816
f 11846 11859 11814
f 11813 11755 11802
f 11801 11740 11755
f 11755 11740 11708
f 11776 11821 11812
f 11738 11811 11737
f 11737 11763 11660
f 11660 11763 11736
f 11763 11831 11789
f 11810 11819 11831
f 11789 11798 11766
f 11766 11798 11837
f 11829 11830 11828
f 11837 11798 11816
f 11843 11860 11842
f 11792 11799 11791
f 11831 11819 11789
f 11798 11789 11810
f 11825 11829 11824
f 11828 11836 11835
f 11847 11853 11843
f 11755 11813 11844
f 11740 11800 11793
f 11812 11820 11776
f 11787 11790 11786
f 11763 11735 11775
f 11766 11837 11816
f 11834 11862 11853
f 11847 11843 11842
f 11842 11846 11808
f 11807 11846 11814
f 11814 11859 11844
f 11776 11820 11761
f 11763 11775 11279
f 11785 11784 11774
f 11816 11810 11848
f 11834 11853 11847
f 11846 11807 11815
f 11802 11756 11813
f 11740 11793 11739
f 11793 11822 11739
f 11822 11776 11739
f 11279 11775 11735
f 11814 11844 11839
f 11776 11761 11663
f 11294 11738 11737
f 11789 11766 11717
f 11717 11766 11692
f 11783 11766 11816
f 11736 11763 11279
f 11735 11763 11789
f 11691 11766 11782
f 11766 11783 11782
f 11783 11816 11782
f 11756 11777 11813
f 11802 11755 11097
f 11694 11776 11663
f 11663 11761 11738
f 11693 11738 11294
f 11766 11691 11692
f 11797 11816 11848
f 11848 11834 11686
f 11833 11847 11842
f 11814 11839 11813
f 11844 11813 11839
f 11097 11755 11708
f 11740 11739 11678
f 11739 11776 11678
f 11652 11735 11789
f 11747 11808 11846
f 11294 11737 11706
f 11660 11736 11659
f 11652 11789 11717
f 11691 11782 11732
f 11816 11759 11782
f 11834 11847 11765
f 11765 11847 11833
f 11765 11833 11823
f 11827 11832 11826
f 11833 11842 11808
f 11846 11815 11747
f 11807 11814 11720
f 11708 11740 11678
f 11663 11738 11693
f 11662 11737 11660
f 11652 11717 11692
f 11716 11715 11707
f 11731 11715 11733
f 11716 11734 11733
f 11734 11754 11733
f 11782 11759 11773
f 11823 11833 11808
f 11756 11802 11741
f 11655 11802 11097
f 11654 11678 11776
f 11694 11663 11295
f 11662 11706 11737
f 11691 11732 11730
f 11730 11732 11782
f 11797 11848 11686
f 11767 11815 11807
f 11814 11778 11720
f 11805 11806 11804
f 11814 11813 11777
f 11777 11756 11709
f 11097 11708 11150
f 11659 11736 11279
f 11711 11759 11758
f 11759 11816 11781
f 11765 11823 11808
f 11815 11767 11788
f 11719 11814 11796
f 11806 11805 11795
f 11805 11804 11794
f 11804 11803 11794
f 11741 11802 11655
f 11654 11776 11694
f 11223 11659 11279
f 11279 11735 11149
f 11772 11759 11781
f 11781 11816 11797
f 11765 11808 11747
f 11778 11814 11719
f 11814 11777 11796
f 11683 11756 11741
f 11150 11708 11680
f 11682 11696 11681
f 11696 11695 11679
f 11680 11708 11675
f 11675 11708 11678
f 11663 11693 11294
f 11294 11706 11662
f 11149 11735 11652
f 11692 11691 11730
f 11689 11641 11730
f 11772 11781 11797
f 11797 11686 11703
f 11767 11807 11720
f 11796 11777 11719
f 11682 11681 11676
f 11675 11678 11150
f 11051 11295 11663
f 11189 11662 11673
f 11662 11660 11673
f 11641 11689 11690
f 11750 11729 11751
f 11689 11730 11782
f 11758 11759 11748
f 11686 11834 11765
f 11747 11815 11768
f 11815 11788 11742
f 11709 11756 11697
f 11683 11697 11756
f 11741 11655 11683
f 11680 11675 11150
f 11150 11678 11654
f 11654 11694 11295
f 11672 11674 11661
f 11689 11752 11749
f 11751 11753 11760
f 11747 11762 11699
f 11780 11779 11771
f 11770 11779 11769
f 11224 11294 11662
f 11673 11660 11189
f 11189 11660 11643
f 11660 11659 11223
f 11187 11692 11730
f 11187 11730 11641
f 11705 11689 11749
f 11749 11752 11782
f 11752 11689 11782
f 11759 11772 11687
f 11687 11772 11797
f 11669 11765 11747
f 11771 11770 11764
f 11747 11768 11742
f 11768 11815 11742
f 11788 11767 11721
f 11721 11767 11720
f 11719 11777 11718
f 11718 11777 11677
f 11777 11709 11677
f 11683 11655 11296
f 11096 11150 11654
f 11644 11653 11642
f 11643 11660 11223
f 11279 11149 11188
f 11652 11692 11187
f 11640 11651 11639
f 11639 11651 11638
f 11650 11641 11702
f 11702 11641 11690
f 11686 11765 11700
f 11700 11765 11669
f 11762 11747 11742
f 11719 11720 11778
f 11097 11150 11191
f 11096 11654 11295
f 11641 11650 11094
f 11650 11702 11094
f 11705 11749 11782
f 11782 11773 11712
f 11712 11773 11759
f 11748 11759 11687
f 11762 11742 11699
f 11663 11294 11051
f 11189 11643 11010
f 11643 11223 11010
f 11187 11641 11094
f 11094 11702 11185
f 11185 11702 10873
f 11031 11702 11637
f 11702 11690 11689
f 11714 11728 11727
f 11300 11724 11705
f 11705 11782 11300
f 11712 11759 11711
f 11748 11687 11758
f 11687 11797 11703
f 11742 11744 11699
f 11745 11746 11743
f 11746 11757 11743
f 11698 11788 11721
f 11645 11719 11718
f 11191 11150 10978
f 11223 11279 11188
f 11068 11149 11652
f 11187 11094 11262
f 10873 11702 11031
f 11689 11705 11701
f 11705 11724 11701
f 11300 11782 11712
f 11712 11711 11758
f 11704 11758 11688
f 11299 11687 11703
f 11669 11747 11699
f 11744 11742 11298
f 11720 11719 11192
f 11664 11709 10930
f 10903 11097 11191
f 11187 11262 11186
f 11637 11702 11030
f 11726 11725 11713
f 11688 11758 11687
f 11699 11668 11669
f 11723 11722 11710
f 11742 11788 11698
f 11697 11683 11296
f 11051 11294 11224
f 10832 11662 10719
f 11662 11190 10719
f 11190 11662 11189
f 11068 11223 11188
f 11187 11186 11032
f 11186 11262 11032
f 11094 11185 10873
f 10873 11031 10872
f 11031 11637 11030
f 11701 11724 11300
f 11300 11712 11758
f 11699 11744 11298
f 11298 11742 11656
f 11721 11720 11665
f 11665 11720 11192
f 11677 11709 11664
f 11280 11296 11655
f 11190 11189 10719
f 11188 11149 11068
f 11652 11187 11032
f 11154 11030 11278
f 11721 11665 11684
f 11697 11296 10979
f 10978 11150 11096
f 11096 11295 11051
f 11069 11224 11049
f 11010 11223 11068
f 10872 11031 10676
f 11030 11154 10871
f 11657 11702 11689
f 11227 11704 11688
f 11299 11703 11686
f 11656 11742 11698
f 11685 11698 11721
f 11264 11718 11677
f 10950 10930 11709
f 11011 11709 11697
f 11655 11097 11280
f 10874 10978 11096
f 11096 11051 11052
f 11050 11051 10947
f 11049 11224 11662
f 11068 11652 11095
f 11300 11758 11704
f 11687 11299 11688
f 11686 11700 11648
f 11669 11668 11226
f 11668 11699 11298
f 11656 11698 11685
f 11721 11684 11685
f 10950 11709 11011
f 11151 11697 10979
f 10947 11051 11069
f 11051 11224 11069
f 11010 11068 10748
f 11068 11095 11032
f 11095 11652 11032
f 11261 11067 11228
f 11649 11702 11657
f 11657 11689 11701
f 11656 11685 11297
f 11685 11684 10508
f 11665 11120 11684
f 11645 11718 11264
f 11264 11677 11664
f 10947 11069 11049
f 10947 11049 11662
f 10977 11010 10645
f 10645 11010 10748
f 10871 11154 10975
f 10746 11067 11003
f 11003 11067 10870
f 11067 11118 10870
f 11118 11067 11261
f 11701 11300 11657
f 11657 11300 11197
f 11300 11704 11265
f 11195 11669 11226
f 11646 11667 11666
f 10874 11096 11052
f 11052 11051 11050
f 11189 11010 10977
f 10748 11068 10678
f 10678 11068 10801
f 10677 11032 11262
f 11031 11030 10871
f 10975 11067 11006
f 11007 11029 11005
f 11184 11222 11313
f 11313 11222 11019
f 11030 11702 11103
f 11702 11649 11103
f 11671 11670 11658
f 11700 11669 11195
f 11226 11668 11298
f 11647 11667 11646
f 11192 11719 11645
f 10948 11191 10978
f 10677 11262 10946
f 10945 11262 11094
f 10676 11031 10871
f 10746 10975 11006
f 11005 11004 10974
f 11006 11067 10746
f 10746 11003 10870
f 10963 11393 10935
f 10963 11337 11381
f 11366 10935 11393
f 11378 11393 10963
f 11356 11336 11366
f 11366 11377 11394
f 11375 11389 11388
f 11390 11389 11376
f 11377 11366 11371
f 11382 11393 11378
f 11367 11363 11368
f 11368 11363 11364
f 10659 11336 11024
f 11240 11269 11239
f 11388 11390 11387
f 11371 11366 11393
f 11382 11371 11393
f 11379 11368 11380
f 11368 11364 11369
f 11618 11635 11625
f 11631 11625 11635
f 11629 11635 11618
f 11552 11618 11625
f 11621 11635 11607
f 11607 11635 11629
f 11552 11625 11604
f 11628 11627 11624
f 11627 11626 11623
f 11604 11625 11580
f 11632 11580 11625
f 11631 11635 11621
f 11607 11629 11618
f 11606 11618 11615
f 11615 11618 11588
f 11616 11617 11614
f 11617 11620 11614
f 11632 11625 11634
f 11617 11616 11610
f 11573 11580 11597
f 11636 11621 11607
f 11607 11618 11606
f 11606 11615 11588
f 11619 11636 11602
f 11552 11604 11544
f 11544 11604 11574
f 11597 11580 11632
f 11622 11621 11636
f 11630 11636 11619
f 11572 11597 11633
f 11611 11549 11584
f 11602 11636 11567
f 11636 11607 11567
f 11574 11604 11580
f 11597 11572 11587
f 11631 11621 11622
f 11606 11588 11589
f 11588 11582 11589
f 11582 11588 11575
f 11475 11588 11581
f 11588 11618 11581
f 11618 11552 11581
f 11597 11587 11573
f 11587 11572 11573
f 11583 11607 11590
f 11607 11606 11590
f 11590 11606 11589
f 11588 11475 11575
f 11574 11580 11573
f 11518 11573 11517
f 11549 11611 11500
f 11607 11583 11577
f 11500 11611 11576
f 11545 11576 11476
f 11518 11574 11566
f 11574 11573 11566
f 11611 11584 11592
f 11612 11584 11550
f 11607 11577 11567
f 11533 11545 11499
f 11474 11552 11518
f 11518 11552 11544
f 11609 11572 11633
f 11603 11633 11597
f 11634 11625 11631
f 11550 11584 11549
f 11519 11500 11545
f 11500 11576 11545
f 11581 11552 11474
f 11518 11544 11574
f 11573 11518 11566
f 11573 11572 11509
f 11509 11572 11543
f 11543 11572 11571
f 11603 11597 11632
f 11630 11622 11636
f 11499 11545 11476
f 11596 11571 11572
f 11619 11602 11605
f 11571 11596 11565
f 11572 11609 11596
f 11550 11549 11487
f 11475 11581 11464
f 11478 11571 11565
f 11622 11630 11553
f 11630 11619 11605
f 11546 11550 11514
f 11409 11519 11533
f 11519 11545 11533
f 11517 11573 11510
f 11510 11573 11509
f 11543 11571 11509
f 11509 11571 11482
f 11480 11571 11478
f 11564 11570 11563
f 11634 11631 11608
f 11592 11584 11612
f 11508 11482 11571
f 11609 11633 11603
f 11632 11634 11568
f 11612 11550 11591
f 11487 11514 11550
f 11487 11549 11501
f 11454 11500 11519
f 11409 11533 11499
f 11508 11571 11480
f 11565 11596 11478
f 11579 11609 11603
f 11603 11632 11568
f 11631 11622 11586
f 11553 11630 11605
f 11605 11602 11613
f 11549 11500 11501
f 11409 11499 11513
f 11499 11476 11485
f 11474 11518 11483
f 11608 11631 11536
f 11536 11631 11586
f 11586 11622 11558
f 11622 11553 11558
f 11612 11591 11592
f 11501 11500 11487
f 11477 11513 11408
f 11408 11513 11486
f 11486 11513 11485
f 11485 11513 11499
f 11481 11480 11402
f 11591 11550 11546
f 11519 11441 11454
f 11441 11519 11409
f 11518 11517 11510
f 11508 11480 11481
f 11402 11480 11401
f 11562 11603 11568
f 11520 11568 11634
f 11520 11634 11536
f 11634 11608 11536
f 11476 11576 11484
f 11464 11581 11474
f 11483 11518 11406
f 11510 11509 11473
f 11473 11509 11482
f 11480 11479 11418
f 11596 11609 11557
f 11600 11601 11599
f 11605 11613 11598
f 11511 11546 11523
f 11523 11546 11514
f 11454 11487 11500
f 11352 11408 11485
f 11408 11486 11485
f 11474 11483 11339
f 11431 11510 11473
f 11481 11402 11508
f 11479 11480 11478
f 11478 11596 11557
f 11557 11609 11579
f 11579 11603 11562
f 11594 11601 11593
f 11601 11600 11593
f 11514 11487 11424
f 11165 11475 11464
f 11339 11483 11406
f 11518 11510 11406
f 11431 11473 11420
f 11401 11480 11418
f 11507 11478 11542
f 11542 11478 11557
f 11562 11595 11505
f 11595 11562 11568
f 11553 11605 11534
f 11605 11598 11585
f 11592 11591 11524
f 11591 11578 11524
f 11404 11514 11466
f 11440 11409 11513
f 11165 11464 11407
f 11464 11474 11339
f 11450 11463 11449
f 11463 11462 11449
f 11419 11508 11402
f 11505 11595 11568
f 11536 11586 11558
f 11551 11605 11585
f 11496 11591 11511
f 11511 11591 11546
f 11404 11523 11514
f 11468 11467 11457
f 11466 11514 11403
f 11403 11514 11424
f 11424 11487 11321
f 11321 11487 11454
f 11453 11465 11452
f 11452 11465 11451
f 11434 11435 11432
f 11435 11436 11432
f 11485 11476 11433
f 11431 11420 11482
f 11450 11449 11430
f 11420 11473 11482
f 11534 11605 11551
f 11457 11456 11443
f 11456 11455 11442
f 11438 11409 11440
f 11453 11452 11439
f 11440 11513 11438
f 11513 11477 11438
f 11437 11436 11423
f 11435 11434 11422
f 11422 11434 11421
f 11433 11476 11044
f 11044 11476 11484
f 11407 11464 11339
f 11510 11431 11406
f 11131 11508 11419
f 11418 11479 11417
f 11561 11569 11559
f 11562 11505 11427
f 11591 11496 11502
f 11523 11404 11323
f 11404 11466 11403
f 11321 11454 11410
f 11410 11454 11441
f 11485 11433 11044
f 11482 11508 11131
f 11402 11401 11245
f 11579 11562 11547
f 11556 11560 11555
f 11555 11560 11554
f 11505 11568 11520
f 11492 11591 11503
f 11477 11408 11166
f 10791 11408 11352
f 11319 11482 11131
f 11401 11418 11350
f 11350 11418 11417
f 11416 11417 11479
f 11542 11557 11506
f 11536 11558 11535
f 11558 11553 11535
f 11503 11591 11502
f 11511 11523 11496
f 11286 11408 10791
f 11542 11506 11538
f 11547 11562 11427
f 11504 11520 11536
f 11578 11591 11492
f 11247 11403 11424
f 11441 11409 11438
f 11438 11477 11166
f 11320 11352 11351
f 11352 11485 11351
f 11131 11419 11109
f 11130 11417 11416
f 11541 11548 11540
f 11540 11548 11539
f 11506 11557 11579
f 11461 11579 11516
f 11579 11547 11427
f 11404 11403 11323
f 11323 11403 11247
f 11321 11410 11441
f 11441 11438 10938
f 11352 11320 11062
f 11339 11406 11319
f 11319 11406 11431
f 11419 11402 11164
f 11542 11538 11507
f 11540 11539 11532
f 11506 11579 11531
f 11531 11579 11461
f 11427 11505 11415
f 11415 11505 11537
f 11527 11530 11526
f 11505 11498 11537
f 11498 11505 11520
f 11536 11535 11504
f 11553 11534 11535
f 11497 11534 11525
f 11525 11534 11551
f 11524 11578 11515
f 11340 11502 11496
f 11470 11496 11523
f 11469 11523 11323
f 11307 11247 11321
f 11247 11424 11321
f 11062 10791 11352
f 11407 11339 11271
f 11271 11339 11246
f 11246 11339 11319
f 11431 11482 11319
f 11083 11402 11245
f 11538 11506 11507
f 11522 11529 11521
f 11529 11528 11521
f 11535 11534 11497
f 11340 11496 11488
f 11490 11495 11489
f 11488 11496 11470
f 11470 11523 11469
f 11320 11351 11062
f 11164 11402 11083
f 11516 11579 11427
f 11415 11537 11498
f 11504 11535 11497
f 11515 11578 11512
f 11503 11502 11491
f 11025 11323 11250
f 11308 11322 11306
f 11307 11321 11305
f 11166 11408 11286
f 11351 11485 11044
f 11084 11109 11419
f 11061 11245 11401
f 11163 11350 11417
f 11163 11130 11244
f 11244 11130 11416
f 11416 11478 11507
f 11507 11506 11447
f 11551 11585 11412
f 11340 11488 11470
f 11307 11305 11247
f 11166 11286 11045
f 11479 11478 11416
f 11272 11497 11551
f 11497 11525 11551
f 11512 11578 11405
f 11578 11492 11493
f 11111 11469 11171
f 11469 11323 11086
f 11086 11323 11025
f 11246 11319 10936
f 10936 11319 11131
f 11207 11084 11419
f 11061 11401 11350
f 11243 11270 11242
f 11242 11270 11241
f 11447 11506 11461
f 11506 11531 11461
f 11516 11343 11428
f 11520 11504 11413
f 11504 11497 11413
f 11323 11247 11250
f 11165 11407 11271
f 10886 11245 11061
f 10885 11350 11163
f 11163 11417 11130
f 11060 11290 11205
f 11243 11242 11206
f 11129 11205 11290
f 11060 11244 11290
f 11461 11516 11428
f 11498 11520 11413
f 11272 11551 11494
f 11551 11412 11494
f 11578 11493 11405
f 11503 11491 11492
f 11171 11469 11086
f 11250 11247 11249
f 11210 11248 11209
f 11305 11321 11441
f 11305 11441 10938
f 10937 11062 11351
f 11351 11044 10937
f 10937 11044 10918
f 11083 11245 10886
f 11061 11350 10885
f 11205 11129 11060
f 11290 11244 11400
f 11343 11516 11427
f 11492 11491 11493
f 11491 11502 11341
f 11341 11502 11340
f 11470 11469 11324
f 11137 11250 11249
f 11210 11209 11169
f 11249 11247 11137
f 11137 11247 11305
f 11438 11166 11136
f 11136 11208 11168
f 11167 11168 11208
f 11208 11136 11166
f 11165 11271 10917
f 11271 11085 10917
f 10889 11131 11109
f 11419 11164 11083
f 10821 11244 11060
f 11172 11498 11413
f 11491 11341 11353
f 11324 11469 11111
f 11135 11167 11134
f 11133 11167 11110
f 11167 11208 11110
f 11208 11166 11110
f 11110 11166 11132
f 10936 11271 11246
f 10936 11131 10889
f 11207 11419 10857
f 10857 11419 11083
f 10524 10935 11366
f 11356 11203 11336
f 11240 11239 11201
f 11201 11239 11200
f 11377 11371 11394
f 11378 11370 11382
f 11382 11370 11381
f 11370 11378 11381
f 11378 10963 11381
f 11059 11043 11129
f 11304 11129 11290
f 11244 11416 11448
f 11429 11416 11507
f 11428 11343 11289
f 11272 11494 11444
f 11460 11472 11459
f 11459 11472 11458
f 11472 11471 11458
f 10823 10938 11438
f 11438 11136 11132
f 11136 11168 11132
f 11132 11168 11110
f 10993 11286 10791
f 11084 11207 11109
f 11163 11244 10821
f 11059 11365 11082
f 10524 11366 11336
f 11336 11203 11024
f 11204 11202 11162
f 11162 11202 11161
f 11203 11356 11080
f 11356 11366 11394
f 11345 11382 11381
f 11381 11337 11345
f 11337 11081 11338
f 11447 11461 11274
f 11459 11458 11446
f 11446 11458 11445
f 11354 11494 11412
f 11340 11470 11324
f 11250 11137 11025
f 10938 11137 11305
f 10993 11045 11286
f 11044 11484 10918
f 10857 11083 10886
f 10852 11129 11043
f 10851 11081 11337
f 10611 11336 10764
f 11024 11203 11080
f 11345 11337 11338
f 11129 11304 11028
f 11448 11416 11274
f 11507 11447 11274
f 11272 11444 11354
f 11446 11445 11426
f 11494 11354 11444
f 11405 11493 11425
f 11425 11493 11353
f 11493 11491 11353
f 11341 11340 11353
f 11171 11086 10940
f 10823 11438 11132
f 10994 11166 11045
f 11085 11271 10936
f 10889 11109 11207
f 10886 11061 10663
f 11043 11059 11042
f 11059 11082 11042
f 11400 11244 11274
f 11244 11448 11274
f 11416 11429 11274
f 11461 11428 11274
f 11343 11427 11212
f 11212 11427 11415
f 11414 11172 11413
f 11413 11497 11342
f 11132 11166 10994
f 10994 11045 10737
f 10737 11045 10993
f 10885 10663 11061
f 11142 11059 11129
f 11274 11429 11507
f 11415 11498 11172
f 11273 11497 11272
f 11113 11340 11111
f 11340 11324 11111
f 11086 11025 11026
f 10964 11137 10938
f 10893 10737 10993
f 10768 11062 10937
f 10768 10937 10859
f 11085 10992 10917
f 10852 11043 10991
f 11043 11042 10991
f 10764 11336 10659
f 10659 11024 10962
f 11356 11394 11374
f 11116 11304 11290
f 11414 11413 11273
f 11273 11413 11342
f 11585 11411 11412
f 11405 11425 11325
f 10940 11086 11170
f 11170 11086 10824
f 10824 11086 10924
f 11086 11026 10996
f 10590 10964 10938
f 11132 10994 10737
f 10768 10791 11062
f 10857 10886 10853
f 10821 11060 10913
f 11060 11129 10852
f 10765 11337 10963
f 10990 10989 10961
f 11024 11080 10850
f 11386 11356 11374
f 11365 11059 11311
f 11311 11059 11142
f 11028 11142 11129
f 11290 11400 11141
f 11141 11400 11274
f 11172 11414 11138
f 11342 11497 11273
f 11412 11411 11251
f 11287 11425 11353
f 11086 10996 10712
f 10997 10995 10965
f 11025 11137 10863
f 10823 11132 10711
f 10692 10993 10791
f 10767 10885 11163
f 11163 10821 10731
f 10913 11060 10852
f 10765 10963 10660
f 10659 10962 10610
f 10962 11024 10610
f 10610 11024 10850
f 11173 11274 11289
f 11274 11428 11289
f 10940 11170 10824
f 10996 11026 10712
f 11026 11025 10860
f 10860 11025 10863
f 10863 11137 10920
f 11137 10964 10590
f 10993 10692 10892
f 10859 10937 10918
f 11085 10936 10858
f 10852 10991 10912
f 11160 11080 11356
f 11371 11374 11394
f 11289 11343 11092
f 11252 11172 11138
f 11353 11340 11113
f 11111 11171 10940
f 10692 10530 10737
f 10893 10993 10892
f 10892 10692 10893
f 10691 10616 10692
f 10917 10992 10891
f 10992 11085 10891
f 11085 10858 10891
f 10916 10915 10888
f 10915 10914 10887
f 10854 10857 10853
f 10708 10821 10913
f 11080 10817 10850
f 10705 11080 10849
f 11382 11345 11358
f 11345 11338 11344
f 11141 11274 11093
f 11092 11343 11212
f 11212 11415 11091
f 11091 11415 11172
f 11138 11414 11273
f 11325 11425 11310
f 11310 11425 11309
f 10898 11353 11113
f 10923 10922 10897
f 10921 10919 10895
f 10895 10919 10894
f 10860 11137 10590
f 10590 10938 10823
f 11132 10737 10792
f 10737 10893 10692
f 10822 10859 10918
f 11484 10890 10918
f 10918 10890 10710
f 10858 10936 10856
f 10936 10889 10856
f 10889 11207 10856
f 10888 10887 10855
f 10853 10886 10663
f 10663 10885 10767
f 10556 11337 10765
f 10524 11336 10611
f 11356 11386 11318
f 11371 11382 11358
f 11345 11326 11327
f 11326 11345 11344
f 11001 11028 11304
f 10999 11274 11173
f 11115 11172 11252
f 11354 11412 11251
f 11309 11425 11288
f 10941 11113 11111
f 10924 11086 10712
f 10862 10896 10861
f 10920 11137 10860
f 10711 11132 10792
f 10692 10791 10691
f 10768 10859 10529
f 11207 10857 10856
f 10856 10857 10854
f 10767 11163 10731
f 10708 10731 10821
f 10913 10852 10820
f 10820 10852 10819
f 10852 10818 10819
f 10852 10912 10818
f 10614 10851 11337
f 10849 11080 11160
f 11317 11374 11371
f 11218 11358 11345
f 11255 11311 11142
f 11001 11304 11116
f 11273 11272 11211
f 11288 11425 10942
f 11425 11287 10942
f 11087 10898 11113
f 11087 11113 10941
f 10941 11111 11112
f 10863 10920 10860
f 10790 10768 10334
f 10334 10768 10529
f 10859 10822 10789
f 10822 10918 10789
f 10854 10853 10735
f 10706 10614 11337
f 10495 10610 10728
f 10728 10610 10850
f 10705 10849 10788
f 11355 11356 11318
f 11399 11371 11395
f 11345 11327 11218
f 11311 11255 11176
f 11046 11116 11275
f 11116 11290 11275
f 11173 11289 11092
f 11138 11273 11027
f 11027 11273 11211
f 11211 11272 10865
f 11272 11354 10966
f 11354 11251 11088
f 11287 11353 10942
f 10942 11353 10898
f 11112 11111 10940
f 10691 10791 10768
f 10667 10918 10710
f 10766 10913 10820
f 10706 11337 10556
f 10817 11080 10705
f 11317 11371 11399
f 11047 11358 11218
f 11275 11290 11046
f 11216 11217 11215
f 11254 11253 11214
f 11214 11253 11213
f 11141 11093 11175
f 11093 11274 10999
f 11251 11411 10771
f 10824 10924 10502
f 10691 10768 10790
f 10529 10859 10789
f 10470 10789 10918
f 10710 10890 10736
f 10767 10733 10662
f 10730 10913 10729
f 10913 10766 10729
f 10453 10728 10634
f 11356 11355 11160
f 11395 11371 11358
f 11258 11276 11257
f 11256 11358 11047
f 10869 11141 11175
f 11217 11216 11174
f 10869 11175 11093
f 11140 11172 11115
f 11115 11252 11138
f 11272 10966 10865
f 11088 11251 10771
f 10939 10824 10769
f 10769 10824 10502
f 10668 10712 10531
f 10712 11026 10531
f 10531 11026 10498
f 11026 10860 10498
f 10497 10590 10823
f 10557 10710 10736
f 10664 10735 10853
f 10734 10732 10709
f 10767 10731 10708
f 10707 10708 10730
f 10708 10913 10730
f 10963 10935 10612
f 10849 11160 11079
f 11386 11374 11317
f 11358 11256 11117
f 11220 11259 11219
f 11258 11257 11219
f 11064 10999 11173
f 11092 11212 11091
f 11091 11172 10797
f 11172 11140 10797
f 11115 11138 11139
f 10925 10940 10824
f 10711 10792 10456
f 10666 10710 10375
f 10853 10663 10664
f 10663 10767 10662
f 10662 10733 10661
f 10733 10767 10661
f 10767 10708 10661
f 10661 10708 10690
f 10690 10708 10707
f 10660 10963 10612
f 10634 10728 10727
f 10727 10728 10850
f 10726 10817 10705
f 11047 11218 11143
f 11141 10869 11290
f 11064 11173 11092
f 11139 11138 10572
f 11354 11088 10743
f 10924 10712 10335
f 10335 10712 10668
f 10823 10711 10497
f 10470 10918 10667
f 10667 10710 10496
f 10496 10710 10666
f 10557 10736 10665
f 10408 10614 10706
f 10612 10765 10660
f 10612 10935 10524
f 10453 10495 10728
f 10705 10788 10402
f 11128 11079 11160
f 11128 11160 11355
f 11372 11395 11358
f 11177 11178 11179
f 11145 11178 11144
f 11256 11047 11117
f 11147 11176 10717
f 11218 11327 11143
f 10572 11115 11139
f 11090 11114 11089
f 10572 11138 11027
f 10693 10941 10940
f 10941 11112 10940
f 10824 10939 10925
f 10792 10737 10530
f 10692 10616 10530
f 10691 10790 10102
f 10314 10666 10375
f 10313 10710 10557
f 10664 10663 10635
f 10662 10661 10613
f 10556 10765 10468
f 10454 10765 10612
f 10522 10659 10610
f 10311 10453 10634
f 10403 10634 10850
f 10634 10727 10850
f 10705 10402 10726
f 10657 10788 10849
f 11318 11386 11317
f 11180 11145 11181
f 11146 11117 11065
f 10717 11176 11255
f 11046 11290 10972
f 11290 10869 10972
f 10928 10999 11064
f 11140 11115 10797
f 10797 11115 10927
f 11090 11089 11063
f 11211 10865 11027
f 10826 10898 11087
f 10939 10769 10738
f 10860 10590 10498
f 10560 10711 10456
f 10557 10665 10526
f 10635 10663 10615
f 10662 10613 10615
f 10661 10690 10613
f 10525 10614 10408
f 10408 10706 10556
f 10468 10765 10454
f 10764 10659 10211
f 10211 10659 10522
f 10849 11079 11058
f 11058 11079 11199
f 11317 11355 11318
f 11117 11146 11292
f 11146 11065 11292
f 11065 11048 11292
f 11001 11116 10973
f 11116 11046 10973
f 10928 11064 11092
f 10943 11092 11091
f 10743 10865 10966
f 10636 10941 10693
f 10940 10925 10693
f 10925 10939 10738
f 10029 10769 10502
f 10616 10691 10376
f 10529 10789 10470
f 10313 10375 10710
f 10663 10662 10615
f 10665 10614 10525
f 10408 10556 10455
f 10469 10556 10468
f 10524 10611 10523
f 10523 10611 10586
f 10522 10610 10495
f 10311 10658 10466
f 10311 10634 10658
f 10850 10817 10726
f 10431 10402 10788
f 10656 10788 10657
f 10657 10849 11058
f 11358 11117 11372
f 11065 11117 11002
f 10869 11093 10674
f 11093 10999 10967
f 10798 11092 10943
f 10943 11091 10797
f 10927 11115 10745
f 10924 10335 10502
f 10497 10711 10560
f 10792 10530 10456
f 10470 10667 10496
f 10558 10496 10666
f 10665 10525 10134
f 10586 10524 10523
f 10555 10589 10554
f 10589 10588 10554
f 10554 10588 10553
f 10588 10587 10553
f 10850 10726 10551
f 10431 10788 10656
f 10657 11058 10848
f 11199 11079 11128
f 11396 11395 11372
f 11372 11117 11333
f 11117 11291 11333
f 11328 11329 11346
f 11330 11331 11347
f 11347 11331 11332
f 11065 11002 11048
f 11092 10798 10928
f 10620 10572 11027
f 10771 11411 10998
f 10826 11087 10941
f 10501 10668 10532
f 10532 10668 10562
f 10564 10591 10563
f 10563 10591 10561
f 10668 10531 10562
f 10498 10590 10497
f 10530 10616 10376
f 10528 10559 10527
f 10526 10665 10134
f 10556 10469 10455
f 10366 10432 10609
f 10403 10850 10551
f 11316 10689 10763
f 11291 11117 11292
f 11292 11048 11293
f 10800 11147 10718
f 11117 11047 11002
f 10717 11255 11142
f 11142 11028 10799
f 10973 11046 10972
f 10674 11093 10971
f 10970 11000 10969
f 10971 11093 10967
f 10967 10999 10928
f 10745 11115 10572
f 10620 11027 10865
f 10966 11354 10743
f 10738 10769 10566
f 10769 10029 10566
f 10335 10668 10501
f 10534 10565 10533
f 10532 10562 10531
f 10497 10560 10107
f 10283 10530 10376
f 10334 10529 10315
f 10612 10524 10586
f 10611 10764 10211
f 10522 10495 10211
f 10656 10657 10848
f 11128 11355 11317
f 11399 11395 11396
f 11372 11333 11291
f 11147 10800 11221
f 11047 11143 11002
f 10799 11028 11001
f 10902 11001 10973
f 10970 10969 10944
f 10969 10968 10944
f 10798 10943 10866
f 10866 10943 10797
f 10743 11088 10795
f 10795 11088 10864
f 10899 10942 10926
f 10942 10898 10926
f 10898 10826 10670
f 10826 10941 10636
f 10535 10534 10500
f 10500 10534 10499
f 10534 10533 10499
f 10242 10498 10497
f 10456 10530 10176
f 10496 10558 10414
f 10558 10666 10414
f 10172 10454 10612
f 10495 10453 10312
f 10453 10311 10312
f 10431 10656 10400
f 11317 11399 11398
f 11221 10800 11148
f 11147 10717 10718
f 10717 11142 10799
f 10674 10971 10967
f 10866 10797 10596
f 10864 11088 10771
f 10771 10998 10739
f 10899 10926 10898
f 10029 10502 10140
f 10335 10501 10532
f 10531 10498 10242
f 10102 10790 10334
f 10414 10470 10496
f 10134 10525 10372
f 10469 10468 10454
f 10172 10612 10586
f 10466 10467 10311
f 10521 10552 10520
f 10403 10551 10490
f 10632 10689 10911
f 10911 10689 11316
f 11128 11362 11199
f 11128 11317 11303
f 11291 11292 11293
f 10975 11154 11266
f 11102 11704 11227
f 11298 11656 11297
f 11646 11666 11012
f 10930 11263 11664
f 11011 11697 11098
f 11280 11097 10903
f 10576 11189 10977
f 11009 11008 10976
f 10799 11001 10902
f 10973 10972 10695
f 10641 10972 10573
f 10674 10573 10972
f 10673 10928 10798
f 10597 10798 10828
f 10828 10798 10866
f 10899 10898 10473
f 10898 10827 10473
f 10794 10825 10793
f 10770 10693 10925
f 10140 10502 10335
f 10176 10530 10105
f 10102 10334 10418
f 10100 10375 10436
f 10375 10313 10436
f 10557 10526 10313
f 10372 10525 10213
f 10213 10525 9953
f 10455 10469 10408
f 10469 10454 10172
f 10432 10366 10332
f 10466 10658 10634
f 10452 10403 10490
f 10493 10521 10492
f 10492 10520 10491
f 10656 10848 10655
f 10633 10207 10689
f 10207 10763 10689
f 11316 10763 11357
f 11357 10763 11302
f 11362 11128 11303
f 11317 11398 11303
f 11399 11396 11397
f 10800 10929 11148
f 10929 10870 11148
f 11348 11222 11184
f 10975 11266 11067
f 11071 11154 11278
f 11278 11030 11071
f 11649 11657 11103
f 11688 11013 11227
f 11195 11648 11700
f 11647 11646 11123
f 11123 11646 11225
f 11264 11664 11263
f 11098 11697 11151
f 10979 11296 11280
f 10903 11191 10948
f 11662 10832 10947
f 10719 11189 10576
f 10801 11068 10677
f 11068 11032 10677
f 10946 11262 10945
f 10643 10870 10929
f 10695 10972 10641
f 10474 10597 10828
f 10901 10900 10867
f 10497 10107 10138
f 10560 10456 10439
f 10439 10456 10106
f 10105 10530 10283
f 10376 10691 10102
f 10417 10438 10416
f 10438 10437 10416
f 10416 10437 10415
f 10418 10334 10315
f 10529 10470 9954
f 10414 10666 10314
f 10435 10434 10412
f 10436 10313 10100
f 10526 10134 10313
f 9953 10525 10408
f 10406 10433 10405
f 10433 10407 10405
f 10332 10366 10494
f 10366 10609 10240
f 10490 10551 10452
f 11268 11235 11236
f 11198 10911 11316
f 11396 11372 11291
f 11293 11048 11182
f 10870 11118 11066
f 11229 11313 10932
f 11103 11657 11197
f 11197 11300 11265
f 11265 11704 11102
f 11688 11299 11013
f 11299 11686 11013
f 11686 11648 11013
f 11226 11298 11282
f 11282 11298 11281
f 11297 11685 11281
f 11646 11012 11033
f 11192 11645 11119
f 11052 11050 10947
f 10677 10946 10945
f 10872 10676 10831
f 10643 10929 10800
f 10972 10869 10674
f 10673 10967 10928
f 10830 10868 10829
f 10620 10865 10743
f 10670 10826 10636
f 10693 10770 10536
f 10536 10770 10925
f 10925 10738 10536
f 10242 10532 10531
f 10560 10439 10106
f 10418 10315 10102
f 9954 10470 10282
f 10413 10412 10374
f 10313 10409 9990
f 10411 10410 10373
f 10409 10313 10134
f 10408 10370 10133
f 10371 10406 10369
f 9487 10586 10611
f 10211 10495 10312
f 10311 10467 9441
f 10466 10634 10404
f 10519 10656 10655
f 10633 10689 10632
f 10911 11198 11159
f 11235 11268 11234
f 11234 11268 11267
f 11268 11236 11237
f 11148 10870 11066
f 11155 11266 11154
f 11125 11102 11227
f 11013 11648 11195
f 11120 11665 11192
f 11645 11264 11119
f 10506 10542 10978
f 11052 10947 10774
f 10749 10947 10832
f 10678 10801 10677
f 10945 11094 10873
f 10945 10873 10872
f 10871 10975 10644
f 10642 10643 10800
f 10474 10828 10866
f 10596 10797 10286
f 10827 10898 10670
f 10670 10636 10669
f 10566 10029 10177
f 10315 10529 9954
f 10314 10375 10100
f 9990 10409 10134
f 10134 10372 10213
f 9953 10408 10133
f 10369 10368 10333
f 10370 10408 10212
f 10408 10469 10212
f 10278 10494 10366
f 10403 10452 10401
f 10401 10452 10551
f 10401 10402 10431
f 10400 10656 10239
f 10239 10656 10519
f 11159 11198 11238
f 11285 11238 11198
f 11293 11182 11183
f 11184 11313 11229
f 11266 11155 11067
f 11101 11013 11195
f 11298 11297 11281
f 10776 10948 10978
f 10978 10874 10506
f 10747 10872 10831
f 10746 10870 10575
f 10575 10870 10643
f 10902 10973 10695
f 10287 10967 10673
f 10673 10798 10597
f 10286 10797 10927
f 10796 10745 10572
f 10743 10795 10619
f 10738 10566 10536
f 10335 10532 10242
f 10139 10497 10138
f 10107 10560 10106
f 10283 10376 9882
f 10282 10470 10414
f 10133 10370 10212
f 10173 10469 10172
f 10210 10211 10312
f 10332 10494 10098
f 10367 10366 10130
f 10366 10240 10130
f 10404 10634 10365
f 10551 10726 10402
f 11159 11238 11285
f 11293 11260 11312
f 11260 11293 11183
f 11228 11067 10981
f 10954 11197 11265
f 11194 11195 11152
f 11195 11226 11152
f 11226 11282 11193
f 11099 11123 11225
f 11225 11646 10752
f 10752 11646 11121
f 10508 11684 10750
f 11684 10906 10750
f 11120 11192 11119
f 10905 11263 10930
f 10930 10950 10875
f 11098 11151 10979
f 10802 11280 10903
f 10874 11052 10774
f 10774 10947 10749
f 10832 10719 10576
f 10385 10748 10621
f 10621 10748 10678
f 10677 10945 10540
f 10676 10871 10675
f 10642 10800 10718
f 10286 10927 10745
f 10745 10796 10744
f 10571 10619 10864
f 10619 10795 10864
f 10742 10772 10740
f 10714 10503 10864
f 10457 10739 10998
f 10140 10335 10108
f 10242 10497 10139
f 10414 10314 9925
f 9925 10314 10100
f 10210 10312 10241
f 10280 10281 10279
f 10312 10311 9923
f 9923 10311 9441
f 9984 10278 10130
f 10130 10278 10367
f 10278 10366 10367
f 10634 10403 10365
f 10365 10403 10401
f 10551 10402 10401
f 10401 10431 10363
f 10431 10127 10363
f 10431 10400 10127
f 10911 11159 11078
f 11359 11293 11312
f 11221 11148 11066
f 10932 11313 11019
f 10981 11067 11155
f 11030 11103 11071
f 11038 11125 11227
f 11196 11227 11013
f 11101 11195 11124
f 11124 11195 11153
f 11153 11195 11122
f 11195 11194 11122
f 11226 11193 11152
f 11121 11646 11033
f 10906 11684 11120
f 11264 11263 10905
f 10351 10874 10774
f 10675 10871 10644
f 10644 10975 10746
f 10773 10717 10902
f 10717 10799 10902
f 10596 10474 10866
f 10745 10744 10286
f 10286 10744 10796
f 10620 10743 10595
f 10595 10743 10619
f 10571 10864 10503
f 10503 10714 10716
f 10715 10716 10713
f 10741 10740 10713
f 10864 10771 10714
f 10771 10739 10457
f 10537 10636 10693
f 10103 10104 10283
f 9882 10376 9348
f 10102 10315 9955
f 10282 10414 9925
f 9924 9990 10134
f 10611 10211 9487
f 10241 10312 10054
f 10240 10609 9947
f 10609 10364 9947
f 10364 10093 9947
f 11285 11198 11316
f 11385 11303 11392
f 11303 11398 11392
f 11398 11399 11392
f 11399 11397 11392
f 11397 11396 11291
f 11291 11293 11383
f 11383 11293 11373
f 11293 11359 11373
f 11384 11222 11277
f 11222 11348 11277
f 11184 11229 11334
f 11019 11222 11126
f 11155 11154 11071
f 11103 11197 10954
f 11196 11013 11037
f 11194 11152 11122
f 11100 11123 11099
f 11119 11264 10905
f 10904 11098 10979
f 10949 10979 11280
f 10831 10676 10747
f 10747 10676 10599
f 10644 10746 10575
f 10674 10967 10287
f 10598 10287 10673
f 10503 10716 10457
f 10457 10716 10694
f 10716 10715 10694
f 10715 10713 10694
f 10714 10771 10694
f 9634 10029 10140
f 10108 10335 9489
f 10283 10104 10105
f 10100 10313 9990
f 10212 10469 10173
f 10173 10172 10099
f 10099 10172 10586
f 10054 10211 10210
f 10210 10241 10054
f 9345 10312 9923
f 10132 10278 10169
f 10207 10633 10451
f 10465 10632 10911
f 11285 11316 11357
f 11357 11302 11335
f 11362 11303 11391
f 11391 11303 11385
f 11265 11102 10954
f 11227 11196 11037
f 10880 11123 11100
f 10906 11120 11119
f 11011 11098 10904
f 10903 10948 10776
f 10945 10872 10747
f 10717 10773 10475
f 10773 10902 10475
f 10902 10695 10696
f 10571 10503 10618
f 10457 10694 10771
f 10827 10670 10669
f 10471 10536 10566
f 10335 10242 9489
f 10106 10456 10176
f 10103 10283 9882
f 9955 10315 9954
f 9925 10100 10101
f 10134 10213 9953
f 10025 9953 10133
f 9487 10211 10054
f 9441 10467 10171
f 10278 9916 10169
f 10130 10240 10277
f 11335 11302 11361
f 11392 11397 11385
f 11385 11397 11383
f 11397 11291 11383
f 10932 11019 10754
f 10981 11155 11071
f 11102 11125 10954
f 11038 11227 10908
f 10908 11227 11037
f 11070 11013 11124
f 11013 11101 11124
f 10950 11011 10805
f 10775 10978 10542
f 10351 10774 10577
f 10774 10749 10577
f 10749 10832 10577
f 10645 10748 10385
f 10323 10678 10677
f 10945 10747 10599
f 10574 10475 10902
f 10573 10674 10184
f 10640 10672 10639
f 10639 10672 10638
f 10672 10671 10638
f 10618 10503 10538
f 10457 10998 10637
f 10693 10536 10537
f 10566 10177 9957
f 9883 10242 10139
f 10137 10175 10136
f 10175 10174 10135
f 10212 10173 10099
f 10099 10586 9685
f 10054 10312 9345
f 10494 10278 10132
f 9777 10170 10166
f 10277 10240 9983
f 10127 10400 10239
f 10239 10519 10310
f 10206 10633 10465
f 10633 10632 10465
f 11078 11159 11105
f 11159 11285 11105
f 11361 11302 11349
f 11302 11384 11349
f 11384 11277 11349
f 11349 11277 11360
f 11348 11184 11284
f 11284 11334 11229
f 10954 11125 11038
f 11100 11099 10811
f 11012 11666 10778
f 10750 10906 11119
f 10905 10930 10875
f 10949 11280 10697
f 10802 10903 10720
f 10776 10978 10775
f 10352 10506 10874
f 10459 10977 10645
f 10902 10696 10574
f 10696 10695 10574
f 10574 10695 10641
f 10184 10674 10287
f 10598 10673 10597
f 10538 10619 10571
f 10538 10571 10618
f 10640 10639 10617
f 10827 10669 10472
f 10669 10636 10472
f 10472 10636 10537
f 10243 10566 9957
f 9633 10242 9883
f 10376 10102 9348
f 10101 10100 9254
f 10134 9953 9924
f 10494 10169 10098
f 10494 10132 10169
f 9777 10166 10024
f 9483 9776 9985
f 10240 9947 9983
f 10451 10633 10206
f 10911 11078 10688
f 10688 11078 11041
f 11072 11229 10932
f 10932 10754 10781
f 11103 10954 11016
f 11037 11013 11014
f 11035 11013 11070
f 11099 11225 10907
f 11225 10752 11034
f 11034 10752 10837
f 10805 11011 10804
f 10697 11280 10721
f 10721 11280 10802
f 10577 10832 10576
f 10420 10576 10977
f 10323 10677 10384
f 10676 10675 10441
f 10476 10675 10644
f 10475 10718 10717
f 10572 10620 10217
f 10570 10827 10593
f 10592 10594 10569
f 10568 10594 10567
f 10827 10472 10593
f 10339 10471 10566
f 9634 10140 9141
f 9141 10140 9884
f 10176 10105 9590
f 9925 10101 9254
f 9254 10100 9924
f 9924 10100 9990
f 10133 10212 9880
f 9589 10099 9685
f 10024 10166 9776
f 9952 10209 10167
f 10209 10208 10167
f 10127 10239 10238
f 11315 11285 11357
f 11314 11277 11348
f 11020 11229 11072
f 10981 11071 11018
f 11018 11071 11103
f 11017 11103 10931
f 10931 11103 11016
f 10954 11038 10908
f 11037 11014 11015
f 11036 11013 11035
f 10780 10880 11100
f 11225 11034 10837
f 10876 11121 11033
f 10876 11033 10603
f 10750 11119 10836
f 10836 11119 10905
f 10804 11011 10904
f 10904 10979 10949
f 10352 10874 10351
f 10541 10645 10385
f 10621 10678 10323
f 10677 10540 10384
f 10599 10676 10441
f 10643 10642 10504
f 10574 10641 10382
f 10246 10573 10184
f 10598 10597 10474
f 10321 10286 10379
f 10595 10619 10215
f 10215 10619 10538
f 10473 10827 10570
f 10537 10536 10471
f 9884 10140 9592
f 10140 10108 9592
f 9489 10242 9633
f 9992 10106 9590
f 10106 10176 9590
f 10105 10104 9590
f 9590 10104 9690
f 9778 10025 10133
f 9778 10133 9880
f 9880 10212 10099
f 10168 9952 10131
f 10167 10208 9952
f 10022 10051 9776
f 9915 10130 9983
f 10130 10277 9983
f 9821 10093 10129
f 10239 10310 10238
f 10465 10911 10688
f 11105 11285 11315
f 11360 11277 11301
f 11277 11314 11301
f 11334 11284 11184
f 10981 11018 10980
f 11018 11103 10980
f 11103 11017 10980
f 11014 11013 11036
f 10836 10905 10875
f 10903 10776 10720
f 10324 10542 10506
f 10420 10977 10459
f 10459 10645 10541
f 10540 10945 10458
f 10476 10644 10539
f 10379 10286 10796
f 10379 10796 10440
f 10796 10572 10440
f 10620 10595 10215
f 10570 10593 10472
f 10339 10566 10243
f 10177 9926 9957
f 10139 10138 9883
f 10138 10107 10106
f 10106 9992 9831
f 10057 10056 10028
f 10028 10056 10027
f 10056 10055 10027
f 9349 10104 10103
f 9686 9953 9778
f 9953 10025 9778
f 9487 9685 10586
f 9441 10171 9989
f 9987 11910 11889
f 11877 11889 11901
f 11889 11910 11901
f 9987 11889 11899
f 11899 11890 11882
f 11877 11901 11902
f 11901 11910 11906
f 10053 11910 11886
f 11897 11898 11896
f 11898 11900 11896
f 11890 11899 11889
f 11909 11908 11905
f 11905 11908 11904
f 11908 11907 11904
f 11903 11907 11902
f 9987 11899 11888
f 11892 11897 11891
f 11897 11896 11891
f 11896 11895 11891
f 11888 11893 11882
f 11893 11899 11882
f 11889 11877 10023
f 11877 11902 11874
f 11899 11893 11888
f 11890 11889 9775
f 9775 11889 10023
f 9681 11877 11874
f 11902 11901 11874
f 11910 10053 11872
f 10053 11886 11880
f 11888 11878 9987
f 11885 11887 11883
f 10053 11881 9919
f 11881 11894 9827
f 9877 11875 11894
f 11886 11910 11880
f 11885 11884 11879
f 9737 11877 9681
f 11873 11906 11910
f 9773 11875 9922
f 11880 11910 9584
f 9584 11910 9987
f 9987 11878 9739
f 9739 11878 11888
f 10023 11877 9737
f 11873 11910 11872
f 11872 10053 9919
f 9922 11875 9628
f 9628 11875 9877
f 10053 11880 9584
f 11882 11890 9534
f 9740 9877 11894
f 11894 11881 9388
f 11881 10053 9388
f 9739 11888 9986
f 11888 11882 9986
f 9681 11876 9531
f 9919 11881 9918
f 11881 9827 9918
f 9388 10053 9584
f 9534 11890 9775
f 9178 9681 9531
f 9920 11906 11873
f 9827 11894 11875
f 10131 10208 10168
f 10096 10097 10095
f 10022 9776 10166
f 10166 10170 10094
f 9916 10278 9984
f 9984 10130 9823
f 9823 10130 9915
f 9983 9947 9914
f 10092 10128 10091
f 10129 10093 10125
f 10364 10126 10093
f 10093 10126 10125
f 10125 10126 9982
f 11041 10988 10762
f 11315 11357 11233
f 11233 11357 11335
f 11314 11348 11284
f 11284 11229 11283
f 10754 11019 10840
f 11019 11126 10840
f 10953 10908 10952
f 10908 10951 10952
f 10908 11037 10951
f 11037 11015 10951
f 11100 10811 10546
f 10811 11099 10907
f 10907 11225 10837
f 10778 11666 10777
f 10950 10805 10875
f 10803 10804 10904
f 10721 10802 10720
f 10775 10542 10543
f 10385 10621 10350
f 10441 10675 10476
f 10539 10644 10575
f 10575 10643 10539
f 10504 10642 10475
f 10642 10718 10475
f 10641 10573 10382
f 10457 10637 10343
f 10537 10030 10214
f 10337 10336 10316
f 10177 10029 9634
f 10138 10106 9831
f 9993 10028 9991
f 10028 10027 9991
f 10027 10026 9991
f 9881 9924 9953
f 9830 10054 9345
f 9345 9923 9587
f 9584 9987 9739
f 9480 9534 9775
f 11874 11901 11906
f 9920 11873 11872
f 9827 11875 9475
f 9335 10168 9826
f 10168 10208 9826
f 10097 10096 10052
f 10096 10095 10052
f 10050 10092 10049
f 10092 10091 10049
f 10207 10451 10090
f 10608 11041 10762
f 11232 11361 11349
f 11230 11283 11229
f 10781 11072 10932
f 11016 10954 10931
f 10931 10954 10879
f 10809 11033 10778
f 11033 11012 10778
f 10698 10904 10949
f 10776 10775 10720
f 10720 10775 10600
f 10543 10542 10324
f 10945 10599 10458
f 10287 10598 10474
f 10217 10620 10215
f 10178 10503 10457
f 10318 10317 10285
f 10285 10317 10284
f 10338 10339 10243
f 9993 9991 9956
f 9690 10104 9349
f 10103 9488 9349
f 10102 9955 9348
f 9955 9744 9348
f 9954 10282 9689
f 9688 10282 9925
f 9487 10054 9879
f 9952 10168 9743
f 9988 9773 9585
f 9773 9922 9585
f 9922 9950 9585
f 9951 9949 9921
f 9338 9681 9178
f 9681 11874 11876
f 9988 10168 9335
f 10050 10049 10021
f 9821 10125 9982
f 11230 11229 11020
f 11020 11072 11021
f 10837 10752 10810
f 10752 11121 10876
f 10603 11033 10809
f 10875 10805 10836
f 10803 10904 10722
f 10458 10599 10442
f 10476 10539 10505
f 10382 10573 10246
f 10287 10474 9929
f 10286 10321 10245
f 10215 10538 10503
f 10178 10457 10142
f 10343 10637 10378
f 10473 10570 10419
f 10471 10339 10537
f 10339 10338 10030
f 10030 10338 10243
f 9143 10177 9634
f 9592 10108 9489
f 9992 9590 9831
f 9882 9348 9632
f 9254 9924 9687
f 9687 9924 9881
f 9881 9953 9686
f 9306 9778 9631
f 9880 10099 9631
f 9879 10054 9830
f 9483 9985 9878
f 9743 10168 9683
f 9585 9950 9628
f 9950 9922 9628
f 9986 11882 9534
f 9775 10023 9302
f 9302 10023 9242
f 9242 10023 9737
f 11876 11874 9531
f 9531 11874 9580
f 9774 11875 9773
f 9527 9988 9335
f 10022 10166 10094
f 9916 9984 9948
f 9947 10093 9821
f 10129 10125 9821
f 11041 11078 10988
f 11349 11360 11301
f 11127 11284 11039
f 10840 11126 10880
f 10954 10908 10879
f 10879 10908 10953
f 10813 10880 10780
f 10546 10780 11100
f 10839 10907 10837
f 10836 10805 10834
f 10646 10775 10543
f 10577 10576 10420
f 10459 10541 10144
f 10350 10621 10323
f 10384 10540 10458
f 10442 10599 10289
f 10289 10599 10441
f 10476 10505 10349
f 10505 10539 10349
f 10643 10504 10247
f 9697 10184 10287
f 10286 10474 10596
f 10142 10457 10343
f 10214 10472 10537
f 10103 9882 9632
f 9689 10282 9688
f 9778 9880 9631
f 9685 9487 9589
f 9776 9483 9484
f 9683 10168 9828
f 11894 9388 8946
f 9538 9584 9739
f 9739 9986 9534
f 9480 9775 9435
f 9985 10051 9917
f 10051 10022 9734
f 9948 9984 9876
f 9947 9821 9913
f 9980 10090 10451
f 10206 10465 10309
f 11078 11105 11108
f 11233 11335 11361
f 11231 11314 11284
f 11039 11284 11230
f 11284 11283 11230
f 10811 10510 10546
f 10510 10811 10753
f 10810 10811 10907
f 10810 10907 10839
f 10878 10877 10838
f 10810 10752 10779
f 10508 10750 10680
f 10648 10836 10834
f 10835 10833 10808
f 10807 10833 10806
f 10624 10804 10803
f 10722 10904 10698
f 10721 10720 10600
f 10250 10506 10352
f 10351 10577 10420
f 10249 10420 10459
f 10504 10475 10288
f 10572 10217 10440
f 10217 10215 10216
f 10215 10503 10178
f 10142 10343 9964
f 10378 10637 9964
f 10419 10570 10244
f 9926 10177 9143
f 9883 10138 9831
f 9255 9744 9955
f 9955 9954 9689
f 9879 9830 9588
f 9587 9923 8949
f 9776 9484 10024
f 9829 9743 9683
f 9828 10168 9988
f 9740 11894 8946
f 9775 9302 9738
f 9920 11872 9919
f 9773 9988 9735
f 10051 9734 9917
f 9915 9983 9525
f 9914 9947 9384
f 9982 10126 10020
f 10688 11041 10608
f 10988 11078 11108
f 11105 11315 11233
f 11233 11361 10960
f 11054 11361 11232
f 11349 11301 11232
f 11022 11021 11072
f 11072 10701 10955
f 10625 11072 10781
f 10583 10781 10754
f 10513 10754 10881
f 10840 10880 10813
f 10752 10876 10603
f 10723 10778 10777
f 10648 10834 10805
f 10805 10804 10477
f 10721 10949 10697
f 10600 10775 10544
f 10061 10420 10249
f 10144 10541 10385
f 10289 10441 10186
f 10441 10476 10349
f 10349 10539 10643
f 9929 10474 10286
f 10379 10440 10143
f 10143 10440 10217
f 10030 10537 10339
f 9141 9884 9592
f 9925 9254 9688
f 9686 9778 9306
f 9631 10099 9253
f 9923 9441 8949
f 9485 9777 10024
f 9743 9829 9741
f 9829 9683 9741
f 9877 9740 9628
f 9534 9480 9129
f 9180 9242 9737
f 9736 11875 9774
f 9229 9916 9948
f 9876 9984 9823
f 9822 9915 9525
f 9983 9914 9384
f 9947 9913 9384
f 9913 9821 9227
f 9821 9982 9676
f 10518 10608 10762
f 11301 11314 11104
f 11104 11314 11231
f 11039 11230 11020
f 11020 11021 11022
f 10625 10701 11072
f 10684 10754 10840
f 10780 10812 10683
f 10812 10780 10604
f 10780 10546 10604
f 10753 10811 10810
f 10839 10837 10810
f 10650 10779 10752
f 10777 11666 10751
f 10698 10949 10721
f 10775 10646 10544
f 10646 10543 10544
f 10384 10458 10442
f 10349 10643 10247
f 10288 10475 10574
f 10321 10379 10143
f 10343 10378 10319
f 10319 10377 10342
f 10342 10377 10341
f 10341 10377 10340
f 10243 9957 9832
f 9832 9957 9926
f 9634 9141 9490
f 9831 9779 9883
f 9883 9779 9591
f 9591 9779 9831
f 9488 10103 9632
f 9255 9955 9689
f 9881 9686 9444
f 10099 9589 9253
f 9684 9742 9682
f 9828 9988 9585
f 9538 9739 9041
f 9435 9775 9738
f 9336 9919 9918
f 9823 9915 9822
f 10309 10465 10308
f 10308 10465 10688
f 10960 11361 11054
f 11231 11284 11127
f 11022 11072 10955
f 10583 10754 10513
f 10684 10881 10754
f 10809 10778 10723
f 10750 10836 10649
f 10803 10722 10623
f 10324 10506 10250
f 10061 10351 10420
f 10144 10385 10248
f 10186 10441 10349
f 10378 9964 10319
f 9964 10343 10319
f 10342 10341 10320
f 10030 10243 9832
f 9831 9590 9591
f 9348 9744 9255
f 9252 9253 9589
f 9684 9682 9630
f 8666 9683 9828
f 9737 9681 9338
f 9177 11874 11906
f 9918 9827 9475
f 9475 11875 9736
f 9774 9773 9736
f 9735 9988 9527
f 9825 9824 9772
f 10688 10608 10308
f 11156 11157 11158
f 11057 10988 11108
f 11105 11233 10960
f 11104 11231 11127
f 11022 10955 10701
f 10683 10812 10681
f 10393 10510 10810
f 10510 10753 10810
f 10545 10777 10390
f 10390 10777 10751
f 10836 10648 10649
f 10648 10805 10477
f 10477 10804 10679
f 10679 10804 10624
f 10624 10803 10623
f 10722 10698 10647
f 10443 10721 10600
f 10037 10600 10544
f 10000 10352 10351
f 10225 10323 10384
f 10384 10442 10289
f 9785 10382 10381
f 10382 10246 10381
f 10345 10380 10344
f 9929 10286 10110
f 10245 10110 10286
f 10244 10570 10141
f 10570 10472 10141
f 9539 9926 9143
f 9446 9489 9633
f 9633 9883 9311
f 9311 9883 9591
f 8958 9488 8957
f 9488 9632 8957
f 9487 9879 9588
f 9630 9629 9586
f 9585 9628 9481
f 9582 9583 9581
f 9583 9627 9581
f 9537 9739 9040
f 9040 9739 9534
f 11906 9920 8944
f 9920 9919 9336
f 9823 9822 9525
f 9525 9983 9384
f 9227 9821 9678
f 10276 10608 10518
f 10986 11108 11055
f 11055 11108 11105
f 11039 11020 11022
f 10483 10840 10813
f 10813 10780 10683
f 10482 10681 10812
f 10810 10779 10650
f 10809 10723 10777
f 10680 10750 10478
f 10478 10750 10649
f 10623 10722 10647
f 10698 10721 10444
f 10146 10250 10352
f 10146 10352 10000
f 10249 10459 10144
f 9842 10385 10226
f 10226 10385 10350
f 10350 10323 10225
f 10348 10383 10347
f 10347 10383 10346
f 9785 10381 10246
f 9697 10287 9641
f 10109 10245 10218
f 10245 10321 10218
f 9964 10637 9885
f 9143 9634 9490
f 9690 9349 9139
f 8957 9632 9348
f 8586 9689 9688
f 9444 9686 9306
f 9306 9631 9253
f 9587 8949 9345
f 9305 8666 9828
f 9340 9740 8946
f 9388 9584 9538
f 9041 9739 9537
f 9583 9582 9536
f 9536 9582 9535
f 8843 9435 9738
f 9177 11906 9530
f 9773 9735 9527
f 9734 10022 9576
f 9876 9823 9432
f 9680 9733 9679
f 9821 9676 9678
f 10206 10309 10308
f 10884 11054 11232
f 11104 11127 11039
f 10956 11039 11022
f 11022 10701 10882
f 10684 10840 10483
f 10483 10813 10683
f 10700 10699 10682
f 10603 10650 10752
f 10809 10777 10545
f 10477 10679 10507
f 10679 10624 10507
f 10443 10600 10388
f 10600 10387 10388
f 10387 10600 10037
f 10225 10384 10289
f 10114 10186 10322
f 10186 10349 10322
f 10322 10349 10114
f 10185 10504 10288
f 10288 10574 9785
f 10574 10382 9785
f 10245 10109 10110
f 10220 10222 10219
f 10109 10218 10221
f 9748 10216 10215
f 10142 9964 10032
f 10472 10214 10141
f 10214 10030 9833
f 9832 9926 9492
f 9141 9592 9051
f 9051 9592 9489
f 9347 9348 9255
f 9255 9689 8586
f 9254 9687 9444
f 9687 9881 9444
f 9588 9830 9345
f 9441 9989 9486
f 10024 9484 9394
f 9305 9828 9585
f 9628 9740 9481
f 9041 9537 9040
f 9479 9533 9478
f 9478 9533 9477
f 9533 9532 9477
f 9337 9338 9178
f 8841 9580 11874
f 9530 11906 9625
f 9625 11906 8944
f 9920 9336 9476
f 9736 9773 9299
f 9385 9823 9525
f 9172 9227 9678
f 9679 9677 9624
f 9979 10451 10206
f 10206 10308 10307
f 10308 10608 10276
f 10704 10762 10787
f 11232 11301 11104
f 10782 10882 10701
f 10514 10755 10701
f 10625 10781 10428
f 10681 10482 10683
f 10357 10546 10510
f 10425 10810 10650
f 10603 10809 10479
f 10649 10648 10448
f 10623 10647 10579
f 10351 10061 9999
f 10248 10385 9842
f 10114 10349 9887
f 9641 10287 9929
f 10183 10223 10182
f 10223 10222 10182
f 10222 10220 10181
f 10181 10220 10180
f 10221 10218 9965
f 10143 10217 10179
f 10217 10216 9995
f 9748 10215 10178
f 10141 10214 9833
f 9833 10030 9832
f 9307 9590 9690
f 8959 9488 8958
f 9252 9589 8846
f 9589 9487 8846
f 8846 9487 9588
f 9046 9485 10024
f 9483 9878 9251
f 9439 9482 9438
f 9534 9129 9040
f 9129 9480 9437
f 9738 9302 8843
f 9302 9242 8327
f 9242 9180 9241
f 9180 9737 9338
f 9579 9626 9577
f 9335 9826 9334
f 9576 10022 10094
f 9524 9384 9913
f 9524 9913 9122
f 9678 9676 9172
f 9296 9676 9675
f 9675 9676 9982
f 9675 9982 9981
f 9982 10020 9981
f 10020 10126 9981
f 9980 10451 9431
f 10451 9979 9431
f 9979 10206 10307
f 10307 10308 10399
f 10787 10762 10988
f 10987 10988 11076
f 10988 11057 11076
f 11077 11107 11075
f 11107 11106 11074
f 11108 10986 11057
f 11055 11105 10844
f 10884 11232 11040
f 11040 11232 11104
f 10883 11104 10933
f 11104 11039 11053
f 10513 10881 10684
f 10482 10812 10604
f 10624 10623 10579
f 10602 10622 10601
f 10444 10721 10443
f 10386 10544 10543
f 10001 10250 10146
f 10000 10351 9999
f 10225 10289 10224
f 10289 10186 10224
f 10185 10247 10504
f 10218 10321 9965
f 9995 10179 10217
f 9885 10637 9594
f 9963 10141 9833
f 9492 9926 9539
f 9051 9489 9446
f 9050 9446 9633
f 9311 9591 9590
f 9349 9488 9399
f 8953 9254 9396
f 9254 9444 9396
f 9398 9443 9397
f 9443 9442 9397
f 9397 9442 9395
f 9444 9306 9192
f 9192 9306 9047
f 9441 9486 8949
f 9046 10024 9394
f 9393 9440 9392
f 9392 9440 9391
f 9394 9484 9344
f 9484 9483 9251
f 9390 9438 9389
f 9481 9740 9340
f 9190 8946 9388
f 9388 9538 9041
f 9437 9480 9435
f 9436 9435 8843
f 9337 9178 8744
f 9178 9531 9125
f 9531 9580 8841
f 9578 9577 9529
f 8944 9920 9034
f 9528 9299 9773
f 9123 9826 9526
f 9826 10208 9526
f 9298 9229 9948
f 9823 9385 9432
f 9122 9913 9227
f 10518 10762 10704
f 10847 10988 10724
f 11075 11074 11056
f 11074 11073 11056
f 10934 10960 10884
f 10884 10960 11054
f 10933 11104 11053
f 10514 10701 10359
f 10701 10625 10359
f 10393 10810 10356
f 10390 10751 10581
f 10602 10601 10580
f 10580 10601 10578
f 10579 10647 10354
f 10251 10324 10250
f 9891 10249 10144
f 10109 10221 9965
f 10321 10143 9782
f 10032 9964 9835
f 9593 9492 9539
f 9633 9311 9050
f 8849 9590 9309
f 9401 9402 9400
f 9402 9445 9400
f 9139 9307 9690
f 9688 9254 9193
f 9398 9397 9346
f 9397 9395 9346
f 9345 8949 9138
f 9394 9344 9251
f 9392 9391 9343
f 9342 9389 9341
f 9585 9481 9250
f 9437 9435 9339
f 9339 9435 9303
f 9435 9436 9303
f 9436 8843 9303
f 9036 9180 9338
f 9179 8744 9178
f 11874 9177 8742
f 9177 9530 9625
f 9034 9920 9476
f 9475 9736 9386
f 9299 9528 9434
f 9528 9773 9434
f 9773 9527 9434
f 9334 9826 8656
f 9385 9525 9384
f 10399 10308 10276
f 11057 10986 11076
f 10986 10987 11076
f 10986 11055 10844
f 11040 11104 10883
f 10625 10428 10359
f 10512 10483 10683
f 10356 10810 10425
f 10392 10650 10603
f 10461 10545 10582
f 10582 10545 10390
f 10296 10477 10460
f 10624 10579 10354
f 10386 10543 10324
f 10061 10249 10145
f 10350 10225 10060
f 10224 10186 10225
f 10186 9888 9997
f 9887 10349 10247
f 9929 10110 9354
f 10143 10179 9995
f 10178 10142 10032
f 9594 10637 10031
f 9833 9832 9959
f 9143 9490 9142
f 9051 9446 9050
f 9402 9401 9351
f 9351 9401 9350
f 9401 9400 9350
f 9139 9349 9256
f 9349 9399 9256
f 9399 9488 9256
f 8957 9348 8956
f 9348 9347 8956
f 8953 9396 9444
f 9344 9484 9251
f 9305 9585 9250
f 8746 9481 9340
f 9039 9437 8511
f 8511 9437 9186
f 9437 9339 9186
f 9181 9241 8745
f 9240 8745 9241
f 9338 9337 9239
f 9337 8744 9239
f 8841 11874 8742
f 9625 8944 9387
f 9475 9124 9918
f 8840 9124 9475
f 9386 9736 9033
f 9736 9299 9033
f 8656 9826 9123
f 9948 9876 9298
f 9432 9385 8575
f 9227 9172 8736
f 10307 10399 10276
f 10489 10518 10704
f 10724 10988 10987
f 10986 10844 10845
f 10884 11040 10883
f 11053 11039 10956
f 10909 10956 11022
f 10782 10701 10755
f 10781 10583 10428
f 10428 10583 10513
f 10684 10483 10513
f 10683 10482 10449
f 10604 10358 10462
f 10358 10604 10481
f 10604 10546 10481
f 10480 10425 10650
f 10423 10809 10545
f 10509 10545 10355
f 10461 10582 10390
f 10264 10508 10680
f 10648 10477 10448
f 10447 10507 10624
f 10647 10698 10353
f 10443 10388 10258
f 10250 10187 10251
f 9999 10061 10034
f 10145 10249 9892
f 9751 10350 10060
f 9787 10114 9996
f 10114 9887 9996
f 9887 10247 10033
f 10033 10247 10185
f 10033 10185 10288
f 10184 10111 10246
f 10109 9965 10110
f 10216 9748 9638
f 9748 10178 10032
f 9994 9958 9960
f 9959 9832 9780
f 9593 9539 9540
f 9311 9590 8849
f 9351 9350 9310
f 9309 9590 9308
f 9308 9590 9307
f 9256 9488 8959
f 8586 9688 9193
f 9306 9253 9047
f 8950 9345 9138
f 9046 9394 9251
f 9250 9481 9249
f 9249 9481 8746
f 9190 9388 9041
f 8514 9437 8663
f 8663 9437 9039
f 9248 9304 9247
f 9339 9303 9246
f 9244 9245 9243
f 9302 8327 8843
f 9240 9241 9180
f 9036 9338 9239
f 9239 8744 9036
f 8743 9178 9125
f 9299 9434 8657
f 9526 9433 9123
f 9298 9876 9432
f 9297 9432 8836
f 8407 9385 9384
f 9676 9296 9172
f 10362 10276 10518
f 10489 10704 10631
f 10631 10704 10607
f 10787 10988 10847
f 10841 10883 10959
f 10985 11023 10984
f 10983 10984 10982
f 10984 11023 10982
f 10959 10883 10933
f 10841 10933 10910
f 10933 11053 10956
f 10078 10755 10359
f 10482 10604 10462
f 10357 10510 10511
f 10480 10650 10392
f 10479 10809 10423
f 10423 10545 10509
f 10264 10680 10478
f 10478 10649 10448
f 10446 10447 10624
f 10353 10698 10444
f 10388 10387 10037
f 10147 10324 10251
f 10290 10251 10187
f 10001 10146 10000
f 9788 10061 9892
f 10061 10145 9892
f 9892 10249 9891
f 10226 10350 9751
f 9998 10225 9997
f 10225 10186 9997
f 9785 10246 10058
f 10113 10112 10059
f 10058 10246 10111
f 9965 10321 9783
f 9781 9995 10216
f 9962 9961 9928
f 9928 9961 9927
f 9491 9447 9448
f 9540 9539 9312
f 8751 9539 9143
f 8672 9051 9050
f 9050 9311 9140
f 9140 9311 9049
f 9049 9311 8849
f 8955 8956 9347
f 9193 9254 8847
f 8847 9254 8419
f 9254 8953 8419
f 8953 9444 8952
f 9444 9048 8952
f 9047 9253 9252
f 8846 9047 9252
f 8951 8846 9588
f 9588 9345 8951
f 8951 9345 8950
f 9249 8746 9250
f 9189 9247 9187
f 9187 9247 9185
f 9339 9246 9038
f 9245 9244 9184
f 9183 9244 9182
f 9244 9243 9182
f 9241 8327 9242
f 8745 9240 9180
f 9177 9625 9233
f 8660 9336 9918
f 9033 9299 8657
f 9527 9335 8740
f 9384 9524 8739
f 9820 9675 9981
f 10704 10787 10630
f 10934 10844 11105
f 10757 10884 10883
f 10883 10841 10842
f 10984 10983 10958
f 10983 10982 10957
f 10270 10755 10078
f 10755 10514 10359
f 10269 10428 10513
f 10481 10546 10357
f 10071 10511 10393
f 10511 10510 10393
f 10392 10603 10479
f 10355 10545 10461
f 10448 10477 10296
f 10421 10507 10447
f 10446 10624 10445
f 10256 10544 10386
f 10147 10251 10290
f 10187 10250 9844
f 9844 10250 10001
f 10144 10248 9891
f 9842 10226 9841
f 10186 10114 9787
f 9930 9996 9887
f 9785 10058 10111
f 10110 9965 9640
f 9836 9782 10143
f 9836 10143 9781
f 10143 9995 9781
f 9546 9835 9964
f 9546 9964 9885
f 9963 9833 8589
f 9833 9959 9780
f 9449 9448 9403
f 9312 9539 8751
f 8675 9143 9142
f 9142 9490 8675
f 8424 9490 9141
f 8849 9309 9308
f 9308 9307 9139
f 8959 8958 8521
f 9444 9192 9048
f 9048 9192 9047
f 9135 9191 9134
f 9305 9250 9043
f 9132 9133 9131
f 9131 9133 9130
f 8947 9340 8946
f 8946 9190 8518
f 9129 9437 8514
f 9189 9188 9128
f 9188 9187 9127
f 9187 9185 9127
f 9339 8511 9186
f 9183 9182 9126
f 9246 9303 9038
f 8141 9037 9181
f 8662 9180 9036
f 9179 9178 8743
f 9625 9387 9233
f 9336 9231 9476
f 9231 9336 8660
f 9918 9124 8659
f 9475 9386 9033
f 8504 9334 8656
f 9298 9432 9297
f 8739 9524 9122
f 9172 9296 8936
f 8572 9296 8497
f 9296 9675 8935
f 10165 10307 10276
f 10362 10518 10489
f 10489 10631 10607
f 10630 10787 10847
f 10987 10986 10724
f 11105 10960 10934
f 10959 10933 10841
f 10910 10933 10909
f 10933 10956 10909
f 10627 10909 11022
f 10882 10782 10783
f 10782 10755 10783
f 10464 10755 10270
f 10483 10512 10329
f 10512 10683 10427
f 10449 10482 10463
f 10358 10481 10357
f 10358 10357 10231
f 10425 10480 10392
f 10391 10392 10479
f 10478 10448 10296
f 10296 10460 10507
f 10460 10477 10507
f 10295 10647 10353
f 10353 10444 10389
f 10444 10443 10389
f 10148 10388 10037
f 10544 10257 10037
f 10257 10544 10065
f 10293 10325 10292
f 10292 10325 10291
f 10256 10386 10147
f 10386 10324 10147
f 10062 10187 9844
f 10000 9999 9843
f 9891 10248 9966
f 9966 10248 9497
f 9497 10248 9890
f 10248 9842 9890
f 10225 9998 10060
f 9785 10111 9837
f 9354 10110 9696
f 9640 9965 9886
f 9886 9965 9783
f 9781 10216 9638
f 9748 10032 9835
f 9885 9594 9745
f 9832 9492 9780
f 9544 9492 9408
f 9593 9540 9492
f 9449 9450 9407
f 9406 9450 9405
f 9540 9312 9404
f 9490 8424 8673
f 8424 9141 9051
f 8154 9308 9139
f 8958 8957 8750
f 9347 9255 8954
f 9486 9137 8949
f 8331 8949 9137
f 9878 9136 9251
f 9133 9132 9045
f 9045 9132 9044
f 9131 9130 9042
f 8746 9340 8947
f 9041 9040 8517
f 8510 9181 9037
f 8141 9181 8745
f 8662 9036 8945
f 9125 9531 8841
f 8742 9177 8508
f 9238 9236 9237
f 9177 9233 9236
f 9301 9300 9237
f 9234 9235 9232
f 8323 9124 8840
f 9434 9527 8657
f 8657 9527 8740
f 9335 9334 8504
f 9298 9297 9228
f 8407 9384 8739
f 8936 9296 8572
f 9979 10307 9912
f 9732 9912 10307
f 10398 10489 10607
f 10725 10847 10724
f 10844 10934 10884
f 10627 11022 10882
f 10756 10882 10783
f 10120 10359 10429
f 10359 10428 9805
f 10232 10513 10329
f 10513 10483 10329
f 10329 10512 10427
f 10449 10463 10426
f 10463 10482 10426
f 10426 10482 10119
f 10482 10462 10358
f 10356 10425 10268
f 10391 10479 10423
f 10423 10509 10355
f 10228 10390 10068
f 10390 10581 10422
f 10447 10446 10445
f 10326 10389 10443
f 10116 10388 10148
f 10293 10292 10255
f 10292 10291 10254
f 10253 10291 10252
f 10063 10062 10035
f 9843 9999 9790
f 9554 10034 10061
f 10226 9751 9841
f 10060 9998 9889
f 10033 9930 9887
f 10033 10288 9838
f 9838 10288 9785
f 9549 10111 10184
f 9641 9929 9354
f 9783 10321 9782
f 9833 9780 8589
f 9544 9780 9492
f 9492 9540 9408
f 9540 9404 9052
f 9406 9405 9352
f 9404 9312 9052
f 8675 8751 9143
f 8423 9050 8332
f 9050 9140 9049
f 8849 9308 8154
f 9139 9256 8848
f 8750 8956 8955
f 8421 9347 8954
f 8954 9255 8586
f 8586 9193 8847
f 8953 8952 8419
f 8952 9048 9047
f 9138 8949 8331
f 9046 9251 9136
f 8665 9305 8948
f 9305 9043 8948
f 8948 9043 9250
f 9190 9041 8518
f 8517 9040 8516
f 8663 9039 8511
f 8511 9339 9038
f 8145 9181 8842
f 9181 8510 8842
f 8510 9037 7769
f 9036 8744 8579
f 8234 9179 8058
f 9238 9237 9176
f 9237 9235 9176
f 9235 9234 9176
f 8741 9236 9175
f 9236 9233 9175
f 9233 9387 9175
f 8944 9034 9035
f 9231 8660 9476
f 8943 8840 9475
f 8740 9335 9032
f 9032 9335 8504
f 9174 9230 9173
f 9229 9298 8577
f 9298 9228 8577
f 8575 9385 8407
f 9227 8736 9122
f 8499 8736 9172
f 8935 9675 9674
f 9675 9820 9674
f 9523 9979 9912
f 9732 10307 10165
f 10585 10884 10757
f 10841 10910 10628
f 10427 10449 10426
f 10357 10511 10071
f 10391 10423 10424
f 10424 10423 10045
f 10461 10390 10355
f 10390 10422 10068
f 10264 10478 10263
f 10296 10507 10421
f 10445 10624 10190
f 10190 10624 10354
f 10647 10295 10354
f 10258 10388 10116
f 10037 10257 10065
f 10544 10256 10065
f 10063 10035 10036
f 10035 10002 10036
f 9556 10062 9844
f 10001 10000 9843
f 9554 9999 10034
f 10061 9788 9554
f 9497 9891 9966
f 9998 9997 9888
f 9837 10111 9549
f 9886 9783 9640
f 9546 9885 9834
f 9834 9885 9745
f 8960 9312 8751
f 8674 8675 9490
f 8424 9051 8672
f 8672 9050 8423
f 9050 9049 8332
f 9049 8849 8332
f 8521 8958 8750
f 8957 8956 8750
f 8955 9347 8421
f 8153 8952 9047
f 8669 9047 8846
f 8846 8951 8417
f 8331 9137 8845
f 8845 9137 8844
f 8948 9250 8665
f 8665 9250 8746
f 8947 8946 8518
f 8518 9041 8517
f 8516 9040 8515
f 8515 9129 8514
f 8148 8514 8664
f 8327 9241 8145
f 8580 9037 8141
f 8745 9180 8662
f 8662 8945 8509
f 8945 9036 8509
f 8509 9036 8579
f 8579 8744 8661
f 8058 9179 8743
f 8743 9125 8140
f 8508 9177 8741
f 9177 9236 8741
f 9034 9476 8056
f 9918 8659 8660
f 8943 9475 9033
f 8655 8656 9123
f 9228 9297 8836
f 9432 8575 8836
f 8739 9122 8498
f 8499 9172 8049
f 10205 10398 10607
f 10724 10986 10846
f 10846 10986 10760
f 10760 10986 10686
f 10844 10884 10685
f 10685 10884 10585
f 10757 10883 10842
f 10627 10882 10756
f 10755 10464 10584
f 10076 10119 10358
f 10119 10482 10358
f 10076 10358 10231
f 10357 10071 10196
f 10268 10425 10392
f 10230 10391 10328
f 10328 10391 10045
f 10391 10424 10045
f 10045 10423 10194
f 10389 10326 10353
f 10326 10443 10258
f 10065 10256 10147
f 10290 10187 10147
f 10147 10187 10064
f 10062 9556 10187
f 9844 10001 9843
f 9841 9751 9552
f 9840 9751 9889
f 9751 10060 9889
f 9888 10186 9787
f 9786 9787 9996
f 9786 9996 9930
f 9784 9785 9837
f 9549 10184 9697
f 9697 9641 9452
f 9696 10110 9640
f 9782 9836 9695
f 9748 9835 9547
f 9546 9834 9745
f 9408 9540 9052
f 9052 9312 8960
f 8848 9256 8068
f 8068 9256 8587
f 9256 8959 7990
f 8422 8959 8521
f 8586 8847 8420
f 8519 9047 8669
f 8417 8951 8668
f 8668 8951 8950
f 8950 9138 8242
f 8242 9138 7852
f 8331 8845 8749
f 8845 8844 8749
f 9040 9129 8515
f 8513 8663 8511
f 9038 9303 8843
f 8146 8843 8327
f 9241 9181 8145
f 8414 8141 8745
f 8414 8745 8662
f 8414 8662 8509
f 8056 9476 8660
f 8659 9124 8323
f 9033 8657 8942
f 8740 9032 8411
f 9123 9433 9030
f 8574 8407 8739
f 8738 8739 8498
f 8049 9172 8936
f 8497 9296 8935
f 9431 9979 9474
f 9732 10165 10276
f 10276 10362 10089
f 10362 10489 10089
f 10089 10489 10398
f 10488 10607 10704
f 10550 10630 10847
f 10606 10847 10687
f 10687 10847 10761
f 10761 10847 10725
f 10761 10724 10760
f 10724 10846 10760
f 10986 10845 10686
f 10845 10844 10686
f 10815 10843 10814
f 10686 10844 10785
f 10757 10842 10841
f 10702 10841 10628
f 9905 10078 10359
f 10429 10359 10018
f 10513 10394 10269
f 10071 10393 10356
f 10194 10423 10355
f 10390 10156 10355
f 10156 10390 10229
f 10390 10228 10229
f 10478 10296 10297
f 10295 10353 10327
f 10327 10353 10261
f 10353 10326 10261
f 9703 9844 9843
f 9790 9999 9554
f 9454 9497 9890
f 9889 9998 9888
f 9783 9782 9695
f 9548 9781 9638
f 9546 9745 9636
f 9594 9692 9745
f 9594 10031 9691
f 9139 8848 8068
f 8421 8954 8586
f 8153 8419 8952
f 8153 9047 8519
f 8846 8417 8669
f 8748 8747 8667
f 8746 8947 8665
f 8515 8514 8415
f 8514 8663 8664
f 8062 8513 8511
f 8147 8511 8512
f 8511 9038 7923
f 8661 8744 9179
f 8058 8743 8140
f 9125 8841 8413
f 8839 8942 8657
f 8655 9123 9031
f 9031 9123 9030
f 8938 8939 8937
f 8833 8738 8498
f 9122 8736 8498
f 9333 9431 9474
f 9732 10276 10089
f 10205 10607 10488
f 10550 10488 10704
f 10786 10816 10784
f 10628 10910 10654
f 10756 10783 10651
f 10783 10755 10651
f 10651 10755 10584
f 10018 10359 9805
f 10683 10449 10427
f 10016 10426 10119
f 10231 10357 10196
f 10071 10356 10268
f 10391 10230 10392
f 10193 10263 10478
f 10294 10227 10041
f 10261 10326 10259
f 10259 10326 10067
f 10067 10326 10258
f 10187 9556 9893
f 9554 9788 9789
f 9788 9892 9498
f 9498 9892 9702
f 9892 9891 9702
f 9891 9497 9702
f 9454 9890 9842
f 9839 9787 9786
f 10033 9838 9749
f 9261 9354 9696
f 9316 9640 9639
f 9783 9639 9640
f 9836 9781 9548
f 9638 9748 9496
f 9496 9748 9547
f 9547 9835 9546
f 9546 9636 9596
f 9747 9746 9694
f 9694 9746 9693
f 9408 9052 8588
f 8154 9139 8068
f 8587 9256 7990
f 8521 8750 7638
f 8420 8847 8419
f 8671 8670 8584
f 8584 8670 8583
f 8583 8670 8582
f 7852 9138 8331
f 8331 8749 8581
f 8666 9305 8238
f 8238 9305 8665
f 8514 8148 8415
f 8664 8663 8148
f 8062 8511 8147
f 9038 8843 8146
f 7769 9037 8580
f 8326 8580 8060
f 8059 8661 9179
f 9175 9387 8507
f 9387 8944 9035
f 8660 8659 8228
f 8323 8840 8227
f 8840 8943 8578
f 8943 9033 8578
f 9033 8942 8839
f 8654 8838 8503
f 8941 8940 8837
f 8836 8577 9228
f 8574 8739 8573
f 8835 8938 8834
f 8938 8937 8834
f 8832 8834 8831
f 8834 8937 8831
f 8572 8049 8936
f 8048 8572 8047
f 10550 10704 10630
f 10686 10785 10685
f 10759 10786 10758
f 10785 10844 10685
f 10654 10910 10909
f 10395 10627 10756
f 9903 10394 10232
f 10232 10394 10513
f 10229 10228 10069
f 10478 10297 10193
f 10297 10296 10193
f 10296 10421 10262
f 10227 10260 10041
f 9931 10065 10147
f 9358 9843 9555
f 9843 9790 9555
f 9842 9841 9454
f 9552 9751 9267
f 9411 9889 9787
f 9889 9888 9787
f 10033 9749 9930
f 9838 9785 9410
f 9785 9784 9410
f 9783 9695 9548
f 9548 9695 9836
f 9637 9693 9635
f 8960 8751 8244
f 8751 8675 8244
f 8674 9490 8673
f 8424 8672 8423
f 8332 8849 8154
f 7990 8959 8422
f 7638 8750 8421
f 8750 8955 8421
f 8421 8586 8520
f 8520 8586 8066
f 8066 8586 8420
f 8519 8585 8153
f 8585 8519 8418
f 8519 8669 8243
f 8669 8417 8950
f 8417 8668 8950
f 8665 8947 8416
f 8149 8516 8515
f 8513 8062 8663
f 8512 8511 7924
f 8414 8509 7635
f 7635 8509 7564
f 8509 8579 7845
f 7845 8579 8661
f 7380 9179 8234
f 8229 9035 9034
f 8227 8840 7558
f 7558 8840 8578
f 8839 8657 8658
f 8506 8658 8657
f 8226 8838 8654
f 8836 8575 8501
f 8573 8739 8738
f 8738 8833 8500
f 8834 8832 8737
f 8500 8833 8498
f 8572 8497 8047
f 8406 8497 8935
f 10629 10686 10685
f 9905 10359 10120
f 10428 10269 10197
f 10269 10394 10197
f 10268 10392 10266
f 10267 10298 10266
f 10266 10392 10070
f 10328 10045 9899
f 10194 10355 10157
f 10157 10355 10265
f 10355 10156 10265
f 10264 10263 10192
f 10296 10262 10117
f 10421 10447 10445
f 10190 10354 10189
f 10188 10354 10327
f 10354 10295 10327
f 10042 10041 10012
f 10005 10148 10037
f 9931 10147 9704
f 9704 10147 9791
f 9556 9844 9703
f 9790 9554 9555
f 9554 9789 9553
f 9411 9787 9839
f 9550 9930 9266
f 9266 9930 9749
f 9699 9750 9698
f 9749 9838 9266
f 9697 9262 9549
f 9696 9640 9316
f 9316 9639 9783
f 9316 9783 9195
f 9195 9783 9260
f 9260 9783 9548
f 9548 9638 9259
f 9637 9635 9595
f 9636 9745 9692
f 9692 9594 9353
f 9353 9594 9691
f 8589 9780 9545
f 9543 9542 9493
f 9542 9541 9493
f 9544 9408 9257
f 9052 8960 8588
f 8675 8674 8244
f 8674 8673 7642
f 8421 8520 8066
f 8153 8585 8418
f 8669 8950 8242
f 8416 8947 7925
f 8947 8518 7925
f 7925 8518 7848
f 8518 8517 8516
f 8149 8515 8415
f 7924 8511 7923
f 8145 8842 8510
f 8144 8510 7769
f 7698 7769 7846
f 7769 8580 7846
f 8235 8060 8580
f 8059 9179 7380
f 8841 8742 8413
f 8742 8508 8413
f 8508 8741 9175
f 9033 8839 8658
f 8412 8506 8657
f 8657 8740 8505
f 8505 8740 8411
f 7763 9032 8504
f 8410 8504 8656
f 8655 9031 8410
f 8573 8738 8500
f 8498 8736 8499
f 8049 8572 8048
f 9474 9979 9523
f 10725 10724 10761
f 10761 10760 10703
f 10760 10686 10703
f 10757 10841 10702
f 10626 10627 10395
f 10515 10464 10270
f 10232 10329 9903
f 9938 10329 9902
f 10329 10427 9902
f 10427 10426 10016
f 10196 10071 10195
f 10071 10268 10070
f 10268 10266 10070
f 10070 10392 10230
f 10192 10263 10193
f 10262 10421 10445
f 10262 10445 10190
f 10189 10354 10188
f 10150 10227 10294
f 10294 10041 10042
f 10066 10116 10148
f 10148 10005 10008
f 10008 10040 10006
f 10040 10039 10006
f 10039 10038 10004
f 10004 10038 10003
f 10037 10065 10005
f 10005 10065 9931
f 10064 10187 9893
f 9553 9789 9788
f 9319 9841 9552
f 9267 9751 9701
f 9751 9840 9551
f 9840 9889 9411
f 9839 9786 9411
f 9786 9930 9700
f 9838 9410 9266
f 9784 9837 8852
f 8852 9837 9549
f 9262 9697 9452
f 9315 9259 9638
f 8963 9546 9596
f 9636 9692 9596
f 9780 9544 9495
f 9543 9493 9494
f 8673 8424 8333
f 8333 8424 8423
f 7989 8422 8521
f 8420 8419 7853
f 7853 8419 8153
f 8418 8519 8243
f 7851 8331 8330
f 8330 8331 8581
f 8665 8416 7925
f 8062 8148 8663
f 7846 8580 8326
f 7845 8661 8059
f 8233 8508 8057
f 8508 9175 8507
f 8056 8660 8228
f 8578 9033 8506
f 9033 8658 8506
f 8412 8657 8505
f 8322 8411 9032
f 8656 8655 8410
f 8577 8836 8576
f 8500 8498 8499
f 7551 8049 8048
f 8935 9674 8830
f 9474 9523 9623
f 9623 9523 9912
f 10088 10205 10488
f 10550 10847 10606
f 10606 10687 10605
f 10331 10629 10685
f 10516 10702 10628
f 10120 10429 10018
f 9805 10428 10017
f 10428 10197 10017
f 10017 10197 10394
f 10017 10394 9903
f 10077 10427 10016
f 10230 10328 10070
f 10070 10328 10118
f 10328 9899 9934
f 9560 10157 10156
f 10157 10265 10156
f 10156 10229 10069
f 10068 9851 10228
f 10068 10422 10155
f 10192 10193 10191
f 10191 10193 10153
f 10193 10151 10153
f 10151 10193 10117
f 10193 10296 10117
f 10262 10190 10189
f 9932 10150 10043
f 10189 10188 10149
f 10188 10327 10149
f 10150 10294 10043
f 10116 10066 10115
f 10066 10148 10010
f 10007 10008 9645
f 9645 10008 9931
f 10008 10005 9931
f 9791 10147 10064
f 9498 9702 9497
f 9454 9841 9319
f 9701 9751 9551
f 9411 9786 9197
f 9786 9700 9453
f 9700 9930 9453
f 9453 9930 9550
f 9696 9316 9261
f 9260 9548 9194
f 9638 9496 9315
f 9547 9546 9409
f 9409 9546 8963
f 9780 9495 9545
f 9495 9544 9257
f 7642 8673 7573
f 8673 8333 7573
f 8333 8423 7991
f 8423 8069 7991
f 8069 8423 8332
f 8154 8068 7775
f 7990 8422 7989
f 8421 8066 7774
f 7568 8420 7853
f 7852 8669 8242
f 7852 8331 7851
f 8240 8241 8239
f 8329 8328 8239
f 8518 8516 7848
f 7923 9038 8146
f 8144 7769 7922
f 8326 8060 8237
f 8237 8060 8236
f 8236 8060 8061
f 8235 8580 7986
f 7986 8580 8141
f 8141 8414 7696
f 7696 8414 7635
f 7564 8509 7845
f 7560 8058 8140
f 8140 9125 8413
f 8229 9034 7694
f 8659 8323 7916
f 8576 8836 8502
f 8502 8836 8051
f 8051 8836 8408
f 8501 8575 8408
f 8575 8407 8135
f 8407 8574 8135
f 9623 9912 9732
f 10488 10550 10606
f 10687 10761 10517
f 10761 10703 10517
f 10703 10686 10629
f 10397 10585 10757
f 10654 10653 10547
f 10653 10654 10652
f 10909 10627 10654
f 10395 10756 10651
f 10045 10194 9799
f 10069 10228 9602
f 9602 10228 9851
f 10014 10154 9968
f 9968 10154 9709
f 10154 10152 9709
f 9709 10152 10013
f 10262 10189 10117
f 10152 10150 9932
f 10011 10012 10041
f 10258 10116 10067
f 10116 10115 10067
f 10010 10148 10008
f 10008 10007 9967
f 10007 9645 9967
f 9791 10064 9893
f 9267 9701 9551
f 9551 9840 9411
f 8963 9596 9692
f 9451 9692 9314
f 9495 9257 9545
f 8069 8332 7931
f 7639 7989 8521
f 7639 8521 7638
f 8067 7638 8421
f 8066 8420 7568
f 8153 8418 8243
f 8241 8240 8152
f 8240 8239 8152
f 8238 8665 7636
f 8149 8148 8062
f 8146 8327 8145
f 8145 8510 8144
f 7473 7769 7698
f 8326 8237 7384
f 8143 8236 8142
f 8061 8060 7565
f 8413 8508 8233
f 8057 8508 8507
f 7917 9387 8229
f 9387 9035 8229
f 8228 8659 7916
f 8505 8411 8412
f 8322 9032 7763
f 8503 8838 8409
f 8836 8501 8408
f 8318 8500 7982
f 8500 8499 7982
f 8047 8497 8406
f 8406 8935 8830
f 9623 9732 9875
f 9732 10089 10398
f 10087 10488 10306
f 10304 10687 10549
f 10549 10687 10517
f 10629 10331 10548
f 10757 10702 10516
f 10628 10654 10547
f 10654 10627 10652
f 10584 10464 10299
f 9903 10329 9938
f 9902 10427 10077
f 9937 10076 9970
f 10076 10231 9970
f 9799 10194 10015
f 10194 10157 10015
f 10015 10157 9560
f 9560 10156 9969
f 10013 10152 9932
f 10011 10041 9599
f 10041 10260 9705
f 10260 10009 9705
f 9704 9645 9931
f 9752 9893 9556
f 9703 9499 9556
f 9555 9554 9198
f 8965 9498 9497
f 9266 9410 8853
f 9262 9452 9354
f 9452 9641 9354
f 8963 9547 9409
f 8963 9692 9451
f 9408 8588 8522
f 8425 8588 8244
f 8588 8960 8244
f 7856 8244 8674
f 8069 7931 7855
f 7931 8332 8154
f 7568 7774 8066
f 8669 7478 8243
f 7478 8669 7852
f 8065 8151 8064
f 8151 8150 8064
f 7636 8665 8063
f 7925 7848 7699
f 7848 8516 8149
f 8415 8148 8149
f 8146 8145 8144
f 7565 7384 8061
f 7384 8237 8061
f 8143 8142 8061
f 8060 8235 7986
f 7986 8141 7696
f 8234 8058 7844
f 7844 8058 7312
f 8507 9387 7917
f 8412 8411 7915
f 7915 8411 8322
f 7763 8504 7306
f 8504 8410 7306
f 7306 8410 8055
f 8055 8410 8054
f 8410 9031 8054
f 8654 8503 7557
f 7912 8135 8574
f 7912 8574 8318
f 8318 8574 8573
f 8573 8500 8318
f 8047 8406 7981
f 7835 8406 7550
f 10019 9732 10398
f 10088 10488 10087
f 10703 10629 10486
f 10331 10685 10585
f 10485 10757 10516
f 10628 10360 10516
f 10360 10628 10547
f 10653 10652 10547
f 10652 10627 10547
f 10547 10627 10626
f 10270 10078 9806
f 10016 10119 9971
f 10119 10076 9971
f 10073 10074 10072
f 10074 10075 10072
f 9755 10195 10071
f 10118 10328 9934
f 9851 10068 10155
f 9932 10043 9797
f 9850 10294 10042
f 9791 9893 9752
f 9499 9703 9358
f 9703 9843 9358
f 9358 9555 9455
f 9198 9554 9357
f 9554 9553 9357
f 9553 9788 9498
f 9319 9552 9267
f 9197 9786 9453
f 9148 9453 9550
f 9410 9784 8852
f 8755 9354 9261
f 9196 9316 9195
f 9145 9315 9547
f 9315 9496 9547
f 9145 9547 8963
f 9258 9692 9144
f 9692 9353 9144
f 9353 9691 9313
f 7992 8425 8244
f 7931 8154 7775
f 7775 8068 8587
f 7774 8067 7927
f 8067 8421 7927
f 8421 7774 7927
f 8153 8243 7479
f 7316 7851 8330
f 8065 8064 7988
f 8665 7925 8063
f 7566 8149 8062
f 8512 7924 7143
f 7697 8326 7384
f 7565 8060 7314
f 7561 8234 7844
f 7560 8140 8413
f 8057 8413 8233
f 8057 8507 8325
f 8232 8324 8231
f 8507 7917 8325
f 7916 8323 7985
f 7558 8578 8506
f 8225 8654 7634
f 8224 8321 8223
f 8321 8320 8222
f 8320 8319 8222
f 7981 8406 7835
f 8830 9674 9295
f 10019 10205 10088
f 10488 10606 10305
f 10361 10606 10430
f 10606 10605 10430
f 10486 10629 10548
f 10299 10464 10515
f 10198 10515 10270
f 9654 10018 9805
f 9971 10076 9937
f 10074 10073 10047
f 10047 10073 10046
f 9937 9970 10048
f 10071 10070 10118
f 10156 10069 10044
f 10044 10069 9933
f 9933 10069 9852
f 10069 9602 9852
f 9897 10013 9932
f 10043 10294 9850
f 10012 10011 9599
f 9599 10041 9849
f 10041 9705 9849
f 9704 9791 9752
f 9455 9555 9198
f 9553 9498 9320
f 9497 9454 8965
f 9148 9550 9266
f 9145 9259 9315
f 8522 8588 8425
f 7992 8244 7777
f 7777 8244 7856
f 7775 8587 7990
f 7479 7853 8153
f 7479 8243 7478
f 7988 7987 7926
f 7848 8149 7226
f 7566 8062 7144
f 8147 8512 7847
f 7847 8512 7143
f 8146 8144 7922
f 7142 7922 7769
f 7846 8326 7921
f 7921 8326 7697
f 6948 8060 7696
f 8060 7986 7696
f 7312 8058 7560
f 7918 8413 8057
f 8231 8230 8139
f 8323 8227 7985
f 7465 8412 7915
f 8226 8654 7914
f 8654 8225 7914
f 8223 8222 8138
f 8137 8221 8136
f 8050 8575 8135
f 7550 8406 8830
f 9521 9522 9474
f 9474 9623 9521
f 9875 9732 10019
f 10398 10205 10019
f 10606 10361 10305
f 10397 10757 10485
f 10396 10547 10484
f 10547 10626 10484
f 10651 10584 10395
f 10584 10299 10395
f 10198 10270 10233
f 10270 9806 9906
f 9806 10078 9905
f 9654 10120 10018
f 9654 9805 9904
f 9805 10017 9804
f 9717 9902 10016
f 9902 10077 10016
f 9937 10048 9652
f 10048 9970 9652
f 9853 10196 9935
f 10196 10195 9935
f 10071 10118 9900
f 9899 10045 9799
f 9933 9969 10156
f 10156 10044 9933
f 10014 9968 9458
f 9849 9705 9412
f 9358 9455 9198
f 8757 8965 9454
f 9150 9454 9319
f 9355 9267 9551
f 9411 9318 9355
f 9197 9453 9317
f 9453 9149 9317
f 8246 9410 8852
f 9146 9354 8755
f 9261 9316 9196
f 8594 9195 8429
f 9194 9548 9259
f 8593 8963 9451
f 9692 9258 9314
f 9144 9353 8677
f 9408 8522 8961
f 8674 7642 7856
f 7931 7775 7570
f 7775 7990 7929
f 7990 7151 7929
f 7480 8067 7774
f 7568 7853 7567
f 7229 7478 7852
f 8063 7925 7849
f 7849 7925 7699
f 7770 7923 7385
f 8146 7922 7142
f 7474 7769 7473
f 7845 8059 7380
f 7075 7844 7920
f 7842 7919 7767
f 7920 7844 7767
f 7767 7844 7312
f 7560 8413 7918
f 8057 8325 7917
f 7917 8229 7694
f 7694 9034 7841
f 8056 8228 7559
f 8506 8412 7764
f 7764 8412 7465
f 8503 8409 7557
f 8053 8136 8052
f 8051 8408 7983
f 8408 8575 7983
f 7983 8575 8050
f 7551 8499 8049
f 7836 8048 8047
f 7836 8047 7981
f 7550 8830 8220
f 9333 9474 9522
f 9522 9521 9429
f 10306 10488 10305
f 10605 10687 10304
f 10517 10703 10487
f 10703 10486 10487
f 10331 10585 10397
f 10360 10547 10396
f 9905 10120 9654
f 10016 9561 9717
f 10016 9971 9561
f 9854 9937 9652
f 9713 10015 9560
f 9932 9797 9897
f 9753 10012 9707
f 9707 10012 9599
f 9895 9896 9894
f 9705 10009 9359
f 9704 9752 9642
f 9357 9553 9320
f 9320 9498 8758
f 8758 9498 8965
f 9551 9411 9356
f 9356 9411 9355
f 9318 9411 9197
f 9149 9453 9148
f 9262 9354 9146
f 9195 8594 8964
f 8429 9195 8428
f 9195 9260 8428
f 9260 9194 8428
f 8754 9259 9145
f 9408 8961 9257
f 8333 7991 7776
f 7991 8069 7855
f 7930 7928 7854
f 7990 7989 7703
f 7703 7989 7639
f 7229 7852 7316
f 7852 7851 7316
f 7316 8330 7772
f 7773 7850 7771
f 7226 8149 7566
f 7475 7144 8062
f 7019 8147 7143
f 8147 7847 7143
f 7143 7924 7923
f 6867 7923 7770
f 7385 7923 7142
f 7923 8146 7142
f 7473 7698 6865
f 7698 7846 7921
f 7921 7697 7384
f 7471 8060 6948
f 6948 7635 7564
f 8234 7561 7380
f 7561 7844 7075
f 7843 7842 7768
f 7221 8057 7917
f 9034 8056 7841
f 7841 8056 7559
f 7985 8227 7558
f 7558 8506 7764
f 7915 8322 7763
f 8055 8054 7984
f 8054 9031 7984
f 7634 8654 7691
f 8654 7557 7691
f 7982 8499 7551
f 7551 8048 7761
f 7835 7550 7626
f 8220 8830 9121
f 8830 9295 9121
f 9522 9429 9333
f 9332 9382 9381
f 9380 9381 9428
f 9381 9382 9428
f 9382 9383 9428
f 9383 9430 9428
f 10486 10548 10487
f 10487 10548 10301
f 10485 10516 10300
f 10163 10360 10396
f 10484 10626 10395
f 10233 10270 9906
f 9655 9905 9654
f 9804 10017 9903
f 9561 9971 9937
f 9901 9937 9936
f 9936 9937 9854
f 9970 10231 9652
f 9755 10071 9900
f 9900 10118 9934
f 9714 9934 9800
f 9934 9899 9800
f 9363 9899 9799
f 9851 10155 9898
f 9500 10043 9850
f 9850 10042 10012
f 9753 9707 9796
f 9847 9896 9846
f 9846 9895 9845
f 9645 9704 9644
f 9704 9642 9643
f 9642 9752 9557
f 8683 9358 9198
f 9357 8854 8683
f 8757 9454 9150
f 9551 9356 9355
f 8432 9148 9266
f 9264 9265 9263
f 9549 9262 8851
f 9196 9195 8964
f 9194 9259 8754
f 8593 9451 9314
f 9314 9258 8592
f 8071 9258 8677
f 9258 9144 8677
f 8677 9353 9313
f 8589 9545 8961
f 8961 9545 9257
f 7776 7991 7705
f 7855 7931 7704
f 7775 7929 7151
f 7639 7638 7569
f 7638 8067 7480
f 7480 7774 7149
f 7148 7774 7568
f 7773 7771 7702
f 8062 8147 7475
f 7143 7923 6867
f 7142 7769 7474
f 7314 8060 7471
f 7564 7845 7467
f 7920 7767 7075
f 7767 7312 7075
f 7560 7695 7310
f 7695 7560 7138
f 7309 7918 8057
f 7559 8228 7916
f 7693 7985 7220
f 7983 8050 7688
f 7688 8050 8135
f 7761 8048 7836
f 7980 7550 8220
f 8134 9333 9029
f 9380 9428 9379
f 9429 9521 9333
f 9875 10019 9771
f 10087 10306 10086
f 10549 10517 10450
f 10299 10515 10121
f 10121 10515 10198
f 9903 9938 9804
f 9561 9937 9503
f 9503 9937 9901
f 9652 10231 9853
f 10231 10196 9853
f 9935 10195 9853
f 9900 9934 9714
f 9968 9709 9558
f 10013 9897 9709
f 9599 9849 9793
f 9848 9847 9795
f 9795 9847 9794
f 9794 9847 9792
f 9846 9845 9792
f 9793 9849 9646
f 9644 9704 9643
f 9557 9752 9556
f 9198 9357 8683
f 9357 9320 8758
f 8597 9319 9267
f 9267 9355 8597
f 9197 9317 9149
f 9265 9264 9147
f 9147 9264 9263
f 8852 9549 8851
f 8525 9262 8755
f 9262 9146 8755
f 8755 9261 9196
f 8755 8964 8594
f 8850 8754 8963
f 8754 9145 8963
f 8592 9258 8962
f 8676 8961 8426
f 8426 8961 8522
f 8522 8425 7992
f 7777 7856 7642
f 7573 8333 7706
f 8333 7776 7706
f 7991 7855 7704
f 7704 7931 7571
f 7151 7990 7703
f 7569 7638 7480
f 7567 7853 6544
f 6544 7853 7479
f 7701 7700 7637
f 7849 7699 7848
f 7475 8147 7019
f 7698 7921 6865
f 6948 7696 7635
f 7467 7845 7380
f 7560 7918 7309
f 7559 7916 7985
f 7985 7693 7559
f 7915 7763 6534
f 7307 7763 7306
f 8055 7984 7305
f 7070 7914 8225
f 7838 7913 7837
f 8135 7912 7688
f 7762 7912 8318
f 7627 8318 7982
f 7302 7981 7835
f 9029 9333 9521
f 10083 10549 10450
f 10301 10548 10331
f 10331 10397 10081
f 10396 10484 10395
f 9806 9905 9461
f 9804 9938 9758
f 9758 9938 9459
f 9459 9938 9717
f 9938 9902 9717
f 9901 9936 9854
f 9853 10195 9755
f 9800 9899 9363
f 9799 10015 9713
f 9560 9969 9712
f 9362 9933 9852
f 9502 9852 9602
f 9602 9851 9898
f 9797 10043 9500
f 9500 9457 9648
f 9500 9850 10012
f 9796 9707 9600
f 9599 9793 9646
f 9412 9705 9706
f 9359 10009 9597
f 10009 9598 9597
f 9557 9556 9456
f 9556 9499 9321
f 9358 8683 9499
f 8854 9357 8758
f 9150 9319 7996
f 7996 9319 8597
f 8597 9355 8433
f 8433 9355 9318
f 8432 9266 8756
f 8756 9266 8853
f 8755 9196 8964
f 8245 8428 8963
f 8428 8850 8963
f 8426 8522 8070
f 8070 8522 7993
f 7992 7777 7993
f 6955 7641 7318
f 7705 7991 7571
f 7991 7704 7571
f 7570 7775 7151
f 7639 7569 7703
f 6953 7480 7149
f 7149 7774 7148
f 7477 7636 8063
f 7078 7384 7565
f 7466 7380 7561
f 7138 7560 7309
f 7694 7841 7379
f 7766 7839 7765
f 7070 8225 6944
f 7557 8409 7132
f 7627 7982 7551
f 7301 7550 7980
f 9029 9521 9427
f 9521 9623 9875
f 10019 10088 10087
f 10086 10306 10085
f 10605 10304 10237
f 10450 10517 10487
f 10271 10397 10485
f 9461 9906 9806
f 9503 9901 9653
f 9602 9898 9754
f 8864 9798 9650
f 9709 9897 9501
f 9897 9797 9500
f 9708 9500 9648
f 9500 10012 9647
f 8968 9599 9646
f 8968 9646 9849
f 9706 9705 9359
f 9597 9598 9199
f 9456 9556 9151
f 8251 8758 8965
f 8851 9262 8525
f 8963 8593 8245
f 8593 9314 8592
f 8677 9313 8752
f 8589 8961 8676
f 7993 8522 7992
f 7230 7642 7573
f 7573 7706 7572
f 7152 7641 6955
f 7641 7640 7318
f 7318 7640 7084
f 7084 7640 6954
f 7571 7931 7317
f 7148 7568 6544
f 7568 7567 6544
f 6544 7479 6951
f 6951 7478 6870
f 6870 7478 6133
f 6133 7478 7229
f 7229 7316 6869
f 7477 8063 7849
f 7226 7566 7144
f 7385 6867 7770
f 6391 7565 7472
f 7565 7314 7141
f 6948 7564 7383
f 7470 7563 7469
f 7563 7562 7468
f 7466 7561 7224
f 8057 7221 7309
f 7221 7917 7136
f 7136 7917 7694
f 7559 7840 7841
f 7220 7559 7693
f 7766 7765 7692
f 7985 7558 7220
f 7558 7764 7465
f 7306 8055 7305
f 6944 7691 7557
f 7912 7762 7554
f 7762 8318 7627
f 7551 7761 7463
f 7463 7761 7836
f 7302 7835 7626
f 7069 7550 7301
f 9875 9771 9621
f 9771 10019 10087
f 10085 10306 10305
f 10361 10430 10605
f 10304 10549 10083
f 10301 10331 9976
f 9911 10331 10081
f 10271 10081 10397
f 10395 10299 10330
f 10198 10233 10158
f 10233 9906 9972
f 9461 9905 9655
f 9156 9654 9904
f 9904 9805 9804
f 9803 9801 9757
f 9802 9901 9652
f 9901 9854 9652
f 9363 9799 9713
f 9711 9602 9710
f 9602 9754 9710
f 9501 9897 9708
f 9708 9897 9500
f 9647 10012 9323
f 9323 10012 9753
f 9753 9796 9600
f 9600 9707 9599
f 9600 9599 8968
f 9151 9556 9321
f 8433 9318 8596
f 9197 9149 8595
f 9148 8432 9149
f 8853 9410 8682
f 9194 8754 8428
f 8245 8593 8072
f 9258 8071 8962
f 8680 8681 8679
f 8679 8753 8678
f 7153 7777 7230
f 7230 7777 7642
f 7573 7572 7481
f 7151 7703 7150
f 7479 7478 6951
f 7387 7476 7386
f 6702 7477 7849
f 7849 7848 7226
f 7474 7473 7142
f 7142 7473 6865
f 7921 7384 7315
f 7078 7565 6391
f 7472 7565 7141
f 7314 7471 6948
f 7382 7468 7381
f 7383 7564 6947
f 7564 7467 6947
f 6947 7467 7380
f 7379 7841 7308
f 7841 7840 7308
f 7840 7559 7134
f 7465 7915 6534
f 6944 8225 7634
f 7634 7691 6944
f 7690 7689 7633
f 7633 7689 7556
f 7689 7690 7556
f 7688 7912 7554
f 7630 7687 7629
f 7554 7762 6697
f 7463 7836 6942
f 6942 7836 7981
f 7626 7550 7215
f 8220 8571 8496
f 9521 9875 9622
f 9978 10086 9519
f 9519 10086 10085
f 10085 10305 9977
f 10204 10083 10487
f 10083 10450 10487
f 10082 10487 10301
f 10123 10300 10360
f 10300 10516 10360
f 10163 10396 10202
f 10396 10395 10330
f 10233 9972 10158
f 9327 9655 9654
f 9563 9904 9804
f 9804 9758 9460
f 9653 9901 9364
f 9716 9756 9715
f 9712 9969 9933
f 9602 9711 9651
f 9711 9710 9651
f 9650 9798 9649
f 9709 9501 9413
f 9359 9597 8528
f 9321 9499 8855
f 8757 8251 8965
f 9150 7996 8757
f 8595 9318 9197
f 8524 8755 8594
f 7995 8429 8428
f 8754 8850 8428
f 8071 8677 8590
f 8681 8680 8591
f 8590 8677 8427
f 8427 8677 8752
f 8589 8676 8523
f 8523 8676 8426
f 7857 8426 8070
f 7993 7777 7643
f 7643 7777 7153
f 7931 7570 7388
f 7020 7150 7569
f 7150 7703 7569
f 7569 6545 7020
f 7475 7019 6868
f 6867 7385 6866
f 7384 7078 6864
f 7472 7141 6391
f 6948 7383 6947
f 7382 7381 7313
f 6947 7380 7466
f 7224 7561 7075
f 7312 7560 7311
f 7560 7310 7311
f 7072 7559 7220
f 7558 7465 7220
f 6534 7763 7307
f 7218 7557 7132
f 8409 7632 7132
f 7556 7631 7555
f 7555 7631 7554
f 7631 7556 7554
f 7629 7628 7553
f 7553 7628 7552
f 6943 7627 7551
f 7302 7215 6941
f 7302 7626 7215
f 7980 8220 8317
f 8220 8496 8317
f 8496 8571 9121
f 8571 8220 9121
f 9622 9875 9621
f 10087 10086 9771
f 9977 10305 9818
f 10305 10361 9818
f 10275 10487 10303
f 9906 9907 9972
f 9563 9804 9460
f 9459 9717 9561
f 9901 9802 9417
f 9802 9652 9417
f 9755 9652 9853
f 9900 9714 9416
f 9714 9800 9416
f 9560 9712 9324
f 9415 9362 9852
f 9602 9651 9601
f 9458 9968 9558
f 9558 9709 9413
f 8856 9359 8528
f 8528 9597 9199
f 9598 9322 9199
f 9499 8683 8855
f 8434 8683 8854
f 8595 9149 8432
f 8432 8756 8250
f 8756 8853 8682
f 8071 8590 8427
f 8523 8426 7857
f 7230 7573 7481
f 6704 7151 7150
f 7569 7480 6953
f 7228 7146 7227
f 7079 7226 7144
f 6866 7385 7018
f 7018 7385 7142
f 6865 7921 7225
f 7921 7315 6392
f 6947 7466 6538
f 7311 7310 6536
f 7134 7559 7072
f 7305 7984 7464
f 6944 7557 7218
f 7554 6697 6861
f 7762 7627 6943
f 6943 7551 7463
f 6942 7981 7216
f 7550 7069 7215
f 7301 7980 8046
f 9029 9427 8934
f 10236 10304 10083
f 10303 10487 10082
f 9976 10331 9911
f 10271 10485 10300
f 10271 10300 10123
f 10396 10330 10202
f 10330 10299 10080
f 10121 10198 10159
f 9907 9906 9365
f 9365 9906 8978
f 9906 9461 8978
f 9461 9655 9327
f 9562 9460 9758
f 9417 9652 8692
f 9502 9602 9601
f 8864 9650 9559
f 9323 9753 9600
f 9600 8968 9202
f 8968 9849 9412
f 9151 9321 8966
f 8966 9321 8526
f 9321 8855 8526
f 8434 8854 8758
f 8852 8851 8525
f 8525 8755 8524
f 8524 8594 8429
f 7995 8428 7576
f 8072 8593 8592
f 8427 8752 7932
f 8070 7993 7643
f 7085 7152 6955
f 6955 7318 6620
f 7317 7931 6782
f 6782 7931 7388
f 7388 7570 7151
f 6397 6953 6952
f 6952 6953 7149
f 6133 7229 6869
f 6869 7316 7772
f 7146 7228 7080
f 7228 7227 7080
f 7849 7226 7079
f 7019 7143 6867
f 6865 7225 7017
f 7225 7921 7017
f 7017 7921 6392
f 7315 7384 6864
f 6536 7075 7312
f 7312 7311 6536
f 7223 7222 7140
f 7070 6944 7303
f 7632 7554 7132
f 7132 7554 6861
f 6943 7463 6690
f 7216 7981 7302
f 6606 7301 6857
f 7686 7911 8046
f 8046 7911 7301
f 8134 9029 8405
f 8934 9427 9294
f 9427 9521 9621
f 9521 9622 9621
f 9771 10086 9978
f 10361 10605 10237
f 10304 10236 10237
f 10203 10204 10275
f 10204 10487 10275
f 10275 10303 10273
f 10274 10302 10272
f 9975 10123 10360
f 10202 10330 10199
f 9867 9972 9907
f 8873 9461 9327
f 9327 9654 9156
f 9562 9758 9459
f 8692 9652 9755
f 9713 9560 9324
f 9712 9933 9362
f 9415 9852 9154
f 9154 9852 9502
f 9500 9647 9323
f 8253 8528 9199
f 8253 9199 8252
f 9199 9322 8252
f 8251 8757 7997
f 8524 8429 8525
f 7933 8428 8245
f 8592 8962 8072
f 8071 8427 7932
f 7932 8752 7390
f 6952 7149 7082
f 7149 7148 7082
f 7147 7145 7081
f 6950 7144 7475
f 7141 7314 6948
f 7140 7139 7074
f 7309 7221 7137
f 7694 7379 7136
f 7071 7220 7465
f 7307 7306 7009
f 7305 7464 7304
f 6863 6944 7218
f 6690 7463 6942
f 7216 7302 7008
f 6606 7215 7069
f 6857 7301 7911
f 7300 6688 7299
f 7834 7131 7686
f 7131 7911 7686
f 8046 7980 8317
f 9427 9621 9520
f 9520 9621 9771
f 9817 9818 10361
f 10361 10237 10084
f 9816 10237 10083
f 10275 10273 10203
f 10274 10272 10235
f 10082 10301 9976
f 10164 10271 10123
f 9975 10360 10163
f 9945 10163 10202
f 10202 10199 10161
f 10199 10330 10080
f 10079 10158 9972
f 9904 9563 9156
f 9156 9563 9460
f 9155 9459 9325
f 9459 9561 9325
f 9269 9755 9900
f 9363 9713 8867
f 9708 9648 9361
f 9361 9648 9203
f 9648 9457 9203
f 9457 9500 9323
f 9323 9600 8601
f 8601 9600 9202
f 8855 8683 8434
f 7646 8434 8251
f 8434 8758 8251
f 7997 8757 7996
f 7996 8597 7713
f 8250 8756 8682
f 8682 9410 8337
f 8430 8525 7711
f 8155 8072 8071
f 8072 8962 8071
f 7389 7643 7153
f 7230 7481 7319
f 7085 6955 6620
f 6620 7318 7084
f 7084 6954 6459
f 6954 7640 7083
f 7388 7151 6704
f 6545 7569 6953
f 6951 6870 6543
f 6702 7849 7079
f 7079 7144 6950
f 6209 6866 6299
f 6299 6866 7018
f 7142 6865 7018
f 6391 7141 7013
f 7077 7076 7016
f 7014 7015 7012
f 7015 7016 7012
f 7224 7075 6773
f 6773 7075 6537
f 7310 7695 7138
f 7138 7309 7137
f 7072 7220 7071
f 6534 7307 7009
f 7009 7306 7305
f 7305 7304 7219
f 6863 7218 7217
f 6862 7218 7132
f 6697 7762 6943
f 7008 7302 6941
f 7069 7301 6606
f 6857 7911 6939
f 7131 7834 7214
f 6688 7300 7213
f 7213 7300 7299
f 7625 7834 7684
f 7684 7834 7685
f 9771 9978 9519
f 10237 10236 10083
f 10203 10273 10303
f 10201 10234 10200
f 10299 10121 10080
f 9418 9603 9419
f 9941 9462 9657
f 9505 9504 9462
f 9270 9156 9460
f 9460 9562 9326
f 9561 9503 9325
f 9503 9653 9325
f 9900 9416 9269
f 9269 9416 9268
f 9268 9416 9060
f 9154 9502 8865
f 9502 9601 9414
f 9559 9650 8861
f 9458 9558 8688
f 8688 9558 9413
f 9501 9708 9361
f 8860 9457 9360
f 9412 9706 9201
f 9706 9359 9200
f 8856 9200 9359
f 7713 8597 8433
f 8433 8596 8158
f 8158 8596 8076
f 8596 9318 8157
f 9318 8595 8157
f 8432 8250 8075
f 8525 8430 8852
f 7995 8525 8429
f 7576 8428 7933
f 7933 8245 7779
f 7708 8071 7932
f 7857 8070 7574
f 7319 7153 7230
f 7150 7020 6871
f 6211 7020 6545
f 7082 7148 6544
f 6544 6951 6396
f 6396 6951 6543
f 6950 7475 6540
f 6298 7315 6864
f 6864 7078 6774
f 6457 7078 6391
f 7014 7012 6949
f 6948 6947 6389
f 6538 7466 7224
f 6537 7075 6536
f 6536 7310 6296
f 7134 7072 7840
f 7305 7219 7133
f 6696 6943 6690
f 6942 7216 7008
f 6940 7215 6606
f 7130 7299 7129
f 13946 13947 13949
f 13947 13948 13949
f 15073 15072 15049
f 15122 15246 15162
f 15246 15261 15093
f 15262 15246 14990
f 15274 15261 15307
f 14990 15246 15122
f 15122 15162 15121
f 15121 15161 15145
f 15145 15161 15144
f 15144 15161 15160
f 15093 15261 15194
f 15273 15174 15327
f 15174 15332 15329
f 15332 15174 15306
f 15122 15121 15017
f 15145 15144 15120
f 15194 15261 15306
f 15261 15274 15306
f 15244 15291 15353
f 15291 15325 15353
f 15117 15260 15291
f 15352 15296 15353
f 15352 15353 15402
f 15117 15291 15235
f 15191 15235 15291
f 15296 15244 15353
f 15354 15260 15297
f 15355 15203 15319
f 15319 15203 15303
f 15191 15291 15244
f 15402 15353 15325
f 15325 15291 15362
f 15291 15260 15362
f 15297 15203 15354
f 15303 15220 15319
f 15332 15306 15274
f 15017 15121 15162
f 15221 15245 15220
f 15245 15326 15220
f 15220 15303 15172
f 15234 15296 15305
f 15296 15352 15305
f 15378 15352 15404
f 15354 15203 15379
f 15379 15203 15355
f 15245 15236 15326
f 15326 15236 15327
f 15327 15174 15329
f 15261 15246 15262
f 14990 15122 14973
f 15122 15094 14973
f 15084 15095 15083
f 14898 15122 14989
f 14989 15122 15017
f 15162 15246 15093
f 15174 15273 15204
f 15221 15236 15245
f 15172 15303 15203
f 15297 15260 15219
f 15260 15117 15219
f 15064 15244 15014
f 15302 15234 15305
f 15305 15352 15318
f 15318 15352 15378
f 15402 15325 15393
f 15393 15325 15362
f 15220 15314 15319
f 15068 15085 15067
f 15084 15083 15067
f 15094 15122 15005
f 15005 15122 14898
f 15194 15306 15159
f 15273 15236 15221
f 15136 15203 15219
f 15203 15297 15219
f 15235 15191 15171
f 15014 15244 15115
f 15362 15260 15354
f 15326 15327 15367
f 15321 15331 15320
f 15332 15274 15330
f 15330 15274 15308
f 15307 15261 15262
f 14973 15094 15005
f 15221 15220 15192
f 15220 15172 15192
f 15244 15296 15259
f 15259 15296 15234
f 15361 15378 15404
f 15404 15352 15402
f 15327 15236 15273
f 15327 15329 15368
f 15332 15330 15308
f 15274 15307 15308
f 15307 15251 15308
f 15250 15307 15262
f 14989 15017 14972
f 15159 15306 15175
f 15174 15204 15173
f 15204 15273 15173
f 15153 15173 15273
f 15273 15221 15193
f 15172 15203 15082
f 15244 15064 15191
f 15115 15244 15259
f 15302 15305 15318
f 15404 15399 15361
f 15399 15404 15392
f 15220 15326 15314
f 15251 15307 15250
f 15265 15263 15264
f 15264 15263 15247
f 15180 15262 15176
f 15178 15177 15163
f 15176 15262 15096
f 15262 14990 15096
f 14972 15017 14915
f 15093 15194 15159
f 15143 15174 15173
f 15273 15193 15153
f 15193 15221 15153
f 15221 15192 15137
f 15082 15203 15136
f 15117 15235 15171
f 15171 15191 15003
f 15234 15302 15152
f 15404 15402 15392
f 15393 15362 15403
f 15362 15354 15379
f 15357 15356 15347
f 15319 15314 15383
f 15397 15329 15332
f 15265 15264 15249
f 15264 15248 15249
f 15248 15247 15237
f 15179 15178 15164
f 15178 15163 15164
f 14898 14973 15005
f 15017 15162 14915
f 15306 15174 15016
f 15016 15174 15158
f 15174 15143 15158
f 15173 15138 15143
f 15173 15153 15138
f 15192 15172 15082
f 15046 15191 15064
f 15152 15302 15218
f 15218 15302 15281
f 15299 15361 15288
f 15361 15399 15392
f 15403 15362 15379
f 15379 15355 15385
f 15365 15319 15371
f 15367 15327 15389
f 15389 15327 15328
f 15328 15327 15368
f 15339 15340 15348
f 15348 15340 15342
f 15368 15329 15341
f 15332 15308 15309
f 15251 15250 15262
f 15180 15176 15096
f 15096 14990 15070
f 14918 14973 14898
f 14915 15162 15093
f 15030 15159 15175
f 15306 15016 15175
f 15016 15158 15143
f 15141 15157 15140
f 15157 15156 15140
f 15140 15156 15139
f 15156 15155 15139
f 15155 15154 15139
f 15153 15221 15137
f 14933 15082 15136
f 15219 15117 15065
f 15302 15318 15290
f 15290 15318 15378
f 15258 15378 15299
f 15378 15361 15299
f 15288 15361 15324
f 15361 15392 15324
f 15355 15319 15400
f 15319 15365 15400
f 15363 15364 15366
f 15383 15314 15326
f 15348 15342 15343
f 15341 15329 15397
f 15069 14990 14918
f 14917 14989 14808
f 14915 15093 14914
f 15093 15159 15030
f 15142 15141 15119
f 15119 15141 15118
f 15141 15140 15118
f 15140 15139 15118
f 15192 15082 15066
f 14970 15136 15065
f 15065 15136 15219
f 15117 15171 15003
f 15281 15302 15290
f 15290 15378 15258
f 15403 15379 15394
f 15394 15379 15385
f 15400 15365 15371
f 15388 15381 15382
f 15381 15372 15382
f 15371 15319 15383
f 15383 15326 15367
f 15328 15368 15389
f 15341 15397 15368
f 15251 15262 15180
f 15070 14990 15069
f 14990 14973 14918
f 14898 14989 14761
f 14989 14972 14808
f 14972 14915 14916
f 14914 15093 15047
f 15143 15138 15153
f 15115 15259 15114
f 15377 15402 15393
f 15385 15355 15400
f 15400 15371 15387
f 15381 15388 15380
f 15388 15382 15386
f 15387 15371 15391
f 15373 15397 15332
f 15332 15309 15310
f 15096 15070 15180
f 14938 15069 14936
f 15069 14918 14936
f 14789 14972 14916
f 15047 15093 15030
f 15004 15143 15153
f 15153 15137 15066
f 15137 15192 15066
f 15259 15234 15113
f 15113 15234 15152
f 15346 15392 15360
f 15392 15402 15377
f 15395 15390 15396
f 15400 15387 15391
f 15383 15367 15389
f 15373 15332 15310
f 15251 15180 15222
f 15165 15146 15147
f 15147 15146 15124
f 15222 15123 15070
f 15123 15180 15070
f 14937 14935 14920
f 14935 14934 14919
f 14918 14898 14761
f 14743 14808 14972
f 14789 14916 14915
f 14807 14867 14955
f 15066 15082 14933
f 15003 15191 15046
f 15046 15064 14987
f 15014 15115 15029
f 15152 15218 15190
f 15111 15218 15060
f 15218 15281 15202
f 15324 15392 15346
f 15377 15393 15403
f 15391 15371 15383
f 15309 15308 15310
f 15308 15251 15310
f 15310 15251 15282
f 15180 15123 15222
f 14920 14919 14900
f 14972 14789 14743
f 14915 14914 14867
f 15016 15143 15004
f 14971 14933 14970
f 14933 15136 14970
f 15065 15117 15003
f 15116 15115 15002
f 15113 15152 15112
f 15112 15152 15045
f 15045 15152 15111
f 15152 15190 15111
f 15111 15190 15218
f 15060 15218 15110
f 15202 15281 15279
f 15281 15290 15279
f 15277 15258 15299
f 15271 15288 15324
f 15360 15392 15377
f 15394 15385 15403
f 15401 15385 15400
f 15282 15251 15222
f 14900 14899 14882
f 14761 14989 14854
f 14989 14917 14854
f 14789 14915 14807
f 14807 14915 14867
f 15153 14954 15004
f 15153 15066 14954
f 14954 15066 14896
f 15003 15046 14987
f 14987 15064 14912
f 14912 15064 15014
f 15114 15259 15113
f 15279 15289 15280
f 15279 15290 15295
f 15391 15383 15389
f 15389 15368 15398
f 15069 14938 15070
f 14938 14936 14918
f 14854 14917 14808
f 14881 14955 14914
f 14955 14867 14914
f 15047 15030 14897
f 14880 15175 15016
f 14896 15066 15015
f 15066 14933 15015
f 14969 15014 15029
f 15062 15002 15115
f 15272 15202 15295
f 15202 15279 15295
f 15403 15385 15377
f 15401 15400 15384
f 15398 15368 15397
f 15166 15222 15125
f 15125 15222 15070
f 14679 14938 14855
f 14938 14918 14855
f 14918 14761 14762
f 14914 15047 14897
f 15030 15175 14880
f 14880 15016 15004
f 14896 15015 14933
f 14970 15065 14853
f 14987 15065 15003
f 15029 15115 15116
f 15218 15202 15110
f 15295 15290 15258
f 15277 15299 15288
f 15288 15271 15228
f 15242 15271 15324
f 15301 15346 15360
f 15350 15385 15401
f 15400 15391 15384
f 15310 15282 15298
f 15283 15282 15222
f 14679 14855 14918
f 14679 14918 14762
f 14761 14854 14697
f 14854 14808 14697
f 14678 14807 14955
f 14913 15004 14954
f 14912 15014 14969
f 15116 15002 15029
f 15115 15114 15062
f 15113 15112 15061
f 15112 15045 15001
f 15045 15111 15060
f 15110 15201 15027
f 15201 15110 15272
f 15110 15202 15272
f 15233 15243 14998
f 15287 15324 15346
f 15377 15385 15350
f 15323 15389 15398
f 15048 14938 14833
f 14833 14938 14698
f 14698 14938 14679
f 14678 14789 14807
f 14760 14955 14881
f 14897 15030 14866
f 14866 15030 14880
f 14880 15004 14988
f 14988 15004 14913
f 14933 14971 14864
f 15114 15113 15061
f 15061 15112 14968
f 15109 14998 15243
f 15258 15277 15278
f 15294 15242 15324
f 15287 15346 15301
f 15373 15310 15358
f 15125 15070 14938
f 14721 14761 14697
f 14696 14955 14760
f 14971 14970 14864
f 15065 14987 14853
f 14987 14912 14878
f 14912 14969 14803
f 15029 15002 15063
f 14968 15112 15001
f 14998 15109 14951
f 15109 15243 15108
f 15277 15288 15228
f 15398 15397 15373
f 15358 15310 15322
f 15322 15310 15298
f 15125 14938 15048
f 14654 14808 14484
f 14484 14808 14720
f 14720 14808 14743
f 14630 14955 14696
f 14832 14760 14881
f 14832 14881 14914
f 14913 14954 14831
f 14879 14933 14864
f 14878 14853 14987
f 14804 14912 14803
f 14969 14877 14911
f 15028 15060 15027
f 15060 15110 15027
f 15257 15272 15295
f 15258 15278 15257
f 15278 15277 15228
f 15301 15360 15313
f 15351 15360 15377
f 15350 15401 15376
f 15376 15401 15316
f 15349 15401 15384
f 15391 15389 15323
f 14698 14679 14511
f 14559 14762 14761
f 14655 14761 14721
f 14697 14808 14654
f 14678 14955 14630
f 14880 14988 14913
f 14954 14896 14694
f 14896 14933 14879
f 14864 14970 14853
f 14877 14969 14953
f 14969 15029 14953
f 14953 15029 15063
f 15063 15002 14910
f 15002 15062 14786
f 15062 15114 15061
f 15001 15045 14851
f 15045 15060 15028
f 14999 15027 15201
f 14950 14932 15109
f 15295 15258 15257
f 15133 15257 15278
f 15313 15360 15338
f 15316 15401 15349
f 15384 15391 15323
f 15345 15344 15334
f 15344 15333 15334
f 15166 15125 15086
f 15086 15125 15048
f 15048 14833 14974
f 14974 14833 15032
f 14679 14762 14559
f 14559 14761 14655
f 14631 14743 14789
f 14696 14760 14629
f 14832 14914 14897
f 14830 14896 14879
f 14718 14864 14853
f 14912 14804 14878
f 15028 15027 14999
f 15108 15243 15135
f 15135 15243 15043
f 15233 15107 15243
f 15133 15278 15231
f 15338 15360 15312
f 15360 15351 15312
f 15317 15377 15350
f 15323 15398 15375
f 15373 15358 15337
f 15358 15335 15337
f 15345 15334 15336
f 15335 15358 15322
f 15032 14833 14632
f 14510 14559 14655
f 14760 14832 14759
f 14832 14897 14866
f 14806 14866 14880
f 14865 14880 14831
f 14880 14913 14831
f 14694 14896 14830
f 14803 14969 14911
f 14911 14877 14757
f 15062 15061 14968
f 14851 15045 15000
f 15000 15045 14999
f 15045 15028 14999
f 14950 15109 15026
f 15026 15109 15092
f 15092 15109 15108
f 15043 15243 15134
f 15134 15243 15107
f 15107 15233 15232
f 15217 15278 15189
f 15278 15228 15189
f 15228 15271 15242
f 15377 15317 15351
f 15370 15374 15369
f 15375 15398 15315
f 15398 15373 15315
f 15337 15335 15322
f 15282 15283 15298
f 15252 15222 15205
f 15205 15222 15166
f 14486 14632 14680
f 14632 14833 14680
f 14833 14486 14680
f 14655 14721 14697
f 14720 14743 14558
f 14558 14743 14631
f 14631 14789 14678
f 14832 14866 14806
f 14806 14880 14653
f 14653 14880 14865
f 14830 14879 14864
f 14878 14852 14718
f 14852 14878 14804
f 14740 14998 14951
f 14951 15109 14932
f 15231 15278 15217
f 15216 15230 15215
f 15230 15229 15214
f 15294 15324 15256
f 15256 15324 15287
f 15287 15301 15256
f 15293 15301 15313
f 15350 15376 15316
f 15349 15384 15311
f 15311 15384 15300
f 15300 15384 15323
f 15370 15369 15359
f 15315 15373 15337
f 15283 15252 15298
f 15283 15222 15252
f 15208 15206 15207
f 15071 15048 14974
f 15051 14632 14991
f 14486 14833 14511
f 14833 14698 14511
f 14559 14511 14679
f 14603 14629 14760
f 14864 14718 14805
f 14853 14878 14718
f 14757 14877 14742
f 14910 15002 14909
f 14909 15002 14829
f 14786 15062 14968
f 15044 14950 15026
f 15092 15108 14997
f 15108 15135 14997
f 15107 15232 15059
f 15231 15217 15189
f 15090 15228 15242
f 15242 15294 15213
f 15301 15293 15256
f 15350 15316 15317
f 15323 15375 15315
f 15196 15195 15181
f 15071 15086 15048
f 14678 14630 14481
f 14630 14696 14677
f 14604 14696 14629
f 14676 14759 14832
f 14653 14865 14831
f 14787 14954 14694
f 14555 14852 14601
f 14877 14953 14910
f 14953 15063 14910
f 14773 15001 14851
f 14851 15000 14952
f 14932 14950 14849
f 15275 15316 15349
f 15241 15322 15298
f 15252 15205 15266
f 15196 15181 15182
f 14510 14655 14539
f 14697 14654 14484
f 14677 14696 14604
f 14719 14832 14806
f 14653 14831 14787
f 14831 14954 14787
f 14694 14830 14651
f 14776 14830 14805
f 14805 14830 14864
f 14718 14852 14555
f 14804 14803 14852
f 14803 14911 14775
f 15026 15092 15044
f 15189 15228 15090
f 15293 15313 15276
f 15205 15166 15266
f 15166 15086 15266
f 14901 14991 14632
f 14560 14632 14486
f 14720 14509 14484
f 14720 14558 14509
f 14481 14630 14677
f 14604 14629 14376
f 14759 14603 14760
f 14806 14788 14719
f 14652 14653 14787
f 14651 14830 14602
f 14830 14776 14602
f 14852 14803 14775
f 14775 14911 14757
f 14802 14742 14877
f 14829 15002 14876
f 15002 14786 14876
f 15001 14773 14968
f 14951 14932 14849
f 15133 15231 15189
f 15242 15213 15090
f 15103 15213 15294
f 15255 15256 15293
f 15285 15276 15313
f 15285 15313 15312
f 15313 15338 15312
f 15312 15351 15212
f 15212 15351 15317
f 15275 15349 15311
f 15315 15337 15210
f 14632 14560 14901
f 14655 14697 14484
f 14558 14631 14482
f 14482 14631 14678
f 14677 14604 14480
f 14676 14832 14719
f 14758 14775 14757
f 14650 14757 14742
f 14877 14910 14802
f 14672 14910 14670
f 14910 14909 14670
f 14851 14952 14895
f 14740 14951 14828
f 14850 14828 14951
f 14849 14950 14827
f 14827 14950 14967
f 14967 15092 14997
f 14997 15135 15043
f 15043 15134 15107
f 15133 15189 15091
f 15131 15132 15130
f 15130 15151 15129
f 15091 15189 15090
f 15103 15294 15256
f 15103 15256 15150
f 15150 15256 15255
f 15323 15315 15300
f 15337 15322 15254
f 15241 15298 15267
f 15298 15252 15292
f 15071 14974 15032
f 14379 14511 14559
f 14580 14559 14510
f 14484 14509 14483
f 14675 14676 14719
f 14719 14788 14695
f 14788 14806 14695
f 14673 14805 14693
f 14693 14805 14718
f 14456 14852 14758
f 14852 14775 14758
f 14802 14910 14672
f 14851 14895 14875
f 14850 14740 14828
f 14801 14849 14738
f 14874 14827 14967
f 14950 15044 14967
f 15044 15092 14967
f 15043 15107 15059
f 15106 15131 15105
f 15105 15131 15104
f 15131 15130 15104
f 15276 15285 15286
f 15300 15284 15311
f 15266 15086 15126
f 15126 15086 15097
f 15086 15071 15097
f 15097 15071 15031
f 15031 15071 15032
f 15032 14632 15051
f 14560 14834 14901
f 14834 14560 14512
f 14359 14486 14511
f 14509 14558 14482
f 14482 14678 14481
f 14377 14481 14677
f 14376 14629 14293
f 14758 14757 14650
f 14403 14650 14742
f 14477 14742 14578
f 14829 14876 14786
f 14968 14773 14786
f 14850 14951 14849
f 14738 14849 14756
f 14849 14827 14756
f 14863 14997 15043
f 15059 15232 14966
f 15058 15213 15103
f 15275 15311 15284
f 15210 15337 15254
f 15074 15097 15031
f 14437 14512 14560
f 14510 14539 14436
f 14485 14539 14655
f 14485 14655 14484
f 14407 14509 14482
f 14677 14480 14061
f 14480 14604 14376
f 14405 14293 14629
f 14603 14759 14261
f 14403 14742 14477
f 14670 14909 14829
f 14692 14773 14851
f 14851 14875 14669
f 14827 14874 14756
f 14862 15059 14996
f 15091 15090 15025
f 15090 15213 15058
f 15255 15293 15276
f 15255 15276 15286
f 15212 15317 15269
f 15317 15316 15304
f 15284 15300 15315
f 15267 15298 15292
f 15075 15073 15050
f 14656 14834 14512
f 14359 14511 14379
f 14379 14559 14580
f 14358 14510 14436
f 14436 14539 14378
f 14408 14485 14484
f 14483 14509 14408
f 14408 14509 14407
f 14405 14629 14356
f 14356 14629 14603
f 14261 14759 14676
f 14675 14719 14695
f 14652 14787 14694
f 14674 14694 14651
f 14602 14776 14805
f 14601 14852 14456
f 14692 14851 14669
f 14850 14849 14801
f 14874 14967 14949
f 14949 14967 14997
f 15043 15059 14948
f 14948 15059 14862
f 15312 15212 15285
f 15269 15317 15185
f 15317 15304 15185
f 15304 15316 15185
f 15185 15316 15275
f 15210 15088 15315
f 15088 15284 15315
f 15267 15292 15252
f 15076 15266 15097
f 15266 15126 15097
f 15074 15076 15097
f 15074 15031 15076
f 14561 14656 14512
f 14133 14512 14437
f 14437 14560 14359
f 14560 14486 14359
f 14580 14510 14358
f 14539 14485 14408
f 14484 14483 14408
f 14408 14407 14297
f 14482 14406 14407
f 14482 14481 14377
f 14377 14677 14334
f 14334 14677 14061
f 14201 14376 14293
f 14356 14603 14508
f 14695 14653 14652
f 14652 14694 14674
f 14693 14718 14555
f 14774 14829 14786
f 14740 14850 14648
f 14785 14874 14784
f 14930 14863 15043
f 14966 15232 14947
f 15040 15103 15150
f 15275 15268 15185
f 15254 15322 15241
f 15252 15266 15226
f 15031 15032 15127
f 15127 15032 15051
f 14834 14856 14921
f 14856 14834 14763
f 14763 14834 14656
f 14379 14580 14298
f 14298 14580 14358
f 14406 14482 14377
f 14508 14603 14261
f 14261 14676 14479
f 14652 14674 14579
f 14674 14651 14579
f 14602 14805 14556
f 14805 14673 14556
f 14456 14758 14506
f 14506 14758 14650
f 14578 14742 14628
f 14756 14874 14717
f 14930 15043 14948
f 14985 14996 15059
f 15059 14966 14985
f 15025 15090 15058
f 15040 15150 15012
f 15255 15286 15188
f 15188 15286 15270
f 15267 15252 15226
f 14991 14901 15098
f 14901 14834 14921
f 14561 14512 14581
f 14539 14408 14378
f 14376 14201 14061
f 14676 14675 14479
f 14538 14675 14695
f 14806 14653 14695
f 14507 14652 14579
f 14579 14651 14602
f 14506 14650 14403
f 14477 14578 14478
f 14742 14802 14672
f 14670 14829 14774
f 14692 14774 14773
f 14774 14786 14773
f 14669 14875 14772
f 14738 14756 14647
f 14949 14997 14986
f 14986 14997 14754
f 14847 14930 14948
f 15081 15012 15150
f 15081 15150 15188
f 15150 15255 15188
f 15268 15275 15211
f 15275 15284 15088
f 15241 15267 15184
f 15183 15226 15266
f 15076 15031 15127
f 15167 15051 14991
f 15006 15098 14901
f 14581 14512 14133
f 14203 14358 14436
f 14407 14406 14357
f 14406 14262 14231
f 14406 14377 14262
f 14125 14293 14356
f 14293 14405 14356
f 14479 14675 14557
f 14404 14557 14675
f 14404 14675 14538
f 14536 14555 14601
f 14741 14672 14670
f 14648 14850 14739
f 14850 14626 14739
f 14850 14801 14626
f 14690 14647 14756
f 14690 14756 14717
f 14668 14717 14874
f 14874 14785 14668
f 14848 14784 14874
f 14754 14997 14931
f 14931 14997 14863
f 15025 15058 15042
f 15058 15103 15042
f 15200 15285 15227
f 15227 15285 15212
f 15211 15275 15088
f 14793 14856 14763
f 15007 14656 14836
f 14656 14561 14836
f 14437 14359 14233
f 14436 14378 14202
f 14202 14378 14408
f 14297 14407 14336
f 14407 14357 14336
f 14169 14406 14231
f 14262 14377 14334
f 14356 14508 14355
f 14355 14508 14261
f 14435 14261 14479
f 14695 14652 14507
f 14507 14579 14375
f 14579 14602 14556
f 14673 14693 14434
f 14434 14693 14555
f 14536 14457 14555
f 14536 14601 14535
f 14535 14601 14456
f 14774 14577 14554
f 14626 14801 14738
f 14862 14996 14985
f 14966 14947 14928
f 15232 15024 14947
f 14947 15024 14946
f 15042 15103 15041
f 15103 15040 15041
f 15270 15286 15285
f 15212 15269 15185
f 15185 15268 15199
f 15169 15268 15211
f 15241 15184 15209
f 15184 15267 15198
f 15198 15267 15226
f 15224 15226 15183
f 15266 15076 15183
f 15197 15076 15127
f 15167 15127 15051
f 15006 14901 14921
f 14777 14791 14790
f 14792 14791 14778
f 14133 14437 14234
f 14359 14379 14233
f 14379 14298 14088
f 14298 14358 14088
f 13908 14436 14202
f 14357 14406 14062
f 14262 14334 14230
f 14480 14376 14061
f 14125 14356 14355
f 14538 14695 14537
f 14537 14695 14375
f 14375 14695 14507
f 14478 14403 14477
f 14478 14578 14223
f 14454 14742 14672
f 14741 14670 14671
f 14670 14774 14627
f 14600 14740 14691
f 14740 14648 14691
f 14648 14739 14626
f 14646 14717 14668
f 14949 14986 14754
f 14948 14862 14847
f 14847 14862 14908
f 15041 15040 15013
f 15199 15268 15169
f 15254 15241 15209
f 15198 15226 15077
f 15240 15253 15239
f 14856 14793 14835
f 14763 14656 15007
f 14836 14561 14562
f 14233 14379 14088
f 14202 14408 14297
f 14296 14337 14295
f 14295 14337 14294
f 14337 14335 14294
f 14062 14406 14169
f 14201 14293 14125
f 14479 14557 14404
f 14404 14538 14537
f 14579 14556 14333
f 14434 14555 14457
f 14455 14578 14221
f 14578 14628 14221
f 14628 14742 14454
f 14672 14741 14671
f 14627 14774 14554
f 14774 14692 14577
f 14626 14738 14552
f 14575 14690 14717
f 14717 14646 14575
f 14667 14668 14666
f 14848 14874 14949
f 14985 14966 14862
f 15013 15040 15039
f 15039 15040 15012
f 15270 15285 15200
f 15128 15200 15227
f 15078 15212 15185
f 15210 15254 15168
f 15209 15184 15101
f 15052 15226 15224
f 15225 15240 15223
f 15240 15239 15223
f 15239 15238 15223
f 15183 15076 15197
f 15087 15127 15167
f 14921 14856 14835
f 14835 14793 14763
f 14562 14561 14581
f 14540 14581 14133
f 14234 14437 14233
f 14088 14358 14203
f 14203 14436 13908
f 14232 14297 14336
f 14295 14294 14263
f 14479 14404 14292
f 14375 14579 14333
f 14333 14556 14673
f 14535 14456 14536
f 14223 14578 14455
f 14505 14671 14670
f 14577 14692 14669
f 14552 14738 14576
f 14647 14690 14551
f 14690 14575 14551
f 14666 14668 14785
f 14848 14949 14755
f 14754 14931 14863
f 14863 14930 14847
f 14908 14862 14753
f 15081 15188 15149
f 15149 15188 15187
f 15187 15188 15270
f 15168 15254 15101
f 15101 15254 15209
f 14943 15184 15035
f 15077 15226 15052
f 14836 14562 14883
f 13976 14297 14232
f 14232 14336 14357
f 14169 14231 14168
f 13906 14231 14230
f 14231 14262 14230
f 14230 14334 14083
f 14201 14125 14199
f 14229 14125 14355
f 14355 14197 14198
f 14456 14506 14403
f 14454 14672 14671
f 14505 14670 14627
f 14554 14577 14553
f 14534 14669 14649
f 14669 14772 14649
f 14648 14626 14552
f 14892 14873 14928
f 14873 14862 14928
f 14862 14966 14928
f 14946 15024 14890
f 15012 15081 15039
f 15186 15270 15080
f 15080 15270 15200
f 15170 15199 15102
f 15169 15211 15088
f 15088 15210 15168
f 15184 15198 15035
f 15035 15198 15077
f 15052 15224 15183
f 15197 15127 15087
f 14562 14581 14540
f 14540 14133 14360
f 14360 14133 14458
f 14133 14234 14007
f 14234 14233 14032
f 14060 14201 14165
f 14201 14199 14165
f 14125 14229 14198
f 14229 14355 14198
f 14197 14355 14261
f 14479 14292 14435
f 14403 14478 14373
f 14222 14223 14455
f 14577 14669 14534
f 14691 14648 14552
f 14575 14646 14574
f 14574 14646 14668
f 14549 14667 14599
f 14784 14848 14785
f 14949 14754 14755
f 14894 14907 14893
f 14906 14907 14905
f 14907 14929 14905
f 14947 14946 14861
f 15081 15057 15039
f 15200 15128 15080
f 15227 15148 15128
f 15227 15212 15078
f 15185 15199 15170
f 15102 15199 15169
f 14943 15101 15184
f 15183 15197 15099
f 15099 15197 15087
f 14957 14835 14992
f 14956 15007 14836
f 14089 14458 14133
f 14032 14233 14088
f 14088 14203 13908
f 14202 14297 13976
f 14232 14357 14062
f 13906 14230 14031
f 14031 14230 14006
f 14334 14061 13785
f 14167 14200 14166
f 14166 14200 14164
f 14164 14200 14163
f 14537 14375 14404
f 14434 14457 14158
f 14457 14536 14225
f 14536 14456 14225
f 14456 14374 14225
f 14433 14671 14505
f 14505 14627 14554
f 14600 14691 14533
f 14503 14668 14502
f 14502 14668 14667
f 14620 14863 14847
f 14873 14892 14872
f 14905 14904 14891
f 14892 14928 14872
f 14823 14947 14861
f 14890 15024 14889
f 15039 15057 14995
f 15081 15149 15187
f 15270 15186 15187
f 15187 15186 15080
f 15078 15185 15170
f 14978 15167 14991
f 14992 14835 15007
f 14835 14763 15007
f 14007 14234 14171
f 14132 14170 14131
f 14131 14170 14130
f 14234 14032 14171
f 14127 14128 14126
f 13976 14232 14085
f 14062 14169 13975
f 14169 14168 13975
f 14006 14230 14083
f 14061 14201 14060
f 14125 14198 14199
f 14057 14197 14261
f 14261 14162 14057
f 14261 14435 14260
f 14291 14404 14375
f 14434 14158 14056
f 14158 14457 14192
f 14374 14456 14403
f 14478 14223 14332
f 14222 14455 14221
f 14221 14628 14454
f 14534 14553 14577
f 14691 14552 14533
f 14738 14647 14551
f 14574 14668 14452
f 14427 14667 14666
f 14785 14848 14755
f 14862 14873 14872
f 15057 15081 14995
f 14995 15081 15056
f 15081 15187 15056
f 15089 15128 15148
f 15227 15078 15148
f 15102 15169 15088
f 15088 15168 15101
f 15183 15099 15052
f 15087 15167 14978
f 15006 14921 14835
f 14089 14133 14007
f 14032 14007 14171
f 13908 13855 14088
f 13907 14202 13976
f 14129 14128 14087
f 14128 14127 14087
f 14087 14127 14086
f 14086 14127 14084
f 14083 14334 13785
f 13974 13785 14061
f 14060 14165 14199
f 14260 14435 14292
f 14333 14673 14434
f 14433 14454 14671
f 14505 14554 14354
f 14534 14649 14371
f 14738 14551 14576
f 14551 14575 14370
f 14370 14575 14504
f 14575 14574 14452
f 14452 14668 14503
f 14502 14667 14550
f 14550 14667 14549
f 14254 14549 14548
f 14549 14599 14548
f 14428 14548 14599
f 14737 14755 14754
f 14754 14863 14620
f 14753 14862 14715
f 14862 14872 14715
f 14715 14872 14799
f 14771 14799 14872
f 14771 14872 14928
f 14947 14823 14928
f 14860 14890 14889
f 14889 15024 15038
f 15078 15170 15102
f 14836 14883 14956
f 14657 14562 14540
f 14032 14088 13855
f 13756 13908 14202
f 13976 14085 13786
f 14168 14231 13975
f 13974 14060 14028
f 14060 14199 14028
f 14028 14199 13974
f 14162 14261 14260
f 14292 14404 14193
f 14375 14333 14290
f 14258 14333 14434
f 14023 14434 14056
f 14374 14403 14373
f 14221 14454 14189
f 14554 14553 14354
f 14354 14553 14534
f 14504 14575 14452
f 14599 14667 14427
f 14666 14785 14755
f 14736 14754 14620
f 14620 14847 14908
f 14826 14846 14825
f 14825 14846 14824
f 14861 14946 14890
f 14944 15187 14888
f 14888 15187 15080
f 15148 15078 15089
f 15079 15089 15078
f 14964 15078 15102
f 15088 15101 15022
f 15077 15052 15100
f 14977 14991 15098
f 15006 14835 15098
f 15098 14835 14957
f 14956 14883 14975
f 14458 14089 14487
f 14089 14007 13911
f 13786 14085 14232
f 14062 13975 14232
f 13975 14231 13906
f 14061 14060 13974
f 14059 14058 14030
f 14030 14058 14029
f 14198 14197 13884
f 14197 14057 14002
f 13850 13965 14057
f 14260 14292 14228
f 14291 14375 14290
f 14258 14434 14023
f 14192 14457 14225
f 14224 14225 14374
f 14373 14478 14332
f 14371 14649 14476
f 14533 14552 14117
f 14576 14551 14370
f 14329 14370 14504
f 14550 14503 14502
f 14550 14549 14369
f 14428 14599 14427
f 14666 14755 14737
f 14825 14824 14800
f 14861 14890 14860
f 15053 15079 15078
f 14964 15102 14963
f 14963 15102 15022
f 15035 15077 15034
f 15077 15100 14993
f 14978 14991 14924
f 14924 14991 14977
f 15098 14957 15033
f 14883 14562 14939
f 14582 14540 14360
f 14007 14032 13855
f 13937 13906 14006
f 13906 14031 14006
f 14029 14027 14005
f 14198 13884 13969
f 14026 14025 14000
f 13850 14057 13964
f 14193 14404 14291
f 14290 14333 14258
f 14373 14332 14257
f 14257 14332 14223
f 14222 14150 14223
f 14354 14534 14289
f 14372 14534 14371
f 14117 14552 14353
f 14353 14552 14453
f 14552 14576 14453
f 14799 14771 14715
f 14945 15056 14994
f 14983 15128 15023
f 15128 15089 15023
f 14982 15053 15078
f 15102 15088 15022
f 15099 15087 14978
f 14977 15098 14814
f 14814 15098 15033
f 14582 14360 14458
f 13757 14063 14089
f 13728 14089 13911
f 13680 14202 13907
f 13755 13786 14232
f 14232 13975 13703
f 14006 14083 13592
f 13592 14083 13785
f 14198 13969 13726
f 13972 13973 13971
f 13973 14004 13970
f 13884 14197 14002
f 13968 14003 13967
f 14003 14001 13967
f 13967 14001 13966
f 13754 13851 14057
f 13964 14057 14162
f 14228 14292 13904
f 13904 14292 14124
f 14291 14290 14258
f 14192 14225 14157
f 14374 14373 14224
f 14123 14373 14257
f 14189 14454 14433
f 14433 14505 14331
f 14289 14534 14372
f 14453 14576 14370
f 14254 14548 14188
f 14188 14548 14432
f 14432 14548 14428
f 14737 14754 14625
f 14716 14908 14619
f 14908 14753 14619
f 14714 14715 14597
f 14928 14823 14861
f 14861 14860 14822
f 14995 15056 14945
f 15187 14944 14984
f 14983 15080 15037
f 15080 15128 15037
f 15037 15128 14983
f 15089 15079 15053
f 14982 15078 14964
f 15101 14943 15022
f 15011 14943 15035
f 15034 15077 14958
f 14993 15100 15052
f 14993 15052 15099
f 14992 15007 14957
f 14975 14883 14939
f 14809 14562 14744
f 14562 14657 14744
f 14657 14540 14582
f 14487 14089 14063
f 13705 13757 14089
f 13756 14202 13680
f 13907 13976 13786
f 14198 13974 14199
f 13973 13972 13936
f 13972 13971 13935
f 13884 14002 13851
f 14002 14057 13851
f 14057 13965 13754
f 14162 14260 13999
f 14227 14259 14226
f 14124 14292 14193
f 14224 14373 14123
f 14331 14505 14354
f 14504 14452 14329
f 14452 14503 14352
f 14352 14503 14019
f 14503 14550 14369
f 14427 14666 14423
f 14754 14736 14625
f 14620 14908 14716
f 14619 14753 14715
f 14752 14751 14734
f 14734 14751 14733
f 14928 14861 14731
f 14822 14860 14730
f 14730 14860 14688
f 14729 14860 14889
f 14889 15038 14965
f 15056 15187 14984
f 15055 15054 15036
f 15023 15089 14820
f 15053 14982 15089
f 14884 14956 14976
f 14976 14956 14975
f 14939 14562 14809
f 14582 14458 14513
f 14513 14458 14487
f 13705 14089 13728
f 13911 14007 13856
f 13704 13855 13908
f 14232 13854 13755
f 13854 14232 13703
f 13703 13975 13853
f 13853 13975 13627
f 13627 13975 13906
f 13906 13937 13852
f 13726 13969 13884
f 14260 14228 13904
f 14227 14226 14196
f 14196 14226 14195
f 14195 14226 14194
f 14291 14258 14193
f 14082 14023 14056
f 14225 14224 14157
f 14223 14150 13903
f 14222 14221 14150
f 14330 14371 14476
f 14117 14353 14021
f 14453 14370 14353
f 14329 14452 14352
f 14019 14503 14369
f 14188 14432 14400
f 14402 14431 14401
f 14431 14430 14401
f 14423 14666 14528
f 14713 14735 14712
f 14735 14734 14712
f 14732 14771 14731
f 14771 14928 14731
f 14861 14689 14731
f 14861 14822 14730
f 14688 14860 14729
f 14869 15035 15008
f 15035 15034 15008
f 15020 15021 15019
f 14958 15077 14993
f 14940 14978 14924
f 14814 15033 14957
f 14885 14957 15007
f 13728 13911 13856
f 13887 13910 13886
f 13886 13910 13885
f 13910 13909 13885
f 13856 14007 13681
f 13681 14007 13855
f 13704 13908 13756
f 13627 13906 13852
f 13937 14006 13679
f 14006 13592 13679
f 13592 13785 13727
f 13974 13727 13785
f 13974 14198 13727
f 13726 13884 13851
f 14162 13999 13964
f 14196 14195 14161
f 14195 14194 14160
f 14160 14194 14159
f 14124 14193 13904
f 14193 14024 13904
f 14193 14258 14024
f 14158 14192 13957
f 14156 14191 14155
f 14155 14191 14154
f 14153 14154 14151
f 14154 14191 14151
f 14189 14433 14120
f 13952 14372 14371
f 14402 14401 14368
f 14401 14399 14368
f 14018 14400 14432
f 14666 14737 14625
f 14644 14645 14642
f 14620 14716 14619
f 14715 14714 14619
f 14619 14714 14597
f 14597 14715 14771
f 14689 14861 14730
f 14798 14995 14945
f 14983 15023 14927
f 15023 14820 14871
f 14820 15089 14982
f 14870 14963 15022
f 15011 15035 14869
f 15010 15020 15009
f 15019 15018 15009
f 15008 15034 14869
f 14993 15099 14925
f 14814 14957 14885
f 14885 15007 14956
f 14939 14809 14837
f 14744 14657 14582
f 14409 14487 14063
f 14063 13757 14033
f 13888 13887 13858
f 13887 13886 13858
f 13858 13886 13857
f 13433 13855 13704
f 13727 14198 13726
f 13999 14260 13904
f 14024 14258 14023
f 14056 14158 13957
f 14157 14224 14123
f 14123 14152 13955
f 14153 14151 14122
f 14081 14123 14257
f 14121 14150 13953
f 13953 14150 14221
f 14190 14189 13953
f 14080 14354 14289
f 13952 14371 14330
f 14429 14432 14328
f 14428 14501 14475
f 14500 14532 14499
f 14499 14532 14531
f 14528 14666 14625
f 14624 14643 14623
f 14623 14642 14621
f 14327 14620 14619
f 15056 14984 14994
f 14845 15080 14983
f 14943 14857 15022
f 14943 15011 14887
f 14886 14993 14925
f 15099 14978 14925
f 13856 13681 13728
f 13681 13855 13433
f 13854 13703 13755
f 13627 13852 13653
f 13852 13937 13679
f 13851 13754 13726
f 14023 14082 13995
f 14157 13956 14192
f 14157 14123 13955
f 13955 14152 14081
f 14152 14123 14081
f 14081 14257 14055
f 13903 14150 14121
f 14221 14189 14190
f 13993 13953 14189
f 14289 14372 14256
f 14021 14353 14219
f 14353 14370 14219
f 14019 14369 14079
f 14369 14549 14079
f 14254 14188 14079
f 14188 14400 14018
f 14018 14432 14429
f 14499 14531 14498
f 14531 14530 14498
f 14498 14530 14529
f 14501 14428 14427
f 14625 14622 14528
f 14528 14622 14394
f 14623 14621 14598
f 14625 14394 14622
f 14625 14736 14620
f 14927 15023 14871
f 14887 15011 14926
f 14706 15034 14958
f 14978 14940 14886
f 14704 14975 14812
f 14975 14939 14812
f 13680 13907 13595
f 13595 13907 13786
f 13679 13592 13626
f 13727 13726 13551
f 13905 13964 13999
f 14082 14056 13995
f 13956 14157 13955
f 13955 14081 14055
f 14257 14223 13994
f 14223 13903 13994
f 14022 14189 14120
f 14119 14433 14331
f 14331 14354 14080
f 14118 14080 14289
f 14020 14370 13991
f 14370 14329 13991
f 13991 14329 14352
f 14428 14475 14367
f 14475 14501 14427
f 14474 14597 14771
f 14573 14731 14689
f 14573 14689 14730
f 14889 14965 14903
f 14962 14981 14961
f 14981 14980 14961
f 14980 14979 14960
f 14926 15011 14869
f 14958 14993 14840
f 14925 14978 14886
f 14924 14977 14814
f 14885 14956 14884
f 14795 14812 14939
f 14837 14809 14764
f 14764 14809 14744
f 13552 13433 13704
f 13595 13786 13755
f 13852 13679 13182
f 13551 13726 13625
f 13726 13754 13652
f 13754 13965 13624
f 13624 13965 13850
f 13904 14024 13934
f 13995 14024 14023
f 13995 14056 13957
f 14055 14257 13882
f 13902 14121 13954
f 13954 14121 13953
f 14221 14190 13953
f 13993 14189 14022
f 14118 14289 13932
f 13932 14289 14256
f 13952 14330 13931
f 14330 14476 14255
f 14219 14370 14020
f 14079 14549 14254
f 14018 14429 14328
f 14328 14432 14428
f 14394 14423 14528
f 14625 14620 14327
f 14327 14619 14597
f 14771 14732 14474
f 14732 14731 14474
f 14474 14731 14497
f 14945 14994 14984
f 14888 14984 14944
f 14728 14888 15080
f 14820 14982 14964
f 14964 14963 14870
f 14870 15022 14857
f 14942 14961 14941
f 14961 14960 14941
f 14960 14959 14941
f 14706 14869 15034
f 14706 14958 14841
f 14841 14958 14840
f 14840 14993 14886
f 14923 14975 14796
f 14796 14975 14902
f 14795 14939 14811
f 14922 14939 14837
f 13406 13704 13595
f 13704 13756 13680
f 13752 13850 13724
f 13850 13964 13818
f 13818 13964 13905
f 13997 13998 13996
f 13957 14192 13956
f 13783 13955 13883
f 13882 14257 13748
f 14257 13994 13748
f 13903 14121 13902
f 14120 14433 14119
f 14256 14372 13932
f 14330 14255 14220
f 14053 14018 14328
f 14328 14428 14367
f 14394 14625 14327
f 14327 14597 14451
f 14497 14731 14573
f 14889 14903 14729
f 14798 14945 14821
f 14945 14984 14888
f 14857 14943 14887
f 14886 14940 14781
f 14868 14940 14924
f 14976 14975 14923
f 14975 14704 14902
f 14811 14939 14922
f 14744 14582 14658
f 14582 14513 14658
f 14513 14487 14658
f 14338 14063 14033
f 14033 13757 14172
f 13787 13757 13705
f 13705 13728 13681
f 13595 13704 13680
f 13755 13703 13487
f 13754 13753 13652
f 13393 13753 13754
f 13624 13850 13591
f 13905 13999 13962
f 13963 13998 13961
f 13998 13997 13961
f 13961 13997 13960
f 13959 13960 13958
f 13934 14024 13676
f 13956 13955 13783
f 13931 14330 13876
f 13991 14352 13951
f 14019 14079 13990
f 14451 14597 14474
f 14573 14730 14618
f 14730 14615 14618
f 14688 14729 14641
f 14729 14903 14770
f 14728 15080 14687
f 14687 15080 14845
f 14887 14926 14869
f 14816 14869 14706
f 14781 14940 14868
f 14868 14924 14814
f 14976 14923 14796
f 14837 14764 14794
f 14409 14338 14361
f 14338 14409 14063
f 13552 13704 13406
f 13703 13853 13236
f 13236 13853 13627
f 13625 13726 13652
f 13724 13850 13818
f 13962 13999 13550
f 13550 13999 13784
f 13784 13999 13904
f 14024 13995 13676
f 13995 13957 13676
f 13957 13956 13783
f 13883 13955 13782
f 13955 14055 13882
f 13748 13994 13903
f 13881 13903 13902
f 14054 14119 14331
f 13932 14372 13814
f 13814 14372 13952
f 14021 14219 14020
f 14328 14367 14475
f 14475 14427 14252
f 14425 14426 14424
f 14427 14423 14398
f 14114 14423 14394
f 14218 14394 14327
f 14615 14730 14688
f 14821 14945 14888
f 14888 14728 14859
f 14983 14927 14845
f 14820 14964 14870
f 14870 14857 14858
f 14838 14885 14884
f 14838 14884 14976
f 14902 14813 14796
f 14339 14340 14341
f 14300 14340 14299
f 13681 13433 13407
f 13594 13755 13487
f 13653 13852 13593
f 13593 13852 13182
f 13592 13727 13485
f 13485 13727 13551
f 13905 13962 13550
f 13904 13934 13676
f 13782 13955 13882
f 13748 13903 13881
f 13993 14022 13953
f 13953 14022 13817
f 14022 14120 13816
f 14120 14119 14054
f 14054 14331 14080
f 14054 14118 13933
f 14079 14188 14018
f 13950 14475 14253
f 14252 14427 14398
f 14397 14426 14396
f 14425 14424 14395
f 14688 14641 14615
f 14615 14641 14527
f 14665 14871 14820
f 14870 14858 14783
f 14887 14869 14768
f 14839 14886 14781
f 14814 14885 14780
f 14780 14885 14686
f 14685 14976 14796
f 14813 14902 14704
f 14300 14301 14342
f 14301 14300 14264
f 13706 13757 13787
f 13314 13705 13628
f 13628 13705 13681
f 13595 13755 13594
f 13627 13653 13593
f 13486 13626 13592
f 13625 13652 13455
f 13393 13754 13624
f 13850 13752 13591
f 13784 13904 13620
f 13957 13783 13676
f 13881 13902 13781
f 14080 14118 14054
f 13845 13932 13814
f 13876 14330 14220
f 13930 14117 14021
f 13807 14079 13674
f 14052 14328 14475
f 14475 14252 13988
f 14252 14398 14423
f 14114 14394 14113
f 14113 14394 14218
f 14326 14474 14497
f 14326 14497 14573
f 14573 14618 14450
f 14616 14617 14596
f 14617 14616 14594
f 14594 14616 14593
f 14618 14615 14595
f 14595 14615 14450
f 14450 14615 14527
f 14845 14927 14710
f 14710 14927 14709
f 14708 14820 14783
f 14820 14870 14783
f 14857 14887 14768
f 14768 14869 14816
f 14661 14781 14814
f 14781 14868 14814
f 14838 14976 14748
f 14976 14685 14748
f 14765 14812 14795
f 14810 14837 14794
f 14764 14744 14745
f 14722 14746 14701
f 14745 14744 14701
f 14744 14658 14682
f 14487 14409 14344
f 14409 14361 14344
f 14342 14302 14343
f 14361 14338 14344
f 14172 13757 14235
f 14235 13757 13706
f 13628 13681 13314
f 13406 13595 13405
f 13236 13627 13183
f 13183 13627 13593
f 13182 13679 13363
f 13679 13626 13486
f 13181 13486 13592
f 13399 13485 13551
f 13393 13624 13591
f 13591 13752 13725
f 13725 13752 13724
f 13818 13905 13724
f 13724 13905 13550
f 13620 13904 13723
f 13723 13904 13676
f 13676 13783 13751
f 13750 13783 13849
f 13783 13883 13849
f 13782 13882 13748
f 13954 13953 13817
f 13816 14120 14054
f 13933 14118 13932
f 13777 14352 14019
f 13990 14079 13807
f 13899 14079 14018
f 14451 14474 14326
f 14618 14595 14450
f 14821 14888 14769
f 14888 14859 14769
f 14817 14820 14750
f 14820 14708 14663
f 14858 14857 14782
f 14816 14706 14707
f 14840 14886 14839
f 14660 14837 14779
f 14764 14745 14724
f 14702 14723 14700
f 14723 14722 14700
f 14701 14744 14699
f 14338 14033 14172
f 13706 13787 13553
f 13787 13705 13553
f 13405 13595 13285
f 13285 13595 13487
f 13595 13594 13487
f 13402 13487 13703
f 13592 13485 13181
f 13142 13485 13399
f 13652 13753 13393
f 13393 13591 13357
f 13257 13591 13356
f 13591 13725 13650
f 13849 13883 13750
f 13930 14021 13992
f 13951 14352 13777
f 13674 14079 13899
f 14116 14053 14328
f 14475 13950 14052
f 14253 14475 14187
f 14327 14351 14218
f 14351 14327 14326
f 14327 14451 14326
f 14769 14859 14728
f 14709 14927 14665
f 14927 14871 14665
f 14519 14665 14820
f 14820 14817 14664
f 14844 14843 14819
f 14819 14843 14818
f 14843 14842 14818
f 14750 14820 14663
f 14706 14841 14662
f 14767 14841 14815
f 14841 14840 14815
f 14815 14840 14839
f 14661 14814 14780
f 14885 14838 14686
f 14686 14838 14748
f 14922 14837 14725
f 14779 14837 14810
f 14794 14764 14724
f 14723 14702 14703
f 14702 14700 14681
f 14701 14699 14681
f 14699 14744 14681
f 14744 14682 14681
f 13707 13706 13263
f 13706 13082 13263
f 13553 13705 13314
f 13314 13681 13313
f 13433 13552 13406
f 13357 13591 13257
f 13356 13591 13256
f 13702 13701 13678
f 13678 13701 13677
f 13701 13700 13677
f 13725 13724 13312
f 13583 13783 13750
f 13518 13750 13883
f 13782 13748 13749
f 13902 13954 13817
f 13814 13952 13931
f 13992 14021 14020
f 13777 14019 13990
f 13899 14018 13744
f 13841 14053 14116
f 13950 14253 14187
f 14187 14475 13988
f 14572 14770 14421
f 14571 14770 14592
f 14592 14770 14496
f 14496 14770 14903
f 14798 14821 14495
f 14639 14687 14845
f 14820 14664 14519
f 14664 14817 14750
f 14819 14818 14797
f 14783 14858 14782
f 14815 14839 14766
f 14726 14781 14661
f 14813 14704 14747
f 14725 14837 14660
f 14779 14810 14794
f 14745 14681 14724
f 14681 14682 14724
f 14658 14487 14344
f 14235 13706 13912
f 13912 13706 13707
f 13313 13681 13407
f 13313 13407 13433
f 13285 13487 13081
f 13363 13679 13486
f 13551 13625 13399
f 13625 13455 13399
f 13455 13652 13258
f 13652 13393 13258
f 13256 13591 13588
f 13651 13678 13649
f 13678 13677 13649
f 13550 13784 13549
f 13620 13723 13585
f 13583 13676 13751
f 13751 13783 13583
f 13748 13881 13355
f 13781 13902 13581
f 13933 13932 13880
f 13844 13931 13876
f 13876 14220 13746
f 13992 14020 13991
f 13875 13991 13951
f 13989 13950 14187
f 14252 14423 14114
f 14112 14573 14422
f 14527 14641 14572
f 14729 14770 14641
f 14641 14770 14572
f 14421 14770 14571
f 14821 14769 14711
f 14782 14857 14727
f 14727 14857 14768
f 14768 14816 14707
f 14662 14841 14586
f 14796 14813 14585
f 14725 14795 14811
f 14811 14922 14725
f 14338 14172 14235
f 13082 13706 13553
f 13081 13487 13429
f 13486 13181 13363
f 13179 13393 13357
f 13622 13589 13621
f 13590 13623 13621
f 13591 13650 13586
f 13586 13650 13312
f 13650 13725 13312
f 13549 13784 13620
f 13782 13749 13648
f 13648 13749 13748
f 13817 14022 13816
f 13816 14054 13933
f 13846 13932 13845
f 13930 13992 13809
f 13992 13991 13875
f 13777 13990 13874
f 13874 13990 13807
f 14018 14053 13744
f 14116 14328 14052
f 14051 14052 13950
f 13873 13950 13989
f 14073 14114 14113
f 14112 14326 14573
f 14573 14450 14422
f 14769 14728 14640
f 14708 14783 14782
f 14766 14839 14781
f 14749 14781 14726
f 14661 14780 14686
f 14812 14765 14704
f 14659 14682 14658
f 14344 14338 14235
f 13263 13554 13707
f 13432 13458 13430
f 13430 13458 13428
f 13458 13457 13428
f 13428 13457 13427
f 13457 13456 13427
f 13487 13402 13429
f 13402 13703 13236
f 13183 13593 13144
f 13362 13142 13399
f 13399 13455 13398
f 13455 13259 13260
f 13622 13621 13587
f 13588 13591 13586
f 13723 13676 13585
f 13676 13583 13584
f 13548 13422 13782
f 13422 13518 13782
f 13518 13883 13782
f 13548 13782 13648
f 13355 13881 13781
f 13517 13781 13353
f 13353 13781 13581
f 13619 13581 13902
f 13902 13817 13747
f 13817 13816 13580
f 13815 13816 13880
f 13816 13933 13880
f 13880 13932 13846
f 13618 13846 13845
f 13814 13931 13844
f 13776 13777 13874
f 14053 13841 13722
f 13988 14252 14114
f 14351 14326 14218
f 14186 14326 14112
f 14288 14527 14526
f 14711 14769 14640
f 14727 14768 14707
f 14586 14841 14566
f 14566 14841 14610
f 14841 14767 14610
f 14610 14767 14815
f 14766 14781 14749
f 14585 14813 14747
f 14606 14747 14704
f 14704 14765 14683
f 14658 14344 14605
f 14266 14235 13977
f 13977 14235 13912
f 13082 13553 13314
f 13313 13433 13110
f 13110 13433 13406
f 13284 13081 13404
f 13081 13429 13404
f 13429 13431 13404
f 13404 13431 13403
f 13431 13429 13403
f 13109 13593 13182
f 13181 13485 13142
f 13401 13426 13400
f 13362 13399 13076
f 13395 13397 13394
f 13397 13425 13394
f 13396 13398 13260
f 13398 13455 13260
f 13259 13455 13258
f 13588 13586 13256
f 13312 13724 13177
f 13310 13748 13355
f 13747 13817 13580
f 13848 13901 13879
f 13879 13901 13878
f 13901 13900 13877
f 13848 13880 13846
f 14052 14051 13775
f 13929 13775 13950
f 13775 14051 13950
f 14111 14527 14149
f 14149 14527 14288
f 14421 14527 14572
f 14390 14571 14592
f 14708 14782 14663
f 14663 14782 14727
f 14544 14707 14706
f 14610 14815 14705
f 14815 14766 14705
f 14637 14766 14726
f 14766 14749 14726
f 14686 14748 14685
f 14684 14747 14606
f 14794 14724 14461
f 14724 14682 14659
f 14659 14658 14605
f 14438 14605 14344
f 14344 14235 14265
f 13406 13405 13285
f 13404 13403 13364
f 13404 13429 13284
f 13429 13402 13284
f 13144 13593 13109
f 13181 13142 13261
f 13361 13401 13360
f 13401 13400 13360
f 13398 13396 13399
f 13397 13395 13359
f 13395 13394 13358
f 13258 13393 13179
f 13256 13586 13312
f 13177 13724 13550
f 13585 13282 13620
f 13585 13676 13584
f 13583 13750 13518
f 13648 13748 13310
f 13355 13781 13582
f 13582 13781 13517
f 13619 13902 13580
f 13902 13747 13580
f 13421 13580 13816
f 13516 13675 13816
f 13815 13880 13848
f 13878 13877 13847
f 13618 13845 13579
f 13579 13845 13814
f 13844 13876 13746
f 13992 13875 13745
f 13778 13951 13777
f 13777 13776 13778
f 14116 14052 13775
f 14077 14115 14076
f 14113 14218 13871
f 14450 14527 14111
f 14526 14527 14421
f 14587 14727 14707
f 14491 14662 14586
f 14765 14795 14542
f 14795 14725 14542
f 14265 14235 14266
f 13554 13264 13408
f 13264 13554 13186
f 13554 13263 13186
f 13146 13082 13314
f 13262 13236 13183
f 13182 13363 12970
f 13142 13362 13076
f 13399 13396 13260
f 13075 13258 13179
f 13179 13357 13257
f 13235 13257 13356
f 13424 13549 13620
f 13392 13585 13584
f 13353 13581 13205
f 13815 13848 13846
f 13814 13844 13697
f 13813 13843 13812
f 13812 13843 13811
f 13843 13842 13811
f 13746 14220 13808
f 13696 13992 13745
f 13616 13807 13674
f 13744 14053 13483
f 13483 14053 13722
f 13840 13841 14116
f 13873 13989 13806
f 13805 13988 13804
f 13804 13988 14075
f 14078 14077 14050
f 14077 14076 14049
f 14049 14076 14048
f 13988 14114 14073
f 14218 14326 14186
f 14422 14450 14111
f 14495 14821 14547
f 14821 14711 14547
f 14845 14710 14520
f 14614 14750 14569
f 14568 14750 14663
f 14587 14707 14567
f 14544 14706 14662
f 14610 14705 14766
f 14610 14766 14637
f 14726 14661 14564
f 14585 14747 14684
f 14606 14704 14683
f 14683 14765 14633
f 14765 14543 14633
f 14779 14794 14461
f 13889 13554 13408
f 13488 13408 13264
f 13314 13313 13110
f 12970 13363 13181
f 13076 13399 13260
f 13180 13258 13075
f 13235 13356 13035
f 13424 13620 13282
f 13421 13816 13675
f 13516 13816 13780
f 13816 13815 13780
f 13780 13815 13846
f 13579 13814 13647
f 13844 13810 13697
f 13812 13811 13779
f 13223 13809 13992
f 13951 13778 13745
f 13874 13807 13616
f 13840 14116 13775
f 13929 13950 13928
f 13950 13873 13928
f 13805 14187 13988
f 14050 14049 14017
f 14049 14048 14017
f 14017 14048 14047
f 14048 14074 14047
f 13872 14075 13988
f 13871 14218 13870
f 13870 14218 14186
f 14640 14728 14470
f 14728 14687 14470
f 14639 14845 14520
f 14520 14710 14709
f 14664 14750 14614
f 14569 14750 14568
f 14663 14727 14587
f 14565 14637 14726
f 14565 14726 14564
f 14564 14661 14686
f 14686 14685 14564
f 14490 14685 14796
f 14543 14765 14583
f 14725 14660 14542
f 14724 14659 14363
f 14605 14438 14488
f 14438 14344 14266
f 14344 14265 14266
f 13912 13707 13758
f 13758 13707 13554
f 13488 13264 13009
f 13146 13314 13110
f 13110 13406 13285
f 13081 13284 13184
f 13184 13284 13080
f 13284 13402 13080
f 13282 13585 13454
f 13585 13392 13454
f 13584 13583 13518
f 13518 13422 13423
f 13648 13310 13548
f 13582 13517 13355
f 13205 13581 13390
f 13390 13581 13619
f 13352 13580 13421
f 13675 13516 13699
f 13516 13780 13846
f 13697 13810 13746
f 13810 13844 13746
f 13645 13992 13696
f 13645 13696 13617
f 13617 13696 13745
f 13875 13951 13745
f 13776 13874 13616
f 13574 13674 13899
f 13743 13744 13483
f 13841 13840 13722
f 13722 13840 13643
f 13839 13929 13873
f 13929 13928 13873
f 13804 14075 13872
f 13872 13988 14073
f 14045 14526 14421
f 14419 14420 14448
f 14448 14449 14447
f 14421 14571 14392
f 14711 14640 14470
f 14389 14709 14519
f 14709 14665 14519
f 14519 14664 14614
f 14544 14662 14492
f 14585 14490 14796
f 14635 14684 14442
f 14684 14606 14442
f 14606 14683 14633
f 14660 14779 14541
f 14659 14605 14488
f 13519 13408 13488
f 13489 13459 13460
f 13461 13488 13555
f 13009 13264 13186
f 13186 13263 13082
f 13110 13285 13185
f 13185 13285 13081
f 13080 13402 13236
f 13236 13262 13145
f 13076 13260 13108
f 13260 13259 13107
f 13259 13258 13180
f 13179 13257 13178
f 13356 13256 12968
f 12968 13256 13004
f 13550 13549 13424
f 13354 13355 13517
f 13619 13580 13547
f 13547 13580 13280
f 13580 13546 13280
f 13352 13546 13580
f 13516 13846 13698
f 13846 13618 13698
f 13647 13814 13697
f 13515 13697 13808
f 13697 13746 13808
f 13223 13992 13645
f 13899 13744 13743
f 13989 14187 13573
f 13872 14073 14113
f 14112 14422 13924
f 13924 14422 14111
f 14045 14421 14392
f 14393 14420 14391
f 14420 14419 14391
f 14496 14903 14417
f 14547 14711 14470
f 14467 14687 14639
f 14613 14638 14612
f 14612 14638 14611
f 14518 14566 14610
f 14610 14637 14565
f 14564 14685 14490
f 14684 14635 14563
f 14636 14634 14609
f 14609 14634 14608
f 14608 14634 14607
f 14515 14606 14543
f 14606 14633 14543
f 14489 14583 14765
f 14363 14461 14724
f 13938 13977 13912
f 13519 13488 13461
f 13489 13460 13490
f 13237 13555 13488
f 13080 13236 13145
f 13145 13262 13183
f 13007 13109 13182
f 13312 13177 13209
f 13177 13550 13208
f 13392 13584 13518
f 13390 13619 13280
f 13280 13619 13547
f 13699 13421 13675
f 13647 13697 13515
f 13574 13899 13615
f 13899 13743 13615
f 13840 13775 13643
f 13775 13929 13839
f 13870 14186 14046
f 14046 14186 13837
f 14186 14112 13837
f 14288 14526 14323
f 14325 14350 14324
f 14323 14526 14110
f 14045 14392 14571
f 14519 14614 14588
f 14591 14613 14590
f 14568 14663 14466
f 14567 14707 14544
f 14492 14662 14491
f 14610 14565 14387
f 14585 14684 14563
f 14609 14608 14584
f 14363 14659 14488
f 14459 14488 14438
f 14438 14266 14382
f 14382 14266 14173
f 14266 13977 14173
f 13977 13938 14134
f 13938 13912 14134
f 13554 13889 13758
f 13408 13519 13889
f 13891 13519 13555
f 13519 13461 13555
f 12970 13181 13079
f 13181 13261 13143
f 13107 13259 13180
f 12968 13035 13356
f 13208 13550 13424
f 13282 13454 13311
f 13392 13518 13423
f 13422 13548 13310
f 13355 13453 13229
f 13484 13453 13452
f 13229 13453 13354
f 13453 13355 13354
f 13517 13353 13354
f 13451 13778 13776
f 13417 13776 13616
f 13743 13483 13540
f 13774 13873 13806
f 13573 14187 13805
f 13872 14113 13871
f 13987 14111 14149
f 14323 14110 14288
f 14110 14526 14045
f 14045 14571 14185
f 14571 14390 14185
f 14496 14418 14592
f 14470 14687 14467
f 14519 14588 14545
f 14590 14589 14570
f 14614 14569 14568
f 14565 14517 14387
f 14463 14564 14516
f 14462 14564 14490
f 14490 14585 14240
f 14212 14585 14563
f 14563 14635 14442
f 14442 14606 14515
f 14514 14415 14542
f 14542 14660 14541
f 14541 14779 14461
f 14461 14363 14441
f 14173 13977 14134
f 13186 13082 12897
f 13082 13146 12832
f 12832 13146 13110
f 13110 13185 12896
f 13185 13081 13008
f 13081 13184 13080
f 13145 13183 13144
f 13007 13182 12970
f 13079 13181 13143
f 13260 13107 12944
f 13107 13180 13075
f 13075 13179 12716
f 13179 13178 12716
f 13178 13257 12969
f 13257 13235 12969
f 13106 13004 13256
f 13256 13312 13209
f 13230 13454 13392
f 13280 13546 13140
f 13745 13778 13451
f 13417 13616 13574
f 13616 13674 13574
f 13615 13743 13540
f 13722 13643 13644
f 13839 13873 13774
f 14110 14149 14288
f 14470 14467 14468
f 14520 14709 14389
f 14588 14614 14545
f 14614 14568 14466
f 14466 14663 14349
f 14663 14587 14349
f 14443 14491 14586
f 14518 14610 14387
f 14565 14564 14463
f 14516 14564 14462
f 14240 14585 14212
f 14543 14583 14442
f 14442 14583 14416
f 14441 14541 14461
f 13912 13758 13889
f 13596 13555 13237
f 12810 13488 13009
f 13009 13186 12897
f 13040 13144 13109
f 13108 13260 12895
f 12969 13235 13035
f 13256 13209 13106
f 13423 13422 13281
f 13390 13280 13103
f 13516 13698 13545
f 13579 13647 13308
f 13808 13646 13515
f 13451 13776 13417
f 13722 13512 13614
f 13512 13722 13644
f 13539 13644 13643
f 13643 13775 13721
f 13775 13839 13774
f 13774 13806 13537
f 13806 13989 13573
f 14016 13924 14111
f 14524 14525 14523
f 14525 14546 14523
f 14523 14546 14522
f 14468 14467 14521
f 14467 14639 14520
f 14389 14519 14315
f 14519 14545 14315
f 14545 14614 14315
f 14315 14614 14445
f 14587 14567 14349
f 14567 14544 14465
f 14444 14544 14443
f 14443 14544 14492
f 14586 14566 14313
f 14517 14565 14463
f 14515 14543 14442
f 14385 14583 14489
f 14489 14765 14384
f 14765 14542 14384
f 14542 14541 14514
f 14460 14488 14459
f 14134 13912 13889
f 13889 13519 13891
f 12896 13185 12865
f 13080 13145 13144
f 13040 13109 13007
f 13143 13261 13005
f 13261 13142 13076
f 12944 13107 13075
f 13454 13230 13311
f 13311 13230 13253
f 13392 13391 13230
f 13391 13392 13423
f 13281 13422 13206
f 13206 13310 13229
f 13229 13310 13355
f 13229 13354 13071
f 13205 13390 13103
f 13280 13140 13141
f 13140 13546 13352
f 13421 13699 13204
f 13279 13699 13516
f 13698 13618 13579
f 13308 13647 13578
f 13419 13647 13515
f 13223 13645 13577
f 13577 13645 13617
f 13514 13617 13389
f 13617 13745 13513
f 13745 13451 13513
f 13574 13615 13417
f 13613 13643 13642
f 13721 13775 13642
f 13775 13742 13642
f 13720 13741 13719
f 13718 13741 13717
f 13717 13740 13716
f 13742 13775 13774
f 13537 13806 13573
f 13804 13872 13838
f 13838 13872 13871
f 13870 14046 13926
f 13949 13948 13926
f 13927 13947 13925
f 13947 13946 13925
f 13946 13949 13945
f 14390 14592 14184
f 14525 14524 14494
f 14494 14524 14493
f 14523 14522 14468
f 14520 14389 14467
f 14314 14614 14388
f 14388 14614 14466
f 14349 14567 14465
f 14465 14544 14444
f 14566 14518 14241
f 14463 14516 14462
f 14364 14462 14490
f 14563 14442 14212
f 14212 14442 14096
f 14383 14488 14460
f 14459 14438 14382
f 13890 13889 13891
f 13488 12722 13237
f 12722 13488 12810
f 12763 13009 12897
f 13008 13081 12831
f 13081 13080 12831
f 13080 13144 13040
f 12970 13079 12863
f 12863 13079 13037
f 13078 13077 13039
f 13076 12612 13261
f 12716 13178 12915
f 12969 13035 12894
f 13177 13208 13074
f 13073 13208 13424
f 13282 13311 13283
f 13206 13422 13310
f 13071 13354 13353
f 13420 13516 13545
f 13617 13514 13577
f 13575 13576 13543
f 13543 13576 13542
f 13576 13575 13541
f 13722 13614 13483
f 13643 13721 13642
f 13719 13718 13695
f 13717 13716 13694
f 13612 13805 13739
f 13739 13805 13673
f 13805 13804 13673
f 13804 13838 13673
f 13673 13838 13871
f 13870 13926 13773
f 13773 13926 14046
f 13837 14112 13924
f 14111 13987 14016
f 14185 14390 14184
f 14184 14592 14418
f 14473 14472 14471
f 14417 14903 14472
f 14495 14547 14471
f 14494 14493 14469
f 14614 14314 14445
f 14492 14491 14443
f 14443 14586 14313
f 14464 14387 14517
f 14364 14490 14240
f 14139 14095 14442
f 14416 14583 14385
f 14542 14415 14384
f 14363 14488 14383
f 14460 14459 14345
f 14345 14459 14135
f 14413 14439 14412
f 14439 14410 14412
f 14412 14410 14380
f 14362 14382 14173
f 14134 13889 13890
f 13596 13891 13555
f 13315 13237 13286
f 13147 13237 12722
f 12897 13082 12761
f 12865 13185 12831
f 13185 13008 12831
f 12831 13080 13040
f 13038 13036 13006
f 13037 13079 12646
f 13079 13143 13005
f 12758 13261 12612
f 13076 13108 12612
f 12895 13260 12944
f 12944 13075 12830
f 12830 13075 12716
f 12915 13178 12969
f 12894 13035 12829
f 12829 13035 12968
f 12943 12968 12893
f 12968 13004 12893
f 13105 13106 13177
f 13106 13209 13177
f 13073 13424 13283
f 13283 13424 13282
f 13353 13205 12965
f 13352 13421 13252
f 13279 13516 13420
f 13698 13579 13351
f 13579 13308 13351
f 13224 13308 13419
f 13308 13578 13419
f 13578 13647 13419
f 13646 13544 13515
f 13515 13544 13418
f 13251 13615 13540
f 13512 13644 13539
f 13642 13742 13774
f 13537 13573 13536
f 13805 13612 13573
f 13773 14046 13837
f 14320 14418 14417
f 14418 14496 14417
f 14472 14473 14446
f 14473 14471 14446
f 14471 14547 14446
f 14547 14470 14217
f 14470 14468 14521
f 14521 14467 14282
f 14316 14467 14389
f 14518 14387 14312
f 14517 14463 14386
f 14463 14462 14364
f 14385 14489 14384
f 14439 14413 14440
f 14414 14413 14381
f 14411 14459 14382
f 13286 13237 13147
f 12810 13009 12763
f 12761 13082 12832
f 12832 13110 12896
f 12831 13040 12864
f 12864 13040 12916
f 13040 13007 12916
f 13037 12646 12863
f 12646 13079 13005
f 13261 12758 13005
f 12969 12894 12915
f 13232 13311 13253
f 13104 13230 13423
f 13230 13391 13423
f 12914 13229 13071
f 13071 13353 12965
f 13103 13280 13070
f 13577 13514 13389
f 13483 13614 13512
f 13613 13642 13774
f 13871 13870 13773
f 13924 14016 13715
f 13715 14016 13836
f 14149 14110 13714
f 13898 14045 14185
f 14446 14547 14317
f 14217 14470 14521
f 14282 14467 14316
f 14315 14445 14280
f 14443 14313 14348
f 14387 14464 14182
f 14181 14463 14364
f 14096 14442 14095
f 14277 14416 14385
f 14347 14385 14384
f 13759 13891 13596
f 13596 13237 13315
f 12833 13147 12722
f 13007 12970 12916
f 12829 12968 12943
f 13004 13106 12862
f 13105 13177 13003
f 13003 13177 12967
f 12967 13177 13074
f 13208 13073 13034
f 13283 13311 12942
f 13311 13232 12942
f 13255 13254 13234
f 13233 13234 13231
f 13104 13423 13281
f 12937 13103 13070
f 13070 13280 13141
f 13204 13699 13279
f 13170 13515 13418
f 13540 13483 13250
f 13539 13643 13613
f 13613 13774 13448
f 13448 13774 13537
f 13537 13536 13301
f 13480 13536 13573
f 13715 13837 13924
f 13803 13987 14149
f 14417 14472 14366
f 14388 14466 14279
f 14349 14465 14444
f 14241 14518 14312
f 14464 14517 14182
f 14182 14517 14386
f 14386 14463 14181
f 14139 14442 14277
f 14277 14442 14416
f 14384 14415 14346
f 14415 14514 14209
f 14514 14541 14441
f 14205 14363 14383
f 14135 14459 14204
f 14459 14411 14236
f 14236 14411 14382
f 13978 14134 13891
f 14134 13890 13891
f 13286 13147 12867
f 12832 12896 12866
f 12916 12970 12863
f 12893 13004 12862
f 13233 13231 13207
f 13232 13253 12942
f 13206 13229 13001
f 13001 13229 13072
f 13072 13229 12914
f 12965 13205 13103
f 13140 13352 13309
f 13309 13352 13252
f 13252 13421 13204
f 13545 13698 13351
f 13389 13617 13513
f 13451 13417 13513
f 13513 13417 13101
f 13168 13417 13615
f 13483 13512 13304
f 13346 13512 13199
f 13612 13739 13299
f 13299 13739 13608
f 13739 13673 13479
f 13673 13871 13773
f 13773 13837 13568
f 13803 14149 13714
f 14185 14250 13898
f 14250 14185 14184
f 14184 14249 14250
f 14249 14184 14322
f 14184 14418 14322
f 14418 14320 14247
f 14317 14547 14365
f 14389 14281 14316
f 14314 14388 14107
f 14444 14443 14278
f 14312 14387 14182
f 14182 14386 14181
f 14347 14384 14176
f 14514 14441 14307
f 14441 14363 14137
f 14363 14205 14137
f 14383 14460 14306
f 14460 14345 14306
f 14204 14459 14236
f 14236 14382 14362
f 14173 14134 14174
f 14174 14134 13978
f 13238 13596 13315
f 12833 12722 12616
f 12864 12916 12686
f 12500 12686 12916
f 12500 12916 12647
f 12757 12944 12830
f 12830 12716 12611
f 13106 13105 13003
f 13073 13283 12942
f 13281 13206 13001
f 12911 13140 13252
f 13140 13309 13252
f 13032 13204 13279
f 13223 13577 13389
f 13168 13615 13251
f 13304 13512 13346
f 13512 13539 13199
f 13199 13539 13510
f 13510 13511 13538
f 13539 13222 13510
f 13537 13301 13302
f 13573 13612 13480
f 13610 13641 13609
f 14286 14287 14321
f 14282 14316 14217
f 14316 14281 14246
f 14389 14315 14042
f 14278 14443 14348
f 14146 14348 14313
f 14311 14181 14240
f 14181 14364 14240
f 14096 14240 14212
f 14038 14385 14347
f 14210 14176 14384
f 14205 14383 14306
f 14362 14173 14174
f 13462 13434 13435
f 13596 13238 13465
f 13238 13315 13286
f 12867 13147 12833
f 12573 12722 12810
f 12763 12897 12761
f 12761 12832 12760
f 12896 12865 12866
f 12866 12865 12759
f 12647 12863 12646
f 13108 12895 12645
f 12895 12944 12645
f 12645 12944 12757
f 12716 12915 12407
f 12756 12943 12609
f 13208 13034 12966
f 13230 13104 13253
f 13103 12937 12938
f 12964 13070 13141
f 13224 13419 13350
f 13419 13515 13350
f 13101 13417 13168
f 13250 13251 13540
f 13277 13250 13347
f 13250 13483 13347
f 13483 13304 13347
f 13199 13510 13222
f 13537 13302 13134
f 13198 13612 13247
f 13247 13612 13299
f 13572 13611 13571
f 13611 13610 13571
f 13570 13609 13569
f 13608 13739 13479
f 13568 13837 13715
f 13836 14016 13987
f 14110 14045 13693
f 14322 14250 14249
f 14251 14286 14248
f 14285 14320 13834
f 14417 14366 13941
f 14365 14547 14217
f 14217 14521 14282
f 14389 14183 14281
f 14280 14445 14147
f 14466 14349 14279
f 14349 14444 14279
f 14313 14566 14241
f 14277 14385 14038
f 14384 14346 14209
f 14346 14415 14209
f 14209 14514 14307
f 14306 14345 14135
f 14174 13978 14090
f 14090 13978 13939
f 13939 13891 13759
f 13759 13596 13729
f 13596 13465 13729
f 13491 13462 13463
f 13464 13435 13436
f 12542 12867 12833
f 12760 12832 12809
f 12759 12865 12831
f 12651 12759 12864
f 12916 12863 12647
f 12646 13005 12438
f 12407 12915 12894
f 12406 12894 12829
f 12829 12943 12756
f 12828 12609 12943
f 12684 13106 12967
f 13106 13003 12967
f 12827 12942 13253
f 13253 13104 12827
f 13104 13281 13001
f 13351 13226 13545
f 13351 13308 13225
f 13308 13224 12962
f 13067 13513 13101
f 13307 13349 13306
f 13349 13348 13305
f 13277 13347 12933
f 13450 13539 13416
f 13448 13537 13134
f 13608 13479 13299
f 13715 13836 13535
f 14110 13802 13714
f 13802 14110 13693
f 13693 14045 13898
f 14250 14418 14247
f 14247 14320 14015
f 14015 14320 14285
f 14285 14319 14284
f 14284 14319 14283
f 14319 14318 14283
f 13834 14320 14417
f 14317 14365 14014
f 14042 14315 14148
f 14445 14314 14147
f 13919 14107 14388
f 14279 14444 14216
f 14313 14105 14146
f 14241 14312 14011
f 14181 14311 14140
f 14038 14347 14276
f 14275 14310 14274
f 14274 14310 14273
f 14308 14309 14273
f 14273 14309 14272
f 14309 14308 14271
f 14307 14441 14094
f 14094 14441 14137
f 14205 14306 14136
f 14306 14135 14304
f 14303 14305 14270
f 14270 14305 14269
f 14268 14269 14267
f 14269 14305 14267
f 14362 14174 14090
f 12898 12867 12542
f 12722 12573 12616
f 12721 12615 12760
f 12615 12763 12761
f 12832 12866 12536
f 12759 12831 12864
f 12864 12686 12651
f 13005 12758 12438
f 12407 12611 12716
f 12407 12894 12610
f 12610 12894 12406
f 13074 13208 12966
f 12966 13034 13002
f 12914 13071 12939
f 12965 13103 12938
f 13141 13140 12963
f 13140 12911 12963
f 12911 13252 13176
f 13176 13252 13204
f 13279 13420 13228
f 13225 13308 12962
f 13515 13170 13350
f 13250 13277 12933
f 13307 13306 13278
f 13346 13199 13304
f 13222 13539 13303
f 13482 13481 13449
f 13221 13539 13613
f 13165 13613 13448
f 13673 13773 13478
f 13478 13773 13568
f 13836 13987 13714
f 13898 14250 13986
f 14322 14418 14250
f 14217 14316 14246
f 13984 14246 14108
f 14043 14281 14183
f 14183 14389 14042
f 14280 14147 14315
f 14041 14314 14107
f 14388 14279 13919
f 14216 14444 14242
f 14444 14278 14242
f 14105 14313 14241
f 14276 14347 14239
f 14210 14384 14008
f 14008 14384 14209
f 14209 14307 14094
f 14035 14306 14304
f 14269 14268 14238
f 14268 14267 14237
f 14204 14236 14362
f 13759 13729 13939
f 13465 13238 13729
f 13286 12867 13265
f 12760 12615 12761
f 12809 12832 12536
f 12438 12758 12685
f 12497 12612 13108
f 12943 12893 12828
f 13034 13073 12942
f 13104 13001 12861
f 12861 13001 12940
f 13000 13001 13072
f 12939 13071 12965
f 12912 12965 12938
f 13228 12854 13279
f 12854 13032 13279
f 13420 13545 13227
f 13227 13545 12935
f 13200 13224 13350
f 13347 13304 12998
f 13539 13450 13303
f 13303 13450 13416
f 13613 13165 13221
f 13165 13448 13249
f 13164 13448 13134
f 13568 13715 13535
f 13714 13987 13803
f 14285 13834 14015
f 14109 14217 14044
f 14044 14217 13984
f 14217 14246 13984
f 14108 14281 14043
f 14315 14147 14148
f 14147 14314 14012
f 14012 14314 14041
f 14245 14244 14215
f 14214 14215 14213
f 14215 14244 14213
f 14244 14243 14213
f 14278 14348 14146
f 14241 14104 14105
f 14240 14096 14311
f 13915 14095 14139
f 14139 14277 14211
f 14276 14239 14038
f 14009 14347 14037
f 14347 14176 14037
f 14037 14176 14210
f 13980 14209 14138
f 14136 14306 14092
f 14092 14306 14035
f 14304 14135 14035
f 13978 13891 13939
f 12810 12763 12502
f 12502 12763 12615
f 12720 12762 12719
f 12760 12809 12536
f 12866 12759 12688
f 12370 12651 12613
f 12613 12651 12501
f 12501 12686 12500
f 12500 12647 12648
f 13108 12645 12497
f 12830 12611 12757
f 12406 12829 12756
f 12406 12756 12472
f 12828 12893 12571
f 12893 12862 12571
f 12862 13106 12684
f 12941 12827 13104
f 13000 13072 12914
f 12964 13141 12963
f 13545 13226 13225
f 13223 13389 13169
f 13389 13513 13067
f 13166 13250 12933
f 13480 13612 13198
f 13299 13479 13345
f 13834 14417 13941
f 14246 14281 14108
f 14279 14216 14242
f 14104 14241 14103
f 14103 14241 14011
f 14040 14182 14102
f 14182 14181 14102
f 14181 14140 14102
f 14178 14179 14177
f 14179 14180 14177
f 14096 14095 14067
f 14239 14347 14009
f 14037 14210 14008
f 14008 14209 13980
f 14036 14137 14205
f 14205 14207 14036
f 14208 14206 14175
f 14205 14136 14207
f 14207 14136 14036
f 14135 14204 14035
f 13238 13316 13409
f 13238 13286 13265
f 13265 12867 13368
f 12477 12898 12542
f 12502 12573 12810
f 12317 12721 12760
f 12688 12759 12651
f 12718 12717 12687
f 12501 12651 12686
f 12499 12647 12646
f 12685 12758 12612
f 12684 12967 13074
f 12966 13002 12808
f 12941 13104 12892
f 13104 12861 12892
f 12859 12938 12937
f 12858 12937 13070
f 12751 13070 12964
f 12890 12911 12856
f 13176 13204 12911
f 12911 13204 13033
f 13204 13032 13033
f 13228 13420 13203
f 13420 13227 12935
f 13225 13226 13351
f 12962 13224 12889
f 12889 13224 13200
f 13030 13350 13170
f 12934 13101 13168
f 13167 13168 13251
f 13251 13250 13166
f 13416 13539 13221
f 13249 13448 13164
f 13301 13536 13300
f 13536 13480 13300
f 13479 13673 13345
f 13673 13478 13345
f 13535 13836 13714
f 13693 13898 13772
f 14365 14217 14109
f 14043 14183 14042
f 13868 14042 14148
f 14279 14242 14072
f 14242 14278 14072
f 14312 14182 14040
f 14180 14179 14144
f 14144 14179 14143
f 14143 14178 14142
f 14142 14178 14141
f 14178 14177 14141
f 14211 14277 14038
f 13761 14037 13893
f 14138 14209 14094
f 14362 14090 14091
f 13729 13238 13597
f 13597 13238 13409
f 13367 13365 13366
f 13366 13317 13318
f 13316 13238 13187
f 13238 13265 13187
f 13114 12867 12898
f 12542 12833 12616
f 12616 12573 12575
f 12721 12317 12615
f 12760 12691 12475
f 12692 12690 12654
f 12690 12689 12653
f 12653 12689 12652
f 12760 12536 12691
f 12280 12866 12688
f 12501 12500 12408
f 12499 12646 12438
f 12179 12685 12612
f 12472 12756 12609
f 12609 12828 12496
f 12683 13074 12715
f 13074 12966 12715
f 13001 13000 12940
f 12939 12965 12912
f 12751 12964 12857
f 12964 12963 12911
f 13228 13203 12936
f 13203 13173 12936
f 13202 13201 13175
f 13175 13201 13174
f 13174 13201 13172
f 13173 13203 13420
f 12889 13200 13350
f 13170 13418 13030
f 13169 13389 13068
f 12933 13347 12961
f 13099 13199 13222
f 13133 13302 13301
f 13835 14250 14247
f 13983 13984 14108
f 14148 14147 13982
f 13982 14147 14012
f 13919 14279 14106
f 14072 14278 13896
f 14278 14146 13896
f 14146 14105 14104
f 14100 14101 14099
f 14102 14140 14145
f 14098 14144 14097
f 14140 14311 14096
f 13736 14095 13915
f 14139 14211 13793
f 13822 14038 14239
f 14009 14037 13894
f 13914 14037 14008
f 13913 14094 14137
f 14035 14204 14362
f 14090 13939 14034
f 13819 13729 13654
f 12898 12544 12724
f 12544 12898 12543
f 12898 12477 12543
f 12542 12616 12540
f 12540 12616 12575
f 12691 12536 12475
f 12536 12866 12280
f 12688 12651 12370
f 12650 12649 12614
f 12613 12501 12370
f 12500 12648 12439
f 12648 12647 12439
f 12473 12757 12611
f 12407 12610 12243
f 12361 12828 12571
f 12684 13074 12644
f 13002 13034 12827
f 13034 12942 12827
f 12607 12827 12533
f 12827 12941 12892
f 12913 12939 12912
f 12859 12937 12858
f 12856 12911 13033
f 12855 13033 13032
f 13175 13174 13139
f 13172 13171 13138
f 13173 13420 12935
f 12799 12935 13545
f 13031 12889 13350
f 13251 13166 13167
f 12998 13304 13199
f 13199 13099 13100
f 12957 13303 13416
f 13249 13164 13136
f 13220 13299 13056
f 13478 13568 13388
f 13568 13509 13344
f 13509 13568 13535
f 13476 13672 13714
f 13986 14250 13835
f 14365 14109 14044
f 13983 14108 14043
f 13981 13919 13865
f 13919 14106 13865
f 14106 14279 13865
f 14279 13918 13865
f 13896 14146 13796
f 14011 14312 14040
f 14040 14102 14071
f 14070 14101 14069
f 14101 14100 14069
f 14102 13764 14071
f 14102 14145 13764
f 13764 14145 14140
f 14140 14096 14067
f 14067 14095 13736
f 13894 14037 13940
f 13980 14138 13979
f 14066 14093 14065
f 14362 14091 13892
f 14091 14090 13892
f 13939 13729 13819
f 13729 13597 13654
f 13409 13316 13187
f 13187 13265 13368
f 12971 12898 12724
f 12724 12544 12655
f 12544 12659 12655
f 12617 12656 12655
f 12657 12656 12618
f 12413 12659 12544
f 12504 12575 12573
f 12502 12615 12371
f 12615 12317 12371
f 12317 12760 12183
f 12760 12475 12183
f 12645 12757 12473
f 12243 12610 12572
f 12279 12472 12609
f 12496 12828 12361
f 12571 12862 12684
f 12715 12966 12808
f 12807 13002 12827
f 13000 12914 12861
f 12914 12939 12677
f 12677 12939 12891
f 12891 12939 12860
f 12939 12913 12860
f 12913 12912 12860
f 12912 12938 12859
f 12858 13070 12433
f 12857 12964 12911
f 12936 13173 12935
f 12799 13545 13069
f 13545 13225 13069
f 12910 13350 13030
f 13068 13389 13067
f 13168 13167 12934
f 12998 13199 13100
f 13096 13221 13165
f 13057 13302 12909
f 13302 13133 12909
f 13300 13480 13248
f 13480 13198 13248
f 13198 13247 13276
f 13247 13299 13220
f 13299 13345 13056
f 13345 13478 13388
f 13714 13802 13476
f 13802 13693 13476
f 13386 13693 13713
f 13693 13772 13713
f 13772 13898 13986
f 13769 14247 14015
f 14015 13834 13985
f 13919 14041 14107
f 14279 14072 13918
f 14040 14071 13916
f 14069 14068 14039
f 14010 13764 14140
f 14139 13793 13915
f 14211 14038 13822
f 13913 14137 14036
f 14036 14136 14092
f 14092 14064 13859
f 14064 14092 14035
f 14035 14362 13892
f 14034 13939 13820
f 13820 13939 13819
f 12898 12971 13114
f 12693 12657 12694
f 12694 12659 12695
f 12696 12658 12660
f 12413 12544 12322
f 12477 12542 12286
f 12540 12575 12541
f 12575 12504 12541
f 12539 12574 12538
f 12573 12502 12504
f 12439 12647 12499
f 12498 12438 12685
f 12179 12612 12497
f 12473 12611 12407
f 12572 12610 12406
f 12533 12827 12861
f 12827 12892 12861
f 12861 12940 13000
f 12861 12914 12806
f 12433 13070 12751
f 13069 13225 12962
f 12852 13067 13066
f 13065 13102 13064
f 13062 13063 13061
f 13067 13101 13066
f 12961 13347 12998
f 13165 13249 13136
f 13134 13302 13057
f 13301 13300 13133
f 12823 13300 13094
f 13094 13300 13248
f 13477 13509 13535
f 13535 13714 13672
f 13835 14247 13769
f 13941 14366 14013
f 14043 14042 13868
f 13897 14148 13982
f 14012 14041 13919
f 13917 14146 14104
f 14104 14103 13917
f 14071 13764 13916
f 14239 14009 13895
f 13940 14037 13761
f 14037 13914 13893
f 14008 13980 13914
f 13914 13980 13789
f 14036 14092 13859
f 14064 14035 13859
f 13821 14034 13820
f 13409 13187 13368
f 13111 13368 12867
f 12724 12655 12723
f 12693 12694 12723
f 12694 12695 12723
f 12695 12659 12723
f 12723 12659 12724
f 12696 12660 12661
f 12322 12544 12477
f 12544 12543 12477
f 12286 12542 12540
f 12540 12541 12506
f 12539 12538 12506
f 12506 12538 12505
f 12538 12537 12505
f 12505 12537 12503
f 12475 12536 12213
f 12412 12370 12501
f 12244 12408 12500
f 12244 12500 12439
f 12179 12497 12474
f 12212 12474 12497
f 12497 12535 12083
f 12571 12684 12570
f 12570 12684 12644
f 12644 13074 12683
f 12808 13002 12807
f 12806 12914 12677
f 12891 12860 12912
f 12912 12859 12606
f 12606 12859 12858
f 12911 12890 12857
f 12855 13032 12854
f 13031 13350 12910
f 13030 13418 13029
f 13068 13067 12739
f 13065 13064 13028
f 13064 13063 13027
f 13063 13062 13027
f 13027 13062 13026
f 13101 12934 13066
f 13166 12933 12638
f 13416 13221 12706
f 12637 13164 13134
f 13133 13300 12823
f 13056 13345 13131
f 13131 13345 13388
f 13388 13568 13344
f 13387 13535 13508
f 13476 13693 13386
f 13941 14013 13768
f 14014 14365 13523
f 14365 14044 13523
f 13983 14043 13920
f 13920 14043 13868
f 13982 14012 13919
f 13796 14146 13766
f 13917 14103 14011
f 14011 14040 13916
f 14140 14067 14010
f 13895 14009 13762
f 14009 13894 13762
f 13152 13368 13111
f 13112 13149 13148
f 13148 13149 13189
f 13150 13149 13113
f 13149 13112 13113
f 13111 12867 13114
f 12724 12659 12413
f 12440 12540 12476
f 12540 12506 12476
f 12476 12504 12502
f 12246 12502 12184
f 12184 12502 12371
f 12688 12370 12280
f 12412 12501 12408
f 12439 12499 12438
f 12498 12685 12084
f 12212 12497 12083
f 12083 12535 12473
f 12535 12497 12473
f 12497 12645 12473
f 12572 12406 12211
f 12279 12609 12496
f 12807 12827 12607
f 12755 12861 12806
f 12677 12891 12712
f 12606 12858 12433
f 12751 12857 12431
f 12801 12802 12800
f 12802 12803 12800
f 12890 12826 12711
f 12709 12890 12568
f 12568 12890 12856
f 12825 12962 12889
f 12889 13031 12910
f 13030 13029 12999
f 12739 13067 12852
f 13066 12934 12852
f 12998 13100 13099
f 12888 13099 13222
f 13137 13303 12957
f 12787 13221 13096
f 12670 13164 12637
f 13276 13247 13220
f 13477 13535 13387
f 13508 13535 13672
f 13713 13772 13690
f 14015 13985 13769
f 13943 13944 13942
f 13834 13941 13921
f 13984 13983 13920
f 13767 13868 14148
f 13982 13919 13798
f 14072 13896 13918
f 13917 14011 13916
f 14010 14067 13736
f 13793 14211 13822
f 13822 14239 13600
f 13600 14239 13895
f 13980 13979 13789
f 13789 13979 14138
f 14138 14094 13913
f 13913 14036 13732
f 13731 14035 13892
f 13654 13556 13819
f 13492 13597 13409
f 13369 13319 13320
f 13148 13189 13188
f 13150 13113 13151
f 13041 13114 12971
f 12724 12413 12619
f 12373 12477 12286
f 12246 12540 12440
f 12440 12476 12502
f 12183 12475 12213
f 12363 12438 12498
f 12179 12474 12212
f 12314 12473 12313
f 12313 12473 12407
f 12243 12572 12242
f 12406 12472 12211
f 12472 12279 12211
f 12362 12279 12496
f 12715 12808 12608
f 12808 12807 12608
f 12435 12533 12861
f 12678 12861 12755
f 12677 12712 12754
f 12753 12805 12752
f 12805 12804 12752
f 12802 12801 12750
f 12748 12801 12747
f 13033 12855 12856
f 12854 13228 12936
f 12936 12935 12744
f 12676 12935 12799
f 12798 12962 12825
f 12638 12933 12738
f 13222 13303 12888
f 12957 13416 12706
f 13096 13165 13136
f 13135 12637 13134
f 13094 13248 13198
f 13198 13276 13132
f 13276 13220 13056
f 13344 13509 12990
f 12990 13509 13387
f 13509 13477 13387
f 13771 13835 13770
f 13770 13835 13769
f 13923 13943 13922
f 13943 13942 13922
f 13919 13981 13830
f 13766 14146 13917
f 13764 14010 13521
f 13793 13736 13915
f 13894 13940 13860
f 13732 14036 13859
f 13892 14090 13630
f 13630 14090 13730
f 14090 14034 13821
f 13368 13370 13409
f 13323 13371 13322
f 13322 13371 13321
f 13371 13369 13321
f 13152 13111 13114
f 12577 12576 12545
f 12619 12413 12581
f 12322 12477 12373
f 12282 12286 12540
f 12440 12502 12246
f 12213 12536 12122
f 12536 12280 12122
f 12412 12408 12182
f 12439 12438 12363
f 12083 12473 12314
f 12361 12571 12360
f 12405 12571 12570
f 12276 12644 12683
f 12608 12807 12607
f 12754 12753 12713
f 12433 12751 12569
f 12432 12751 12431
f 12857 12890 12431
f 12890 12711 12431
f 12750 12749 12710
f 13069 12962 12798
f 12933 12961 12738
f 12961 12998 12737
f 12790 12998 12888
f 12998 13099 12888
f 12888 13303 13137
f 12706 13221 12787
f 13094 13198 13132
f 12954 13276 13056
f 13388 13344 13130
f 13986 13835 13869
f 13869 13835 13771
f 13985 13834 13605
f 13834 13921 13689
f 13921 13941 13689
f 13984 13920 14044
f 14148 13897 13767
f 13897 13982 13798
f 13798 13919 13711
f 13865 13918 13896
f 13766 13917 13737
f 13917 13864 13737
f 13795 13917 13664
f 13794 13917 13916
f 13793 13822 13663
f 13761 13893 13683
f 14138 13913 13788
f 13730 14090 13821
f 13409 13370 13324
f 13322 13321 13287
f 13114 13041 13152
f 12765 12971 12724
f 12576 12577 12580
f 12579 12578 12546
f 12578 12545 12546
f 12374 12413 12322
f 12318 12282 12540
f 12540 12246 12318
f 12123 12213 12122
f 12370 12412 12315
f 12369 12409 12368
f 12410 12411 12368
f 12368 12411 12367
f 12367 12411 12366
f 12366 12411 12365
f 12411 12410 12365
f 12365 12410 12364
f 12408 12181 12182
f 12181 12408 12244
f 12363 12498 12084
f 12084 12685 12179
f 12313 12407 12243
f 12279 12117 12082
f 12362 12496 12361
f 12360 12571 12278
f 12436 12404 12607
f 12681 12714 12679
f 12682 12607 12533
f 12435 12861 12641
f 12641 12861 12678
f 12434 12755 12677
f 12755 12806 12677
f 12677 12754 12495
f 12712 12891 12754
f 12891 12495 12754
f 12569 12751 12432
f 12826 12890 12709
f 12746 12856 12855
f 12855 12854 12936
f 12744 12935 12676
f 12825 12889 12853
f 12888 13137 13060
f 13059 13098 13058
f 13098 13097 13058
f 12637 13135 13095
f 13135 13134 13095
f 13095 13134 13057
f 12991 13056 13131
f 13131 13388 13130
f 12990 13387 13298
f 13297 13672 13476
f 13343 13386 13713
f 13986 13869 13771
f 13920 13868 13688
f 13919 13830 13711
f 13830 13981 13686
f 13795 13737 13864
f 13917 13826 13664
f 13709 13822 13600
f 13600 13895 13762
f 13861 13894 13860
f 13683 13893 13914
f 13914 13789 13734
f 13789 14138 13788
f 13820 13819 13556
f 13654 13597 13492
f 13324 13370 13368
f 13041 12971 12765
f 12581 12580 12547
f 12580 12579 12547
f 12579 12546 12547
f 12413 12374 12186
f 12186 12374 12322
f 12321 12372 12320
f 12371 12317 12049
f 12280 12370 12315
f 12369 12368 12316
f 12244 12439 12363
f 12179 12212 12180
f 12004 12314 12313
f 12117 12279 12362
f 12357 12570 12644
f 12683 12715 12471
f 12715 12608 12471
f 12534 12608 12607
f 12436 12607 12682
f 12643 12680 12642
f 12680 12679 12642
f 12678 12755 12434
f 12891 12912 12606
f 12494 12606 12271
f 12271 12606 12433
f 12431 12711 12826
f 12855 12936 12745
f 12852 12934 12791
f 12791 12934 13167
f 12737 12998 12790
f 13060 13137 12788
f 12909 12637 13057
f 12637 13095 13057
f 13094 13132 13276
f 13298 13387 13508
f 13343 13713 13507
f 13713 13607 13507
f 13640 13670 13639
f 13639 13670 13669
f 13669 13670 13671
f 13772 13986 13771
f 13523 14044 13833
f 13830 13686 13828
f 13829 13867 13827
f 13867 13866 13827
f 13686 13981 13865
f 13738 13865 13896
f 13864 13917 13795
f 13825 13863 13824
f 13863 13862 13824
f 13792 13663 13822
f 13662 13861 13633
f 13861 13860 13633
f 13860 13940 13761
f 13683 13914 13734
f 13631 13859 14035
f 13556 13654 13492
f 13492 13409 13557
f 13409 13324 13557
f 13368 13152 13324
f 12619 12581 12764
f 12581 12413 12764
f 12250 12373 12126
f 12287 12126 12373
f 12285 12321 12284
f 12321 12320 12284
f 12284 12319 12283
f 12281 12183 12213
f 12122 12280 12182
f 12280 12315 12182
f 12182 12315 12412
f 12242 12572 12211
f 12118 12211 12045
f 12211 12279 12045
f 12405 12570 12357
f 12276 12683 12149
f 12471 12608 12534
f 12436 12682 12533
f 12435 12641 12678
f 12431 12826 12206
f 12356 12826 12568
f 12568 12826 12709
f 12568 12856 12746
f 12799 13069 12798
f 12853 12889 12794
f 12889 12910 12793
f 12910 13030 12793
f 12793 13030 12999
f 13167 13166 12638
f 12888 13060 12788
f 12958 13137 12931
f 13137 12957 12931
f 12851 12957 12706
f 12956 12637 12909
f 12823 13094 12527
f 13024 13094 13276
f 12991 13131 13130
f 13130 13344 12990
f 13639 13669 13668
f 13669 13671 13691
f 13691 13671 13692
f 13690 13772 13771
f 14044 13920 13712
f 13920 13688 13712
f 13767 13688 13801
f 13688 13868 13801
f 13800 13832 13799
f 13832 13831 13799
f 13801 13868 13767
f 13897 13798 13711
f 13602 13830 13687
f 13830 13828 13687
f 13829 13827 13797
f 13738 13896 13796
f 13381 13766 13737
f 13826 13917 13794
f 13916 13764 13765
f 13521 14010 13736
f 13663 13736 13793
f 13825 13824 13791
f 13824 13823 13791
f 13791 13823 13790
f 13792 13822 13709
f 13762 13894 13662
f 13894 13861 13662
f 13660 13761 13683
f 13598 13789 13788
f 13732 13859 13708
f 13708 13859 13493
f 13859 13558 13493
f 13558 13859 13631
f 13631 14035 13731
f 13730 13821 13820
f 12765 12724 12868
f 12724 12619 12764
f 12156 12441 12413
f 12186 12322 12007
f 12007 12322 12250
f 12322 12373 12250
f 12289 12288 12249
f 12248 12288 12247
f 12287 12373 12214
f 12286 12282 12318
f 12184 12371 12245
f 12183 12281 12152
f 12123 12122 12088
f 12084 12244 12363
f 12084 12179 12180
f 12313 12243 12046
f 12045 12279 12082
f 8926 12362 12361
f 8926 12361 12150
f 12361 12360 12116
f 12571 12405 12278
f 12359 12405 12277
f 12003 12644 12276
f 12437 12607 12404
f 12309 12434 12677
f 12891 12606 12494
f 12825 12853 12824
f 12794 12889 12793
f 12852 12639 12739
f 12738 12961 12531
f 12997 12996 12960
f 12996 12995 12959
f 13136 13164 12670
f 12993 13025 12992
f 12956 12909 12705
f 13133 12823 12909
f 12909 12823 12887
f 12527 13276 12849
f 13447 13507 13690
f 13507 13607 13690
f 13607 13713 13690
f 13475 13770 13769
f 13605 13834 13563
f 13563 13834 13474
f 13474 13834 13689
f 13711 13830 13602
f 13687 13828 13686
f 13826 13794 13916
f 13765 13764 13601
f 13521 13736 13763
f 13663 13792 13709
f 13633 13860 13761
f 13788 13913 13733
f 13733 13913 13732
f 13731 13892 13630
f 13730 13820 13760
f 13760 13820 13410
f 13410 13820 13556
f 12764 12413 12441
f 12375 12441 12091
f 12091 12441 11969
f 12126 12287 12090
f 12249 12248 12216
f 12248 12247 12215
f 12214 12373 12286
f 12281 12213 12152
f 12047 12313 12046
f 12243 12242 11935
f 12242 12211 11935
f 12151 12117 8926
f 12116 12360 12278
f 12278 12405 12359
f 12312 12358 12311
f 12311 12358 12310
f 12437 12534 12607
f 12435 12436 12533
f 12569 12432 12433
f 12746 12855 12745
f 12745 12936 12493
f 12493 12936 12744
f 12743 12799 12798
f 12798 12825 12796
f 12825 12824 12796
f 12741 12824 12853
f 12793 12999 12792
f 12639 12852 12566
f 12566 12852 12565
f 12532 12565 12852
f 12791 13167 12638
f 12960 12959 12932
f 12958 12931 12788
f 12931 12957 12851
f 13136 12670 13096
f 12994 12993 12955
f 13094 13024 12527
f 13024 13276 12527
f 12954 13056 12991
f 12907 12991 12783
f 12990 13298 13093
f 13298 13508 13093
f 13508 13672 13093
f 13297 13386 13343
f 13637 13941 13604
f 13941 13768 13604
f 13768 14013 13604
f 14044 13712 13833
f 13686 13865 13738
f 13738 13796 13665
f 13665 13796 13635
f 13796 13766 13635
f 13635 13766 13381
f 13663 13763 13736
f 13337 13600 13379
f 13633 13761 13660
f 13734 13789 13560
f 13730 13760 13410
f 13466 13556 13629
f 13556 13492 13629
f 13324 13152 13041
f 12724 12764 12868
f 12764 12441 12375
f 11969 12441 12156
f 12413 12186 12156
f 12049 12317 12183
f 12152 12213 12123
f 12004 12313 12047
f 11935 12211 12118
f 12117 12362 8926
f 12150 12361 12116
f 12278 12359 12277
f 12405 12357 12644
f 12275 12471 12274
f 12677 12495 12309
f 12272 12495 12209
f 12495 12891 12209
f 12432 12431 12308
f 12746 12745 12493
f 12744 12676 12493
f 12676 12799 12708
f 12743 12798 12742
f 12798 12796 12742
f 12675 12797 12795
f 12853 12794 12741
f 12741 12794 12740
f 12794 12793 12740
f 12793 12792 12740
f 12852 12791 12532
f 12738 12531 12468
f 12737 12790 12352
f 13137 12958 12788
f 12670 12637 12850
f 12637 12956 12705
f 12954 12991 12930
f 12930 12991 12907
f 12953 13130 12990
f 13297 13476 13386
f 13771 13770 13564
f 13564 13770 13475
f 13475 13769 13985
f 13689 13941 13637
f 13523 13833 13712
f 13897 13711 13603
f 13686 13738 13665
f 13381 13737 13795
f 13685 13795 13664
f 13685 13664 13710
f 13710 13664 13826
f 13916 13765 13826
f 13765 13601 13826
f 13663 13735 13495
f 13735 13663 13709
f 13709 13600 13735
f 13735 13600 13337
f 13733 13732 13788
f 13788 13732 13708
f 13655 13556 13466
f 13042 13041 12765
f 12007 12250 12126
f 12090 12287 12214
f 11938 12318 12246
f 12006 12246 12184
f 12006 12184 12154
f 12184 12185 12154
f 12154 12185 12089
f 12185 12184 12089
f 12089 12184 11937
f 12184 12245 11937
f 12245 12371 9110
f 9110 12371 12049
f 12005 12122 12182
f 12181 12244 12048
f 12083 12314 12004
f 9108 12116 12277
f 12116 12278 12277
f 9107 12277 12405
f 12471 12534 12437
f 12274 12437 12404
f 12080 12404 12436
f 12436 12435 12273
f 12435 12678 12434
f 12891 12494 12209
f 12206 12826 12356
f 12708 12799 12707
f 12799 12743 12707
f 12743 12742 12707
f 12673 12675 12795
f 12567 12795 12401
f 12797 12739 12639
f 12638 12738 12468
f 12705 12909 12490
f 13276 12954 12849
f 12908 12954 12930
f 12783 12991 12953
f 12991 13130 12953
f 13604 14013 13501
f 13688 13767 13500
f 13795 13685 13562
f 13685 13710 13826
f 13497 13826 13601
f 13601 13764 13521
f 13521 13763 13663
f 13600 13762 13684
f 13599 13762 13662
f 13662 13661 13634
f 13633 13660 13520
f 13632 13660 13659
f 13660 13683 13659
f 13560 13789 13598
f 13556 13655 13410
f 13492 13557 13629
f 13557 13324 13325
f 13115 13324 13042
f 13324 13041 13042
f 12765 12868 12764
f 12764 12375 12620
f 12092 12375 12091
f 12156 12186 12007
f 12214 12286 12318
f 12155 12153 12125
f 12125 12153 12124
f 12183 12152 8929
f 12120 12121 12119
f 12084 12180 11936
f 8824 12180 9019
f 12180 12212 9019
f 12046 12243 11935
f 11934 12277 9107
f 9107 12405 12644
f 12683 12471 12149
f 12275 12149 12471
f 12309 12495 12178
f 12240 12271 12433
f 12308 12431 12206
f 12356 12568 12145
f 12676 12674 12403
f 12676 12708 12674
f 12673 12176 12675
f 12708 12707 12674
f 12795 12567 12673
f 12795 12797 12639
f 12961 12737 12531
f 12531 12737 12352
f 12605 12352 12790
f 12790 12888 12789
f 12789 12888 12788
f 12671 12788 12931
f 12490 12909 12887
f 12564 12887 12823
f 12908 12930 12907
f 13093 13672 13297
f 13447 13690 13638
f 13564 13690 13771
f 13475 13985 13605
f 13501 14013 13667
f 13712 13688 13500
f 13442 13711 13602
f 13687 13686 13666
f 13441 13686 13665
f 13562 13381 13795
f 13685 13826 13497
f 13495 13735 13337
f 13600 13684 13599
f 13684 13762 13599
f 13599 13662 13634
f 13633 13661 13662
f 13439 13633 13520
f 13659 13683 13734
f 13559 13560 13598
f 13469 13598 13788
f 13493 13788 13708
f 13493 13558 13266
f 13631 13731 13468
f 13467 13731 13630
f 13658 13682 13656
f 13657 13630 13730
f 13325 13324 13044
f 12375 12092 12323
f 12007 12126 12090
f 11968 12318 11938
f 9110 12049 12183
f 12122 12086 12088
f 12087 12120 12085
f 12120 12119 12085
f 12005 12086 12122
f 12182 12181 12005
f 12048 12244 12084
f 12084 11936 12048
f 11936 12180 8824
f 12082 12117 8822
f 12117 12151 8822
f 12471 12437 12274
f 12274 12404 12210
f 12080 12436 12273
f 12178 12495 12272
f 12206 12356 8921
f 12145 12568 9100
f 12493 12676 12354
f 12354 12676 12403
f 12403 12674 12640
f 12565 12532 12235
f 12532 12791 12638
f 12429 12790 12789
f 12429 12789 12788
f 12671 12931 12851
f 12851 12706 12530
f 12787 13096 12670
f 12604 12850 12637
f 12527 12849 12603
f 12849 12954 12886
f 12954 12908 12886
f 12908 12907 12886
f 13093 13297 13055
f 13297 13343 13219
f 13197 13447 13446
f 13474 13689 13637
f 13474 13637 13604
f 13712 13636 13341
f 13603 13711 13442
f 13602 13687 13442
f 13687 13666 13473
f 13666 13686 13473
f 13561 13521 13495
f 13521 13663 13495
f 13379 13600 13470
f 13659 13734 13560
f 13373 13788 13493
f 13630 13657 13437
f 13437 13657 13730
f 13730 13410 13326
f 13410 13655 13466
f 13042 12765 13043
f 12765 12764 13043
f 9112 12091 11969
f 12156 12007 8930
f 12007 12090 9021
f 8492 12090 12214
f 12246 12006 11938
f 12154 12089 11937
f 11937 12245 9110
f 9110 12183 8826
f 12152 12123 12088
f 12088 12086 12005
f 12212 12083 9019
f 8821 8926 12116
f 8926 12150 12116
f 9109 12116 9108
f 12241 12276 12149
f 12435 12434 12273
f 9100 12568 12746
f 12354 12746 12493
f 12176 12673 12353
f 12353 12673 12402
f 12304 12401 12795
f 12638 12468 12399
f 12467 12790 12429
f 12706 12787 12491
f 12787 12670 12491
f 12705 12490 12301
f 12990 13093 12781
f 13219 13343 13507
f 13446 13447 13606
f 13447 13638 13606
f 13606 13638 13564
f 13638 13690 13564
f 13563 13474 13275
f 13636 13712 13500
f 13500 13767 13382
f 13382 13897 13603
f 13442 13687 13294
f 13340 13441 13665
f 13665 13635 13522
f 13562 13685 13498
f 13380 13521 13561
f 13470 13600 13599
f 13661 13633 13634
f 13494 13660 13376
f 13660 13632 13376
f 13632 13659 13560
f 13493 13266 13373
f 13558 13631 13468
f 13468 13731 13467
f 13467 13630 13437
f 13466 13629 13557
f 13044 13324 13115
f 8930 12007 8403
f 8403 12007 9021
f 12006 12154 11937
f 8826 12183 8929
f 12005 12181 8564
f 11936 8824 8928
f 9019 12083 12004
f 12046 11935 12047
f 12118 12045 8729
f 12045 12082 9018
f 9018 12082 8822
f 9108 12277 11934
f 9107 12644 12003
f 9106 12003 12276
f 12273 12434 12309
f 12209 12494 12271
f 12146 12240 12433
f 12433 12432 12308
f 9100 12746 12355
f 12402 12673 12567
f 12795 12639 12566
f 12532 12638 12399
f 12605 12790 12467
f 12851 12530 12671
f 12670 12850 12604
f 12263 12604 12637
f 12849 12886 12846
f 12848 12847 12821
f 12821 12847 12820
f 12847 12845 12820
f 12846 12886 12784
f 12886 12907 12783
f 12636 12783 12953
f 13297 13219 13055
f 13219 13507 13447
f 13446 13606 13505
f 13605 13563 13129
f 13524 13474 13501
f 13474 13604 13501
f 13767 13897 13382
f 13340 13665 13522
f 13470 13599 13634
f 13520 13494 13242
f 13520 13660 13494
f 13466 13557 13372
f 13372 13557 13325
f 13043 12764 12917
f 12764 12620 12621
f 12375 12323 12620
f 12092 12091 9112
f 8126 11969 12156
f 12090 8492 9021
f 11938 12006 8732
f 12152 12088 12005
f 11935 11967 8927
f 11967 11935 12118
f 8822 12151 9017
f 9105 12149 12275
f 12210 12404 12080
f 12080 12273 12042
f 12273 12309 12079
f 12147 12272 12209
f 12146 12433 12041
f 12041 12433 12208
f 12433 12308 12208
f 12355 12746 12470
f 12746 12354 12470
f 12354 12403 12430
f 12304 12795 12400
f 12400 12795 12566
f 12400 12566 12235
f 12566 12565 12235
f 12429 12788 12672
f 12490 12887 12736
f 12887 12564 12736
f 12786 12822 12785
f 12821 12820 12785
f 12781 13093 12929
f 13219 13447 12989
f 13567 13566 13534
f 13534 13566 13533
f 13533 13565 13532
f 13532 13565 13531
f 13445 13474 13525
f 13525 13474 13524
f 13499 13382 13603
f 13294 13687 13473
f 13473 13686 13441
f 13522 13635 13381
f 13381 13562 13155
f 13498 13685 13471
f 13685 13497 13471
f 13471 13497 13521
f 13497 13601 13521
f 13496 13380 13495
f 13380 13561 13495
f 13213 13634 13336
f 13336 13634 13439
f 13634 13633 13439
f 13632 13560 13559
f 13266 13558 13468
f 12917 12764 12621
f 12323 12092 12290
f 12127 12092 9112
f 9112 11969 8126
f 8732 12006 11937
f 8402 9110 8826
f 12048 11936 8825
f 9019 12004 8823
f 8823 12004 12047
f 12047 11935 8927
f 8927 11967 12118
f 8729 12045 9018
f 9109 9108 8207
f 9106 12276 12241
f 12275 12274 12044
f 12044 12274 12043
f 12270 12269 12239
f 12269 12268 12238
f 12403 12640 12492
f 12402 12567 12236
f 12236 12567 12401
f 12672 12788 12671
f 12530 12706 12232
f 12261 12564 12823
f 12846 12784 12849
f 12461 12953 12844
f 12953 12990 12844
f 12844 12990 12781
f 13093 13055 12929
f 13055 13219 12952
f 12952 13219 12928
f 12989 13447 13197
f 13296 13446 13505
f 13534 13533 13506
f 13505 13606 13296
f 13475 13605 13129
f 13445 13525 13503
f 13525 13529 13504
f 13530 13528 13503
f 13503 13528 13502
f 13528 13530 13502
f 13527 13526 13502
f 13525 13524 13502
f 13524 13501 13295
f 13501 13667 13342
f 13523 13712 13196
f 13196 13712 13341
f 13158 13500 13382
f 13499 13603 13442
f 13051 13473 13441
f 13471 13521 13380
f 13495 13337 13193
f 13439 13520 13267
f 13632 13559 13241
f 13469 13788 13373
f 9115 11939 9114
f 9113 9116 8931
f 9116 12127 8931
f 12127 9112 8931
f 8565 9021 8492
f 12214 12318 11968
f 11968 11938 8732
f 8214 11937 9110
f 8564 12181 8212
f 8212 12181 8825
f 12181 12048 8825
f 8825 11936 8928
f 9017 12151 8040
f 8821 12116 8820
f 8820 12116 9109
f 9107 12003 8819
f 9106 12241 11966
f 9105 11966 12149
f 11966 12241 12149
f 12275 12044 9105
f 12043 12274 12210
f 12042 12273 12079
f 12079 12309 12178
f 12177 12209 12271
f 12177 12271 12146
f 12271 12240 12146
f 12239 12238 12207
f 8921 12356 12145
f 12355 12470 12354
f 12403 12492 12469
f 12205 12401 12304
f 12399 12531 12233
f 12352 12605 12467
f 12530 12232 12466
f 12350 12232 12706
f 12706 12491 12398
f 12491 12670 12604
f 12465 12604 12263
f 12464 12263 12637
f 12261 12823 12527
f 12886 12783 12784
f 12636 12953 12669
f 13023 13219 12989
f 13564 13475 13246
f 13503 13502 13524
f 13341 13636 13500
f 13440 13498 13472
f 13472 13498 13471
f 13496 13495 13193
f 13470 13634 13213
f 13213 13336 13212
f 13267 13520 13242
f 13241 13559 13598
f 13084 13598 13469
f 13373 13266 13411
f 13468 13467 13266
f 13044 13115 13042
f 13042 13043 12917
f 12290 12092 12251
f 12092 12127 12251
f 9023 9115 9022
f 9111 12156 8930
f 8403 9021 8565
f 8732 11937 8214
f 9110 8402 8731
f 12152 12005 9020
f 9020 12005 8647
f 8647 12005 8730
f 8491 8928 8824
f 8927 12118 8729
f 8209 8729 9018
f 8040 8822 9017
f 8040 12151 8926
f 8488 9107 8819
f 12178 12272 12147
f 12147 12209 12177
f 12041 12208 12308
f 12308 12206 12001
f 12206 11932 12001
f 11932 12206 8921
f 12145 9100 11929
f 12237 12176 12353
f 12400 12235 12304
f 12468 12531 12399
f 12352 12351 12030
f 12351 12352 12467
f 12204 12671 12530
f 12464 12637 12705
f 12736 12564 12428
f 12603 12849 12784
f 12928 13219 12704
f 13446 13218 13197
f 13275 13474 13445
f 13503 13524 13445
f 13445 13524 13295
f 13342 13667 13443
f 13499 13442 13412
f 13340 13522 13381
f 13562 13498 13440
f 13337 13379 13214
f 13242 13494 13438
f 13494 13376 13438
f 13241 13598 13084
f 13411 13469 13373
f 13437 13730 13191
f 13191 13730 13326
f 13410 13466 13326
f 13326 13466 13239
f 13116 13466 13372
f 13044 13042 12917
f 12621 12620 12869
f 9116 9113 8315
f 8315 9113 8931
f 8126 12156 8217
f 8217 12156 9111
f 8492 12214 11968
f 8214 9110 8313
f 8313 9110 8731
f 8929 12152 8647
f 12152 9020 8647
f 8730 12005 7829
f 8399 8927 8729
f 8209 9018 8822
f 8208 8822 8310
f 8310 8822 8490
f 7675 8926 8489
f 8489 8926 8821
f 12081 12210 12080
f 12080 12042 12148
f 12002 12148 12042
f 12178 12147 9016
f 12078 8921 12145
f 12307 12354 12430
f 12403 12469 12305
f 12353 12402 12175
f 12114 12205 12304
f 12235 12532 12234
f 12234 12532 12144
f 12144 12532 12399
f 12491 12604 12397
f 12397 12604 12465
f 12396 12784 12783
f 13606 13564 13296
f 13296 13564 13246
f 13246 13475 13129
f 13414 13444 13413
f 13273 13442 13156
f 13156 13442 13294
f 13294 13473 13051
f 13051 13441 13340
f 13292 13562 13339
f 13562 13440 13339
f 13336 13439 13267
f 13267 13242 13335
f 13438 13376 13331
f 13376 13632 13330
f 13330 13632 13241
f 13467 13437 13191
f 13239 13466 13116
f 13325 13044 13210
f 13045 13044 12917
f 12917 12621 12869
f 12127 9116 8316
f 8316 9116 8315
f 8931 9112 8315
f 8315 9112 8126
f 8217 9111 8930
f 7908 8930 8403
f 12005 8646 7829
f 8646 12005 8564
f 8928 8491 8825
f 8824 9019 8400
f 12047 8927 8399
f 8311 8822 8208
f 8490 8822 8040
f 9108 11934 9107
f 8819 12003 9106
f 9106 11966 11933
f 12147 12177 8923
f 12177 12146 9104
f 12078 12145 11929
f 9100 12355 12040
f 12355 12354 12040
f 12040 12354 12307
f 12237 12353 12033
f 12236 12401 12032
f 12032 12401 12205
f 12030 12233 12352
f 12233 12531 12352
f 12671 12204 12672
f 12350 12706 12398
f 12490 12736 12428
f 12527 12603 12344
f 12669 12953 12782
f 12461 12844 12781
f 12929 13055 12952
f 12704 13219 13023
f 13218 13446 13296
f 13415 13414 13384
f 13414 13413 13383
f 13445 13295 13385
f 13341 13500 13158
f 13412 13442 13273
f 13272 13340 13381
f 13050 13562 13292
f 13380 13496 13088
f 13120 13470 13213
f 13333 12976 13335
f 13153 13469 13327
f 13469 13411 13327
f 12620 12323 12582
f 12127 8316 11940
f 8314 7975 8492
f 8492 11968 8314
f 8491 8824 8401
f 8824 8400 8211
f 7678 8400 9019
f 9019 8823 8645
f 8644 8729 8209
f 8040 8926 7675
f 9108 9107 7905
f 7905 9107 8488
f 8925 12210 12081
f 12079 8481 12042
f 12079 12178 8481
f 8481 12178 9016
f 12041 12308 12001
f 8921 12078 8817
f 12306 12430 12267
f 12267 12430 12305
f 12430 12403 12305
f 12204 12530 12466
f 12464 12705 12106
f 12705 12301 12106
f 12428 12564 12262
f 12261 12527 12529
f 12783 12636 12300
f 12300 12636 12669
f 12782 12953 12461
f 12669 12461 12462
f 13217 13218 13296
f 13445 13385 13216
f 13216 13385 13295
f 13295 13501 13342
f 13295 13342 13443
f 13382 13499 13273
f 13499 13412 13273
f 13381 13155 13272
f 13155 13562 13050
f 13122 13440 13271
f 13440 13472 13471
f 13471 13380 13088
f 13379 13470 13120
f 13334 13378 13332
f 13378 13377 13332
f 13335 13242 13243
f 13242 13438 13331
f 13331 13376 13211
f 13084 13469 13153
f 13375 13374 13329
f 13329 13374 13328
f 13117 13266 13467
f 13210 13044 13045
f 12869 12620 12582
f 12323 12290 12251
f 8217 8930 7908
f 8565 8492 8216
f 8216 8492 7975
f 11968 8732 8215
f 8732 8214 8215
f 8124 8731 7830
f 8731 8402 7830
f 7829 8646 8564
f 8122 8212 8825
f 7972 7678 9019
f 7972 9019 8645
f 8399 8823 12047
f 8399 8729 8644
f 8311 8209 8822
f 8821 8820 8207
f 8820 9109 8207
f 8562 8819 9106
f 12043 12210 8925
f 8925 12081 12080
f 8925 12080 12002
f 12080 12148 12002
f 9104 12146 8922
f 8922 12146 12041
f 12353 12175 12033
f 12175 12402 12236
f 12114 12304 12174
f 12144 12399 11957
f 12399 12233 11957
f 12351 12467 12173
f 12467 12429 12143
f 12429 12672 11956
f 12398 12491 12397
f 12529 12563 12528
f 12603 12784 12396
f 12230 12783 12300
f 12782 12461 12669
f 12781 12929 12526
f 13273 13158 13382
f 13051 13340 13293
f 13293 13340 13272
f 13291 13338 13290
f 13289 13290 13288
f 13271 13440 13268
f 13440 13471 13268
f 13214 13379 13120
f 13335 12976 13267
f 12976 13333 13243
f 13333 13335 13243
f 13242 13331 13211
f 13330 13241 13376
f 13192 13241 13084
f 13327 13411 13153
f 8126 8217 7832
f 8314 11968 8215
f 8929 8647 8041
f 7829 8564 7292
f 8399 8644 8209
f 8489 8821 7906
f 8207 9108 7756
f 8563 8819 8562
f 9105 12044 11965
f 12044 12043 11965
f 12077 12430 11997
f 12430 12306 11997
f 12031 12205 12114
f 12173 12467 12143
f 12143 12429 11956
f 12142 12466 12232
f 12266 12398 12397
f 12301 12490 12428
f 12201 12564 12261
f 12261 12529 12344
f 12529 12527 12344
f 12344 12603 12463
f 12603 12396 12463
f 12929 12952 12928
f 13163 12989 13197
f 13218 13163 13197
f 12927 13218 13217
f 13054 13129 13563
f 12988 13275 13445
f 13245 13216 13295
f 13215 13295 13274
f 13295 13443 13274
f 13156 13294 13089
f 13050 13292 13339
f 13021 13339 13440
f 13270 13289 13269
f 13268 13471 13088
f 13088 13496 13244
f 13154 13193 13337
f 13213 13212 13120
f 13212 13336 13014
f 13243 13242 13085
f 13153 13411 13240
f 13240 13411 13266
f 13372 13325 13116
f 13045 12917 12869
f 12323 12251 12442
f 12324 12251 12127
f 8316 8315 7548
f 8313 8731 8124
f 8402 8826 8123
f 8826 8929 8041
f 8213 8564 8212
f 7827 8491 8401
f 8645 8823 8399
f 8399 8209 8312
f 7756 9108 7905
f 11933 11966 9105
f 8923 12177 9104
f 12041 12001 8818
f 8818 11932 8921
f 8114 9100 11999
f 9100 12040 11999
f 12040 12307 12077
f 12307 12430 12077
f 12175 12236 11959
f 12304 12235 12174
f 12235 12234 12174
f 11958 12174 12234
f 12030 12351 12173
f 12396 12783 12230
f 13217 13296 13246
f 13563 13275 12988
f 12988 13445 13216
f 13128 13216 13245
f 13158 13273 13157
f 13273 13156 13123
f 13122 13271 13268
f 13121 13214 13120
f 13120 13212 13119
f 13014 13336 13267
f 13267 12976 13087
f 13118 13241 13192
f 13467 13191 13117
f 12946 13191 13326
f 13326 13239 13010
f 12725 12869 12582
f 12324 12127 11940
f 11940 8316 9024
f 7976 8403 8125
f 8403 7623 8125
f 8403 8565 8216
f 7973 8826 8041
f 8041 8647 8730
f 7292 8564 8213
f 8825 8491 8122
f 8122 8491 7827
f 8401 8824 8211
f 7972 8645 8399
f 7677 8399 8210
f 8210 8399 8312
f 8310 8490 8040
f 7675 8489 8121
f 7906 8821 8207
f 8728 11933 9105
f 8486 8561 9105
f 9105 11965 8486
f 11965 12043 8643
f 12043 8925 8643
f 9016 12147 8924
f 12147 8923 8924
f 8922 8923 9104
f 8922 12041 9103
f 8818 12001 11932
f 12078 8920 8817
f 12078 11929 8920
f 12176 12237 8112
f 12205 12031 12032
f 11958 12234 12144
f 8919 12030 12173
f 12350 12398 12231
f 12231 12398 12266
f 12266 12397 12465
f 12264 12465 12349
f 12349 12465 12263
f 12263 12464 12113
f 12113 12464 12106
f 12262 12301 12428
f 12461 12781 12426
f 12526 12929 12525
f 12525 12929 12928
f 13217 13246 13129
f 13128 13245 13295
f 12924 13341 13158
f 13050 13339 13021
f 13021 13440 13122
f 13496 13193 13244
f 12839 13193 13154
f 13154 13337 13214
f 13049 13214 13121
f 13014 13267 13087
f 13085 13242 12975
f 12975 13242 12903
f 12903 13242 13211
f 13376 13241 13118
f 12872 13266 13117
f 13116 13325 13190
f 13190 13325 13083
f 13083 13325 13210
f 13210 13045 12972
f 13045 12869 12834
f 12834 12869 12945
f 12945 12869 12725
f 12582 12323 12442
f 7548 8315 8126
f 7908 8403 7976
f 8215 8214 7831
f 8313 8124 8214
f 7830 8402 8123
f 8123 8826 7973
f 8041 8730 7829
f 7827 8401 8211
f 8211 8400 7546
f 7546 8400 7678
f 7972 8399 7677
f 8040 7675 8039
f 8207 7756 8206
f 8488 8819 8563
f 8481 12002 12042
f 8481 9016 8300
f 9103 12041 8818
f 8920 11929 9015
f 11931 11930 9102
f 9102 11930 9101
f 9015 11929 8393
f 11928 11927 9099
f 11927 11926 9098
f 9097 11926 11925
f 11925 11964 11924
f 11964 11963 11924
f 11923 11963 11962
f 11963 12000 11962
f 11962 12000 11998
f 12040 8724 11999
f 11957 12233 11990
f 12233 12030 11990
f 11920 12232 12231
f 12232 12350 12231
f 12346 12347 12303
f 12347 12348 12303
f 12303 12348 12302
f 12262 12564 12201
f 12344 12463 12396
f 12300 12669 12022
f 12781 12526 12426
f 12525 12928 12704
f 12704 13023 12989
f 12989 13163 12906
f 13163 13218 12951
f 12843 13218 12927
f 13054 13563 12882
f 13128 13295 13195
f 13295 13215 13195
f 13215 13274 13195
f 13341 12924 12925
f 12950 12924 13159
f 13156 13089 13194
f 13089 13294 13051
f 13155 13050 13022
f 13244 13193 13088
f 13119 13212 13015
f 13015 13212 13014
f 12976 13243 13085
f 12903 13376 12919
f 13153 13240 12872
f 13240 13266 12872
f 12946 13326 13010
f 13010 13239 13116
f 12583 12725 12582
f 12324 12442 12251
f 9024 8316 7548
f 8217 7908 7976
f 7623 8403 8216
f 8213 8212 8122
f 7676 8312 8209
f 8209 8311 8208
f 7206 8310 8040
f 8038 8207 8206
f 8488 8563 7971
f 8562 9106 8728
f 9106 11933 8728
f 8728 9105 8487
f 8487 9105 8561
f 9103 8818 8922
f 11929 9100 8114
f 9096 11925 9095
f 11925 11924 9095
f 11924 11923 9095
f 11961 12077 11997
f 12236 12032 11959
f 11991 12114 12174
f 11958 12144 12076
f 11956 12672 12204
f 12266 12465 12265
f 12265 12465 12264
f 12264 12349 12265
f 12265 12349 12263
f 12263 12113 12172
f 12106 12301 12203
f 12345 12262 12202
f 12262 12201 12202
f 12261 12344 12171
f 12344 12396 12066
f 12735 12704 12989
f 12841 12927 13217
f 12666 13196 13341
f 13161 13162 13160
f 13091 13159 13158
f 13159 12924 13158
f 13157 13273 13125
f 13125 13273 13124
f 13124 13273 13123
f 13123 13156 12949
f 13156 13194 13052
f 13293 13272 12817
f 12817 13272 13155
f 13154 13214 13049
f 13087 12976 13086
f 13211 13376 12903
f 13118 13192 13084
f 13153 12872 12873
f 13117 13191 12871
f 13191 12946 12973
f 13190 13083 13116
f 13045 12834 12945
f 7624 8126 7832
f 7832 8217 7458
f 7458 8217 7976
f 7623 8216 7975
f 8314 8215 7457
f 7457 8215 7831
f 7546 7678 7679
f 7677 8210 8312
f 7622 8312 7676
f 8209 8208 7676
f 8208 8310 7206
f 7757 8040 8039
f 7905 8488 8309
f 7826 8309 8488
f 7904 11965 8643
f 8643 12002 8481
f 8300 9016 8924
f 8922 8818 8727
f 8727 8818 8726
f 8818 8921 8817
f 8920 9015 8393
f 8393 11929 7752
f 8114 11999 8724
f 9096 9095 9014
f 8724 12040 11961
f 12040 12077 11961
f 11997 12306 12039
f 12237 12115 11960
f 12035 12037 12034
f 11993 12115 9013
f 9013 12115 12033
f 12115 12237 12033
f 9013 12033 11959
f 11959 12033 12175
f 12031 12114 11991
f 12076 12144 11957
f 8919 12173 12075
f 12075 12173 12143
f 12265 12263 12172
f 12301 12262 8916
f 12262 12345 8916
f 12022 12669 12229
f 12842 12927 12841
f 12841 13217 12780
f 12882 13563 12988
f 13161 13160 13127
f 13127 13160 13126
f 13091 13158 13125
f 13158 13157 13125
f 12949 13156 13052
f 13194 13089 13052
f 13193 12839 13088
f 12904 13120 13119
f 13014 13087 12921
f 12772 13086 12976
f 13376 13118 12919
f 13210 12972 13083
f 12972 13045 12945
f 9024 8042 7460
f 7548 8126 7624
f 7975 8314 7294
f 7294 8314 7457
f 7758 8041 7829
f 7292 8213 8122
f 7547 8122 7828
f 8211 7546 7827
f 7757 7206 8040
f 7757 8039 7675
f 8121 8489 7907
f 7907 8489 7906
f 7372 8207 8038
f 7826 7905 8309
f 7826 8488 7971
f 7971 8563 8562
f 8486 11965 7904
f 8924 8923 8642
f 8560 8922 8727
f 12115 11993 11960
f 12038 12037 11996
f 11995 12036 11994
f 12036 12035 11994
f 11994 12035 11992
f 8816 12032 12031
f 12076 11957 11958
f 12204 12466 11989
f 9093 12466 12142
f 12142 12232 11920
f 12113 12106 12139
f 8916 12345 12202
f 12028 12201 11953
f 12066 12396 11952
f 11952 12396 12230
f 12229 12669 12427
f 12669 12462 12427
f 12906 13163 12951
f 13217 13129 13054
f 12988 13216 12733
f 12926 12666 13341
f 12950 13159 13091
f 13127 13126 13090
f 13052 13089 13051
f 13293 12947 12880
f 12817 13155 13022
f 13021 13122 12879
f 12839 13154 13049
f 12904 13119 12984
f 12974 13118 13084
f 13084 13153 12974
f 12873 12872 12918
f 12872 13117 12871
f 12871 13191 12973
f 13010 13116 13083
f 12870 12945 12725
f 11940 9024 8932
f 9024 7460 11970
f 7460 8042 7977
f 9024 7548 8042
f 7212 7548 7624
f 7623 7975 7974
f 7973 8041 7758
f 7452 7676 8208
f 7906 8207 7372
f 8206 7756 8038
f 8925 12002 8643
f 8923 8922 8560
f 8818 8817 8725
f 8817 8478 8725
f 8478 8920 8393
f 7752 11929 8114
f 11997 12039 8477
f 8112 12237 11960
f 11960 11993 9013
f 11959 12032 8816
f 11991 12174 11958
f 8815 11958 11957
f 11990 12030 8919
f 12075 12143 12029
f 11956 12204 11989
f 11989 12466 9093
f 11920 12231 12266
f 12074 12113 12139
f 12070 12203 12301
f 12070 12301 8916
f 12201 12261 12171
f 12230 12300 12022
f 12229 12427 12462
f 12735 12989 12906
f 12951 13218 12843
f 12926 13341 12925
f 13092 13090 13053
f 13051 13293 12948
f 12947 13293 12817
f 13022 13050 13021
f 13268 13088 12922
f 13121 13120 12904
f 12921 13087 12920
f 12981 13087 12772
f 13087 13086 12772
f 12976 13085 12975
f 12974 13153 12873
f 12811 13083 12972
f 12582 12442 12583
f 12324 11940 12291
f 11970 11940 8932
f 11970 8932 9024
f 7979 7978 7910
f 7910 7978 7909
f 7977 8042 7548
f 7292 8122 7291
f 8122 7547 7291
f 7828 8122 7827
f 7678 7972 7677
f 7622 7677 8312
f 7452 8208 7206
f 7675 8121 7374
f 7971 8562 7450
f 8562 8728 8487
f 8118 8643 8481
f 8300 8924 8642
f 8642 8923 8560
f 8479 8818 8478
f 8818 8725 8478
f 8817 8920 8478
f 8723 9013 8816
f 8816 12031 8558
f 8202 11991 11922
f 11921 11957 8919
f 11957 11990 8919
f 9094 12143 11956
f 12266 12265 12172
f 12106 12203 12070
f 11953 12201 12171
f 9092 12230 12022
f 12299 12462 12461
f 12525 12704 12735
f 12906 12951 12843
f 12703 12843 12927
f 12882 12780 13217
f 13217 13054 12882
f 12882 12988 12702
f 12778 12988 12733
f 12987 13216 12818
f 12664 12950 13125
f 12950 13091 13125
f 12985 13124 12949
f 13124 13123 12949
f 12948 13293 12880
f 12839 13049 12878
f 13020 13047 13019
f 13019 13047 13018
f 13018 13047 13017
f 13048 13119 13016
f 13119 13015 13016
f 13016 13015 13014
f 12920 13087 12981
f 13013 13046 13012
f 13012 13046 13011
f 12771 13118 12974
f 12972 12945 12870
f 12870 12725 12697
f 12697 12725 12583
f 7910 7909 7833
f 7831 8214 7759
f 7759 8214 8124
f 7758 7829 7375
f 7450 8562 7970
f 8114 8724 7534
f 11960 9013 8476
f 9013 11959 8816
f 11991 11958 8475
f 8640 8919 8639
f 8639 8919 12029
f 8919 12075 12029
f 11954 12266 12172
f 12139 12106 8200
f 11952 12230 9092
f 12299 12461 12426
f 12259 12426 12526
f 12884 12703 12927
f 12632 12987 12819
f 12818 13216 12986
f 13216 13128 12986
f 13128 13195 12986
f 13125 13124 12664
f 13022 13021 12663
f 12922 13122 13268
f 12922 13088 12839
f 12878 13049 13121
f 13019 13018 12983
f 13018 13017 12983
f 13016 13014 12773
f 12773 13014 12921
f 12982 13012 12980
f 12980 13012 12979
f 13012 13011 12979
f 12979 13011 12978
f 12978 13011 12977
f 12976 12975 12729
f 12903 12919 12975
f 12919 13118 12877
f 12877 13118 12771
f 12946 13010 12973
f 12973 13010 12835
f 13010 13083 12811
f 12811 12972 12726
f 12972 12870 12726
f 12583 12442 12507
f 12442 12324 12376
f 11940 11970 12291
f 7460 7461 8127
f 7460 7977 7548
f 7624 7832 7458
f 8125 7623 7210
f 7830 8123 7000
f 7375 7829 7292
f 7456 7827 7546
f 7120 7206 7757
f 7205 6595 7675
f 7970 8562 8120
f 8562 8487 8120
f 8483 8484 8482
f 8485 8118 8481
f 8301 8481 8300
f 8117 8300 8298
f 8300 8642 8298
f 8298 8642 8117
f 8642 8560 7903
f 8560 8727 8480
f 8476 9013 8723
f 11922 11991 8475
f 8815 11957 7819
f 7819 11957 11921
f 11956 11989 8918
f 12113 12074 12172
f 12074 12139 12141
f 12112 12140 12111
f 12109 12140 12108
f 12108 12140 12107
f 8637 12106 12070
f 12026 12028 11953
f 12229 12462 12299
f 12259 12526 12525
f 12525 12735 12226
f 12735 12906 12562
f 12842 12703 12884
f 12885 12905 12883
f 12884 12927 12842
f 12702 12988 12778
f 12733 13216 12987
f 12633 12987 12632
f 12881 12949 13052
f 13052 13051 12948
f 12701 12817 13022
f 12878 13121 12904
f 13119 13048 12984
f 13048 13016 12984
f 12729 12975 12662
f 12835 13010 12811
f 12697 12583 12507
f 12376 12324 12291
f 7459 7548 7298
f 7548 7212 7298
f 7212 7624 6853
f 7624 7297 6853
f 6683 8125 7210
f 7974 7975 6937
f 7831 7759 7680
f 7759 8124 7680
f 7680 8124 6934
f 8123 7973 7293
f 7293 7973 6680
f 7456 7546 7679
f 7622 7676 7059
f 6595 6932 7675
f 6932 7757 7675
f 8121 7907 7290
f 7907 7906 7290
f 7290 7906 7289
f 7372 8038 7756
f 7756 7905 7826
f 8120 8487 8305
f 8308 8398 8307
f 8398 8397 8304
f 8397 8396 8303
f 8305 8487 8119
f 8487 8561 8119
f 8561 8486 8302
f 8486 7904 8302
f 8118 8485 8301
f 8485 8481 8301
f 8036 8301 8300
f 8642 7903 8117
f 7903 8560 8295
f 8560 8480 8295
f 8818 8479 8726
f 8478 8393 7902
f 11961 11997 8641
f 12031 11991 8558
f 8722 8558 11991
f 8722 11991 8202
f 8475 11958 8815
f 8474 8919 8640
f 8639 12029 12143
f 11955 11920 12266
f 12172 12074 11988
f 11988 12074 9011
f 8917 12074 12141
f 12073 12110 12072
f 12072 12110 12071
f 12108 12107 12071
f 8200 12106 8637
f 9010 12202 12028
f 12202 12201 12028
f 12068 12069 12067
f 11952 12171 12344
f 12022 12229 12200
f 12425 12259 12525
f 12842 12841 12460
f 12733 12987 12633
f 12818 12819 12987
f 12923 12924 12950
f 12985 12949 12664
f 12664 12949 12881
f 13052 12948 12880
f 12947 12817 12880
f 12663 13021 12879
f 12879 13122 12815
f 12815 13122 12922
f 12920 12981 12772
f 12772 12976 12729
f 12594 12975 12919
f 12771 12974 12838
f 12870 12697 12766
f 7460 7548 7005
f 7121 7457 7831
f 7121 7831 7062
f 7062 7831 7680
f 8124 7830 6934
f 7000 8123 7293
f 7973 7758 7375
f 7828 7827 7208
f 7456 7679 7677
f 7679 7678 7677
f 7207 7677 7622
f 7205 7675 7374
f 7289 7906 7373
f 7203 7826 7971
f 7621 7971 7620
f 7971 7450 7620
f 8306 8304 8205
f 7904 8643 7825
f 7825 8643 7754
f 8643 8118 7754
f 8300 8117 8299
f 7903 8295 8297
f 8296 8395 8294
f 8395 8394 8294
f 7535 8727 8726
f 8726 8479 8478
f 8726 8478 7902
f 7534 8724 7901
f 8724 11961 8641
f 8639 12143 9094
f 9094 11956 8918
f 8472 8813 12172
f 8917 12141 12139
f 12028 12026 11987
f 12027 12069 12025
f 12069 12068 12025
f 12024 12067 12023
f 8556 11953 12171
f 12022 12200 11985
f 12299 12426 12259
f 12906 12843 12635
f 12843 12703 12488
f 12668 12780 12882
f 12702 12778 12779
f 12925 12924 12923
f 12923 12950 12664
f 13124 12985 12664
f 12701 13022 12663
f 12455 12839 12878
f 12904 12984 12454
f 12921 12920 12773
f 12773 12920 12514
f 12837 12974 12900
f 12901 12902 12899
f 12872 12871 12767
f 12507 12442 12376
f 8733 11970 8566
f 11970 7460 8566
f 7460 8127 8827
f 7210 7623 7003
f 7003 7623 7974
f 6937 7975 7295
f 7295 7975 7294
f 7294 7457 7121
f 6934 7830 7000
f 6680 7973 7375
f 7208 7827 7456
f 6754 7677 7207
f 7374 8121 6752
f 6752 8121 7290
f 7373 7906 7372
f 7372 7756 7204
f 7203 7971 7621
f 8120 8305 8119
f 8561 8302 8037
f 8036 8118 8301
f 8036 8300 8299
f 8297 8295 8480
f 7535 8480 8727
f 7535 8726 7969
f 7823 7902 8393
f 8203 8641 11997
f 11921 8919 8474
f 8107 8474 8640
f 9093 12142 8721
f 8721 12142 9012
f 8293 11920 11955
f 11955 12266 8293
f 11954 12172 8813
f 8472 12172 9011
f 12172 11988 9011
f 9010 12028 11987
f 12027 12025 11987
f 12024 12023 11986
f 12344 12066 11952
f 12200 12229 11985
f 12229 12299 12170
f 12425 12525 12489
f 12562 12906 12635
f 12460 12841 12780
f 12668 12882 12702
f 12778 12733 12459
f 12879 12815 12816
f 12596 12839 12455
f 12594 12919 12512
f 12512 12919 12877
f 12838 12974 12837
f 12876 12902 12875
f 12875 12902 12874
f 12973 12767 12871
f 12726 12870 12766
f 12622 12507 12376
f 12376 12291 12377
f 7005 7548 7459
f 7297 7624 7458
f 6851 7976 6683
f 6683 7976 8125
f 7291 7547 7208
f 7547 7828 7208
f 6933 7456 7543
f 7456 7677 7543
f 7455 7545 7454
f 7545 7544 7454
f 7454 7544 7453
f 7676 7452 7059
f 7206 7120 6677
f 7446 8119 8561
f 7446 8561 8037
f 8118 8036 7754
f 7903 8297 7535
f 8297 8480 7535
f 8116 8204 8115
f 8114 7534 7443
f 11960 8476 8112
f 8111 8476 8723
f 8723 8816 8558
f 8475 8815 8030
f 11989 9093 8721
f 9012 12142 11920
f 8293 12266 8814
f 8814 12266 8813
f 12266 11954 8813
f 9010 8916 12202
f 9010 11987 11953
f 11987 12026 11953
f 8556 12171 11952
f 11952 9092 8388
f 12022 11985 11919
f 12169 12226 12735
f 12635 12843 12488
f 12734 12780 12390
f 12780 12668 12390
f 12818 12986 12840
f 12630 12664 12731
f 12664 12881 12731
f 12630 13052 12880
f 12878 12904 12454
f 12984 13016 12700
f 12662 12975 12594
f 12876 12875 12836
f 12900 12974 12698
f 12974 12873 12698
f 12698 12873 12918
f 12811 12726 12510
f 8127 7461 7128
f 7461 7460 7005
f 7005 7459 7298
f 7458 7976 6851
f 7210 7003 7376
f 7543 7677 6933
f 6751 7290 7289
f 7288 7204 7756
f 7756 7826 6520
f 7450 7970 7755
f 7970 8120 8119
f 7542 8119 7446
f 8299 8117 8036
f 8036 8117 7824
f 7824 8117 7903
f 7753 7903 7673
f 8116 8115 8035
f 8033 8034 8032
f 7823 8393 7752
f 7751 7901 8724
f 8477 12039 8559
f 8558 8722 8108
f 8722 8202 8108
f 8202 11922 8475
f 7819 11921 8474
f 8106 8639 8391
f 8639 9094 7818
f 9011 12074 8917
f 8917 12139 8200
f 9010 11953 9009
f 8719 11953 8912
f 9092 12022 8634
f 12229 12170 11985
f 11985 12170 12299
f 12489 12525 12226
f 12488 12703 12561
f 12460 12780 12734
f 12602 12779 12778
f 12602 12778 12459
f 12667 12632 12819
f 12631 12664 12630
f 12731 12881 13052
f 12630 12880 12557
f 12556 12880 12817
f 12520 12701 12663
f 12663 12879 12816
f 12922 12839 12554
f 12554 12839 12596
f 12454 12455 12878
f 13016 12773 12515
f 12595 12772 12729
f 12877 12771 12452
f 12771 12838 12451
f 12838 12837 12698
f 12837 12900 12698
f 12698 12918 12872
f 12973 12835 12767
f 12379 12766 12697
f 12377 12291 12157
f 12157 12291 8733
f 12291 11970 8733
f 11941 11943 11971
f 11971 11943 11944
f 11944 11943 9117
f 11942 8733 11946
f 8566 7460 8827
f 8127 7681 8567
f 6683 7210 7376
f 7378 7377 7296
f 7375 7292 7209
f 7208 7456 6755
f 7207 7622 7059
f 6999 7120 6932
f 7120 7757 6932
f 6595 7205 6931
f 7205 7374 6752
f 6750 7372 7204
f 7288 7756 6520
f 6520 7826 7203
f 7287 7755 7970
f 7287 7970 7449
f 7754 8036 7674
f 7673 7903 7535
f 8034 8033 7968
f 7751 8724 8641
f 8203 11997 8477
f 8031 8476 8111
f 8638 9094 8918
f 8918 11989 8721
f 8471 8917 8200
f 8636 9009 11953
f 8912 11953 8556
f 8556 11952 8388
f 12065 12299 12260
f 12299 12259 12064
f 12259 12425 12228
f 12425 12489 12226
f 12169 12735 12562
f 12703 12842 12340
f 12524 12633 12632
f 12667 12819 12818
f 12818 12840 12777
f 12666 12926 12732
f 12925 12923 12457
f 12599 12556 12701
f 12556 12817 12701
f 12663 12816 12485
f 12815 12922 12554
f 12484 13016 12813
f 12775 12814 12774
f 12813 13016 12515
f 12699 12729 12662
f 12512 12877 12452
f 12771 12812 12452
f 12698 12872 12767
f 12625 12835 12510
f 12835 12811 12510
f 12510 12726 12380
f 12726 12379 12380
f 12622 12376 12377
f 8733 11942 12157
f 11971 11944 11945
f 7681 8127 6278
f 8127 7128 6278
f 6684 7298 7212
f 7376 7003 6683
f 7003 7974 6937
f 7295 7294 6367
f 6443 7294 7121
f 7000 7293 6524
f 6680 7375 7209
f 7292 7291 7060
f 7060 7291 7208
f 6933 7677 6754
f 7059 7206 6677
f 7373 6750 7289
f 6750 7373 7372
f 7621 7620 7451
f 7449 7970 8119
f 8302 7904 7058
f 7371 7904 7825
f 7535 7969 7200
f 7200 7969 8726
f 8477 8559 8392
f 8112 8476 8031
f 8723 8558 8110
f 8108 8110 8558
f 7820 8202 8475
f 7899 8475 8030
f 8640 8639 7966
f 8391 8639 7818
f 11920 8293 9012
f 8915 9010 8636
f 8636 9010 9009
f 8636 11953 8719
f 11919 11985 9008
f 11985 12299 12065
f 12065 12260 12064
f 12260 12299 12064
f 12460 12734 12390
f 12702 12779 12602
f 12524 12667 12818
f 12731 13052 12630
f 12984 12700 12553
f 12700 13016 12484
f 12776 12775 12730
f 12552 12920 12415
f 12920 12772 12415
f 12728 12770 12727
f 12770 12769 12727
f 12769 12768 12727
f 12452 12812 12451
f 12812 12771 12451
f 12838 12698 12626
f 12698 12767 12450
f 12450 12767 12587
f 12767 12835 12625
f 12726 12766 12379
f 12697 12507 12623
f 12507 12622 12623
f 12378 12377 12157
f 8733 8566 8827
f 7681 7549 7760
f 7212 6853 6684
f 6853 7297 7067
f 7127 7211 7126
f 7126 7211 7125
f 7125 7211 7124
f 7297 7458 7004
f 6937 7295 6936
f 6443 7062 7680
f 6524 7293 7061
f 6680 7061 7293
f 6760 7208 6755
f 7452 7206 7059
f 6931 7205 6753
f 6753 7205 6752
f 6752 7290 6676
f 7620 7450 7119
f 7450 7755 7287
f 7825 7754 7371
f 7824 7903 7753
f 7750 8202 7820
f 7820 8475 7899
f 8030 8815 7819
f 8029 8474 8107
f 7818 9094 8638
f 8473 9012 8293
f 7897 8814 8813
f 8472 9011 8917
f 8472 8917 8471
f 8388 9092 8387
f 8634 12022 11919
f 9008 11985 12065
f 12064 12259 12228
f 12298 12340 12842
f 12298 12842 12460
f 12634 12668 12702
f 12459 12733 12633
f 12524 12632 12667
f 12926 12925 12732
f 12557 12880 12556
f 12553 12454 12984
f 12484 12813 12515
f 12415 12772 12595
f 12595 12729 12699
f 12451 12838 12626
f 12128 12378 12157
f 12157 11942 11946
f 8043 8567 7681
f 7625 7684 7685
f 8046 8317 8133
f 9294 9427 9520
f 9520 9771 9473
f 9473 9771 9519
f 10084 10237 9816
f 10203 10303 10082
f 9945 10202 10161
f 10159 10198 9973
f 9907 9365 9939
f 9365 9759 9939
f 9866 9939 9759
f 9940 9418 9419
f 9419 9656 9718
f 8978 8873 8877
f 8978 9461 8873
f 9270 9460 9326
f 9326 9562 9459
f 9364 9901 9417
f 9061 9417 8692
f 8692 9755 9208
f 9208 9755 9269
f 9060 9416 9363
f 9416 9800 9363
f 9206 8867 9713
f 9712 9362 9324
f 9205 9362 9415
f 9650 9649 8689
f 9153 9413 9501
f 9153 9501 9053
f 9053 9501 9361
f 9457 9323 9360
f 9323 8601 9152
f 8967 9201 9706
f 8526 8855 7484
f 7998 8855 8434
f 8076 8596 8157
f 8250 8682 8337
f 8431 8335 8334
f 8430 7711 8852
f 8245 8072 7778
f 7390 8752 7707
f 7086 7085 6621
f 7085 6620 6307
f 6545 6953 6397
f 6397 6952 6617
f 6070 6952 7082
f 6070 7082 6544
f 7475 6868 6539
f 7019 6867 6539
f 6299 7018 6865
f 6391 7013 6389
f 7013 7141 6389
f 7141 6948 6389
f 6538 7224 6773
f 7310 7138 6296
f 6296 7138 6387
f 7137 7221 6698
f 7221 7136 6698
f 6383 7308 7073
f 7308 7135 7073
f 7217 7218 6532
f 7911 7131 6373
f 6373 7131 7068
f 7068 7131 7214
f 7299 7130 7007
f 7130 7129 7007
f 7461 7005 7128
f 7005 7298 6684
f 7123 7122 7065
f 7064 7065 7063
f 7295 6367 6936
f 6367 7294 7001
f 7001 7294 6443
f 6443 7121 7062
f 7209 7292 7060
f 6755 7456 6523
f 7207 7059 6193
f 6677 7120 6999
f 6751 7289 6750
f 7450 7287 7119
f 7449 8119 7542
f 7616 7058 7904
f 7904 7371 7616
f 7202 8036 7824
f 7202 7824 7673
f 7673 7824 7753
f 7199 8726 7902
f 7199 7902 7444
f 7902 7823 7444
f 7057 7823 7752
f 7752 8114 7057
f 7751 8641 8203
f 7819 8474 8029
f 8639 8106 7966
f 8638 8918 8201
f 8293 8814 7897
f 7897 8813 8472
f 12070 8916 7964
f 8292 9010 8915
f 8914 8913 8812
f 8812 8913 8811
f 12064 12228 12197
f 12199 12227 12198
f 12390 12668 12634
f 12634 12702 12602
f 12524 12818 12601
f 12601 12818 12665
f 12818 12777 12665
f 12485 12816 12815
f 12515 12773 12514
f 12514 12920 12552
f 12453 12594 12512
f 12626 12698 12381
f 12587 12767 12625
f 12624 12584 12586
f 12584 12585 12586
f 12586 12585 12548
f 12508 12622 12377
f 11946 8733 8827
f 8127 8567 8827
f 8043 7681 7760
f 7006 7682 7462
f 8132 8046 8133
f 8131 8134 8405
f 9029 8934 8405
f 10083 10204 9874
f 10082 9976 10124
f 9946 10271 10164
f 10163 9945 9975
f 10162 10160 10122
f 10198 10158 9973
f 9973 10158 9613
f 9613 10158 10079
f 9727 9759 9940
f 9759 9418 9940
f 9941 9657 9760
f 9721 9279 9720
f 9720 9279 9856
f 9726 9720 9861
f 9858 9859 9863
f 9861 9720 9856
f 9857 9856 9217
f 9857 9217 9421
f 9605 9604 9463
f 9217 9856 8608
f 8608 9856 9279
f 9216 9721 9506
f 9657 9462 9159
f 9271 9419 9603
f 8978 9759 9365
f 9326 9459 9155
f 9061 9364 9417
f 9060 9363 8867
f 9206 9713 9324
f 9205 9415 9154
f 8864 9559 9204
f 8861 9650 8689
f 9054 8689 9649
f 8968 9412 9201
f 8967 9706 9200
f 8528 8253 8759
f 8435 8252 7580
f 8159 8855 7998
f 7998 8434 7935
f 8251 7997 7323
f 8157 8595 7858
f 8595 8432 8075
f 7780 8337 9410
f 8074 8336 8249
f 8249 8336 8248
f 8335 8431 8247
f 8247 8431 8334
f 7711 8525 7995
f 7575 8245 7778
f 8072 8155 7994
f 6460 7231 7085
f 7231 7152 7085
f 6548 6620 7084
f 6459 6954 6071
f 6306 6954 6875
f 6954 7083 6875
f 7150 6871 6704
f 6871 7020 6546
f 6617 6952 6134
f 6133 6869 7772
f 6867 6866 6209
f 6299 6865 7017
f 6392 7315 6458
f 6458 7315 6298
f 6699 6774 6066
f 6066 6774 6297
f 6538 6773 6611
f 6126 6296 6387
f 7138 7137 6698
f 7136 7379 6383
f 7379 7308 6383
f 7308 7840 7010
f 7072 7071 6610
f 7071 7465 6610
f 6125 7070 7303
f 6532 7218 6862
f 6941 7215 6940
f 7911 6373 6939
f 6120 7549 7681
f 6600 7128 6684
f 7128 7005 6684
f 6853 7067 6852
f 6852 7067 7297
f 6762 7297 7004
f 7066 7065 7002
f 7065 7064 7002
f 6443 7680 6935
f 7061 6680 6524
f 7208 6760 7060
f 6523 7456 6933
f 6193 7059 6677
f 6676 7290 6751
f 7203 7621 6749
f 7451 7620 7119
f 7617 7542 6997
f 7371 7754 7674
f 7371 7674 8036
f 7285 7673 7535
f 8726 7199 7200
f 7444 7823 6840
f 7823 7057 6840
f 7057 8114 7443
f 8203 8477 8113
f 8477 8392 8113
f 7821 8108 8202
f 8201 8918 8721
f 8390 8721 9012
f 8027 8637 12070
f 8916 9010 7964
f 8812 8811 8720
f 12065 8632 9008
f 12064 12197 12105
f 12105 12197 12228
f 12420 12562 12635
f 12561 12703 12340
f 12460 12390 12225
f 12390 12634 12602
f 12458 12666 12732
f 12925 12457 12732
f 12923 12664 12631
f 12630 12419 12631
f 12599 12701 12520
f 12520 12663 12418
f 12331 12485 12815
f 12598 12815 12554
f 12384 12484 12515
f 12662 12594 12453
f 12382 12452 12451
f 12451 12626 12590
f 12628 12629 12627
f 12381 12698 12551
f 12551 12698 12450
f 12509 12510 12478
f 12510 12380 12478
f 12379 12697 12217
f 12217 12697 12443
f 12697 12623 12443
f 12443 12623 12622
f 12508 12377 12378
f 11946 8827 9118
f 9118 8827 8567
f 7549 7006 7462
f 6688 7683 7682
f 7834 7686 8129
f 7686 8046 8132
f 8219 8131 8405
f 9817 10361 9770
f 9770 10361 10084
f 9872 10124 9976
f 9946 9911 10081
f 10164 10123 9975
f 9974 9945 10199
f 9945 10161 10199
f 10080 10121 9663
f 9727 9866 9759
f 9657 8781 9213
f 9213 9506 9809
f 9863 9860 9862
f 9726 9856 9857
f 9217 9604 9808
f 8608 9279 8984
f 9366 9721 9216
f 9327 9156 8873
f 8869 9155 9325
f 9324 9362 9205
f 8865 9502 9414
f 8688 9413 9153
f 9203 9457 8860
f 9360 9323 8761
f 8761 9323 9152
f 8252 8435 8160
f 8684 8685 8686
f 8685 8598 8599
f 8599 8598 8527
f 7713 8433 8158
f 7858 8595 8075
f 8250 8337 8075
f 7780 9410 8156
f 8249 8248 8074
f 8246 8852 7712
f 8852 7711 8073
f 7709 7995 7576
f 8155 8071 7994
f 7994 8071 7778
f 7574 8070 7232
f 8070 7643 7232
f 7643 7389 7232
f 7232 7389 7088
f 7389 7153 7087
f 7153 7319 7087
f 6460 7085 7086
f 6071 6954 6306
f 6787 6876 6786
f 6876 6874 6784
f 6783 6785 6781
f 6780 6873 6779
f 6873 6872 6779
f 6546 7020 6211
f 6134 6952 6070
f 6778 6777 6703
f 6540 7475 6539
f 6299 7017 6392
f 6864 6614 6298
f 6775 6776 6701
f 6701 6776 6700
f 6864 6774 6699
f 6774 7078 6457
f 6387 7138 5857
f 6946 7011 6945
f 7073 7135 6383
f 7135 7308 6535
f 7308 7010 6535
f 6535 7010 7840
f 6535 7840 6454
f 6454 7840 7072
f 6610 7465 6534
f 6609 6534 7009
f 7009 7305 7133
f 6290 6697 6943
f 6942 7008 6689
f 7008 6284 6767
f 6605 6606 6857
f 6857 6939 6373
f 6688 7682 6279
f 7682 7006 6279
f 6120 7681 6938
f 7681 6278 6938
f 6852 7297 6762
f 6762 7004 7458
f 6851 6683 6526
f 6683 7003 6056
f 6367 6937 6936
f 6935 7680 6599
f 7680 6934 6599
f 6934 7000 6761
f 6196 6524 6680
f 6760 7209 7060
f 6754 7207 6844
f 6844 7207 6678
f 6677 6999 6192
f 6192 6999 6932
f 7204 7288 6750
f 7288 6520 6750
f 6750 6520 6593
f 7621 7451 6929
f 7619 7618 7541
f 7541 7618 7540
f 7540 7618 7539
f 7446 8037 8302
f 7286 8036 7202
f 7200 7285 7535
f 7370 7443 7534
f 7369 7751 8203
f 7900 8112 8031
f 8111 8723 7967
f 7967 8723 8110
f 8109 8110 8108
f 7821 8202 7609
f 8202 7750 7609
f 8107 8640 7966
f 7748 9012 8473
f 8473 8293 8389
f 8027 8200 8637
f 7964 9010 8292
f 8292 8915 8636
f 8636 8719 8291
f 8719 8912 8635
f 8387 9092 8634
f 12105 12228 12425
f 12105 12425 12104
f 12104 12425 12226
f 12459 12633 12524
f 12923 12631 12457
f 12486 12557 12556
f 12418 12663 12485
f 12554 12596 12455
f 12383 12699 12453
f 12699 12662 12453
f 12593 12628 12592
f 12628 12627 12592
f 12592 12627 12591
f 12587 12625 12510
f 12128 12157 11946
f 7686 8132 8219
f 8653 8405 8934
f 9426 9520 9473
f 9620 9817 9770
f 9816 10083 9874
f 9615 10082 10124
f 9910 9911 9946
f 9946 10081 10271
f 10164 9975 9946
f 9975 9945 9670
f 9974 10199 9663
f 10080 9663 10199
f 9613 10079 9972
f 9939 9867 9907
f 9940 9419 9908
f 9506 9721 9809
f 9610 9721 9719
f 9719 9721 9855
f 9855 9721 9720
f 9861 9856 9726
f 9604 9605 9807
f 9463 9604 8351
f 9217 8608 8985
f 9279 9366 8782
f 9366 9216 9070
f 9215 9216 9213
f 9216 9506 9213
f 9273 9328 9271
f 9418 9759 9603
f 9653 9364 9061
f 9060 8867 8868
f 9206 9324 8691
f 8860 9360 8761
f 8968 9201 8760
f 8760 9201 8967
f 8967 9200 8436
f 9200 8856 8078
f 8160 8253 8252
f 7580 8252 9322
f 7484 8855 8159
f 7646 8251 7323
f 8076 7713 8158
f 7712 8852 8073
f 7711 7995 7709
f 7779 8245 7575
f 8072 7994 7778
f 7778 8071 7482
f 7708 7932 7391
f 7390 7707 7154
f 6957 7707 7089
f 6706 6786 6705
f 6785 6783 6619
f 6783 6781 6619
f 6782 7388 6212
f 7388 6704 6212
f 6547 6212 6704
f 5945 6702 7079
f 6868 7019 6539
f 6701 6700 6615
f 6614 6864 6613
f 6612 6864 6066
f 6864 6699 6066
f 6388 6389 6947
f 6538 6611 6207
f 6014 6773 6537
f 6772 7072 6610
f 7303 6944 6863
f 6696 6690 6691
f 6690 6942 6689
f 6689 7008 6767
f 7008 6941 6284
f 6451 6857 6373
f 6373 7068 6856
f 7068 7214 6856
f 7006 7549 6120
f 6120 6938 6603
f 6762 7458 6851
f 5849 6443 6850
f 6443 6935 6850
f 6441 6442 6849
f 6597 7209 6760
f 6760 6755 6848
f 6846 6847 6845
f 6678 7207 6193
f 6192 6932 6595
f 6595 6931 6522
f 6750 6365 6190
f 6365 6750 6930
f 6930 6750 6593
f 6520 7203 6749
f 6749 7621 6929
f 7542 7617 7449
f 7448 7541 7447
f 7541 7540 7447
f 6842 7542 7446
f 7058 7616 7613
f 7538 7615 7537
f 7537 7615 7536
f 7615 7614 7536
f 7613 7616 7371
f 7371 8036 7286
f 7202 7673 7285
f 7534 7901 7751
f 7822 7900 8031
f 8031 8111 7532
f 8110 8109 7967
f 8109 8108 7967
f 7967 8108 7056
f 8028 7818 8638
f 8390 9012 7748
f 7816 8472 8471
f 8027 12070 7964
f 8719 8635 8291
f 8635 8912 8291
f 8291 8912 8557
f 8557 8912 8556
f 8388 8387 8198
f 11919 9008 8024
f 12065 12064 8632
f 8632 12064 12105
f 12104 12226 12169
f 12635 12488 12103
f 12601 12521 12193
f 12560 12600 12559
f 12601 12665 12558
f 12419 12630 12557
f 12556 12599 12486
f 12331 12815 12330
f 12815 12598 12330
f 12330 12598 12519
f 12597 12519 12555
f 12519 12598 12554
f 12328 12455 12454
f 12552 12415 12416
f 12415 12595 12131
f 12451 12590 12381
f 12590 12626 12381
f 12550 12589 12549
f 12589 12588 12549
f 12450 12587 12511
f 12622 12508 12292
f 12292 12508 12378
f 8567 8043 8493
f 7549 7462 8128
f 8129 7686 8130
f 7686 8219 8130
f 8570 8219 8405
f 9028 8934 9294
f 9294 9520 9426
f 9519 10085 9819
f 9819 10085 9673
f 9673 9977 9818
f 10203 10082 9873
f 9910 9872 9976
f 10121 10159 9973
f 9940 9908 9464
f 9760 9657 9213
f 9809 9721 9610
f 9808 9604 9807
f 8983 9279 8782
f 9070 9216 9215
f 9215 9278 9214
f 9278 9277 9214
f 9276 9275 9212
f 9212 9275 9211
f 9275 9274 9211
f 9271 9272 9209
f 9209 9272 8534
f 9272 9271 8534
f 8534 9271 9603
f 9068 8978 8877
f 9067 8873 9156
f 9156 9270 8870
f 9207 9269 9060
f 9269 9268 9060
f 8866 9205 9154
f 9204 9559 8862
f 9053 9361 9153
f 8687 9361 8340
f 9361 9203 8340
f 8601 9202 8530
f 8530 9202 8968
f 8435 7580 8160
f 7580 9322 8077
f 8076 8157 7858
f 7579 8075 8337
f 7709 7576 7577
f 7576 7933 7779
f 8071 7708 7644
f 7154 7707 6957
f 7088 7389 6788
f 6307 6621 7085
f 6548 7084 6213
f 6213 7084 6459
f 6306 6875 6619
f 6706 6705 6618
f 6547 6704 6546
f 6704 6871 6546
f 6542 6616 6541
f 6540 6539 7079
f 6067 6539 6867
f 6067 6867 6209
f 5863 6209 6299
f 6614 6613 6298
f 6391 6389 6390
f 6014 6537 6536
f 6205 6383 7135
f 6454 7072 6772
f 7303 6863 6382
f 6863 7217 5772
f 6862 7132 6771
f 7132 6861 6771
f 6289 6690 6689
f 6860 6859 6766
f 6859 6858 6766
f 6284 6941 6380
f 6941 6940 6380
f 6605 6857 6451
f 6279 7006 6120
f 6855 6854 6765
f 6765 6854 6763
f 6938 6278 6603
f 6278 7128 6370
f 7128 6600 6370
f 6853 6852 6684
f 6527 6851 6526
f 6119 6526 6683
f 7003 6937 6367
f 6367 7001 6443
f 6934 6761 6599
f 6761 7000 6524
f 6196 6680 6055
f 6194 6848 6757
f 6758 6846 6756
f 6846 6845 6756
f 6848 6755 6757
f 6757 6755 6523
f 6523 6933 6006
f 6006 6933 6754
f 6754 6844 6678
f 6594 6753 6752
f 6676 6751 6750
f 7451 7119 6929
f 6843 7119 7287
f 7287 7449 6998
f 7449 7617 6997
f 7446 8302 7058
f 7537 7536 7445
f 7531 8111 7611
f 7611 8111 7967
f 7442 8030 7819
f 7819 8029 7608
f 7281 8107 7966
f 7281 7966 7607
f 7966 8106 7818
f 8106 8391 7818
f 7817 8638 8201
f 7897 8472 7816
f 7965 8471 8200
f 8557 8556 8388
f 11984 12169 12421
f 12423 12424 12422
f 12169 12562 12421
f 12488 12561 12103
f 12225 12298 12460
f 12602 12459 12258
f 12459 12524 12335
f 12524 12601 12193
f 12523 12560 12522
f 12560 12559 12522
f 12521 12601 12295
f 12601 12558 12295
f 12457 12631 12456
f 12456 12631 12419
f 12419 12557 12486
f 12599 12520 12256
f 12519 12554 12330
f 12553 12700 12484
f 12517 12518 12516
f 12482 12384 12515
f 12253 12514 12513
f 12514 12552 12513
f 12381 12551 12450
f 12252 12378 12128
f 12128 11946 9118
f 7760 7549 8128
f 7682 7683 8045
f 8129 8130 8218
f 8130 8219 8218
f 9673 10085 9977
f 9770 10084 9816
f 10204 10203 9873
f 9815 9613 9729
f 9613 9972 9867
f 9766 9867 9765
f 9765 9867 9939
f 9943 9944 9811
f 9811 9944 9942
f 9944 9943 9942
f 9909 9941 9760
f 9762 9722 9605
f 9605 9463 9565
f 9604 9217 8609
f 9215 9213 9070
f 9158 9212 9157
f 9212 9211 9157
f 9211 9210 9157
f 8446 9603 8978
f 9603 9759 8978
f 8870 9270 8693
f 9066 9326 9155
f 8444 9653 9061
f 8692 9208 9269
f 9269 9207 8532
f 8532 9207 9060
f 9324 9205 8866
f 9056 8866 9154
f 8865 9414 9055
f 8862 9559 8861
f 9153 9361 8687
f 8858 8860 7999
f 8760 8967 8600
f 8078 8856 8528
f 8434 7646 7935
f 7779 7575 7576
f 6957 7089 6956
f 6788 7389 7087
f 6211 6545 6397
f 6397 6617 6134
f 6070 6544 5570
f 5570 6544 6396
f 6396 6543 6870
f 6132 5945 7079
f 7079 6539 6068
f 6299 6392 5784
f 6458 6298 6130
f 6297 6774 6457
f 6947 6538 6388
f 6014 6536 6127
f 6127 6536 6296
f 7138 6698 5698
f 6205 7135 6535
f 6534 6609 6293
f 6861 6697 6061
f 6943 6696 6290
f 6696 6693 6290
f 6695 6770 6694
f 6694 6770 6692
f 6770 6769 6692
f 6769 6768 6692
f 6693 6696 6452
f 6289 6691 6690
f 6689 6767 6284
f 6765 6764 6687
f 6687 6764 6686
f 6762 6851 6527
f 6442 6441 6682
f 6055 6680 7209
f 6759 6758 6679
f 6758 6756 6679
f 6054 6754 6678
f 6522 6931 6753
f 6594 6752 6676
f 6676 6750 6190
f 6842 7446 7058
f 7058 7613 7371
f 6362 7371 7118
f 7057 7443 7370
f 6927 7370 7534
f 7369 8203 8113
f 6268 7900 7822
f 8030 7442 7899
f 8029 8107 7608
f 7608 8107 7281
f 7607 7966 7052
f 8721 8390 7113
f 8199 8557 8388
f 8634 11919 7605
f 12105 12104 8810
f 12104 12169 8911
f 12395 12423 12394
f 12394 12423 12393
f 12393 12422 12392
f 12562 12420 12421
f 12390 12602 12135
f 12335 12524 12193
f 12523 12522 12487
f 12486 12599 12256
f 12256 12520 12418
f 12417 12554 12455
f 12454 12553 12189
f 12384 12482 12254
f 12517 12516 12483
f 12483 12516 12481
f 12482 12515 12514
f 12253 12513 12552
f 12253 12552 12480
f 12552 12416 12480
f 12595 12699 12383
f 12218 12512 12452
f 12218 12452 12382
f 12325 12381 12450
f 12449 12511 12444
f 12511 12587 12444
f 12587 12510 12509
f 12380 12379 12188
f 12292 12443 12622
f 9118 8567 8493
f 8493 8043 12008
f 8043 7760 8128
f 7462 7682 8045
f 9026 8405 8653
f 9519 9819 9673
f 9873 10082 9615
f 9615 10124 9872
f 9910 9976 9911
f 9871 9946 9975
f 9222 9945 9663
f 9945 9974 9663
f 10121 9973 9815
f 9973 9613 9815
f 9610 9719 9855
f 9726 9857 9421
f 9807 9605 9761
f 8351 9604 8609
f 8609 9217 8985
f 8982 8782 9070
f 8782 9366 9070
f 9657 9159 8267
f 9158 9157 9069
f 9067 9156 8872
f 8693 9270 8694
f 9326 9066 9270
f 9066 9155 8869
f 8977 9325 9062
f 9325 9653 9062
f 8766 9061 8692
f 9056 9154 8690
f 8690 9154 8865
f 8865 9055 8971
f 8864 9204 8765
f 8689 9054 8970
f 9054 9649 8970
f 8761 9152 8601
f 8530 8968 8760
f 9200 8078 8436
f 8528 8759 8338
f 8759 8253 8338
f 7715 8160 7580
f 7090 7580 7936
f 7580 8077 7936
f 8159 7998 7935
f 7645 7646 7323
f 7997 7996 7934
f 7858 8075 7579
f 6958 7778 7482
f 8071 7644 7482
f 7644 7708 6550
f 7932 7390 7391
f 7155 7390 7154
f 6461 6957 6956
f 6788 7087 6878
f 6878 7087 6877
f 6548 6213 6620
f 6071 6306 5869
f 6870 6133 6305
f 6950 6540 7079
f 6392 6458 6130
f 5783 6065 5566
f 6208 6390 6389
f 6388 6538 6207
f 6611 6773 6207
f 6207 6773 6014
f 6296 6126 5859
f 6063 6126 6387
f 6063 6387 6294
f 6387 5857 6294
f 6386 6456 6385
f 6385 6456 6384
f 6456 6455 6384
f 5857 7138 5698
f 7009 7133 6608
f 6771 6861 6061
f 6061 6697 6290
f 6694 6692 6607
f 6696 6691 6289
f 5469 6284 6380
f 6380 6940 6606
f 6379 6606 6605
f 6122 6373 6604
f 6373 6856 6604
f 6280 6688 6279
f 6687 6686 6602
f 6602 6686 6601
f 6600 6685 6370
f 6600 5769 6685
f 5934 6684 6852
f 6119 6683 6056
f 6275 6056 7003
f 6275 7003 6367
f 6849 6681 6441
f 6599 6761 6525
f 6761 6524 6525
f 6194 6757 6523
f 6596 6193 6677
f 6521 6522 6753
f 6116 6676 6438
f 6365 6930 6593
f 6749 6929 6273
f 6929 7119 6273
f 6998 6843 7287
f 7118 7371 7286
f 7201 7285 7200
f 7200 7199 7117
f 6840 7199 7444
f 6360 7534 7751
f 8108 7821 7056
f 7530 7821 7609
f 7820 7899 7367
f 7966 7818 7749
f 7817 7818 8028
f 8293 7897 8389
f 7897 7529 8389
f 7816 8471 7965
f 7606 7964 8292
f 7361 8199 8388
f 8632 12105 8810
f 12395 12394 12343
f 12393 12392 12342
f 12392 12391 12341
f 12138 12103 12561
f 11982 12390 12338
f 12388 12389 12386
f 12338 12390 12135
f 12193 12521 12295
f 12458 12732 12457
f 12418 12485 12331
f 12191 12331 12330
f 12330 12554 12417
f 12514 12253 12482
f 12326 12595 12383
f 12383 12453 12293
f 12453 12512 12479
f 12162 12479 12512
f 12451 12381 12382
f 12382 12381 12161
f 12447 12448 12446
f 12051 12449 12445
f 12444 12587 12509
f 12509 12478 12380
f 12159 12443 12292
f 8219 8570 8933
f 9470 9471 9517
f 9471 9472 9517
f 9519 9673 9468
f 9673 9818 9731
f 9910 9946 9423
f 9423 9946 9871
f 9670 9945 9768
f 9768 9945 9222
f 9727 9940 9464
f 9855 9720 9509
f 9720 9726 9372
f 9807 9761 9722
f 9761 9605 9722
f 8608 8984 8607
f 8607 8984 8983
f 8980 8981 8979
f 8446 8978 8777
f 8978 9068 8777
f 8777 9068 8877
f 8873 9067 8872
f 8872 9156 8870
f 9270 9066 8869
f 9065 9064 8976
f 8976 9064 8975
f 9064 9063 8975
f 8444 9061 8766
f 8692 9269 8532
f 8344 9060 8868
f 8974 9059 8973
f 9059 9057 8973
f 8973 9057 8972
f 9206 8691 8867
f 8866 9056 8690
f 8859 8969 8857
f 8436 8078 8339
f 7997 7934 7393
f 7393 7934 7996
f 7996 7713 7393
f 7579 8337 7578
f 7578 8337 7780
f 7712 8073 7711
f 7710 7711 7709
f 7575 7778 6958
f 6788 6878 6877
f 7086 6621 6398
f 6621 6307 5348
f 6072 6307 6620
f 6213 6459 6071
f 6211 6397 6135
f 6135 6397 6134
f 6134 6070 6021
f 6396 6870 6305
f 5708 6133 6303
f 6133 7772 6303
f 6304 6395 6302
f 6301 6394 6300
f 6394 6393 6300
f 6068 6539 6067
f 6209 5863 5339
f 5863 6299 5568
f 6457 6391 6208
f 6391 6390 6208
f 6385 6384 6295
f 5698 6698 6206
f 6206 6698 7136
f 5778 7136 6383
f 5777 6383 6205
f 6011 6772 6534
f 6772 6610 6534
f 6011 6534 6293
f 6293 6609 7009
f 6204 7009 6533
f 7009 6608 6533
f 6532 6862 6291
f 6291 6862 6771
f 6290 6693 6452
f 6689 6284 6289
f 6380 6606 6379
f 6010 6605 6451
f 6530 6531 6529
f 6602 6601 6528
f 6603 6278 6120
f 6370 6685 5769
f 6600 6684 6447
f 6447 6684 5934
f 5690 6762 6277
f 6762 6276 6277
f 6276 6762 6527
f 6524 6598 6440
f 6524 6196 6598
f 6597 6760 6848
f 6274 6192 6522
f 6192 6595 6522
f 6753 6594 5459
f 6594 6676 6116
f 6053 6365 6593
f 6273 7119 6843
f 6997 7542 6519
f 6519 7542 6842
f 7058 7371 6362
f 7202 7285 7201
f 7611 7967 7056
f 7056 7821 7530
f 7750 7820 7610
f 7442 7819 7608
f 7817 7749 7818
f 7817 8028 8638
f 7817 8201 7898
f 7113 8201 8721
f 8200 8027 7965
f 8292 8636 8291
f 7361 8388 8198
f 8198 8387 8025
f 8025 8387 7746
f 11984 12421 12420
f 12138 12561 12102
f 12561 12340 12102
f 12102 12340 12298
f 12137 12298 12225
f 12225 12390 11982
f 12389 12388 12338
f 12339 12387 12337
f 12337 12387 12336
f 12258 12459 12335
f 12458 12457 8285
f 12457 12456 12334
f 12334 12456 12419
f 12419 12486 12333
f 12333 12486 12332
f 12332 12486 12100
f 12256 12418 12385
f 12328 12454 12189
f 12254 12482 12253
f 12450 12511 12325
f 12325 12511 12449
f 12448 12447 12414
f 12444 12509 12380
f 12379 12217 12159
f 12252 12128 12158
f 12128 12129 12158
f 9118 8493 9119
f 8128 7462 8044
f 8044 7462 8045
f 8404 8495 8494
f 8570 8405 9026
f 9028 8653 8934
f 9468 9426 9518
f 9469 9470 9516
f 9516 9517 9515
f 9518 9426 9519
f 9426 9473 9519
f 9816 9874 9770
f 9874 10204 9873
f 9871 9975 9670
f 9663 10121 9815
f 9728 9939 9866
f 9728 9866 9727
f 9727 9464 9465
f 9810 9908 9865
f 9865 9908 9864
f 9811 9909 9760
f 9610 9855 9162
f 9808 9807 9722
f 9606 9762 9605
f 9606 9605 9565
f 8985 8608 8609
f 8537 8983 8782
f 9070 9213 8781
f 8781 9657 8267
f 8981 8980 8879
f 8980 8979 8879
f 8534 9603 8446
f 8774 8877 8873
f 8767 8872 8870
f 8606 9270 8869
f 8869 9325 8264
f 8264 9325 8977
f 8532 9060 8344
f 8868 9058 8439
f 8439 9058 8867
f 9058 8868 8867
f 8604 9324 8866
f 8866 8690 8604
f 8971 9055 8863
f 8765 9204 8862
f 8862 8861 8079
f 8163 8689 8970
f 8340 9203 8860
f 8340 8860 8254
f 8254 8860 8858
f 8764 8859 8763
f 8763 8857 8762
f 7999 8860 8761
f 7999 8761 7717
f 7717 8761 8601
f 7717 8601 8530
f 8530 8760 8600
f 8078 8528 8338
f 7484 8159 7483
f 8159 7935 7483
f 7483 7935 7646
f 7323 7997 7393
f 8076 7858 7579
f 7577 7576 7575
f 6958 7482 6550
f 7482 7644 6550
f 6957 6461 6707
f 5948 6213 6071
f 5710 6306 6619
f 6547 6211 6135
f 6304 6302 6210
f 5784 6392 6130
f 6020 6613 6864
f 6864 6612 6020
f 6020 6612 6066
f 6065 5783 6018
f 5410 5783 5409
f 6297 6457 5861
f 5861 6457 6208
f 6208 6389 6388
f 5944 6207 6015
f 6127 6296 5636
f 6294 5857 6063
f 6206 7136 5778
f 6535 6454 5776
f 5776 6454 6772
f 6125 7303 6453
f 6062 6863 5772
f 7217 6532 6291
f 5631 6605 6010
f 6451 6373 6449
f 6531 6530 6604
f 6604 6530 6529
f 5934 6852 5626
f 6276 6527 5546
f 6527 6526 6119
f 5766 6441 6007
f 6525 6524 6440
f 6598 6196 6440
f 7209 6597 6117
f 6117 6597 6195
f 6195 6597 6194
f 6597 6848 6194
f 6439 6754 6054
f 5845 6193 6192
f 6193 6596 6192
f 6596 6677 6192
f 6522 6521 6274
f 6521 6753 6191
f 6593 6520 6053
f 6520 6749 6592
f 6998 7449 6997
f 7286 7202 6996
f 7202 7201 6591
f 7201 7200 7117
f 6748 6840 7057
f 7057 7370 6995
f 6927 7534 6360
f 6360 7751 7369
f 7822 8031 7612
f 8031 7532 7612
f 7609 7750 7610
f 7610 7820 7367
f 7899 7442 7367
f 7052 7966 7749
f 7606 8292 8291
f 8557 8199 7191
f 8387 8634 7746
f 8633 9008 8632
f 8911 12169 11984
f 12635 12103 12420
f 12102 12298 12137
f 12136 12225 12062
f 12339 12337 12297
f 12337 12336 12297
f 12135 12602 12258
f 12193 12295 12134
f 12457 12334 8285
f 12334 12419 12333
f 12385 12418 12331
f 12455 12328 12329
f 12416 12415 12164
f 12381 12325 12011
f 12051 12445 12444
f 12445 12449 12444
f 12160 12188 12379
f 12292 12378 12158
f 12378 12252 12158
f 12129 12128 9119
f 12128 9118 9119
f 9120 8493 12008
f 12008 8043 8734
f 8650 8651 8652
f 9028 9294 9426
f 9518 9519 9468
f 9424 9818 9817
f 9571 9874 9616
f 9616 9874 9873
f 9671 9873 9615
f 9872 9910 9769
f 9669 9670 9768
f 9663 9815 9813
f 9870 9869 9814
f 9869 9868 9812
f 9813 9815 9662
f 9662 9815 9729
f 9613 9867 9766
f 9765 9939 9728
f 9865 9864 9810
f 9760 9213 9568
f 9568 9213 9809
f 9162 9855 9609
f 9609 9855 9509
f 9509 9720 9372
f 9808 9722 9608
f 9463 9071 9367
f 8607 8983 8537
f 8879 8878 8780
f 8777 8877 8774
f 8776 8876 8775
f 8876 8875 8775
f 8775 8875 8773
f 8875 8874 8773
f 8773 8874 8772
f 8774 8873 8445
f 8873 8872 8767
f 8771 8871 8770
f 8770 8871 8769
f 8694 9270 8083
f 8083 9270 8533
f 8533 9270 8606
f 8533 8869 8264
f 8264 8977 9062
f 9062 9653 8444
f 8263 8444 8766
f 8605 8692 8532
f 8344 8868 8439
f 8691 9324 8165
f 8690 8865 8863
f 8865 8971 8863
f 8864 8765 8256
f 8164 8765 8862
f 8079 8861 8689
f 8600 8967 8529
f 8529 8967 8436
f 7715 7580 7488
f 7322 7393 7713
f 7713 8076 7321
f 7233 7780 8156
f 7712 7711 7392
f 7392 7711 7320
f 6550 7708 7391
f 7391 7390 7155
f 7155 7154 6623
f 7154 6957 6707
f 5348 6307 6072
f 5711 6071 5869
f 5869 6306 5710
f 6212 6547 5947
f 6546 6211 6547
f 5709 6134 6021
f 6067 6209 5339
f 5339 5863 5785
f 5568 6299 6131
f 6131 6299 5784
f 6130 6298 6613
f 6066 6297 6129
f 5783 5410 6018
f 5566 6065 6128
f 6388 6207 5944
f 5636 6296 5859
f 6453 7303 6382
f 6382 6863 6062
f 6061 6290 6203
f 6288 6289 6284
f 6379 6605 5631
f 6378 6450 6377
f 6377 6448 6376
f 6376 6448 6375
f 6449 6373 6281
f 6281 6373 6122
f 6370 5769 5935
f 6600 6447 6197
f 5626 6852 6762
f 6446 6445 6369
f 6445 6444 6369
f 6369 6444 6368
f 5546 6527 6119
f 6367 6443 5849
f 5262 6442 6682
f 6682 6441 5766
f 6441 6681 5688
f 6440 6196 6366
f 6366 6196 5324
f 6055 7209 6117
f 6006 6754 6439
f 6676 6190 6438
f 6053 6520 6052
f 7058 6362 6437
f 6996 7202 6841
f 6748 7057 6995
f 6995 7370 6927
f 7369 8113 7533
f 7532 8111 7531
f 6673 7531 7611
f 7748 8473 7672
f 6988 7529 7897
f 7528 8027 8026
f 7527 8027 7964
f 7747 8291 8557
f 7746 8634 7896
f 7745 11919 8024
f 12137 12225 12021
f 11982 12338 12135
f 12101 12258 12335
f 12099 12486 12256
f 12331 12191 12385
f 12417 12455 12329
f 12189 12553 12484
f 12484 12384 12189
f 12253 12480 12327
f 12480 12416 12164
f 12131 12595 12326
f 12219 12383 12293
f 12293 12453 12479
f 12162 12512 11975
f 12056 12382 12161
f 12161 12381 12011
f 12449 12051 12325
f 12444 12380 12051
f 12160 12379 12159
f 8043 8128 8734
f 8734 8128 8568
f 8128 8044 8568
f 8045 7683 8569
f 8933 8570 9026
f 9027 8653 9425
f 9425 8653 9028
f 9731 9818 9424
f 9424 9817 9620
f 9616 9873 9571
f 9571 9873 9513
f 9513 9873 9671
f 9615 9872 9730
f 9872 9769 9730
f 9814 9812 9767
f 9512 9727 9661
f 9422 9811 9760
f 9568 9809 9610
f 9372 9726 9161
f 9421 9808 9764
f 9608 9722 9508
f 9508 9762 9607
f 9566 9607 9281
f 9607 9762 9281
f 9565 9463 9367
f 9071 9463 8701
f 8701 9463 8610
f 9463 8351 8610
f 8087 8609 8608
f 8537 8782 7724
f 8982 9070 8267
f 8267 9159 8700
f 8699 8779 8698
f 8779 8778 8698
f 8777 8774 8445
f 8445 8873 8084
f 8873 8767 8084
f 8771 8770 8697
f 8697 8770 8696
f 8769 8768 8696
f 8696 8768 8695
f 8694 8767 8870
f 9062 8444 8264
f 8443 8444 8263
f 8263 8692 8605
f 8165 9324 8604
f 8079 8689 8163
f 8688 9153 8602
f 9153 8687 8602
f 8602 8687 8438
f 8438 8687 8340
f 8858 7999 8254
f 8530 8600 8529
f 8437 8529 8436
f 8338 8253 8160
f 7090 7936 7647
f 6792 7483 7646
f 7321 8076 7235
f 7579 7578 7234
f 6960 7233 8156
f 7320 7711 7710
f 7577 7575 6958
f 5949 6621 5787
f 5870 6620 5948
f 6620 6213 5948
f 6396 6305 5708
f 6305 6133 5708
f 5568 6131 5784
f 6208 6388 5943
f 5859 6126 6064
f 6064 6126 5634
f 5634 6126 6063
f 5778 6383 5777
f 5776 6772 5775
f 6772 6011 5775
f 6293 7009 6204
f 6204 6533 6292
f 6453 6382 6062
f 5695 5772 7217
f 7217 6291 5694
f 6291 6771 5694
f 5694 6771 6061
f 5771 6696 6289
f 6287 6381 6285
f 5469 6380 6060
f 6060 6380 6059
f 6380 6379 6059
f 6377 6376 6283
f 6198 6375 6282
f 6282 6375 6281
f 6375 6374 6281
f 6372 6371 6121
f 6371 6372 6280
f 6120 6278 5935
f 6278 6370 5935
f 5769 6600 5402
f 5626 6762 5690
f 6006 6439 6054
f 6005 6193 5845
f 5761 6438 5679
f 5458 6190 6365
f 6273 6843 6272
f 6189 6843 6364
f 6364 6843 6675
f 6998 6675 6843
f 6998 6997 6928
f 6928 6997 6519
f 6842 7058 6271
f 6841 7202 6591
f 7117 7199 6674
f 6674 7199 6840
f 7198 7532 6673
f 7532 7531 6673
f 6673 7611 7283
f 7611 7056 7282
f 7609 7610 7193
f 7610 7367 6925
f 7607 7052 7281
f 8473 8389 7672
f 7361 8198 8025
f 7605 11919 7745
f 8810 12104 8290
f 11951 12420 12103
f 12021 12225 12136
f 12062 12225 11982
f 12335 12193 12296
f 12295 12558 12294
f 12100 12486 12099
f 12255 12330 12417
f 12417 12329 12328
f 12253 12327 12058
f 12327 12480 12058
f 12164 12415 12131
f 12326 12383 12219
f 11975 12512 12218
f 12011 12325 12051
f 12217 12443 12159
f 8568 8044 8045
f 8648 8649 8735
f 8649 8829 8735
f 9026 8653 9027
f 9226 9426 9468
f 9620 9770 9619
f 9770 9874 9466
f 9290 9874 9571
f 9768 9222 9669
f 9663 9813 9662
f 9766 9765 9728
f 9661 9727 9465
f 9610 9162 8883
f 9725 9763 9724
f 9724 9763 9723
f 9764 9808 9658
f 9658 9808 9567
f 9722 9762 9508
f 9607 9566 9282
f 9281 9762 9606
f 8175 9071 8005
f 9070 8781 8267
f 8084 8767 8694
f 8870 8693 8694
f 8606 8869 8533
f 8766 8692 8263
f 8867 8691 8439
f 8690 8863 8603
f 8340 8254 8161
f 7648 8530 8437
f 8530 8529 8437
f 8339 8078 7938
f 7488 7580 7714
f 7714 7580 7581
f 7090 7236 7580
f 7236 7581 7580
f 7646 7645 6792
f 6792 7645 7323
f 7322 7713 7321
f 8076 7579 7235
f 6550 7391 7155
f 6623 7154 6622
f 6622 7154 6707
f 6461 6956 6549
f 5712 6621 5949
f 5787 6621 5348
f 6072 6620 5870
f 6021 6070 5709
f 5709 6070 5417
f 5417 6070 5570
f 6069 6396 5708
f 6132 7079 6068
f 6068 6067 6132
f 6132 6067 5339
f 6020 6066 6129
f 5862 6065 6018
f 5409 5783 5479
f 6016 6015 5941
f 6015 6207 5701
f 6013 5859 5634
f 5859 6064 5634
f 5777 6205 5333
f 6452 6696 5771
f 6289 6288 5771
f 5938 6288 6286
f 6287 6285 6201
f 6201 6285 6200
f 6288 6284 6286
f 6451 6449 6198
f 6198 6282 5854
f 6282 6281 5854
f 6281 6122 5854
f 6371 6280 6121
f 5691 6280 6279
f 6279 6120 5548
f 5402 6600 6197
f 5690 6277 6276
f 6056 6275 5851
f 5849 6850 6008
f 5764 6194 6523
f 5763 6006 6054
f 5461 6054 5398
f 6054 6678 6193
f 6274 6521 6004
f 6004 6521 5680
f 5459 6594 6116
f 5679 6438 5458
f 6438 6190 5458
f 6520 6592 6052
f 6592 6749 6273
f 6272 6843 6189
f 6675 6998 6519
f 6998 6928 6519
f 6271 7058 6437
f 7286 6996 7118
f 7201 7117 6674
f 6516 6674 6840
f 6516 6840 6748
f 6360 6435 6927
f 6360 7369 6269
f 7369 7533 7368
f 7612 7532 7198
f 7056 7530 7193
f 7530 7609 7193
f 7055 7367 7442
f 7113 8390 7748
f 7965 8027 7528
f 7049 7606 8291
f 7362 7747 8557
f 7361 8025 7746
f 8024 9008 8470
f 8470 9008 8633
f 8809 12104 8911
f 9091 8911 11984
f 11984 12420 11983
f 12335 12296 12257
f 12296 12193 12257
f 12192 12295 9088
f 9088 12295 12294
f 12190 12191 12330
f 12417 12328 12189
f 12189 12384 12060
f 12384 12254 12060
f 12058 12480 12220
f 12220 12480 12164
f 12131 12326 12219
f 12293 12479 12162
f 12218 12382 11913
f 11913 12382 12056
f 12159 12292 12187
f 12158 12187 12292
f 9119 8493 9120
f 8735 8829 8648
f 9028 9426 9425
f 9619 9770 9466
f 9378 9615 9769
f 9615 9730 9769
f 9378 9769 9289
f 9769 9910 9289
f 9423 9871 9670
f 9667 9668 9665
f 9665 9668 9664
f 9669 9222 9666
f 9377 9663 9662
f 9512 9766 9728
f 9728 9727 9512
f 9464 9908 8457
f 9161 9726 9285
f 9421 9764 9658
f 9071 8701 8005
f 8701 8610 8351
f 8087 8608 8174
f 8608 8607 8174
f 7724 8782 8982
f 8267 8700 8536
f 8165 8604 8690
f 7649 8862 8341
f 8341 8862 8079
f 8163 8970 8000
f 8438 8340 8162
f 8437 8436 8339
f 7937 8078 8338
f 8338 8160 7715
f 6882 7090 7647
f 7157 7323 7393
f 7578 7780 7233
f 6960 8156 7392
f 7710 7709 7577
f 6624 7155 6623
f 5788 6460 7086
f 7086 6398 5950
f 5347 6072 5870
f 5710 6619 5645
f 6547 6135 5867
f 6069 5570 6396
f 5784 6130 5483
f 6019 6020 6129
f 5943 6388 5944
f 5944 6015 5943
f 5943 6015 6016
f 6015 5701 5941
f 6014 5860 6207
f 5860 6014 6127
f 5635 6012 5475
f 5698 6206 5778
f 6011 6293 6292
f 6293 6204 6292
f 6203 6290 6452
f 5199 5771 6288
f 5199 6288 5938
f 6202 6201 6124
f 6201 6200 6124
f 6124 6200 6123
f 6200 6199 6123
f 6059 6379 5631
f 6198 5854 6451
f 5691 6279 5548
f 5402 6197 5934
f 6197 6447 5934
f 5851 6275 6367
f 6008 6850 6118
f 6007 6441 5688
f 5462 5688 5542
f 5688 6681 5542
f 5846 6055 6117
f 5764 6523 6006
f 5398 6054 6005
f 6054 6193 6005
f 5845 6192 6004
f 6192 6274 6004
f 6521 6191 5844
f 6191 6753 5844
f 6753 5459 5844
f 5458 6365 6053
f 6437 6362 6518
f 6518 6362 5997
f 6591 6996 6841
f 6187 7201 6674
f 6269 7369 7284
f 7369 7368 7284
f 6925 7367 6834
f 7442 7608 7055
f 7114 6746 7281
f 7052 7749 6668
f 7749 7817 7051
f 7817 7898 7051
f 7898 8201 7113
f 6989 7113 7748
f 6989 7748 7672
f 7672 8389 7529
f 7528 8026 6921
f 6921 8026 8027
f 6921 8027 7527
f 7361 7279 8199
f 8632 8810 8631
f 8290 12104 8809
f 11951 11983 12420
f 12103 12138 12063
f 9005 12138 12102
f 8626 11982 12135
f 11917 12258 12101
f 12101 12335 12224
f 12222 12223 12221
f 12335 12257 12224
f 12257 12193 12134
f 12333 12332 12100
f 12256 12385 12166
f 12166 12385 12191
f 12255 12417 12165
f 12254 12253 12059
f 12059 12253 12058
f 12164 12131 12132
f 12188 12051 12380
f 9119 9120 12008
f 11911 12008 8734
f 9292 9026 9425
f 9026 9027 9425
f 9425 9426 9226
f 9466 9874 9290
f 9290 9571 9573
f 9618 9672 9617
f 9289 9910 9423
f 9670 9669 9423
f 9423 9669 9666
f 9667 9665 9614
f 9222 9663 9377
f 9377 9662 9729
f 9613 9766 9512
f 9512 9661 9465
f 9569 9660 9611
f 9660 9659 9611
f 9285 9726 9421
f 9421 9658 9567
f 9567 9808 9608
f 9071 8175 9367
f 7788 8351 8609
f 8173 8537 7724
f 8267 8536 8448
f 8536 8535 8448
f 8448 8535 8447
f 8535 8536 8447
f 7245 8534 8446
f 8605 8532 8263
f 8263 8532 8531
f 8256 8765 8164
f 7717 8530 7326
f 7326 8530 7648
f 7938 8078 7937
f 7485 7486 7487
f 7487 7486 7395
f 7395 7486 7394
f 7581 7236 7396
f 7484 7483 6793
f 7578 7233 7156
f 6960 7392 7320
f 6880 7577 6790
f 6789 6958 6551
f 6398 6621 5712
f 5948 6071 5870
f 6071 5711 5870
f 5645 6619 5868
f 5947 6547 5786
f 5276 6547 5867
f 6135 6134 5867
f 5708 6303 5865
f 5866 5946 5864
f 4647 5945 6132
f 5568 5785 5863
f 6613 6020 6019
f 5639 5862 6018
f 6018 5410 6017
f 5861 6208 5702
f 6128 5942 5565
f 5636 5859 5699
f 5858 5859 6013
f 5475 6012 5407
f 6063 5857 5634
f 5474 5778 5777
f 6535 5776 5473
f 5696 6011 6292
f 5939 6125 6453
f 5694 5695 7217
f 5938 6286 6284
f 6060 6059 5631
f 6010 6451 5854
f 6058 6122 6057
f 6122 6604 6057
f 5690 6276 6009
f 5689 6276 5546
f 5849 5850 6367
f 5400 5542 6681
f 6196 6055 5324
f 6116 6438 5761
f 5932 6053 6115
f 6519 6842 6271
f 6591 7201 6110
f 6110 7201 6187
f 6995 6927 6435
f 6268 7822 7612
f 7283 7611 7282
f 7194 6838 7193
f 6838 7056 7193
f 7193 7610 6837
f 6837 7610 6925
f 6834 7367 7055
f 7114 7281 7192
f 7192 7281 7052
f 6511 7052 6668
f 7050 7672 7529
f 7816 7965 7441
f 7112 7965 7528
f 7964 7606 6829
f 7362 8557 7191
f 7273 7526 7746
f 7896 8634 7605
f 7745 8024 8470
f 8810 8290 8631
f 12102 12137 8904
f 12223 12222 12196
f 12196 12222 12195
f 12195 12222 12194
f 12222 12221 12194
f 12134 12295 12192
f 12330 12255 12165
f 8714 12165 12417
f 12133 12189 12060
f 12060 12254 12059
f 12058 12220 11948
f 11948 12220 12164
f 12219 12293 12017
f 12017 12293 12016
f 8550 12016 12293
f 12011 12051 12052
f 12129 9119 12158
f 12009 9119 12008
f 8568 8045 8828
f 8933 9026 8096
f 9468 9467 9226
f 9620 9619 9466
f 9575 9618 9574
f 9574 9617 9572
f 9288 9423 9666
f 9288 9666 9222
f 8993 9512 9465
f 9908 9612 8457
f 9611 9659 9569
f 9760 9568 8358
f 9568 9610 8358
f 8358 9610 9163
f 9610 8883 9163
f 9162 9609 9509
f 9421 9567 9370
f 9567 9608 9508
f 9508 9607 9507
f 9607 9282 9218
f 8611 9282 9281
f 9282 9566 9281
f 9606 8986 8451
f 8986 9606 9565
f 7941 8175 8005
f 8174 8607 8537
f 8172 8267 7786
f 8267 8448 7786
f 8533 8264 8082
f 8264 8444 8443
f 8082 8443 8263
f 8263 8346 8262
f 8442 8441 8348
f 8348 8441 8347
f 8441 8440 8347
f 8347 8440 8345
f 8346 8263 8531
f 7719 8531 8532
f 8344 8439 8166
f 8165 8690 8342
f 8690 8603 8342
f 7649 8341 8079
f 7999 7717 7859
f 8437 8339 7582
f 7581 7396 7714
f 7487 7395 7397
f 7325 7395 7324
f 7157 7393 7322
f 7710 6959 7320
f 7710 7577 6880
f 6789 6879 6958
f 6879 7577 6958
f 6708 7155 6624
f 5788 7086 5950
f 4651 5787 5348
f 6547 5276 5786
f 5867 6134 5709
f 6069 5708 5570
f 4647 6132 5643
f 5568 5784 5703
f 5483 6130 6613
f 5338 5862 5639
f 5566 6128 5067
f 6208 5943 5702
f 5943 6016 5782
f 6207 5860 5781
f 5781 5860 5636
f 5860 6127 5636
f 5551 6452 5771
f 6284 5469 5938
f 5548 6120 5770
f 6119 6056 5851
f 5851 6367 5850
f 6117 6195 5623
f 5763 6054 5461
f 6053 6052 6115
f 6052 6592 6000
f 6000 6592 6273
f 5842 6272 5454
f 5454 6272 6189
f 6364 6675 5925
f 6110 6996 6591
f 6516 6748 6995
f 5839 6435 6360
f 6673 7283 6513
f 7282 7056 7283
f 7196 7194 7195
f 6990 7052 6511
f 6987 6988 7897
f 7897 7816 7441
f 7441 7965 7112
f 7440 6829 7606
f 7049 8291 7747
f 7279 7191 8199
f 6828 7279 7361
f 7746 7896 7273
f 9091 11984 8910
f 8910 11984 11983
f 11951 12103 12063
f 12063 12138 9005
f 11918 12021 12062
f 12021 12136 12062
f 12062 11982 11950
f 8626 12135 12258
f 12196 12195 12168
f 12134 12192 9088
f 8805 9088 12167
f 9088 12294 12167
f 12061 8285 12334
f 12333 12100 12061
f 12100 12099 11981
f 12099 12256 12166
f 12191 12190 11949
f 12417 12189 12133
f 12131 12219 12163
f 8550 12293 12162
f 12051 12188 12160
f 8045 8569 9025
f 8096 9026 9292
f 9467 9468 9673
f 9424 9620 9331
f 9331 9620 9466
f 9466 9514 9331
f 9290 9573 9514
f 9571 9513 9223
f 9729 9613 9287
f 9287 9613 9512
f 9511 9570 9510
f 9422 9760 8788
f 9371 9421 9370
f 9567 9508 9329
f 9507 9607 9283
f 9283 9607 9218
f 9280 8175 8783
f 8353 8352 8088
f 8088 8352 7867
f 8005 8701 7788
f 8701 8351 7788
f 8266 8350 8265
f 8350 8349 8265
f 8777 8445 8084
f 8084 8694 8083
f 7782 8263 8262
f 8348 8347 8262
f 8262 8347 8261
f 8347 8346 8261
f 8261 8346 8531
f 7719 8532 8260
f 8532 8344 8260
f 8258 8259 8257
f 8259 8343 8257
f 7651 8439 8691
f 8165 8342 8255
f 7093 8164 8862
f 7649 8079 7861
f 7861 8079 7492
f 8000 8970 7491
f 8162 8340 7860
f 7860 8340 8161
f 8161 8254 7999
f 7489 7717 7326
f 6792 7323 7157
f 7322 7321 7235
f 6959 7710 6462
f 5712 5949 5787
f 5348 6072 4811
f 5347 5870 5711
f 5711 5869 5571
f 5869 5710 5571
f 5645 5868 5142
f 5709 5417 5867
f 5643 6132 5704
f 5339 5785 5568
f 5483 6613 5567
f 6613 6019 5567
f 5479 5783 5003
f 5783 5566 5003
f 5943 5782 5702
f 5701 6207 5561
f 6207 5781 5561
f 5636 5699 5700
f 5859 5858 5699
f 5858 6013 5699
f 6012 5780 5407
f 5779 5698 5778
f 6205 6535 5940
f 5332 6535 5473
f 5696 6292 5855
f 6453 6062 5773
f 5773 6062 5557
f 5557 6062 5772
f 5631 6010 5854
f 5854 6122 6058
f 6058 6057 5937
f 5853 5691 5936
f 5770 6120 5935
f 5768 5402 5934
f 5768 5934 5118
f 5690 6009 5689
f 5689 6009 6276
f 5849 6008 5933
f 5933 6008 6118
f 6195 6194 5764
f 5845 6004 5681
f 5680 6521 5844
f 6273 6272 5842
f 5538 6364 5759
f 6675 6519 5925
f 6362 7118 6436
f 6839 6673 6513
f 7197 7196 7116
f 7196 7195 7116
f 7116 7195 7115
f 7194 7193 6837
f 7055 7608 7281
f 6833 7749 7051
f 7051 7898 7113
f 7897 7441 6987
f 7361 7746 7526
f 7745 8470 7895
f 7895 8470 7963
f 7963 8470 7603
f 8470 8633 7603
f 8633 8632 8631
f 9005 12102 8904
f 12137 12021 8903
f 8626 12258 11917
f 12101 12224 8717
f 12224 12257 8717
f 12334 12333 12061
f 12099 12166 12191
f 11949 12190 12330
f 12330 12165 8714
f 12131 12163 11976
f 12056 12161 11974
f 11912 12011 12052
f 12159 12187 12158
f 12158 9119 9003
f 11972 9119 12009
f 8734 8568 8828
f 8045 9025 8828
f 9425 9226 9170
f 9291 9170 9226
f 9673 9731 8996
f 8996 9424 9331
f 9514 9573 9571
f 9615 9378 9671
f 9511 9510 8991
f 9510 9570 8991
f 9372 9161 8787
f 9285 9421 9219
f 9369 9567 9329
f 9329 9508 9368
f 9367 8175 9280
f 8783 8175 8352
f 8352 8175 7867
f 7788 8609 8087
f 7497 8087 8174
f 8174 8537 7866
f 7866 8537 8173
f 7585 8982 8172
f 8982 8267 8172
f 7786 8448 8171
f 8446 8777 8084
f 8264 8443 8082
f 7094 8263 7782
f 8262 8261 7782
f 8261 8531 7782
f 8260 8344 8166
f 8170 8259 8169
f 8169 8258 8168
f 8168 8258 8167
f 8258 8257 8167
f 7862 8256 8164
f 7093 8862 7649
f 7492 8079 7238
f 7238 8079 7328
f 7328 8079 8000
f 8079 8163 8000
f 7937 8338 7715
f 7714 7396 7236
f 7322 7235 7022
f 7235 7579 6472
f 6472 7579 7234
f 7234 7578 7156
f 6462 7710 6880
f 6790 7577 6879
f 6550 7155 6708
f 6461 6549 5789
f 5950 6398 5712
f 5488 5712 4883
f 5708 5865 5644
f 5707 5706 5642
f 5642 5706 5641
f 5641 5706 5640
f 5706 5705 5640
f 5704 6132 5339
f 5485 5568 5484
f 5568 5703 5484
f 5484 5703 5784
f 5639 6018 6017
f 5003 5566 4485
f 6128 5565 5067
f 5565 5942 5476
f 5560 5635 5475
f 5634 5857 5559
f 5857 5698 5559
f 5697 5776 5775
f 5939 6453 5265
f 5265 6453 5773
f 5694 6061 6203
f 5199 5938 5469
f 5693 6060 5631
f 5853 5936 5852
f 5936 5691 5852
f 5770 5935 5769
f 5546 6119 5851
f 5850 5849 5465
f 5849 5933 5848
f 5462 6007 5688
f 5400 6681 5847
f 5324 6055 5846
f 5623 6195 5764
f 5764 6006 5763
f 5398 6005 5192
f 5762 6004 5680
f 5458 6053 5319
f 5319 6053 5932
f 6115 6052 5932
f 5454 6189 6364
f 5925 6519 5999
f 6519 6271 6188
f 6437 6518 6271
f 6436 7118 6996
f 6996 6110 5758
f 6187 6674 6517
f 5840 6674 6516
f 6270 6516 6515
f 6515 6516 6995
f 6747 7612 7198
f 6513 7283 7056
f 6838 7194 6837
f 6512 6834 7055
f 7055 7281 6746
f 6746 7114 6923
f 7192 7052 7114
f 7114 7052 6990
f 6668 7749 6833
f 6353 6989 7672
f 7050 7529 6988
f 6665 7112 7528
f 7440 7606 7049
f 7190 7361 7526
f 7605 7745 7604
f 7895 7963 7745
f 7963 7603 7745
f 8633 8631 8105
f 8105 8631 8290
f 8911 9091 8809
f 9091 8910 8555
f 8904 12137 8903
f 9089 11982 8626
f 12061 12100 11981
f 11915 12191 11949
f 8714 12417 8802
f 12417 12133 8802
f 8802 12133 12060
f 12060 12059 8625
f 12164 12132 8800
f 12132 12131 9085
f 9085 12131 11976
f 8550 12162 11975
f 11975 12218 12057
f 11974 12161 12011
f 12051 12160 12010
f 12098 12130 12097
f 12096 12130 12094
f 12094 12130 12093
f 12010 12160 12095
f 12160 12159 12095
f 12159 12158 8369
f 8369 12158 9003
f 9119 11972 9003
f 9226 9467 9291
f 8996 9467 9673
f 8996 9731 9424
f 9513 9671 8014
f 9287 9512 9376
f 9286 9376 9512
f 9512 8993 9286
f 8993 9465 9375
f 9465 9464 9375
f 9368 9508 9283
f 9508 9507 9283
f 8986 9565 9367
f 8353 8088 7867
f 8178 8177 8090
f 8177 8176 8090
f 8090 8176 8089
f 8175 7941 7867
f 8087 7497 7788
f 7724 8982 7585
f 7783 8533 7863
f 7782 8531 7719
f 7651 8260 8081
f 8168 8167 8081
f 8166 8439 8081
f 8439 7651 8081
f 8691 8165 8080
f 8165 8255 8080
f 7399 8164 7093
f 7582 7648 8437
f 7937 7715 7938
f 7715 7488 7938
f 7236 7090 6882
f 6792 7157 6881
f 6711 7233 6960
f 6960 7320 6711
f 5788 5950 5489
f 5712 5488 5950
f 5347 5711 4724
f 5571 5710 5144
f 5144 5710 5419
f 5710 5645 5419
f 5274 5570 5708
f 5708 5644 5487
f 5642 5641 5569
f 5339 5568 5008
f 5484 5784 5483
f 5336 5639 5204
f 5639 6017 5204
f 6017 5410 5204
f 5067 5565 5066
f 5408 5565 5477
f 5565 5476 5477
f 5637 5638 5564
f 5564 5638 5563
f 5563 5638 5562
f 5781 5636 5561
f 5636 5700 5561
f 5942 5635 5560
f 5407 5780 5129
f 5940 6535 5332
f 5775 6011 5696
f 5856 5696 5774
f 5696 5855 5774
f 5558 5265 5773
f 6203 5330 5694
f 5330 6203 6452
f 5330 6452 5472
f 5472 6452 5329
f 6452 5551 5329
f 5551 5771 5199
f 5854 6058 5328
f 5328 6058 5937
f 5118 5934 5626
f 5626 5690 5054
f 5117 5689 5546
f 5546 5851 5196
f 5851 5767 5196
f 5851 5850 5767
f 5465 5849 5848
f 5624 5262 6682
f 6682 5766 5463
f 5846 6117 5623
f 5681 6004 5762
f 5680 5844 5681
f 5760 5319 5932
f 5932 6052 6001
f 6000 6273 5842
f 5454 6364 5538
f 6271 6518 5997
f 6436 6996 5758
f 6187 6517 5840
f 6517 6674 5840
f 5839 6360 6109
f 5923 6269 6926
f 6269 7284 6926
f 6747 7198 6673
f 6513 7056 6838
f 6836 6837 6835
f 6994 7054 6993
f 6993 7054 6992
f 7054 7053 6992
f 6992 7053 6991
f 6667 6833 7051
f 6353 7672 6922
f 6922 7672 7050
f 7527 7964 6921
f 7272 7604 7745
f 8910 11983 11951
f 11951 12063 9090
f 8903 12021 11918
f 11918 12062 11950
f 12257 12134 12020
f 12020 12134 9088
f 8900 9088 8805
f 12099 12191 8803
f 8803 12191 11915
f 12163 12219 12017
f 12057 12218 11913
f 12054 12055 12053
f 11912 12052 12051
f 12097 12096 12050
f 12095 12159 9083
f 9083 12159 8369
f 12009 12008 11911
f 9079 8828 9025
f 9171 9225 9224
f 8096 9292 9293
f 9292 9425 9170
f 9514 9571 8620
f 8014 9671 8793
f 8619 9671 9378
f 9289 9423 9288
f 9168 9288 9222
f 8994 9377 9167
f 9377 9729 9330
f 8992 9464 8457
f 8457 9612 9220
f 9220 9612 9374
f 9374 9612 9373
f 8991 9422 8788
f 9162 9509 9372
f 9219 9421 9371
f 9370 9567 9369
f 8987 9282 8611
f 8986 9367 9280
f 7497 8174 7866
f 7585 8172 7786
f 8086 8085 8004
f 8004 8085 8002
f 8084 8083 7783
f 8083 8533 7783
f 8533 8082 7243
f 8082 8263 7243
f 7719 8260 7651
f 8691 8080 8001
f 7328 8000 7491
f 7491 8970 7939
f 7488 7714 7716
f 7022 7235 6472
f 7156 7021 7234
f 6790 6879 6709
f 6709 6879 6789
f 6551 6958 6550
f 6308 6622 6707
f 5712 5787 4883
f 4883 5787 5074
f 5787 4651 5074
f 4811 6072 5347
f 4724 5711 5145
f 5143 5645 5142
f 5417 5570 5275
f 5275 5570 5274
f 5704 5339 5643
f 5008 5568 5485
f 5567 6019 5480
f 5067 4485 5566
f 4805 5565 5408
f 5563 5562 5478
f 5476 5942 5560
f 5779 5778 5474
f 5474 5777 5267
f 5776 5697 5473
f 5558 5773 5126
f 5557 5772 5695
f 5469 6060 5693
f 5693 5631 5263
f 5854 5328 5550
f 5054 5690 4396
f 6007 5325 5766
f 5542 5400 5687
f 5686 5765 5685
f 5685 5765 5684
f 5687 5400 5401
f 5400 5847 5683
f 5324 5846 5682
f 5764 5763 5622
f 5192 6005 5460
f 5681 5762 5680
f 6116 5761 5392
f 5392 5761 5679
f 5760 5932 5621
f 5931 6003 5930
f 5929 6003 5927
f 5927 6002 5926
f 6001 6052 5928
f 6052 6000 5928
f 5999 6519 6363
f 6519 6188 6363
f 5318 5997 6362
f 6361 6110 6187
f 6270 6515 6995
f 6995 6435 5839
f 6109 6360 5109
f 5531 6269 5923
f 6670 6838 6837
f 6835 6837 6925
f 6835 6925 6834
f 6994 6993 6924
f 6923 7114 6184
f 6665 7528 6830
f 7528 6921 6830
f 6829 7440 7049
f 7362 7364 7747
f 7366 7439 7363
f 7190 7526 7274
f 7273 7896 6920
f 7896 7605 7604
f 7745 7603 6986
f 7436 7603 8105
f 7603 8633 8105
f 8290 8809 7893
f 8386 9091 8718
f 8718 9091 8555
f 9090 12063 8468
f 8468 12063 9005
f 11950 11982 9089
f 8626 11917 8806
f 8286 12101 8717
f 8717 12257 8902
f 12099 8803 11981
f 11949 12330 8714
f 12059 12058 8713
f 11948 12164 9086
f 8462 12132 9085
f 12163 12017 8624
f 11913 12056 11974
f 12055 12054 12013
f 12013 12054 12012
f 11974 12011 12012
f 11912 12051 12010
f 12095 9083 12010
f 8734 8828 8896
f 8896 8828 9079
f 9378 9289 8618
f 9222 9377 8994
f 9167 9377 9330
f 9330 9729 9167
f 9287 9376 9286
f 8993 9375 9166
f 9375 9464 9166
f 9220 9374 9373
f 8788 9760 8358
f 9162 9372 9073
f 9161 9285 8706
f 9371 9370 9369
f 9329 9368 8702
f 8988 9218 9282
f 8449 8353 8538
f 7786 8171 7330
f 8004 8002 7940
f 8002 8003 7940
f 7863 8533 7243
f 7651 8691 7401
f 8691 8001 7401
f 7862 8164 7650
f 7399 6714 8164
f 7240 7649 7492
f 7492 7649 7861
f 7718 8161 7781
f 7781 8161 7999
f 7859 7717 7398
f 7938 7488 7716
f 7714 7236 6882
f 6793 7483 6792
f 7234 7021 6791
f 7320 6959 6462
f 6462 6880 6790
f 6624 6623 6023
f 4340 5347 4724
f 5711 5571 5145
f 5419 5645 5277
f 5142 5868 5418
f 5708 5487 5416
f 5416 5487 5644
f 5413 5414 5412
f 5414 5486 5412
f 5484 5483 5337
f 5483 5482 5337
f 5337 5482 5481
f 5482 5483 5481
f 5481 5483 5411
f 5411 5483 5480
f 5483 5567 5480
f 5204 5409 5203
f 5477 5476 5408
f 5476 5560 5335
f 5267 5777 5333
f 6205 5940 5332
f 5775 5696 5697
f 5405 5696 5633
f 5696 5856 5633
f 5773 5557 5404
f 5695 5694 5557
f 5694 5125 5557
f 5554 5329 5551
f 5631 5854 4706
f 5328 5937 5629
f 5630 5692 5628
f 5628 5692 5627
f 5403 5691 5548
f 5547 5548 5770
f 5769 5402 5770
f 5402 5768 5118
f 5690 5689 4396
f 5545 5767 5466
f 5542 5687 5401
f 5623 5399 5682
f 5623 5764 5399
f 6005 5845 5681
f 5681 5844 5459
f 5260 5459 6116
f 5930 5929 5843
f 5928 6000 5113
f 5999 6363 6188
f 5318 6362 6436
f 6361 6187 5924
f 5840 6516 5677
f 6270 6995 5839
f 6268 7612 6108
f 6108 7612 6747
f 6049 7055 6746
f 6746 6923 6184
f 6667 7051 6431
f 6431 7051 6832
f 7051 7113 6832
f 6922 7050 6745
f 6182 6988 6666
f 6666 6988 6987
f 6987 7441 7112
f 7049 7747 6587
f 7747 7364 6587
f 7365 7363 7280
f 6428 7362 7191
f 7191 7279 6828
f 6828 7361 7190
f 7360 7438 7437
f 6920 7896 7604
f 7272 7745 6986
f 7603 7436 7357
f 8809 9091 8386
f 11951 9090 8910
f 8910 9090 8905
f 8628 11918 8627
f 8373 11915 11949
f 8713 12058 11948
f 12019 12018 11980
f 11980 12018 11979
f 11979 12018 11978
f 9085 11976 11977
f 8371 12163 8624
f 12017 12016 8550
f 8712 11913 11974
f 11974 12012 8798
f 12015 12014 11973
f 9003 11972 9082
f 11911 8734 8896
f 9291 9467 8996
f 8996 9331 8795
f 8795 9331 8709
f 9514 9466 9290
f 8620 9571 9223
f 9167 9729 9287
f 8991 8788 9164
f 9163 8883 8357
f 9372 8787 9073
f 9219 9371 9284
f 9284 9371 9160
f 9371 9369 8703
f 8703 9369 8180
f 8180 9369 8702
f 9369 9329 8702
f 9368 9283 9072
f 9280 8269 8986
f 8269 9280 8783
f 7249 8353 7248
f 8353 7867 7248
f 7029 7497 7866
f 7866 8173 7724
f 7245 8446 7783
f 7243 8263 7094
f 7094 7782 7402
f 7782 7719 7720
f 7860 8161 7327
f 7327 8161 7718
f 7999 7859 7398
f 7091 7326 7648
f 7582 8339 7158
f 7716 7714 7158
f 6962 7714 6882
f 6881 7157 7322
f 7322 7022 6401
f 6472 7234 6469
f 7021 7156 6791
f 6550 6708 6624
f 6623 6622 6023
f 6707 6461 5789
f 5950 5488 5349
f 5347 4340 5214
f 5145 5571 5144
f 5276 5867 5346
f 5867 5417 5346
f 5211 5210 5009
f 5211 5415 5210
f 5210 5415 5344
f 5344 5415 5343
f 5342 5413 5340
f 4719 5008 5485
f 5209 5338 5072
f 5072 5338 5336
f 5338 5639 5336
f 5410 5409 5204
f 5409 5479 5203
f 5203 5479 5269
f 5269 5479 4809
f 4809 5479 5003
f 5560 5475 5202
f 5407 5130 5475
f 5130 5407 5129
f 5698 5779 5559
f 5697 5696 5405
f 5126 5773 5404
f 5556 5632 5555
f 5469 5693 5263
f 4706 5854 5550
f 5629 5630 5549
f 5549 5630 5627
f 5630 5628 5627
f 5117 5546 5196
f 5196 5767 5467
f 5544 5625 5543
f 5466 5767 5850
f 5463 5766 5325
f 5325 6007 5462
f 5846 5623 5682
f 5622 5763 5461
f 5622 5461 5398
f 6005 5681 5191
f 5681 5459 5114
f 5932 6001 5113
f 6001 5928 5113
f 6364 5925 5759
f 5620 5999 6188
f 6188 6271 6113
f 5318 6436 5758
f 6110 6361 5924
f 6516 6270 5536
f 6269 5531 5757
f 6185 6747 6673
f 6107 6673 6839
f 6670 6837 6669
f 6837 6836 6669
f 6835 6834 6266
f 6184 7114 6990
f 6832 7113 6429
f 7113 6989 6429
f 6921 7964 6829
f 7364 7362 6587
f 7278 7360 7277
f 7360 7359 7277
f 7276 7359 7358
f 7359 7360 7358
f 8630 8904 8903
f 11917 12101 8286
f 8716 12257 8901
f 12257 12020 8901
f 8901 12020 9088
f 8285 12061 9087
f 12061 11981 9087
f 8802 12060 8625
f 8625 12059 11914
f 11914 12059 8801
f 8800 12132 8462
f 11980 11979 11947
f 8550 11975 8799
f 8623 11975 12057
f 8898 12057 11913
f 11974 8798 8712
f 12012 12011 8798
f 9082 11972 12009
f 8797 11911 9080
f 9080 11911 8896
f 9293 9292 9170
f 9293 9170 9169
f 9169 9170 9291
f 9331 9514 8794
f 8793 9671 8619
f 9289 9288 8995
f 9288 9168 9075
f 9166 9464 8992
f 8706 9285 8705
f 8705 9285 8704
f 8704 9285 9219
f 9219 9284 9160
f 9160 9371 8703
f 8702 9368 9072
f 8539 9283 9218
f 8352 8353 8449
f 8006 8538 8353
f 8005 7788 7498
f 7788 7497 7787
f 7865 7864 7785
f 7785 7864 7784
f 7783 8446 8084
f 7400 7862 7650
f 7240 7093 7649
f 7718 7781 7999
f 8339 7938 7158
f 7158 7938 7716
f 6882 6794 6962
f 6961 6883 6884
f 6794 6882 6217
f 6632 6793 6792
f 6881 7322 6631
f 7156 7233 6791
f 6462 6790 6709
f 6214 6789 6551
f 5349 5488 5011
f 5011 5488 4728
f 5345 5274 5416
f 5274 5708 5416
f 5210 5344 5343
f 5342 5340 5273
f 5272 5341 5271
f 5341 5340 5271
f 5643 5339 5008
f 4878 5338 5209
f 5208 5336 4716
f 5066 5565 4805
f 5559 5779 5334
f 5473 5697 5332
f 5556 5555 5471
f 5555 5553 5471
f 5553 5552 5470
f 5469 5263 5468
f 5263 5631 4706
f 5629 5549 5627
f 5055 5548 5547
f 5770 5402 5547
f 5118 5626 5054
f 5767 5545 5467
f 5467 5545 5466
f 5465 5848 5464
f 5462 5542 5401
f 4988 5764 5622
f 5460 6005 5191
f 6116 5392 4986
f 4985 5679 5458
f 5319 5760 5621
f 5455 5621 5932
f 6000 5842 5113
f 6271 5997 5998
f 5996 6516 5536
f 6185 6673 6107
f 6107 6839 6514
f 6513 6838 6670
f 6267 6670 6669
f 6266 6834 6512
f 6049 6512 7055
f 6049 6746 6184
f 6668 6833 6589
f 6987 7112 6351
f 6351 7112 6665
f 6428 7191 6427
f 7189 7276 7275
f 7276 7358 7275
f 7274 7526 6920
f 6920 7526 7273
f 7894 8290 7893
f 8386 8718 8555
f 9007 9006 8909
f 8908 8909 8907
f 8909 9006 8907
f 8907 9006 8906
f 8630 9005 8904
f 8628 8629 11918
f 8629 8903 11918
f 8805 12167 11916
f 8899 11949 8714
f 8195 8714 8802
f 8801 12059 8713
f 9085 11977 9084
f 11977 11976 9084
f 11976 12163 8371
f 8624 12017 8551
f 8799 11975 8623
f 8623 12057 8898
f 12011 11912 8798
f 11912 12010 8897
f 12010 9083 8897
f 8621 9083 8369
f 12009 11911 8711
f 9169 9291 8996
f 8365 9223 9513
f 8365 9513 8278
f 8708 8618 9289
f 9168 9222 8994
f 8616 9287 8707
f 9287 9286 8707
f 8990 9221 9165
f 8544 8883 9162
f 9162 9073 8544
f 8451 9281 9606
f 8006 8353 7586
f 7788 7787 7498
f 7498 7787 7497
f 7866 7724 7332
f 7585 7786 7330
f 7785 7784 7723
f 7584 7782 7720
f 7650 8164 6714
f 7718 7999 7398
f 7398 7717 7489
f 7091 7648 7582
f 6633 7714 6962
f 6962 6794 6217
f 6882 7647 6473
f 6792 6881 6631
f 6631 7322 6401
f 6401 7022 6472
f 7234 6791 6469
f 6711 7320 6553
f 7320 6462 6625
f 6625 6462 6552
f 6552 6462 6463
f 6309 6789 6214
f 6214 6551 6550
f 6214 6550 6023
f 6550 6624 6023
f 6023 6622 6136
f 6308 6707 5953
f 6707 5789 5953
f 5489 5950 5349
f 4728 5488 4883
f 4812 4883 5074
f 4651 5348 4811
f 4811 5347 5214
f 5277 5645 5143
f 5276 5346 5213
f 5346 5417 5213
f 5417 5212 5213
f 5212 5417 5345
f 5417 5275 5345
f 5275 5274 5345
f 5210 5343 4338
f 5072 5336 5208
f 5207 5208 5206
f 5206 5270 5205
f 5208 4716 5139
f 5408 4715 4805
f 5475 5130 5202
f 5130 5129 4804
f 5129 5780 4333
f 4333 5780 5268
f 5779 5474 5267
f 5333 6205 5332
f 5697 5405 5406
f 5330 5472 5329
f 5329 5554 4936
f 5554 5551 4936
f 5199 5469 4867
f 5469 5468 4867
f 4867 5468 5263
f 5548 5055 5403
f 4792 5118 5054
f 4626 5466 5850
f 6682 5463 5624
f 5624 5463 5325
f 5400 5683 5401
f 4862 5192 5460
f 5396 5397 5395
f 5323 5460 5191
f 5191 5681 5394
f 5394 5681 5393
f 5681 5114 5393
f 4987 5260 6116
f 4986 5679 4985
f 4985 5458 5319
f 4614 5319 5457
f 5540 5541 5539
f 5457 5319 5621
f 5455 5932 5113
f 4929 5454 5538
f 5925 5999 5390
f 6188 6113 5620
f 6114 6112 6051
f 6112 6111 6051
f 6110 5924 5758
f 5677 6516 5996
f 5839 6109 5388
f 5109 6360 5757
f 6747 6185 6108
f 6672 6671 6590
f 6670 6267 6513
f 6267 6669 6836
f 6511 6668 6589
f 6745 7050 6988
f 6587 7362 6428
f 7274 6920 7190
f 8105 8290 7894
f 7893 8809 8386
f 8555 8022 8023
f 8555 8910 8022
f 8022 8910 8905
f 8808 8908 8807
f 8630 8903 8629
f 11918 11950 8383
f 8383 11950 9089
f 9004 11981 8803
f 8803 11915 8373
f 8373 11949 8899
f 11914 8801 8625
f 8713 11948 9086
f 9086 12164 8800
f 8898 11913 8712
f 8622 8897 9083
f 9082 12009 9081
f 8711 11911 8797
f 9079 9025 9078
f 8890 9293 9169
f 8888 8709 9331
f 8278 9513 8014
f 8708 9289 8995
f 9167 9287 8616
f 8992 8457 8615
f 8990 9165 9074
f 9165 9221 9074
f 8358 9163 8357
f 8787 9161 8706
f 8704 9219 9160
f 8539 9218 8988
f 9282 8987 8271
f 7790 8611 9281
f 8352 8449 8783
f 8449 8538 8783
f 7586 8353 7249
f 7248 7867 7247
f 7247 7867 7096
f 7498 7407 8005
f 7332 7724 7585
f 7722 7721 7652
f 7863 7243 7493
f 7584 7720 7651
f 7720 7719 7651
f 6712 7238 7328
f 7491 7939 7583
f 7326 7091 6634
f 7158 7714 6633
f 6630 7233 6629
f 7233 6711 6629
f 6711 6466 6629
f 6628 6629 6627
f 6629 6710 6627
f 6466 6711 6626
f 6553 7320 6625
f 6138 6464 5957
f 6463 6462 6137
f 6462 6709 6309
f 6709 6789 6309
f 5953 5789 5791
f 6022 5951 5952
f 5789 6549 5871
f 5144 5419 5277
f 4722 5143 5142
f 5142 5418 4649
f 5418 5211 4649
f 5211 5009 4649
f 5210 4338 5009
f 4647 5643 5141
f 5141 5643 5008
f 4719 5485 4944
f 5140 5485 5337
f 5485 5484 5337
f 4878 5209 5006
f 4877 5209 5072
f 4877 5072 5139
f 5072 5208 5139
f 5208 5207 5138
f 5207 5206 5138
f 5138 5206 5137
f 5137 5205 5136
f 4413 5203 5133
f 4485 5067 4941
f 4941 5067 5066
f 5408 5476 4715
f 4640 5560 5202
f 5334 5779 5128
f 5405 5633 5331
f 5125 5404 5557
f 5125 5694 5330
f 5327 5328 5326
f 5328 5629 5326
f 5055 5547 5197
f 5547 5402 4792
f 4792 5402 5118
f 5324 5682 5193
f 5682 5399 5193
f 5399 5764 4988
f 5622 5398 5192
f 5396 5395 5322
f 5322 5395 5321
f 5321 5395 5320
f 5191 5394 5393
f 5459 5260 5114
f 5114 5260 5190
f 6116 4986 4987
f 5540 5539 5456
f 5113 5842 5454
f 5538 5759 5453
f 5391 5759 5925
f 5925 5390 5391
f 5620 6113 5998
f 6113 6271 5998
f 5924 6187 5840
f 5536 5839 5388
f 5388 6109 5109
f 5757 6360 6269
f 6514 6839 5995
f 5995 6839 6513
f 5835 6836 6835
f 5615 6835 6266
f 6990 6511 5754
f 5754 6511 6432
f 6511 6589 6432
f 6510 6588 6509
f 6509 6588 6508
f 6589 6833 6667
f 6183 6988 6182
f 6829 7049 6587
f 7604 7272 6986
f 7436 8105 7894
f 8386 8555 8104
f 8905 9090 8022
f 8468 9005 8630
f 8806 11917 8286
f 8902 12257 8716
f 8901 9088 8900
f 8805 11916 8715
f 9087 11981 8804
f 8804 11981 9004
f 8462 9085 9084
f 8550 8551 12017
f 8798 11912 8897
f 9083 8621 8622
f 9003 9082 8368
f 8190 9082 8711
f 9082 9081 8711
f 9081 12009 8711
f 8797 9080 8896
f 9079 9078 9002
f 9293 8890 8282
f 9077 9076 8999
f 8999 9076 8997
f 8888 9331 8794
f 8620 9223 8365
f 8619 9378 8618
f 8364 8708 8995
f 9288 9075 8995
f 9075 9168 8994
f 8993 9166 8887
f 8887 9166 8363
f 8702 9072 8785
f 8988 9282 8271
f 8271 8987 8356
f 8451 8986 8269
f 7941 7407 7867
f 7407 7941 8005
f 7406 7866 7332
f 7331 7585 7330
f 7330 8171 7496
f 7783 7863 7493
f 7242 7584 7651
f 7329 7651 7401
f 6965 7240 7492
f 7492 7238 6965
f 7491 7583 7490
f 7023 7091 7582
f 6217 6882 6473
f 6632 6792 6313
f 6792 6631 6313
f 6469 6791 7233
f 6469 7233 6630
f 6629 6628 6557
f 6557 6628 6556
f 6626 6711 6465
f 6711 6553 6465
f 6465 6553 6625
f 6464 6138 6399
f 6137 6462 6309
f 5875 5952 5873
f 5952 5872 5873
f 4947 5145 5144
f 5277 5143 4722
f 4716 5336 5204
f 4413 5204 5203
f 5071 5135 5070
f 5135 5134 5070
f 5069 5070 5068
f 5203 4644 5133
f 5203 5269 4643
f 4643 5269 4809
f 5065 5132 5064
f 5132 5131 5064
f 5476 5335 4715
f 5202 5130 4640
f 4714 5130 4804
f 5128 5779 5267
f 5333 5332 5127
f 5697 5406 5266
f 5405 5331 4938
f 5265 5558 4480
f 5558 5126 4480
f 4936 5551 5264
f 4632 5263 4706
f 5328 5327 4793
f 4705 5547 4792
f 5196 5467 5466
f 5850 5465 5261
f 5465 5464 5261
f 5325 5462 5401
f 5401 5683 4784
f 5460 5323 4862
f 4862 5323 5191
f 5392 5679 4986
f 5457 5621 4614
f 4930 5113 5454
f 5051 5538 5049
f 5049 5538 5453
f 5999 5620 5537
f 5758 5924 5841
f 5678 5840 5677
f 5677 5996 5536
f 5536 6270 5839
f 5835 6835 5615
f 6266 6512 5529
f 5529 6512 6049
f 6431 6832 6831
f 6429 6989 6353
f 6105 6922 5827
f 5827 6922 6263
f 6263 6922 6745
f 6745 6988 6183
f 6507 6830 6921
f 6100 6921 6829
f 8196 8630 8021
f 8021 8630 8629
f 8627 11918 8383
f 8383 9089 7811
f 9089 8626 7811
f 8552 8899 8714
f 8713 9086 8800
f 8550 8799 8623
f 8712 8798 8461
f 8460 8798 8459
f 8369 9003 8368
f 8896 9079 8367
f 8549 9079 8895
f 9079 9002 8895
f 9001 9000 8894
f 8999 8997 8892
f 8892 8998 8891
f 8998 8997 8889
f 8890 9169 8282
f 8277 8619 8618
f 8994 9167 8617
f 9286 8993 8458
f 9166 8992 8615
f 7588 8991 8092
f 8092 8991 9164
f 9164 8788 8091
f 8543 8544 9073
f 8881 8989 8880
f 8539 8988 7872
f 8452 8611 7790
f 8450 8269 8783
f 7867 7407 7096
f 7028 7029 7866
f 7245 7783 7244
f 7244 7783 7493
f 7402 7782 7242
f 7782 7584 7242
f 7242 7651 7329
f 7027 7399 7093
f 6470 6471 6310
f 6471 6472 6310
f 6472 6469 6310
f 6469 6630 6466
f 6557 6556 6468
f 6555 6554 6467
f 6626 6465 6466
f 6073 6311 6399
f 6311 6464 6399
f 5874 5873 5792
f 5873 5790 5792
f 5791 5789 5713
f 5789 5871 5713
f 5877 5788 5489
f 4340 4724 4339
f 4947 5144 4493
f 5073 5144 5277
f 5277 4881 4723
f 4722 5142 4650
f 5142 4649 4650
f 4649 5009 4418
f 4418 5009 5010
f 4647 5141 5008
f 5485 5140 5007
f 4877 5139 4716
f 5071 5070 5005
f 5070 5069 5005
f 5005 5069 5004
f 4941 5066 4940
f 5066 4805 4940
f 5065 5064 5002
f 5335 5560 4640
f 5405 4938 5406
f 4480 5126 4796
f 4937 5404 4707
f 4707 5404 4795
f 5404 5125 4795
f 5125 5330 5329
f 4633 5329 4936
f 4936 5264 5122
f 4867 5551 5199
f 4867 5263 4632
f 4793 5550 5328
f 5195 5850 5261
f 5115 5262 5624
f 5624 5325 5052
f 4785 5401 4784
f 5193 5399 5194
f 5192 4862 4931
f 5190 5260 4987
f 5319 4614 4985
f 4929 5538 5051
f 5453 5759 5391
f 5998 5997 5318
f 5619 5758 5841
f 5841 5924 5840
f 6107 6514 5995
f 5995 6513 6359
f 6359 6513 6267
f 5529 6049 6184
f 6434 6433 6358
f 6589 6667 6431
f 6431 6831 6429
f 6831 6832 6429
f 6666 6987 6352
f 6427 7191 6664
f 6664 7191 6828
f 6506 7190 6920
f 6585 7604 6986
f 6585 6986 7357
f 6986 7603 7357
f 6662 7436 7188
f 8022 9090 8469
f 8469 9090 8197
f 8468 8630 8196
f 8626 8806 8286
f 8716 8901 8376
f 8376 8901 8900
f 8900 8805 8375
f 9004 8803 8804
f 8373 8899 8552
f 8552 8714 8465
f 8195 8802 8625
f 8464 8625 8463
f 8625 8801 8463
f 9084 11976 8371
f 8461 8798 8460
f 8459 8798 8622
f 8798 8897 8622
f 8711 8797 8189
f 8797 8896 8367
f 8893 8796 8548
f 8096 9293 8282
f 9169 8996 8366
f 8996 8795 8366
f 7735 8793 8619
f 8364 8995 8994
f 8995 9075 8994
f 8458 8993 8363
f 8993 8887 8363
f 7588 8886 8791
f 8791 8886 8790
f 8885 8884 8790
f 8092 9164 8789
f 8789 9164 8091
f 8357 8883 8544
f 8181 8705 8704
f 8704 9160 8612
f 8786 8882 8784
f 9072 9283 8539
f 7789 8538 8006
f 7653 8006 7586
f 6717 7407 7498
f 7498 7497 7029
f 7028 7866 7406
f 7332 7585 7331
f 7496 7495 7405
f 7495 7494 7405
f 7405 7494 7403
f 7239 7240 6965
f 7491 7490 6637
f 7718 7398 7237
f 7023 7582 6886
f 6401 6472 6470
f 6472 6471 6470
f 6469 6466 6400
f 6464 6215 5957
f 5957 6215 5649
f 4812 5074 4651
f 4811 5214 4882
f 5214 4340 4882
f 4724 5145 4947
f 5144 5073 4493
f 5073 5277 4493
f 5010 5009 4338
f 4646 5008 4719
f 4944 5485 5007
f 5006 5209 4877
f 4716 5204 4413
f 4413 5133 4644
f 4644 5203 4643
f 5003 4485 4809
f 5002 5001 4939
f 4940 4805 4941
f 4241 4805 4715
f 5130 4714 4640
f 4804 5129 4713
f 5267 4999 5128
f 5127 5332 5266
f 5332 5697 5266
f 4995 5329 4633
f 5124 5201 5123
f 5123 5201 5121
f 5201 5200 5121
f 4867 5264 5551
f 4706 5550 4793
f 4793 5327 5120
f 5120 5198 5119
f 4319 4396 5117
f 4396 5689 5117
f 5053 5196 4546
f 4626 5850 5116
f 5850 5195 5116
f 4933 5115 5624
f 5683 5194 4784
f 4702 5194 5399
f 5622 5192 4931
f 4861 4614 5621
f 4860 5455 5113
f 4930 5454 4313
f 5537 5390 5999
f 5048 5318 5758
f 5618 5840 5678
f 5923 6926 6186
f 6268 6108 5043
f 5834 6990 5754
f 6432 6589 5754
f 6356 6357 6355
f 6589 6431 6430
f 6353 6922 6105
f 6182 6666 6352
f 6348 6507 6921
f 6100 6829 6587
f 6099 6428 6427
f 6664 6828 6586
f 6828 7190 6506
f 7357 7436 7435
f 7893 8386 7815
f 8104 8555 7525
f 7525 8555 8023
f 8197 9090 8468
f 7891 8468 8196
f 7814 8629 8385
f 8554 8626 8286
f 8804 8803 8373
f 7959 8195 8625
f 8463 8801 8713
f 8372 8800 8462
f 8098 8623 7740
f 7740 8623 8898
f 8368 9082 8190
f 8796 8893 8710
f 8282 9169 8281
f 8281 9169 8366
f 8366 8795 8709
f 8280 8794 9514
f 8014 8793 7735
f 8618 8708 7953
f 8013 8617 8616
f 8617 9167 8616
f 9286 8458 8707
f 9220 8792 8457
f 8791 8790 7588
f 8091 8788 8358
f 8455 8357 8544
f 9073 8787 8706
f 8702 8785 8010
f 8785 9072 8010
f 7872 8988 8453
f 8355 8987 7868
f 7868 8987 8611
f 7790 9281 8451
f 8783 8538 8450
f 7159 7249 7248
f 7096 7407 6717
f 7498 7029 6799
f 7406 7332 6892
f 7496 7404 7330
f 7244 7493 7243
f 7095 7243 7094
f 7094 7402 7242
f 6889 7401 8001
f 7400 7650 6478
f 6714 7399 7027
f 6477 7240 7239
f 6712 7328 6887
f 7328 7491 6887
f 6887 7491 6637
f 7327 7718 7237
f 7398 6404 7237
f 6964 7490 6219
f 7398 7489 6404
f 7489 7326 6636
f 6636 7326 6634
f 7582 7158 6886
f 7158 6633 6558
f 6633 6962 6217
f 6473 7647 6074
f 6313 6631 6312
f 6631 6401 6312
f 6312 6401 6470
f 6469 6400 6310
f 6073 6399 6138
f 6138 5957 5878
f 6137 6309 5956
f 6309 6214 5956
f 6136 6622 5876
f 6622 6308 5876
f 4339 4724 4249
f 4493 4724 4947
f 4493 5277 4723
f 4649 4418 4650
f 4110 5010 4338
f 4338 5343 4880
f 4946 4945 4879
f 4719 4944 5007
f 5006 4877 4717
f 4877 4716 4414
f 4941 4942 4485
f 4876 4943 4875
f 4806 4942 4874
f 4942 4941 4874
f 4874 4941 4873
f 4715 5335 4640
f 4713 5129 5000
f 5129 4333 5000
f 5268 5780 4798
f 4798 5780 5063
f 5126 5404 4996
f 4869 5404 4937
f 4795 5125 4995
f 5125 5329 4995
f 5060 5124 5059
f 5124 5123 5059
f 5059 5123 5058
f 4793 5120 5057
f 5057 5120 5056
f 5120 5119 5056
f 5119 5198 5056
f 4992 5054 4396
f 5117 5196 5053
f 4395 5115 4933
f 5052 5325 4787
f 4787 5325 5401
f 4786 5401 4785
f 4784 5194 4542
f 4702 5399 4988
f 4988 5622 4931
f 4862 5191 4783
f 4313 5454 4929
f 5048 5758 5619
f 5619 5841 5840
f 5840 5618 5619
f 5110 5536 5388
f 5616 5757 5531
f 5676 5923 6186
f 5615 6266 6050
f 6184 6990 5834
f 5754 6589 5922
f 6356 6355 6265
f 6355 6354 6265
f 6589 6430 6264
f 6430 6431 5920
f 6431 6429 5920
f 6263 6745 6183
f 6665 6830 6351
f 6351 6830 6507
f 6348 6921 6100
f 6258 6586 6828
f 7357 7435 6662
f 7435 7436 6662
f 7188 7436 7893
f 7436 7894 7893
f 8386 8104 7962
f 8385 8629 8384
f 8628 8627 7812
f 7811 8626 8288
f 8626 8554 8288
f 8286 8717 8553
f 8717 8902 8553
f 8902 8716 8377
f 8377 8716 8376
f 8376 8900 8375
f 8285 9087 8804
f 8465 8714 8195
f 7599 8463 8800
f 8463 8713 8800
f 8192 8371 8624
f 8098 8550 8623
f 8712 8461 8191
f 8370 8621 8369
f 8366 8709 7797
f 8709 8888 7797
f 8888 8794 8280
f 8547 8708 8364
f 8364 8994 8276
f 8616 8707 8094
f 8363 9166 8615
f 8457 8792 8362
f 8092 8789 8091
f 8543 9073 7947
f 9073 8706 7947
f 8706 8705 8181
f 9160 8703 8011
f 8011 8703 8180
f 8180 8702 8010
f 7868 8611 8452
f 8451 8269 8354
f 6800 7248 7247
f 7028 7406 6892
f 7332 7331 6798
f 7246 7330 7404
f 6889 8001 7241
f 6966 7093 7240
f 6796 6966 7240
f 6965 7238 6795
f 6795 7238 6712
f 6637 7490 6964
f 6886 7158 6885
f 4886 7647 5718
f 7647 6311 5718
f 6311 6073 5718
f 5718 6073 5958
f 6073 6138 6216
f 5956 6214 6023
f 6308 5953 5876
f 5953 5791 5876
f 5877 5489 5954
f 4112 4728 4883
f 4112 4883 4812
f 4811 4882 4651
f 5277 4722 4881
f 4647 5008 4646
f 4719 5007 4810
f 4105 4878 5006
f 4643 4809 4412
f 4876 4875 4808
f 4808 4875 4807
f 4807 4875 4806
f 4806 4874 4873
f 4715 4640 4641
f 4411 4640 4556
f 4333 5268 4798
f 4798 5063 4326
f 5267 5333 4999
f 4999 5333 4871
f 5333 5127 4871
f 4796 5126 4869
f 5126 4996 4869
f 4998 5062 4997
f 5062 5061 4997
f 4996 5404 4869
f 4795 4995 4636
f 4995 4633 4635
f 4936 5122 4794
f 5059 5058 4994
f 4935 4867 4632
f 4399 4793 4993
f 4793 5057 4993
f 5057 5056 4993
f 5055 5197 4552
f 4552 5197 5547
f 4546 5196 5466
f 4991 4626 4990
f 4990 4626 4989
f 4626 5116 4989
f 4787 5401 4786
f 4783 5191 4470
f 4470 5191 5393
f 4987 4986 4620
f 4986 4985 4620
f 4540 4985 4614
f 5621 5455 4701
f 4984 5391 5390
f 5048 5619 4983
f 5678 5677 5618
f 5618 5677 5536
f 5614 6050 6266
f 6589 6264 5921
f 6106 5920 6429
f 6100 6587 6259
f 6258 6828 6506
f 7357 6662 6985
f 7188 7893 7815
f 7815 8386 7356
f 7356 8386 7962
f 8022 8469 8197
f 8197 8468 7891
f 7433 8629 7814
f 8385 8384 8628
f 8384 8629 8628
f 7812 8627 8383
f 8467 8466 8382
f 8380 8381 8379
f 8381 8382 8379
f 8378 8553 8902
f 8376 8375 7808
f 8375 8805 8715
f 8285 8804 8374
f 8804 8373 8374
f 7960 8373 8552
f 8625 8464 7959
f 8192 8624 8551
f 8192 8551 8550
f 8898 8712 7740
f 7805 8712 8191
f 7804 8461 8460
f 8622 8621 8370
f 8189 8797 8367
f 9079 8549 8367
f 8796 8710 8548
f 8280 9514 7954
f 9514 8620 8015
f 7735 8619 8277
f 8277 8618 8183
f 7953 8708 8547
f 8276 8994 8013
f 8994 8617 8013
f 8363 8707 8458
f 8542 8614 8541
f 8541 8614 8540
f 8613 8543 7947
f 7872 9072 8539
f 8453 8988 8271
f 8356 8987 8355
f 8538 8268 8450
f 8268 8538 7789
f 7587 7653 7586
f 7586 7249 7159
f 7159 7248 6800
f 7247 7096 6800
f 7245 7244 6405
f 7244 7243 6968
f 6968 7243 7095
f 6968 7095 7094
f 7242 7329 6715
f 6634 7091 7023
f 6402 7158 6558
f 6558 6633 6217
f 5350 6473 6074
f 6074 7647 4886
f 6216 6138 5878
f 5649 6215 5954
f 6023 6136 5956
f 5956 6136 5876
f 5955 5877 5954
f 5489 5349 5012
f 5012 5349 5011
f 3964 5011 4728
f 4492 4723 4248
f 4248 4723 4722
f 4723 4881 4722
f 4107 4338 4880
f 4718 4719 4810
f 3704 4716 4413
f 3959 4809 4485
f 3959 4485 3901
f 4485 4942 4179
f 4942 4806 4179
f 4179 4806 4873
f 4941 4805 4241
f 4641 4640 4239
f 4803 4872 4802
f 4799 4713 5000
f 4995 4635 4636
f 4794 5122 5264
f 4555 4867 4935
f 4552 5547 4705
f 4704 4792 4790
f 4790 4792 5054
f 5054 4992 4788
f 4992 4396 4788
f 5117 5053 4319
f 4395 4933 4624
f 4933 5624 4703
f 5624 5052 4703
f 4702 4988 4932
f 5393 5114 5190
f 4620 4985 4782
f 4861 5621 4701
f 4860 5113 4930
f 4928 5051 5188
f 5051 5049 5188
f 5049 5259 5188
f 5186 5998 5318
f 5387 5388 5109
f 5109 5757 5616
f 6185 6107 5837
f 5756 6107 5995
f 5614 5615 6050
f 5529 6184 5755
f 5921 6264 6430
f 5670 6429 6353
f 5827 6263 5610
f 6352 6987 6351
f 6507 6348 6351
f 6664 6586 6258
f 6506 6920 6426
f 6920 7604 6426
f 7604 6585 6257
f 6585 7357 6985
f 8023 8022 7892
f 8196 8021 7890
f 8385 8628 7813
f 7812 8383 7811
f 7269 7811 8289
f 7811 8288 8289
f 8381 8380 8289
f 8380 8379 8287
f 8286 8553 7349
f 8378 8902 8377
f 7883 8800 7424
f 7424 8800 8372
f 9084 8371 8018
f 8192 8550 7741
f 8017 8550 8098
f 7739 8712 7805
f 8459 8622 8370
f 8190 8711 7956
f 8711 8189 7956
f 8888 8280 7797
f 7954 9514 8184
f 8184 9514 8015
f 8359 8546 8456
f 8546 8545 8456
f 7730 8358 8357
f 8544 8543 7948
f 8543 8613 7948
f 8542 8541 8454
f 7947 8706 7728
f 8269 8450 8179
f 8006 7653 7587
f 7587 7586 7250
f 7586 6565 7250
f 7586 7159 6565
f 6799 6717 7498
f 6892 7332 6798
f 7331 7330 6798
f 7330 7246 6798
f 7329 7401 6889
f 6796 7240 6477
f 6795 6712 6220
f 7025 7092 7024
f 7026 6964 6219
f 6634 7023 6886
f 6885 7158 6402
f 6558 6217 5879
f 5878 5957 5279
f 6215 5955 5954
f 5714 5646 5648
f 5954 5489 5647
f 4563 5011 3964
f 4112 4812 4814
f 4814 4813 4815
f 4815 4813 4726
f 4726 4813 4725
f 4651 4882 4340
f 4248 4722 4026
f 4722 4650 4026
f 4418 5010 4110
f 4721 4720 4648
f 4646 4719 4645
f 4719 4718 4645
f 4415 4105 5006
f 5006 4717 4415
f 4717 4877 4242
f 4414 4716 3704
f 4644 4643 4413
f 4241 4715 4642
f 4640 4714 4556
f 4714 4804 4713
f 4803 4802 4712
f 4712 4802 4711
f 4802 4801 4711
f 4801 4800 4710
f 4333 4798 4332
f 5127 4405 4871
f 5127 5266 4708
f 5406 4938 4637
f 4938 5331 4870
f 4635 4633 4634
f 4634 4633 4400
f 4099 4633 4868
f 4633 4936 4794
f 4865 4866 4864
f 4866 4934 4864
f 4790 5054 4863
f 5053 4546 4319
f 4546 5466 4626
f 4544 4933 4703
f 4703 5052 4787
f 4623 4785 4784
f 5393 5190 4987
f 4392 4987 4621
f 4540 4614 4619
f 5189 5187 5111
f 5049 5453 4859
f 4859 5453 5391
f 5620 5998 5186
f 5618 5536 5619
f 5110 5452 5536
f 6108 6185 5837
f 5756 5995 6359
f 5317 6359 6267
f 6267 6836 5836
f 5614 6266 5385
f 6266 5529 5385
f 5755 6184 5834
f 5922 6589 5921
f 5917 5920 6106
f 6106 6429 5670
f 5993 6348 6100
f 6259 6428 6099
f 6427 6664 6175
f 6258 6506 5991
f 6174 6585 6505
f 5989 6585 6985
f 7962 8104 7356
f 8022 8197 7671
f 7891 8196 7524
f 7524 8196 7890
f 7813 8628 7812
f 7269 8289 8554
f 8289 8288 8554
f 7668 8554 8286
f 7808 8375 8715
f 8552 8465 8284
f 8284 8465 8195
f 8018 8371 8099
f 8371 8192 8283
f 7741 8550 8017
f 7740 8712 7739
f 8191 8461 7804
f 8460 8459 8016
f 8016 8459 8370
f 7803 8369 8368
f 8367 8549 8188
f 7515 8365 8278
f 7515 8278 8014
f 8183 8618 7953
f 8094 8707 8363
f 8363 8615 8093
f 8615 8457 8362
f 8456 8545 8359
f 7730 8091 8358
f 8706 8181 7728
f 8010 9072 7872
f 8356 8355 7944
f 7790 8451 8270
f 8451 8354 8179
f 6719 7251 6718
f 7029 7028 6969
f 6968 7094 6891
f 6222 7329 6889
f 7027 7093 6638
f 7093 6966 6638
f 6637 6964 7026
f 6219 7490 6963
f 6404 7489 6636
f 5078 6217 6473
f 5350 6074 4886
f 5958 6073 6216
f 5954 5647 5492
f 5573 5572 5490
f 5647 5489 5491
f 5489 5012 5146
f 4112 4113 4728
f 4112 4814 4651
f 4815 4726 4727
f 4814 4812 4651
f 4249 4724 4493
f 4493 4723 4492
f 4647 4646 4645
f 4560 3704 4413
f 4412 4809 3959
f 4179 4873 4104
f 4104 4873 4941
f 4104 4941 4241
f 4241 4642 4240
f 4715 4641 4239
f 4336 4239 4411
f 4714 4713 4334
f 4713 4799 4334
f 4711 4710 4639
f 4334 5000 4333
f 4637 4938 4797
f 4938 4870 4797
f 4869 4937 4404
f 4099 4868 4794
f 4868 4633 4794
f 5264 4867 4555
f 4632 4706 4173
f 4098 4706 4793
f 4866 4865 4791
f 4865 4864 4789
f 5054 4788 4863
f 4543 4786 4785
f 4014 4785 4623
f 4988 4931 4932
f 4931 4862 4471
f 4471 4862 4228
f 4392 4470 5393
f 4621 4987 4620
f 4782 4985 4540
f 5112 5111 5050
f 4928 5259 5049
f 4984 5390 4781
f 5186 5318 5048
f 5619 5536 5389
f 5536 5452 5258
f 5110 5388 5387
f 5110 5387 5109
f 5109 5616 5451
f 5676 6186 5838
f 5183 5837 6107
f 5756 6359 5317
f 5317 6267 5836
f 5836 6836 5835
f 5385 5529 5530
f 5921 6430 5920
f 5610 6263 6183
f 5747 6182 5746
f 6182 6352 6181
f 6352 6351 6181
f 6181 6351 6104
f 6261 6350 6260
f 6351 5994 6349
f 5994 6351 5993
f 6351 6348 5993
f 6587 6428 6259
f 6099 6427 6176
f 6175 6664 6258
f 5991 6506 6426
f 6426 7604 6257
f 6257 6585 6174
f 7525 8023 7892
f 7892 8022 7671
f 8629 7433 8021
f 8021 7433 7602
f 7668 8286 7349
f 8377 8376 7809
f 8374 8373 7960
f 7960 8552 7885
f 7885 8552 7884
f 7959 8464 8463
f 7958 8463 7599
f 7599 8800 7883
f 8372 8462 9084
f 8099 8371 8283
f 8370 8369 7803
f 7596 8189 8367
f 8281 8366 7797
f 7797 8280 7594
f 8015 8620 8365
f 7796 7735 8277
f 8547 8364 8276
f 8012 8362 8274
f 8362 8792 8274
f 8275 8361 8272
f 8361 8360 8272
f 7949 8544 7948
f 7948 8613 7947
f 7727 8181 8612
f 8181 8704 8612
f 8009 8453 8271
f 8271 8356 7944
f 7255 8355 7868
f 7868 8452 7790
f 7790 8270 7162
f 8270 8451 7162
f 7162 8451 7410
f 7410 8451 8179
f 8354 8269 8179
f 8450 8268 7789
f 7499 7725 8006
f 8006 7587 7408
f 7587 7250 7408
f 7333 7251 6719
f 6565 7159 6800
f 6800 7096 6717
f 6799 7029 6969
f 7028 6892 6969
f 6892 6798 6716
f 6405 7244 6968
f 6891 7094 6715
f 7094 7242 6715
f 6889 7241 6967
f 6478 7650 6714
f 6714 7027 6638
f 6796 6477 6888
f 7239 6965 6713
f 6713 6965 6476
f 6637 7026 6219
f 6636 6634 6635
f 6635 6634 6402
f 6886 6885 6634
f 6634 6885 6402
f 5650 5958 6216
f 5957 5649 5015
f 5649 5954 5278
f 5491 5489 5146
f 5012 5011 4652
f 5011 4563 4652
f 4491 4562 4490
f 4490 4561 4489
f 4242 4877 4018
f 3704 4560 3659
f 4559 4558 4488
f 4488 4558 4487
f 4487 4558 4486
f 4179 3901 4485
f 3852 4642 4715
f 4715 4239 3852
f 4239 4640 4411
f 4484 4557 4483
f 4411 4556 4336
f 4334 4799 5000
f 4326 5063 4709
f 5127 4708 4405
f 4638 5266 4637
f 5266 5406 4637
f 4480 4796 4869
f 4404 4937 4707
f 4707 4795 4636
f 4098 4793 4399
f 4318 4319 4546
f 4624 4933 3953
f 4787 4786 4543
f 4622 4931 4471
f 4228 4862 4783
f 4228 4783 4470
f 5393 4987 4392
f 4316 4540 4619
f 4614 4861 4701
f 4701 5455 4087
f 4087 5455 4860
f 4012 4313 4929
f 4929 5051 4928
f 5188 5259 4928
f 4928 5049 4391
f 4859 5391 4984
f 4983 5619 4927
f 5619 5389 5258
f 5389 5536 5258
f 5109 5451 5535
f 5534 5617 5533
f 5533 5617 5532
f 5451 5616 4922
f 5531 5923 5185
f 5185 5923 5676
f 6108 5837 5183
f 6107 5756 5449
f 5836 5835 5257
f 5755 5834 5613
f 5670 6353 6105
f 6261 6262 6180
f 6180 6262 6179
f 6179 6262 6178
f 6262 6261 6177
f 6261 6260 6177
f 5992 6099 6176
f 6176 6427 6175
f 6585 5989 6505
f 5989 6985 6663
f 8104 7525 7111
f 7670 7891 7524
f 7890 8021 7602
f 8385 7813 7814
f 8378 8377 7523
f 8285 8374 7887
f 8552 8284 7884
f 7884 8284 8195
f 7959 8463 7958
f 8367 8188 7596
f 8549 8895 8187
f 8280 8279 8185
f 7796 8277 8183
f 7953 8547 7589
f 8547 8276 7952
f 8363 8093 7877
f 8273 8272 8182
f 8357 8455 7949
f 8455 8544 7949
f 8612 9160 8011
f 8009 8271 7655
f 7944 8355 7255
f 6564 6717 6799
f 6890 6889 6797
f 6316 6714 6638
f 6638 6966 6796
f 6476 6965 6795
f 6075 6558 5879
f 5078 6473 5350
f 5278 5954 5215
f 5215 5954 5492
f 5492 5647 5491
f 4183 4651 4340
f 4249 4493 3610
f 4025 4338 4107
f 4491 4490 4417
f 4415 4717 4242
f 4018 4877 4414
f 3900 4642 3852
f 4410 4484 4409
f 4484 4483 4409
f 4482 4481 4408
f 4408 4481 4407
f 4556 4714 3851
f 3958 4798 4326
f 4708 5266 4638
f 4555 4935 4632
f 4173 4706 3955
f 3850 4706 4098
f 4630 4631 4629
f 4629 4631 4627
f 4705 4792 4628
f 4792 4704 4628
f 4704 4790 4863
f 4626 4991 4625
f 4544 4703 4787
f 4702 4932 4541
f 4932 4931 4541
f 4621 4620 4226
f 4226 4620 4540
f 4620 4782 4540
f 4617 4618 4616
f 4614 4701 4314
f 4391 5049 4859
f 5390 5537 4858
f 4858 5537 5186
f 5537 5620 5186
f 4927 5619 5258
f 5452 5110 4927
f 5110 5109 5047
f 4922 5109 5535
f 5534 5533 5450
f 5533 5532 5450
f 5184 5043 6108
f 5183 6107 5449
f 5756 5317 5106
f 5317 5836 5257
f 5613 5834 5754
f 5754 5040 5613
f 5753 5832 5752
f 5752 5832 5751
f 5751 5831 5750
f 5750 5831 5749
f 5754 5922 5833
f 5922 5921 5528
f 5670 6105 5827
f 6183 6182 5747
f 6182 6181 6104
f 6351 6349 6104
f 6180 6179 6103
f 6179 6178 6103
f 6102 6178 6101
f 5609 6176 5608
f 6175 6258 5668
f 7356 8104 7111
f 7891 7670 7434
f 7433 7814 7669
f 7270 7813 7812
f 7812 7811 7889
f 7349 8553 7810
f 7523 8377 7428
f 7428 8377 7809
f 7884 8195 8103
f 7959 8103 8195
f 8102 8194 8101
f 7424 8372 8193
f 8193 8372 8100
f 9084 8018 8100
f 8017 8098 7597
f 7805 8191 7804
f 8368 8190 7956
f 7956 8189 7802
f 8189 7596 7802
f 7596 8188 8549
f 7882 8549 8097
f 8549 8187 8097
f 8096 8282 7516
f 7594 8280 8185
f 8186 8185 8095
f 8279 8280 7954
f 7954 8184 8015
f 8015 8365 7515
f 7589 8547 7952
f 7733 8013 8616
f 8094 8363 7951
f 7951 8363 7877
f 7338 8092 8091
f 7728 8181 7795
f 7795 8181 7727
f 8180 8010 8011
f 7872 8453 8009
f 7409 8179 8450
f 7409 8450 7789
f 7789 8006 7725
f 7499 8006 7334
f 8006 7408 7334
f 7408 7250 7334
f 6564 6800 6717
f 5964 6892 6716
f 6889 6967 6797
f 6560 6638 6796
f 6559 6796 6315
f 6315 6796 6888
f 6477 7239 6713
f 6476 6795 6220
f 6712 6887 6314
f 6887 6637 6314
f 6139 6402 6558
f 5718 5152 5715
f 5718 5958 5152
f 6216 5878 5016
f 3964 4728 4113
f 4493 4492 4419
f 3855 4492 4248
f 4026 4650 4247
f 4650 4418 4247
f 4245 4416 4337
f 4414 3704 4018
f 3659 4560 4413
f 4643 4412 4413
f 4642 3900 4240
f 4410 4409 4335
f 4177 4336 4556
f 4332 4798 3958
f 4638 4637 4797
f 4404 4707 4636
f 4636 4635 4320
f 4635 4634 4400
f 4400 4633 4015
f 4633 4099 4015
f 4555 4632 4173
f 3955 4706 3850
f 4397 4705 4628
f 4551 4630 4549
f 4630 4629 4548
f 4629 4627 4547
f 4628 4704 4475
f 4545 4546 4625
f 4546 4626 4625
f 3953 4933 4544
f 4623 4784 4542
f 4541 4931 4230
f 4931 4622 4230
f 4392 4621 4227
f 4619 4535 4316
f 4539 4617 4538
f 4617 4616 4538
f 4538 4616 4537
f 4537 4615 4536
f 4619 4614 4535
f 3797 4614 4314
f 4701 4087 4534
f 4012 4929 4928
f 5258 5452 4927
f 4926 4927 5110
f 5535 5451 4922
f 4922 5616 5531
f 5185 5676 5838
f 5257 5835 5615
f 5530 5529 5256
f 5529 5755 5448
f 5448 5755 5613
f 5754 5833 5040
f 5752 5751 5675
f 5833 5922 5040
f 5254 5922 5528
f 5829 5830 5918
f 5830 5919 5918
f 5748 5921 5917
f 5921 5920 5917
f 6102 6101 6048
f 6100 6259 5915
f 5915 6259 6099
f 6047 6099 5992
f 6426 6257 5991
f 6257 5914 5991
f 6098 6174 6256
f 6663 6985 6662
f 7271 7525 6827
f 7434 7671 8197
f 8197 7891 7434
f 7524 7890 7602
f 7811 7269 7601
f 7269 8554 7668
f 8553 8378 7523
f 7808 8715 7744
f 7887 8374 7960
f 7884 8103 7959
f 7883 7424 7176
f 8020 8101 8019
f 7804 8460 8016
f 7803 8368 7956
f 7738 7956 7518
f 7518 7956 7802
f 8549 7801 7596
f 7736 8096 7516
f 7516 8282 8281
f 7594 8185 8279
f 7733 7952 8013
f 7952 8276 8013
f 7733 8616 7657
f 7657 8616 7951
f 8616 8094 7951
f 8093 8615 8362
f 7588 8092 7338
f 7338 8091 7730
f 7505 8357 7949
f 7502 8010 7872
f 7030 7333 6719
f 6718 7251 5801
f 6716 6798 7246
f 6316 6478 6714
f 6888 6477 6315
f 6477 6713 6476
f 6220 6712 6475
f 6474 6314 6637
f 6219 6963 5960
f 5794 6217 5078
f 5651 4886 5718
f 5718 5715 5651
f 5717 5793 5716
f 5650 6216 5151
f 5015 5649 5278
f 4184 4651 3759
f 4183 4339 4249
f 3610 4493 3757
f 4419 4492 3756
f 4247 4418 4111
f 4338 4025 4110
f 4107 4880 3812
f 4244 4246 4243
f 4245 4337 4243
f 4337 4416 4243
f 4239 4336 4177
f 3851 4714 4017
f 4714 4334 4017
f 4233 4404 4401
f 4401 4404 4636
f 4794 5264 4174
f 5264 4555 4174
f 4479 4554 4478
f 4554 4553 4478
f 3849 4552 4705
f 4397 4628 4477
f 4551 4550 4477
f 4477 4550 4475
f 4550 4551 4475
f 4549 4548 4476
f 4475 4704 4863
f 4863 4788 4095
f 4095 4319 4318
f 4318 4546 4474
f 4546 4545 4474
f 4545 4625 4474
f 4395 4624 3954
f 4787 4543 3800
f 3800 4543 4785
f 4623 4542 4473
f 4473 4542 3892
f 4542 5194 4472
f 4225 4540 4316
f 4538 4537 4469
f 4535 4614 4315
f 4315 4614 3797
f 4612 4700 4611
f 4700 4699 4611
f 4860 4930 4313
f 4391 4859 4162
f 4609 5186 5048
f 4983 4927 4530
f 4926 5110 4857
f 5109 4922 4924
f 4924 4922 5108
f 5531 5185 4922
f 5105 5615 5614
f 5921 5748 5527
f 5917 6106 5670
f 5917 5670 5828
f 5828 5670 5827
f 5746 6182 6104
f 6104 6349 5994
f 5993 6100 5916
f 5915 6099 6047
f 5608 6176 6175
f 5668 6258 5991
f 6046 5991 5914
f 6347 6425 6346
f 6346 6425 6345
f 6256 6174 5989
f 6174 6505 5989
f 6662 7188 7111
f 7188 7815 7111
f 7671 7434 7892
f 7669 7814 7270
f 7814 7813 7270
f 7270 7812 7350
f 7889 7811 7601
f 7809 8376 7961
f 8376 7808 7961
f 7958 7599 7806
f 7424 8193 8100
f 8100 8372 9084
f 8018 8099 7423
f 7423 8099 7957
f 7957 8099 8283
f 7597 8098 7740
f 7805 7804 7346
f 7346 7804 8016
f 8016 8370 7803
f 7803 7956 7261
f 7801 8549 7882
f 7954 8015 7515
f 8014 7735 7515
f 7735 7796 7258
f 8012 8274 7950
f 8011 7504 8612
f 7504 8011 7726
f 8011 8010 7726
f 7872 8009 7655
f 7654 8271 7944
f 7654 7944 7335
f 8008 8007 7942
f 7869 7255 7868
f 6564 6799 6481
f 6799 6143 6639
f 6143 6799 6969
f 6405 6968 6891
f 6891 6715 7329
f 6222 6889 6890
f 6560 6796 6559
f 6475 6712 5652
f 6712 6314 5652
f 6139 6558 5795
f 6558 6075 5795
f 5879 6217 5794
f 5280 4886 5651
f 5016 5878 5279
f 5015 5279 5957
f 4884 5491 5146
f 4652 4563 4114
f 4112 4651 4184
f 3759 4651 4183
f 4340 4339 4183
f 3757 4493 3756
f 4493 4419 3756
f 3855 4248 4026
f 3755 4026 4111
f 4026 4247 4111
f 4111 4418 4110
f 4244 4243 4182
f 4181 4182 4180
f 3659 4413 3854
f 3854 4412 3959
f 4104 4241 4178
f 4241 4240 3900
f 3852 4239 4177
f 4103 4334 4333
f 3899 4333 4332
f 3899 4332 4237
f 4237 4332 3958
f 4480 4869 4176
f 4176 4869 4324
f 4235 4404 4233
f 4099 4794 4174
f 4479 4478 4398
f 3849 4705 4397
f 4477 4475 4397
f 4475 4863 4397
f 4095 4788 4396
f 3800 4785 4014
f 4542 4472 4394
f 4228 4470 4393
f 4470 4392 4393
f 4226 4540 4225
f 4316 4535 4315
f 4087 4314 4534
f 4314 4701 4534
f 4533 4613 4532
f 4613 4612 4532
f 4612 4611 4532
f 4610 4928 4391
f 4858 5186 4531
f 4531 5186 4609
f 5047 5109 4925
f 4925 5109 4924
f 5046 5107 5045
f 5045 5107 5044
f 5108 4922 4923
f 5185 5838 5386
f 5257 5615 5105
f 5105 5614 5385
f 5527 5748 5917
f 6183 5747 5669
f 5608 6175 5668
f 6257 6174 5524
f 6255 6346 6254
f 6346 6345 6254
f 7111 7525 7271
f 7350 7812 7889
f 7810 8553 7523
f 7961 7808 7667
f 7744 8715 7888
f 7960 7886 7887
f 7886 7960 7807
f 7807 7960 7885
f 7884 7959 7958
f 7599 7883 7665
f 7665 7883 7176
f 7041 8100 8018
f 7423 7957 8283
f 8283 8192 7741
f 7741 8017 6913
f 7261 7956 7738
f 7880 7955 7878
f 7516 8281 7798
f 8281 7797 7798
f 8279 7954 7663
f 7663 7954 7515
f 7515 7735 7514
f 7514 7735 7167
f 8183 7953 7658
f 7414 7951 7877
f 7877 8093 8362
f 7948 7947 7949
f 7947 7099 7949
f 7098 7795 7727
f 7726 8010 7502
f 7875 7946 7874
f 7874 7946 7873
f 7946 7945 7873
f 7793 7502 7872
f 7164 7655 8271
f 7335 7944 7255
f 7335 7255 7412
f 7255 7869 7791
f 7871 7943 7870
f 7789 7725 7409
f 7499 7334 7252
f 7030 6719 6894
f 5885 6718 5801
f 5801 7251 5965
f 6565 6800 6564
f 6481 6799 6639
f 6563 6640 6562
f 6562 6640 6561
f 5964 6716 7246
f 6221 6476 6220
f 6404 6636 6403
f 6403 6636 6635
f 6635 6402 6139
f 5651 5715 5152
f 5958 5650 5152
f 5650 5151 5152
f 5151 6216 5016
f 5146 5012 4652
f 3662 4110 4025
f 4182 4181 4106
f 4106 4181 4180
f 4415 4242 3902
f 4412 3854 4413
f 3959 3901 3703
f 3901 4179 3751
f 4331 4406 4330
f 4328 4329 4327
f 4405 4708 4102
f 4708 4638 4102
f 4638 4797 4325
f 4869 4404 4235
f 4322 4403 4321
f 4403 4402 4321
f 4401 4636 4320
f 4320 4635 3749
f 4635 4400 3749
f 4098 4399 4993
f 4095 4396 4319
f 4318 4474 4317
f 3801 4395 3954
f 3954 4624 3953
f 3597 4544 4787
f 4094 4014 4623
f 4623 4473 3892
f 3892 4542 3799
f 4542 4394 3891
f 4393 4392 4227
f 4012 4928 4610
f 4162 4859 4086
f 4086 4859 4984
f 4609 5048 4983
f 4857 5110 4856
f 4856 5110 4925
f 5110 5047 4925
f 4924 5108 4923
f 5184 6108 5183
f 5756 5106 5449
f 5385 5530 5042
f 5256 5529 5255
f 5255 5529 5448
f 5040 5922 5254
f 5528 5921 5527
f 5610 6183 5669
f 5747 5746 5181
f 5745 5993 5916
f 5916 6100 5915
f 5915 6047 6176
f 6047 5992 6176
f 5914 6257 5524
f 5524 6174 6098
f 6255 6254 6173
f 6254 6253 6173
f 6663 6662 6097
f 7111 7815 7356
f 7525 7892 7434
f 7434 7670 7110
f 7350 7889 7601
f 7885 7743 7807
f 7885 7884 7743
f 7522 7958 7742
f 7742 7958 7806
f 7664 7176 7424
f 7423 8283 6498
f 6913 8017 7597
f 7039 7805 7346
f 7346 8016 7803
f 7881 7879 7799
f 7799 7879 7595
f 7879 7881 7595
f 7736 7516 7517
f 7953 7589 7509
f 7589 7952 7733
f 7657 7951 7508
f 7339 7877 8362
f 6813 7338 7730
f 7099 7947 7728
f 7336 7728 7795
f 7795 7098 7336
f 6810 7504 7726
f 7794 7874 7792
f 7793 7872 7501
f 7501 7872 7655
f 7791 7868 7411
f 7868 7790 7411
f 7411 7790 7162
f 7161 7162 7410
f 7409 7725 7499
f 6719 6718 6331
f 6565 6564 6482
f 7329 6222 6891
f 6477 6476 6315
f 6474 6637 6219
f 5420 5651 5152
f 5016 5279 5150
f 5013 5492 5491
f 4114 4563 3612
f 3612 4563 3965
f 3663 3964 4027
f 4027 3964 4113
f 3756 4492 3855
f 4111 4110 3662
f 4024 4109 4023
f 4021 4108 4020
f 4019 4025 3451
f 4105 4415 3811
f 3811 4415 3902
f 3902 4242 4018
f 3809 4018 3704
f 3853 3751 4179
f 4179 4104 3750
f 4178 4241 3900
f 4177 4556 3701
f 3701 4556 3851
f 4017 4334 4103
f 4330 4329 4238
f 4329 4328 4238
f 4328 4327 4237
f 4638 4325 4236
f 4324 4869 4175
f 4175 4869 4100
f 4869 4235 4100
f 4100 4235 4233
f 4323 4322 4234
f 4322 4321 4234
f 4401 4320 3749
f 3895 4400 3601
f 4400 4015 3601
f 4174 4555 4173
f 4397 4863 4095
f 4095 4318 3848
f 3597 4787 3800
f 3436 4623 3892
f 3799 4542 3891
f 4228 4393 4166
f 4224 4316 3890
f 4223 4316 4315
f 4223 4315 3797
f 4087 4860 4313
f 3951 4391 4162
f 4086 4984 4781
f 4390 4781 4858
f 4781 5390 4858
f 4858 4531 4390
f 4389 4609 4530
f 4609 4983 4530
f 5183 5449 4851
f 4851 5449 5106
f 5042 4980 5385
f 4980 5105 5385
f 5448 5613 5255
f 4918 5613 5040
f 5527 5917 5672
f 5917 5828 5672
f 5828 5827 5610
f 5669 5747 5316
f 5746 6104 5178
f 5993 5745 5315
f 5745 5916 5915
f 5609 5608 5177
f 5525 5991 5990
f 5991 6046 5990
f 6098 6256 5989
f 5989 6663 5607
f 6662 7111 6344
f 6827 7525 6744
f 7525 7434 6744
f 6504 7524 6743
f 7186 7270 7350
f 7601 7269 7047
f 7668 7349 7269
f 7428 7809 7184
f 7809 7961 7667
f 7808 7744 7600
f 7744 7888 7045
f 7045 7888 7666
f 7666 7888 7348
f 7743 7884 7104
f 7104 7884 7742
f 7884 7958 7522
f 7598 8018 7423
f 7102 7740 7739
f 7739 7805 7039
f 7518 7802 7101
f 7799 7800 7737
f 7798 7797 7516
f 7516 7797 7594
f 7167 7735 7258
f 7258 7796 7593
f 7796 8183 7593
f 7593 8183 7658
f 7414 7877 7339
f 7413 8012 7950
f 7732 7876 7731
f 6813 7730 7506
f 7730 8357 7505
f 7505 7949 7729
f 6729 7098 7727
f 7502 7793 7501
f 7412 7255 7500
f 7791 7869 7868
f 7410 8179 7409
f 7254 7409 7499
f 6894 6719 6720
f 6482 6564 6320
f 6407 6564 6318
f 6564 6481 6318
f 6481 6639 6143
f 6480 6479 6406
f 6478 6316 5882
f 6314 6474 5575
f 6404 6403 5796
f 5281 5350 4886
f 5651 5420 5280
f 5015 5278 5014
f 5278 5215 5014
f 3965 4563 3964
f 4183 4249 3758
f 3855 4026 3755
f 3238 3755 3507
f 4025 4019 3662
f 4023 4022 3960
f 3812 3451 4107
f 3451 4025 4107
f 3750 4104 4178
f 4103 4333 3899
f 3899 4237 3699
f 4237 3958 3699
f 3806 3958 4326
f 4326 4709 3806
f 3749 4400 3957
f 3957 4400 3895
f 4098 4993 4172
f 4231 4232 4171
f 4171 4232 4170
f 4232 4231 4170
f 3547 4095 3848
f 3848 4318 4317
f 4230 4622 4169
f 4622 4471 4169
f 4471 4228 4169
f 4228 4229 4169
f 4229 4228 4168
f 4168 4228 4167
f 4228 4166 4167
f 4166 4393 4092
f 4165 4227 4164
f 4227 4621 4164
f 4164 4621 4090
f 4621 4226 4090
f 4226 4225 4163
f 4163 4225 4224
f 4225 4316 4224
f 4316 4223 3890
f 3797 4314 4087
f 4610 4391 3742
f 4530 4927 4698
f 4927 4926 4857
f 4924 4923 4780
f 4922 5185 4923
f 4850 4851 5106
f 4774 5106 5257
f 5257 5106 5317
f 5257 5105 4774
f 5255 5613 5041
f 5527 5672 5612
f 5674 5673 5612
f 5612 5673 5611
f 5611 5673 5671
f 5316 5747 5181
f 5181 5746 5178
f 5178 6104 5994
f 5315 5745 5915
f 5915 6176 5447
f 5447 6176 5609
f 5991 5525 5668
f 6097 6662 6344
f 7670 7524 6919
f 7524 6504 6919
f 7524 7602 7187
f 7431 7432 7430
f 7350 7601 7047
f 7184 7809 6981
f 6981 7809 7667
f 7667 7808 7600
f 7045 7666 6915
f 7425 7176 7664
f 8018 7598 7041
f 8283 7741 6976
f 7741 6913 7172
f 7597 7740 7102
f 7102 7739 7039
f 7262 7346 7261
f 7346 7803 7261
f 7738 7345 7261
f 7736 7517 6650
f 8279 7663 7037
f 7662 7734 7660
f 7661 7593 7658
f 8362 8012 7413
f 7732 7731 7656
f 7731 7876 7656
f 7949 7099 7337
f 7099 7728 6490
f 7164 8271 7654
f 6806 7500 7255
f 7031 7409 7254
f 6720 6719 6331
f 6331 6718 5885
f 6410 6409 6325
f 6325 6409 6324
f 6324 6408 6323
f 6564 6407 6320
f 5728 6318 6481
f 6143 6969 6892
f 6892 5964 6143
f 6405 6891 5884
f 6222 6890 6317
f 6638 6560 5961
f 6559 6315 6024
f 6024 6315 5722
f 5722 6315 6476
f 6077 6221 6220
f 5960 6963 6218
f 4885 5151 5016
f 5279 5015 5150
f 5014 5215 5492
f 4884 5146 4653
f 3507 3755 4111
f 3662 4019 3451
f 3902 4018 3809
f 3959 3703 3854
f 3853 4179 3750
f 3387 4017 3807
f 3807 4017 4103
f 4638 4236 4101
f 3162 4176 4324
f 3897 4324 4175
f 4100 4233 4401
f 4100 4401 3497
f 4015 4099 3805
f 4099 4174 3956
f 3956 4174 4173
f 3695 4098 4172
f 4172 4171 4097
f 4097 4171 4096
f 3953 4544 3597
f 4094 4623 3643
f 3643 4623 3436
f 3891 4394 3745
f 3745 4394 3490
f 3490 4394 4093
f 4393 4227 4165
f 4226 4163 4090
f 4089 4091 4088
f 4012 4610 3742
f 4927 4857 4698
f 4925 4924 4856
f 4466 4924 4780
f 4855 4854 4779
f 4923 5185 5386
f 5043 5184 4607
f 5184 5183 4851
f 5042 5530 5256
f 4605 5613 4918
f 4603 5040 5254
f 4458 5254 5528
f 5527 5612 5526
f 5526 5672 5828
f 5828 5610 5384
f 5610 5669 5316
f 5315 5915 5447
f 5525 5990 6046
f 6046 5914 5524
f 6744 7434 7110
f 6919 7110 7670
f 7524 7187 6743
f 7602 7433 7355
f 7355 7433 7048
f 7048 7433 7354
f 7353 7431 7352
f 7431 7430 7352
f 7352 7430 7351
f 7429 7269 7349
f 7428 7184 6740
f 7600 7744 7045
f 7742 7884 7522
f 7347 7599 7427
f 7599 7665 7427
f 7427 7665 7176
f 7425 7664 7424
f 8100 7519 7424
f 6499 7423 7175
f 6976 7741 7172
f 7422 7597 7040
f 7345 7738 7518
f 7802 7596 6909
f 7596 7801 7170
f 7170 7801 7882
f 7593 7661 7166
f 7660 7659 7592
f 7661 7658 7166
f 7166 7658 7511
f 7658 7509 7511
f 7953 7509 7658
f 7165 7657 7508
f 7508 7951 7415
f 7415 7951 7414
f 8612 7504 7034
f 6808 7654 7335
f 6806 7255 7163
f 7254 7499 7253
f 6324 6323 6224
f 6322 6321 6223
f 6319 5965 7251
f 5728 6481 6143
f 6316 6638 5961
f 5880 5722 6476
f 5721 6220 6475
f 5721 6475 5652
f 6403 6635 6139
f 5351 6139 5795
f 5795 6075 5879
f 4732 5078 5350
f 5350 5281 4732
f 4729 5015 5014
f 4565 5013 5491
f 4112 4184 3663
f 3759 4183 3177
f 3177 4183 3758
f 3758 4249 3610
f 3812 4880 3233
f 3448 3659 3854
f 3703 3901 3752
f 3901 3751 3605
f 4178 3900 3656
f 3851 4017 3332
f 3332 4017 3387
f 3498 3958 3806
f 4102 4638 4016
f 4638 4101 4016
f 3162 4324 3897
f 3850 4098 3695
f 3695 4172 4096
f 4172 4097 4096
f 4397 4095 3802
f 3802 4095 3649
f 3490 4093 3743
f 4092 4393 4013
f 4393 4165 4013
f 4093 4091 3847
f 3847 4091 4089
f 4087 4313 3952
f 3952 4313 4012
f 3795 4086 4781
f 4160 4531 4609
f 4780 4923 4466
f 4460 4607 5184
f 4775 5106 4774
f 5042 5256 4072
f 5255 5041 5256
f 5041 5613 4605
f 4918 5040 4070
f 5182 5528 4773
f 5528 5527 4773
f 5527 5526 4916
f 4916 5526 5828
f 5384 5610 5316
f 5252 5993 5315
f 5608 5668 5177
f 5177 5668 5176
f 5176 5668 5525
f 4770 5525 6046
f 5524 6098 5607
f 6344 7111 6045
f 7111 7271 6045
f 7187 7602 7048
f 7602 7355 7048
f 7048 7354 6918
f 7354 7433 6918
f 7433 7669 6918
f 6918 7669 7270
f 7185 7349 7810
f 7185 7810 7523
f 7806 7599 7347
f 7519 8100 7041
f 7423 6498 7175
f 6498 8283 6976
f 6913 7597 7422
f 7346 6911 7039
f 7262 7261 6821
f 7101 7345 7518
f 7101 7802 6909
f 7170 7882 7038
f 7882 8097 7038
f 7516 7594 7259
f 7594 8279 7259
f 7663 7515 7037
f 6492 7258 7593
f 7592 7591 7513
f 7512 7590 7510
f 7509 7589 7257
f 7257 7589 6570
f 6570 7589 7733
f 7733 7657 7165
f 7339 8362 7413
f 7413 7950 7507
f 6814 7588 7338
f 7506 7730 7505
f 7729 7949 7337
f 6490 7728 7336
f 6810 7726 7503
f 7501 7655 7164
f 7410 7409 7097
f 7253 7499 7160
f 7499 7252 7160
f 6331 5885 6225
f 5801 5965 5966
f 5964 7246 6142
f 6891 6222 5884
f 5882 6316 5799
f 6559 5881 5797
f 5881 6559 6024
f 6476 6221 5880
f 5880 6221 5576
f 6077 6220 5721
f 5652 6314 5575
f 5575 6474 6219
f 5720 5960 6076
f 5960 6218 6076
f 5959 6403 6139
f 5959 6139 5351
f 5282 5794 5078
f 4658 5281 4886
f 5148 5150 4816
f 5014 5492 5013
f 4653 5146 4114
f 5146 4652 4114
f 4113 4112 4027
f 4027 4112 3663
f 3811 3902 3553
f 3504 3659 3448
f 3167 3901 3605
f 3501 3852 3701
f 3852 4177 3701
f 3807 4103 3899
f 3699 3958 3498
f 3601 4015 3805
f 3956 4173 3955
f 3693 3954 3953
f 3800 4014 4094
f 3892 3799 3642
f 4093 3847 3743
f 4609 4389 4160
f 4389 4530 4388
f 4698 4857 4856
f 4856 4924 4466
f 4608 4923 5386
f 3880 5043 4607
f 4774 5105 4980
f 4697 4980 5042
f 4072 5256 4524
f 4458 5528 5182
f 5178 5994 5252
f 5994 5993 5252
f 6046 5524 5383
f 6098 5989 5607
f 5607 6663 5175
f 5606 6663 6097
f 6661 7271 6827
f 6583 6744 7110
f 7186 7350 6984
f 7350 7047 6984
f 7269 7429 6825
f 7429 7349 6825
f 7185 7523 7428
f 7667 7600 7045
f 6916 7045 6915
f 7521 7520 7426
f 6822 7424 7519
f 6650 7517 7419
f 7517 7516 7419
f 7419 7516 7340
f 7037 7515 7417
f 7515 7514 7167
f 7512 7510 7416
f 6570 7733 7165
f 7165 7508 7415
f 6904 7413 7507
f 7506 7505 7729
f 7034 7504 6810
f 7256 6810 6809
f 6810 7503 6809
f 7503 7726 6809
f 7726 7502 6809
f 7502 7501 6809
f 7032 7255 6566
f 7255 7791 6566
f 7791 7411 6899
f 6899 7411 7162
f 7409 7031 7097
f 6724 7030 6894
f 6144 6331 6329
f 6331 6225 6329
f 6330 6411 6328
f 6411 6327 6328
f 6328 6327 6226
f 6327 6326 6226
f 6140 6141 6080
f 5799 6316 5961
f 5961 6560 5797
f 5797 6560 6559
f 5576 6221 5721
f 6221 6077 5721
f 5575 6219 5960
f 4886 5280 4566
f 5016 5150 5148
f 5077 5149 5076
f 5149 5147 5075
f 5150 5015 4729
f 5014 5013 4565
f 4565 5491 4884
f 4653 4114 3966
f 3663 3965 3964
f 3756 3855 3108
f 3855 3755 3108
f 3507 4111 3662
f 3708 3754 3753
f 3754 3810 3753
f 3902 3809 3553
f 3448 3854 3658
f 3752 3901 3167
f 3751 3853 3750
f 3750 4178 3657
f 3333 3657 4178
f 3333 4178 3104
f 3104 4178 3656
f 3900 3852 3501
f 3701 3851 3332
f 3700 3807 3899
f 3700 3899 3441
f 3498 3806 3384
f 3806 4709 3898
f 3603 4100 3497
f 3497 4401 3896
f 4401 3749 3896
f 3749 3957 3895
f 3895 3601 3602
f 3805 4099 3383
f 4099 3956 3494
f 3494 3956 3850
f 3956 3955 3850
f 3695 4096 3894
f 4095 3547 3649
f 3848 4317 3893
f 3597 3800 3746
f 3743 3847 3375
f 4223 3846 3890
f 3690 3797 3952
f 3797 4087 3952
f 3742 3640 4012
f 3742 4391 3951
f 4008 4390 4160
f 4390 4531 4160
f 4465 4923 4608
f 4982 4460 5184
f 4850 5106 4775
f 4775 4774 4980
f 5042 4072 4697
f 5527 4916 4917
f 5253 5178 5252
f 5447 5609 5177
f 4770 6046 5383
f 6660 6743 6581
f 6918 7270 7186
f 7047 7269 6825
f 6825 7349 7185
f 7185 7428 6983
f 7046 7184 6981
f 7268 7666 7348
f 7742 7181 7104
f 7347 7427 7103
f 7427 7176 7103
f 7176 7425 6977
f 7425 7424 6822
f 7041 7598 6499
f 7598 7423 6499
f 6910 7346 7262
f 7171 7261 7345
f 6909 7596 7170
f 7421 7420 7344
f 7343 7418 7341
f 7340 7516 7168
f 7516 7259 7168
f 7167 7258 7100
f 7166 7511 7509
f 6729 7727 8612
f 6902 7501 7164
f 6901 6808 7335
f 6807 7335 6900
f 7335 7412 6900
f 6566 7791 6899
f 6643 7162 7161
f 6724 6894 6412
f 6720 6331 6412
f 6329 6225 6144
f 6225 5885 6144
f 5885 5801 4952
f 6079 6078 6025
f 5881 6024 5722
f 5794 5421 5879
f 5420 5152 4885
f 5152 5151 4885
f 4185 5014 4565
f 4565 4884 4564
f 4564 4884 4653
f 3663 3961 3508
f 3963 3962 3906
f 3906 3962 3905
f 3905 3962 3904
f 3961 3663 3903
f 3663 4184 3903
f 3758 3610 3611
f 3609 3756 3108
f 3451 3812 3506
f 3506 3812 3608
f 3608 3812 3233
f 3753 3810 3708
f 3706 3707 3705
f 3552 3704 3659
f 3067 3448 3658
f 3605 3751 3503
f 3751 3750 3657
f 3656 3900 3604
f 3604 3900 3702
f 3900 3501 3702
f 3387 3807 3700
f 3497 3896 3749
f 3494 3850 3695
f 3800 4094 3643
f 3799 3891 3745
f 4089 3798 3847
f 4089 4088 3428
f 3846 4223 3371
f 3796 4012 3640
f 3886 3951 4162
f 3886 4162 4086
f 4781 4390 3795
f 3795 4390 3885
f 3885 4390 4008
f 4388 4530 4468
f 4698 4856 4467
f 4467 4856 4155
f 4155 4856 4305
f 4305 4856 4466
f 4466 4923 4304
f 4921 4981 4920
f 4776 4982 4919
f 4919 4982 5184
f 4382 4851 4850
f 4525 4980 4697
f 4524 5256 4606
f 4606 5256 5041
f 4070 5040 4603
f 5182 4773 4457
f 4773 5527 4917
f 4916 5828 5384
f 5181 5179 5180
f 5314 5447 5177
f 4848 5177 5176
f 5525 4770 5176
f 4914 5524 5607
f 6045 7271 6661
f 6918 7186 6658
f 7667 6916 6657
f 7348 7888 7267
f 7181 7742 7806
f 7178 7181 7806
f 6913 7422 7040
f 6912 7039 6911
f 6911 7346 6910
f 6910 7262 6821
f 6820 6821 7261
f 7343 7342 7260
f 7259 8279 7168
f 6493 7258 6492
f 6492 7593 7166
f 7165 7414 6491
f 7165 7415 7414
f 7414 7339 6972
f 7339 7413 6972
f 7729 7337 6646
f 6646 7337 7099
f 6731 7336 7098
f 7098 6729 6730
f 6729 8612 7034
f 6726 7162 6643
f 6412 6894 6721
f 6721 6893 6802
f 6802 6893 6801
f 6893 6721 6801
f 6721 6894 6720
f 5965 6319 5501
f 5964 6142 5963
f 5884 6222 5883
f 6222 6317 5962
f 5575 5960 5720
f 6403 5959 5422
f 5422 5959 5351
f 5280 5420 4654
f 4885 5016 4816
f 5016 5148 4816
f 4250 4653 3966
f 3961 3903 3508
f 3508 3903 3339
f 3177 4184 3759
f 3757 3756 3609
f 3108 3755 3238
f 3289 3506 3608
f 3606 3608 3233
f 3233 4880 3661
f 3707 3706 3660
f 3706 3705 3660
f 3809 3808 3553
f 3809 3704 3552
f 3390 3659 3504
f 3854 3703 3752
f 3388 3701 3332
f 3332 3387 3551
f 3441 3899 3699
f 4175 4100 3603
f 3804 3694 3803
f 3803 3849 3802
f 3849 4397 3802
f 3693 3953 3597
f 3375 3847 3489
f 3847 3798 3489
f 3952 4012 3796
f 3844 4086 3741
f 4086 3795 4010
f 4160 4389 4388
f 4698 4467 4155
f 4304 4923 4465
f 4529 4464 4528
f 4528 4465 4608
f 3880 4607 4461
f 4853 4921 4852
f 4921 4920 4852
f 4852 4920 4776
f 4919 5184 4776
f 4775 4980 4459
f 4459 4980 4525
f 4458 5182 4457
f 4773 4917 4456
f 5384 5316 4978
f 4915 4978 5181
f 4978 5316 5181
f 5179 5181 5178
f 5178 5253 4849
f 4696 5315 5038
f 5038 5315 5447
f 4601 4848 5176
f 5383 5524 4914
f 7048 6918 7187
f 6917 6825 7185
f 7109 7185 6983
f 6982 6740 7184
f 6981 7667 6657
f 6914 7666 7183
f 7666 7268 7183
f 7348 7267 7182
f 7266 7265 7180
f 7179 7265 7177
f 7806 7347 7103
f 7174 7264 7173
f 7263 7175 6498
f 6976 7172 6913
f 7040 7597 7102
f 6820 7261 7171
f 7171 7345 7101
f 7038 8097 7169
f 7419 7340 7168
f 7417 7515 7167
f 7100 7258 6493
f 7509 7257 6733
f 6733 7257 6570
f 7036 6570 7165
f 7036 7165 6241
f 6241 7165 6491
f 6814 7338 6813
f 6813 7506 6647
f 7506 6335 6647
f 7506 7729 6812
f 6490 7336 6731
f 7034 6810 6728
f 7164 7654 6808
f 6900 7412 7500
f 7033 6806 7163
f 7163 7255 7032
f 6899 7162 6726
f 7161 7410 6643
f 7254 7253 6898
f 7253 7160 6898
f 7030 6724 6805
f 6723 6802 6722
f 6721 6720 6412
f 6412 6331 6332
f 6144 5885 5502
f 5656 5966 5965
f 5427 5965 5501
f 5728 6143 5800
f 5964 5963 5727
f 5883 6222 5962
f 5799 5723 5882
f 5799 5961 5798
f 5159 5798 5961
f 5083 5722 5576
f 5722 5880 5576
f 5652 5575 5219
f 5720 6076 5574
f 5795 5879 5351
f 4568 5282 5078
f 4186 4885 4816
f 4653 4250 4564
f 3339 3903 4184
f 3338 3177 3758
f 3610 3757 3609
f 3289 3608 3557
f 3557 3608 3606
f 3808 3809 3552
f 3854 3752 3658
f 3658 3752 3167
f 3502 3503 3751
f 3751 3657 3333
f 3604 3702 3501
f 3387 3700 3065
f 3384 3806 3898
f 3749 3895 3653
f 3602 3601 3495
f 3601 3805 3383
f 3383 4099 3494
f 3694 3804 3650
f 3804 3803 3650
f 3803 3802 3650
f 3547 3848 3546
f 3546 3848 3223
f 3100 3801 3954
f 3378 3954 3693
f 3746 3800 3644
f 3644 3643 3436
f 3376 3799 3745
f 3490 3743 3744
f 3489 3798 3219
f 3692 4089 3428
f 3690 3952 3796
f 3949 3951 3945
f 3945 3951 3888
f 3951 3886 3888
f 4085 4161 4084
f 4083 4161 4082
f 4160 4388 4001
f 4001 4388 4306
f 4312 4387 4311
f 4310 4311 4309
f 4311 4387 4309
f 4309 4387 4308
f 4387 4386 4308
f 4308 4386 4307
f 4388 4468 4306
f 4530 4698 4468
f 3588 4466 4304
f 4304 4465 4528
f 4385 4464 4463
f 4778 4853 4777
f 4853 4852 4777
f 4776 5184 4382
f 5184 4851 4382
f 4606 5041 4071
f 5041 4605 4071
f 4605 4918 4604
f 4918 4070 4604
f 4603 5254 4458
f 4602 4458 4457
f 4916 5384 4979
f 5104 5253 5315
f 5253 5252 5315
f 5038 5447 5037
f 5447 5314 5037
f 4695 4770 5383
f 6827 6744 6661
f 6583 7110 6919
f 6743 7187 6581
f 7187 6918 5986
f 7047 6825 6826
f 6983 7428 6740
f 6982 7184 7046
f 6916 7667 7045
f 6914 7183 7107
f 7183 7268 7107
f 7107 7268 6979
f 7178 7806 6978
f 6978 7806 7103
f 6977 7425 6822
f 6499 7175 6578
f 7175 7263 6654
f 6913 7040 6576
f 6575 6576 7040
f 6653 7039 6912
f 6420 7101 6909
f 6492 7166 6973
f 7166 7509 6734
f 6734 7509 6733
f 6972 7413 6904
f 6645 7256 6809
f 6809 7501 6902
f 6902 7164 6808
f 7410 7097 6725
f 6725 7031 7254
f 6332 6331 6144
f 6144 5502 5887
f 5968 5967 5886
f 5885 4952 5502
f 5656 5965 5427
f 5800 6143 5964
f 5884 5883 5962
f 5961 5797 5159
f 5576 5721 5157
f 5283 5575 5720
f 5796 6403 4570
f 4570 6403 5422
f 5351 5879 5421
f 4732 5281 4658
f 4566 5280 4654
f 4654 5420 4885
f 4114 3560 3907
f 3507 3662 3451
f 3558 3607 3556
f 3556 3607 3555
f 3233 3661 3554
f 3553 3808 3552
f 3552 3659 3390
f 3067 3658 2962
f 3658 3167 2962
f 3104 3656 3604
f 3166 3604 3501
f 3501 3701 3388
f 3330 3162 3897
f 3897 4175 3603
f 3497 3749 3227
f 3748 3747 3698
f 3698 3747 3697
f 3697 3747 3696
f 3895 3602 3653
f 3650 3802 3649
f 3377 3693 3597
f 3597 3746 3158
f 3644 3800 3643
f 3436 3892 3642
f 3642 3799 3376
f 3376 3745 3490
f 3541 3490 3282
f 3282 3490 3375
f 3490 3744 3375
f 3744 3743 3375
f 3798 4089 3692
f 3374 3692 3428
f 3797 3690 4223
f 3691 4223 3690
f 3640 3742 3689
f 3742 3951 3845
f 3951 3949 3845
f 3949 3948 3845
f 3950 3947 3889
f 3889 3947 3887
f 3947 3946 3887
f 3886 4086 3844
f 4086 4010 3150
f 4084 4083 4011
f 4082 4081 4009
f 4008 4160 3885
f 4080 3885 4160
f 4160 3738 3883
f 3426 3738 4160
f 4306 4468 3881
f 4468 4698 4155
f 4305 4466 3588
f 4304 4528 4608
f 4384 4463 4462
f 4982 4776 4460
f 4776 4382 4460
f 4850 4775 4382
f 5181 5180 4915
f 5179 5178 4849
f 5039 4849 5253
f 5315 4696 4771
f 5037 5314 5177
f 4695 5383 4914
f 4914 5607 5175
f 5175 6663 5913
f 6663 5606 5913
f 5606 6097 6344
f 6584 6045 6661
f 6583 6919 6504
f 6582 6504 6660
f 6660 6504 6743
f 6918 6658 6742
f 6341 6658 7186
f 7186 6984 6826
f 6984 7047 6826
f 7109 6983 6740
f 6915 7666 6914
f 6914 7107 7044
f 7108 7106 7043
f 7043 7106 7042
f 7106 7105 7042
f 6656 6979 7268
f 7268 7348 6339
f 7348 7182 6502
f 7181 7178 6978
f 7103 7176 6977
f 6579 7519 7041
f 6654 7263 6498
f 6653 7040 7039
f 7040 7102 7039
f 7038 7169 6496
f 7168 8279 7037
f 6734 6973 7166
f 6241 6570 7036
f 6491 7414 6972
f 6904 7507 7035
f 6646 7099 6811
f 6810 7256 6645
f 6901 7335 6807
f 7033 7163 7032
f 6566 6899 6081
f 6081 6899 6229
f 6229 6899 6726
f 6643 7410 6484
f 7097 7031 6725
f 7030 6805 5803
f 5890 5968 5889
f 5889 5968 5888
f 5968 5886 5888
f 4952 5801 5230
f 5801 5966 5656
f 5728 5800 5725
f 5800 5964 5725
f 5725 5964 5727
f 5727 5963 5725
f 5799 5352 5223
f 5159 5797 5284
f 5284 5797 5881
f 5493 5881 5083
f 5881 5722 5083
f 5720 5719 5283
f 5719 5720 5574
f 4887 5351 5421
f 5421 5794 5282
f 4658 4886 4566
f 4654 4885 4187
f 4185 4565 4564
f 4564 4250 4185
f 3967 4250 3908
f 3907 3966 4114
f 3560 4114 3612
f 3612 3965 3663
f 3559 3509 3663
f 3339 4184 3177
f 3338 3758 3176
f 3758 3611 3337
f 3610 3609 3611
f 3556 3555 3505
f 3553 3552 3391
f 3442 3447 3065
f 3447 3387 3065
f 3065 3700 3331
f 3331 3700 3441
f 3603 3497 3227
f 3749 3653 3655
f 3654 3697 3652
f 3100 3954 3378
f 3746 3644 3542
f 3219 3798 2894
f 3374 2894 3798
f 3428 4088 3641
f 3888 3886 3948
f 3150 4010 3795
f 4080 4160 3883
f 4159 4158 4079
f 4079 4158 4078
f 4158 4157 4078
f 4160 4001 3794
f 4001 4306 4156
f 4306 3881 4156
f 3881 4003 4156
f 4383 4304 4608
f 4461 4607 4460
f 4775 4222 4527
f 4456 4917 4772
f 4455 4917 4916
f 5253 5104 4771
f 5104 5315 4771
f 5606 6344 6045
f 6744 6583 6424
f 6917 7185 7109
f 7109 6740 6741
f 6982 7046 6981
f 6914 7044 6979
f 7044 7107 6979
f 7043 7042 6980
f 7104 7181 6739
f 6822 7519 6248
f 7519 6579 6248
f 6579 7041 6499
f 6578 7175 6654
f 6575 7040 6653
f 6421 6653 6912
f 6338 6910 6821
f 6820 7171 7101
f 6737 7101 6420
f 6163 7170 6034
f 7170 7038 6034
f 7419 6819 6650
f 7168 7037 6735
f 7037 7417 7167
f 7167 7100 6494
f 6817 6972 6904
f 6812 7729 6646
f 7098 6730 6155
f 6645 6809 6567
f 6488 6809 6902
f 6900 7500 6806
f 6900 6806 6487
f 6806 7033 6485
f 7033 7032 6230
f 6230 7032 6566
f 7410 6725 6484
f 6725 7254 6898
f 6724 6412 6413
f 6144 5887 5231
f 5889 5888 5802
f 5801 5656 4822
f 5501 6319 5162
f 6319 5726 5162
f 5655 5724 5654
f 5723 5799 5223
f 5799 5798 5159
f 5653 5881 5493
f 5283 5719 5574
f 4654 4187 4566
f 3908 4250 3966
f 3663 3508 3559
f 3176 3758 3071
f 3071 3758 3337
f 3239 3609 3108
f 2901 3238 3451
f 3238 3507 3451
f 3451 3506 3289
f 3289 3557 3606
f 3449 3450 3391
f 3390 3504 3448
f 3605 3503 3389
f 3231 3502 3333
f 3502 3751 3333
f 3444 3445 3500
f 3500 3446 3499
f 3331 3441 2776
f 3441 3699 3498
f 3330 3897 3603
f 3159 3749 3655
f 3655 3653 3602
f 3601 3383 3495
f 3494 3695 3380
f 3599 3651 3598
f 3650 3649 2896
f 3848 3893 3223
f 3746 3542 3158
f 3648 3647 3596
f 3595 3646 3594
f 3646 3645 3594
f 3490 3541 3376
f 3798 3692 3374
f 3371 4223 3691
f 3796 3640 3690
f 3216 3427 3742
f 3742 3845 3216
f 3845 3948 3216
f 3948 3886 3216
f 3741 4086 3150
f 3885 4080 3883
f 4079 4078 4004
f 3426 4160 3794
f 4001 4156 4003
f 4305 3588 4155
f 3588 4304 4383
f 4608 5386 4383
f 4382 4775 4527
f 4222 4775 4459
f 4459 4525 4381
f 4525 4697 4299
f 4697 4072 4299
f 4457 4773 4456
f 4979 5384 4523
f 5037 5177 4848
f 4977 4848 4601
f 4601 5176 4521
f 5176 4770 4521
f 6045 6584 6343
f 5987 6584 6661
f 6661 6744 6424
f 6660 6581 6251
f 6581 7187 5986
f 5986 6918 6659
f 6918 6742 6659
f 6742 6658 6341
f 6341 7186 5910
f 5910 7186 6250
f 7186 6826 6250
f 6423 6826 6095
f 6095 6825 6917
f 6740 6982 6741
f 6914 6979 6656
f 6339 7348 6502
f 7181 6978 6739
f 6978 7103 6739
f 6035 6976 6164
f 6164 6976 6576
f 6576 6976 6913
f 5901 6911 6910
f 7101 6737 6820
f 6420 6909 6163
f 6496 7169 6907
f 6975 6974 6908
f 6819 7419 6571
f 7419 7168 6571
f 6494 7100 6493
f 6569 6972 6159
f 7035 6971 6904
f 6816 6970 6903
f 6811 7099 6490
f 6731 7098 6155
f 6028 7034 6728
f 6488 6902 6808
f 6808 6901 6150
f 6725 6898 6642
f 6642 6898 7160
f 6483 6805 6641
f 6897 6896 6804
f 6804 6896 6803
f 6896 6895 6803
f 6332 6144 6227
f 6227 6144 5503
f 5503 6144 5231
f 5887 5502 5231
f 5655 5654 5579
f 5352 5799 5159
f 5653 5493 5494
f 5157 5652 5219
f 5219 5575 5283
f 5421 5282 4948
f 4733 5078 4732
f 4729 5014 4185
f 3611 3609 3239
f 3606 3233 3289
f 3450 3449 3335
f 3335 3449 3391
f 3105 3552 3390
f 3068 3448 3067
f 3167 3605 3389
f 3389 3503 2742
f 3503 3502 2742
f 3104 3604 3166
f 3166 3501 2957
f 2957 3501 3388
f 3387 3447 3551
f 3447 3442 3551
f 3445 3444 3386
f 3385 3444 3443
f 3444 3500 3443
f 3384 3898 3550
f 3227 3749 3159
f 3655 3602 3159
f 3549 3600 3548
f 3378 3693 3377
f 3377 3597 3015
f 3015 3597 3158
f 3545 3596 3544
f 3596 3595 3544
f 3544 3595 3543
f 3595 3594 3543
f 3428 3641 2732
f 3885 3883 3944
f 4007 4005 3943
f 4005 4006 3943
f 4077 4076 4002
f 4003 3881 4001
f 3588 4383 4075
f 3880 4461 3369
f 4302 4461 4303
f 4461 4460 4303
f 4303 4460 4302
f 4000 4382 4527
f 4381 4525 4526
f 4526 4525 4300
f 4071 4605 4604
f 4070 4603 3732
f 4458 4602 4221
f 4772 4917 4455
f 4455 4916 4523
f 5384 4978 4454
f 5039 5253 4771
f 3996 4521 4770
f 4695 4914 4694
f 4976 4914 5175
f 5175 5913 5382
f 5382 5913 5606
f 5606 6045 5988
f 6252 6045 6343
f 6661 6424 6044
f 6424 6583 6172
f 6582 6660 5665
f 6826 6825 6095
f 6340 7109 6741
f 6167 6981 6422
f 6981 6657 6422
f 6657 6916 6166
f 6915 6914 6916
f 6914 6656 6916
f 6656 7268 6339
f 7103 6977 6823
f 6823 6977 5982
f 6421 6912 6574
f 6912 6911 6245
f 6163 6909 7170
f 7037 7167 6494
f 6088 6733 6570
f 6491 6972 6569
f 6159 6972 6030
f 6972 6817 6818
f 6906 6905 6818
f 6816 6903 6815
f 6903 6970 6815
f 6729 7034 6028
f 6727 6806 6485
f 6641 6805 6724
f 4822 5230 5801
f 5162 5726 5500
f 5499 5582 5498
f 5581 5580 5497
f 5284 5881 5653
f 5653 5494 5284
f 5578 5577 5496
f 5494 5493 5284
f 5083 5576 4818
f 5576 5157 5019
f 5721 5652 5157
f 5574 6076 4344
f 4887 5421 5079
f 5079 5421 4948
f 4948 5282 4568
f 4568 5078 4733
f 4567 4655 4420
f 4731 4655 4657
f 4655 4730 4657
f 4657 4730 4656
f 4655 4567 4566
f 4567 4658 4566
f 4186 4816 4115
f 4115 4816 5150
f 3613 3907 3560
f 3612 3663 3509
f 3337 3611 3109
f 3109 3611 3239
f 3289 3233 3234
f 3233 3554 2744
f 3391 3552 3106
f 3106 3552 3105
f 3390 3448 3068
f 2742 3502 3231
f 2957 3388 3332
f 3442 3065 3551
f 3064 3602 3496
f 3602 3495 3496
f 3380 3695 3894
f 3649 3547 3223
f 3547 3546 3223
f 3544 3543 3491
f 3542 3644 3220
f 3096 3644 3436
f 3155 3642 2955
f 2955 3642 3376
f 3282 3375 3281
f 3375 3489 3281
f 3374 3428 3435
f 3488 3435 3431
f 3435 3428 3431
f 3742 3427 3370
f 3886 3844 3741
f 3885 3944 3739
f 3943 3942 3884
f 3884 3942 3882
f 4302 4460 3639
f 4154 4527 4222
f 4381 4526 4300
f 4300 4525 3685
f 3685 4525 4299
f 4072 4524 3999
f 4606 4071 3998
f 4221 4602 4457
f 4456 4772 4455
f 4916 4979 4523
f 4523 5384 4454
f 4978 4915 5180
f 5103 5175 5382
f 6045 6252 5988
f 5987 6661 6044
f 6583 6504 6172
f 6581 5986 6342
f 6659 6742 5986
f 6341 5910 5984
f 6250 6826 6096
f 6826 6423 6096
f 6168 6095 6917
f 6166 6916 6656
f 6503 6656 6339
f 7182 6824 6502
f 7103 6823 6739
f 6498 6976 6035
f 6245 6911 5901
f 6821 6820 6338
f 5814 6737 6420
f 6034 7038 6091
f 6091 7038 6496
f 6571 7168 6735
f 6089 6492 6973
f 6088 6570 6649
f 6241 6491 6336
f 6240 6972 6732
f 6972 6818 6732
f 6817 6904 6732
f 6904 6971 6240
f 6814 6813 6416
f 7506 6812 6646
f 6646 6811 6490
f 6155 6490 6731
f 6567 6809 6488
f 6488 6808 6150
f 6901 6807 5807
f 5807 6807 6900
f 6487 6806 6727
f 6644 7033 6230
f 6413 6412 6332
f 5503 5231 5292
f 5425 5499 5424
f 5499 5498 5424
f 5159 5284 4819
f 5496 5495 5423
f 5219 5283 4735
f 4420 4655 4566
f 4420 4566 4187
f 4185 4250 3967
f 3966 3907 3908
f 3907 3613 3908
f 3908 3613 3664
f 3295 3508 3340
f 2901 3451 3289
f 3293 3336 3292
f 3289 3234 3235
f 3106 3334 3288
f 3288 3334 3287
f 3334 3106 3287
f 3167 3389 2742
f 2742 3231 2961
f 3104 3166 2958
f 3332 3551 2777
f 3165 2776 3441
f 3441 3286 3165
f 3441 3498 3286
f 3229 3384 3550
f 3603 3228 3330
f 3383 3494 2737
f 2737 3494 3440
f 3438 3493 3437
f 3493 3492 3437
f 3100 3378 2631
f 3158 3542 3220
f 3436 3642 3095
f 3095 3642 3155
f 3281 3489 3219
f 3435 3488 3434
f 3434 3488 3433
f 3488 3431 3433
f 3431 3428 3325
f 3428 2630 3325
f 3689 3742 3370
f 3795 3885 3740
f 3740 3885 3739
f 3884 3882 3843
f 3883 3738 3944
f 3484 4001 3881
f 4468 4155 3881
f 3639 4460 3841
f 4460 4382 3841
f 3841 4382 4074
f 4074 4382 4000
f 4222 4459 4381
f 4524 4606 4298
f 3940 4458 4221
f 4221 4457 4220
f 4454 4978 5180
f 5179 4849 4377
f 4696 5038 5037
f 4848 4977 4295
f 4694 4914 4847
f 6172 6504 6582
f 6171 6172 6582
f 5985 6742 6341
f 6096 5910 6250
f 6982 6981 6167
f 5741 6656 6503
f 6094 6339 6502
f 6502 6824 6580
f 6824 6738 6580
f 6037 6580 6655
f 6580 6738 6655
f 6247 6499 6578
f 6035 6577 6498
f 6574 6912 6245
f 6338 6820 6737
f 6652 6736 6651
f 6819 6573 6650
f 6734 6733 6088
f 6030 6972 6240
f 6732 6904 6240
f 5976 7506 6156
f 6156 7506 6646
f 6730 6729 6028
f 6150 6901 6414
f 6487 6727 6233
f 6485 7033 6644
f 6726 6643 6484
f 5803 6805 6483
f 6483 6641 6724
f 6413 6332 6227
f 5656 5427 5363
f 5361 5426 5360
f 5357 5358 5356
f 5363 5427 5021
f 5021 5427 5087
f 5427 5501 4577
f 5019 4818 5576
f 4571 5283 5574
f 5422 5351 4887
f 4733 4732 4658
f 4251 4420 4187
f 4729 4185 4115
f 4185 3967 3909
f 3559 3508 3295
f 3176 3177 3338
f 3239 3108 2905
f 3289 3235 3171
f 3292 3291 3237
f 3291 3290 3237
f 3237 3290 3236
f 3233 2744 3020
f 3105 3390 3068
f 3232 2962 3167
f 2961 3231 3333
f 3019 3333 3104
f 2959 3104 2958
f 2898 3332 2777
f 3286 3498 2775
f 2775 3498 3384
f 3159 3602 3064
f 3061 3495 3383
f 3382 3439 3381
f 2896 3649 2735
f 3280 3374 3218
f 3374 3435 3218
f 3435 3434 3218
f 3218 3434 3326
f 3434 3433 3373
f 3433 3432 3373
f 3430 3429 3372
f 3487 3886 3593
f 3593 3886 3741
f 3150 3795 3278
f 3740 3278 3795
f 3944 3738 3739
f 3794 4001 3425
f 3590 3425 4001
f 4155 3588 3589
f 3588 4075 3842
f 3880 3369 3483
f 4000 4527 4301
f 4301 4527 4073
f 4073 4527 4154
f 4220 4457 3997
f 4457 4456 3997
f 4377 4849 5039
f 4696 5037 4295
f 5037 4848 4295
f 3996 4770 4219
f 4847 4914 4976
f 5382 5606 5988
f 5988 6252 6343
f 5912 6424 6043
f 6171 6582 5665
f 6251 6581 6342
f 5986 6742 5985
f 6423 6095 6169
f 6917 7109 6040
f 7109 6340 6040
f 6741 6982 5742
f 6500 6499 6247
f 6578 6654 6246
f 6246 6654 6498
f 6246 6498 6577
f 6575 6497 6576
f 6575 6653 6497
f 6653 5903 6497
f 6573 6819 6571
f 6494 6493 6242
f 6242 6493 6492
f 6971 6815 6568
f 6815 6648 6568
f 6416 6813 6158
f 6813 6647 6335
f 5976 6335 7506
f 6155 6730 6029
f 6029 6730 6028
f 5974 6810 6645
f 5974 6645 6567
f 6414 6901 6234
f 6234 6901 5807
f 5807 6900 6487
f 6485 6644 5583
f 6081 6230 6566
f 6642 7160 6333
f 6227 5503 5729
f 5231 5502 5163
f 5163 5502 4952
f 4822 5656 5363
f 5291 5362 5290
f 5362 5361 5290
f 5290 5361 5289
f 5359 5358 5288
f 5358 5357 5288
f 5288 5357 5287
f 5356 5355 5286
f 5087 5427 4577
f 5354 5353 5285
f 4949 5493 5083
f 4572 4735 4571
f 4735 5283 4571
f 4344 6076 5216
f 4733 4658 4567
f 3710 4885 4186
f 5150 4729 4115
f 3246 3612 2551
f 3612 3509 2551
f 3340 3508 3339
f 2848 3177 3176
f 3175 3071 3112
f 3071 3337 3112
f 2901 3289 3171
f 3235 3234 3171
f 3234 3233 3020
f 2744 3554 3170
f 3169 3170 3168
f 2962 3232 3066
f 3066 3232 3167
f 2777 3551 2740
f 3228 3603 3227
f 3496 3495 3061
f 3061 3383 2737
f 2737 3440 3226
f 3382 3381 3329
f 3440 3494 3226
f 3494 3380 3226
f 3380 3894 3225
f 3328 3379 3327
f 3378 3377 3015
f 3096 3436 3095
f 3326 3434 3325
f 3690 3640 3691
f 3640 3689 3691
f 3691 3689 3370
f 3881 3424 3484
f 3881 4155 3424
f 4461 4302 3482
f 3482 4302 3639
f 3685 4299 4072
f 4524 4298 3998
f 4298 4606 3998
f 4071 4604 3477
f 4069 4456 4455
f 4068 4455 4523
f 4378 5179 4377
f 4770 4695 4219
f 5988 6343 5310
f 5987 6343 6584
f 6044 6424 5912
f 6043 6424 6172
f 6422 6657 6249
f 6249 6657 5909
f 5909 6657 6166
f 6656 5741 6166
f 5599 6580 6037
f 5982 6977 6501
f 6977 6822 6501
f 6822 6248 6501
f 6248 6579 6500
f 6500 6579 6499
f 5903 6653 6421
f 6421 6574 6245
f 5901 6910 6338
f 6338 6737 6092
f 6091 6496 6907
f 6573 6572 6495
f 6572 6160 6495
f 6160 6573 6571
f 6571 6735 6090
f 6090 6735 7037
f 6090 7037 6242
f 7037 6494 6242
f 6089 6973 6734
f 6649 6570 6417
f 6417 6570 6241
f 6491 6569 6159
f 6568 6648 6971
f 6158 6813 6335
f 6157 6335 5976
f 6156 6646 6490
f 6490 6155 6334
f 6728 6810 5974
f 5974 6567 6084
f 6567 6488 6489
f 6486 6727 6485
f 6486 6485 6232
f 6232 6485 5805
f 5583 6644 6231
f 6484 6725 5894
f 6026 6483 6724
f 4822 5363 5021
f 5229 5287 5228
f 5228 5287 5227
f 5162 5500 5226
f 5159 4819 5221
f 5157 5219 4817
f 5219 5217 4817
f 5156 5218 5155
f 5155 5218 5154
f 5154 5218 5153
f 5217 5219 4735
f 4571 5574 4344
f 5017 5422 4887
f 4567 4420 3857
f 3560 3612 3341
f 3341 3612 3246
f 3559 3295 3509
f 3173 3174 3172
f 2788 3337 3109
f 3108 3238 2963
f 3238 2901 2963
f 2901 3171 3070
f 3171 3234 2843
f 2744 3170 3107
f 3170 3169 3107
f 3169 3168 3107
f 3106 3105 3069
f 3066 3167 2779
f 2961 3333 3019
f 2958 3166 2960
f 2960 3166 2898
f 3166 2957 2898
f 2957 3332 2898
f 3225 3894 3285
f 3284 3060 2896
f 3328 3327 3283
f 2735 3649 3223
f 3223 3893 2837
f 3644 3096 3220
f 2955 3376 2954
f 3376 3541 2954
f 3541 3282 2954
f 3281 3219 3094
f 2894 3374 3154
f 3154 3374 3280
f 3326 3325 3218
f 3325 2630 3218
f 3487 3593 3741
f 3426 3794 3425
f 3590 4001 3484
f 3424 4155 3537
f 3537 4155 3589
f 3588 3842 3737
f 3369 4461 3482
f 4222 4381 4154
f 4154 4381 4300
f 3999 4524 3941
f 4604 4070 3477
f 3732 4603 4458
f 3732 4458 3940
f 3940 4221 4220
f 3997 4456 3684
f 3878 4377 5039
f 5039 4771 4696
f 4847 4976 4694
f 4693 4976 4217
f 5175 5103 5036
f 5825 5665 6251
f 5665 6660 6251
f 5602 6342 5986
f 6423 6169 6170
f 6168 6917 6040
f 6040 6741 5742
f 5742 6982 6249
f 5741 6503 6339
f 6165 6094 6502
f 6502 6580 6093
f 6247 6578 6246
f 6576 6497 5903
f 6092 6737 5814
f 5814 6420 6163
f 6089 6734 6088
f 6159 6241 6336
f 6156 6490 6415
f 6415 6490 6334
f 6028 6728 5974
f 6084 6567 6154
f 6567 6489 6154
f 5807 6487 6233
f 5805 6485 5583
f 6726 6484 6229
f 6229 6484 5428
f 5894 6725 6642
f 5973 6642 6333
f 6724 6413 6026
f 6026 6413 6145
f 4428 5230 4822
f 4577 5501 5162
f 5161 5226 5160
f 5225 5224 5160
f 5223 5352 4262
f 4262 5352 4736
f 5222 5220 5158
f 5221 4819 5352
f 5019 5157 4346
f 4346 5157 4817
f 5217 5080 4817
f 5082 5155 5081
f 5080 5217 4494
f 4570 5422 5017
f 4734 4568 4733
f 4187 4885 3710
f 3710 4186 4115
f 3813 3967 3908
f 3021 3613 3560
f 2551 3509 2906
f 3340 3339 3294
f 3339 3177 3294
f 3113 3173 3111
f 3173 3172 3111
f 3111 3172 3110
f 3337 2788 3112
f 3069 3105 3068
f 2779 3167 2778
f 2778 3167 2742
f 3019 3104 2959
f 3331 2776 3065
f 2775 3384 3230
f 2739 3228 3227
f 3226 3380 2499
f 3060 3284 3224
f 3284 2896 3224
f 3059 3015 3158
f 2954 3282 3094
f 3282 3281 3094
f 2891 2630 3428
f 3886 3487 3216
f 3278 3740 3149
f 3008 3739 3738
f 4074 4000 3587
f 4000 4301 4073
f 3636 4073 4154
f 4297 4220 3997
f 3684 4456 4069
f 4068 4523 3786
f 3786 4523 4454
f 3786 4454 4379
f 4453 4522 4452
f 4379 4454 4067
f 5180 5179 4066
f 5039 4696 4296
f 3937 4696 4295
f 4977 4601 3877
f 3877 4601 4521
f 4219 4695 4694
f 4846 4845 4769
f 4769 4845 4768
f 4217 4976 4911
f 4911 4976 5036
f 4976 5175 5036
f 5988 5667 5382
f 6171 5665 6172
f 6172 5665 5603
f 5602 6251 6342
f 5985 6341 5984
f 6096 6423 6042
f 6423 6170 5823
f 6340 6741 6040
f 6249 6982 6167
f 5821 6166 5741
f 6038 6339 6094
f 5819 6037 6655
f 5903 6421 5980
f 6421 6245 5980
f 5375 6338 6244
f 6419 6418 6907
f 6907 6418 6162
f 6418 6419 6162
f 6160 6571 5895
f 6492 6089 6242
f 6087 6241 6159
f 6158 6240 6971
f 6971 6416 6158
f 6156 6415 6334
f 6029 6028 5660
f 6154 6489 6488
f 6414 6234 6235
f 5973 6333 6228
f 6413 6227 5729
f 5163 4952 4664
f 5162 5226 4577
f 4577 5226 5086
f 5226 5161 5086
f 5161 5160 5086
f 5159 5221 5352
f 4819 5284 5493
f 5493 4949 4889
f 4949 5083 4818
f 4494 4817 5080
f 5082 5081 5018
f 4887 5079 4948
f 4948 4568 4734
f 4734 4733 4567
f 3857 4420 4251
f 4030 4116 4029
f 4117 4187 4028
f 4028 4187 3710
f 4115 4185 3909
f 3909 3967 3813
f 3813 3908 3664
f 3340 3294 3114
f 3294 3177 3114
f 2330 3071 3175
f 3175 3112 2788
f 3109 3239 2905
f 2905 3108 2964
f 2901 3070 2844
f 2843 3234 3020
f 2843 3020 2842
f 3020 2744 2841
f 2782 2744 3107
f 3069 3068 2900
f 3165 3286 2635
f 2635 3286 3018
f 2775 3230 3164
f 3230 3384 3163
f 3163 3384 3161
f 3384 3229 3161
f 3229 3550 3161
f 3330 3228 3160
f 3160 3228 2739
f 2739 3227 3159
f 2499 3380 3017
f 3017 3380 3285
f 3380 3225 3285
f 2735 3223 2837
f 3378 3016 2631
f 3016 3378 3015
f 3158 3220 2734
f 3220 3098 2734
f 3222 3221 3157
f 2894 3154 2833
f 3280 3218 2630
f 3152 3371 3691
f 3588 3737 3054
f 3423 3482 3639
f 3793 3639 3841
f 3841 4074 3840
f 4000 4073 3636
f 4154 4300 3733
f 3733 4300 3419
f 4072 3999 3685
f 3941 4524 3998
f 3477 4070 3585
f 3585 4070 3732
f 4069 4455 4068
f 3786 4379 4067
f 4453 4452 4380
f 3937 4296 4696
f 4295 4977 3877
f 4219 4694 3996
f 4694 4976 4218
f 4692 4769 4691
f 4691 4767 4690
f 4913 4975 4912
f 4974 4975 4973
f 5667 5988 4688
f 4688 5988 5826
f 5987 6044 5605
f 5446 5912 6172
f 5911 5986 5985
f 5985 5984 5744
f 5601 6042 6423
f 6170 6169 6095
f 6095 6168 6041
f 5741 6339 6038
f 6248 6500 6501
f 6164 6576 5737
f 5901 6338 5375
f 6244 6338 6092
f 6091 6907 5897
f 6907 6337 5897
f 6417 6088 6649
f 6336 6491 6159
f 6159 6030 5373
f 6158 6335 6157
f 5734 6334 6155
f 6152 6154 6488
f 6148 6414 6235
f 6235 6234 5807
f 6027 6727 6486
f 5894 5428 6484
f 5971 5969 5970
f 5972 6145 5729
f 6145 6413 5729
f 5231 5163 4892
f 4952 5230 4428
f 4951 4822 5021
f 5085 5084 5020
f 4119 4120 4118
f 4251 3762 4032
f 4251 4187 3856
f 3856 4187 4117
f 4030 4029 3968
f 4117 4028 3710
f 4115 3909 3813
f 3021 3560 3341
f 2695 3340 3114
f 3114 3177 2848
f 3176 3071 2549
f 2964 3108 2963
f 3070 3171 2843
f 3067 2962 3068
f 2641 2742 2899
f 2742 2961 2899
f 2468 2899 2961
f 2961 3019 2960
f 2740 3551 2776
f 2776 3551 3065
f 3103 3162 2587
f 3162 3330 2587
f 2587 3330 3160
f 3064 3496 3062
f 3496 3101 3062
f 2837 3893 3099
f 3100 2631 2282
f 3157 3156 3097
f 3098 3220 3096
f 2891 3428 2732
f 3592 3540 3591
f 3425 3590 3485
f 3736 3639 3793
f 3840 4074 3587
f 3587 4000 3636
f 3636 4154 3733
f 3419 4300 3685
f 3685 3999 3586
f 3684 4297 3997
f 4067 4454 5180
f 5179 4378 3879
f 4976 4693 4218
f 4691 4690 4600
f 4911 5036 3993
f 5036 5103 5382
f 5667 4688 5382
f 5826 5988 5310
f 6043 6172 5912
f 6172 5603 5446
f 5824 6251 5602
f 5984 5910 5744
f 5910 6096 5306
f 5601 6423 5823
f 5823 6095 6041
f 6167 6422 6249
f 5909 6166 5664
f 6166 5821 6039
f 5981 6501 6247
f 6501 6500 6247
f 5814 6163 6034
f 6162 6243 6161
f 5736 6089 6088
f 6417 6241 6087
f 5432 6087 6159
f 5373 6030 6158
f 6030 6240 6158
f 5430 6154 5092
f 6154 6152 5587
f 6239 6238 6153
f 6153 6238 6152
f 6152 6238 6151
f 6152 6488 6150
f 6150 6414 6149
f 6414 6148 6149
f 6237 6236 6147
f 5807 6233 5733
f 5733 6233 6727
f 6486 6232 5805
f 5583 6231 6146
f 6644 6230 5367
f 5894 6642 5973
f 5971 5970 5892
f 5970 5891 5892
f 4892 5163 4664
f 4193 4952 4428
f 4736 5352 4819
f 4889 4819 5493
f 4949 4818 4422
f 5217 4735 4494
f 4887 4948 4659
f 4948 4734 4341
f 3857 4251 4032
f 4120 4119 4034
f 4033 4119 4031
f 3762 4251 3856
f 3856 4117 3710
f 4115 3814 3614
f 2550 2906 3509
f 2844 2963 2901
f 3068 2962 2693
f 2962 3066 2693
f 2468 2961 2378
f 2961 2960 2378
f 3019 2959 2960
f 2960 2959 2958
f 2898 2777 2588
f 3103 2587 2025
f 3101 3064 3062
f 3062 3102 3063
f 2500 3496 3061
f 3059 3158 2734
f 2734 3098 3096
f 3096 3095 3155
f 2954 3094 3014
f 3014 3094 2834
f 2834 3094 3219
f 2833 3154 2686
f 2892 3280 2630
f 2732 3641 3217
f 3152 3691 3370
f 3370 3427 3151
f 3279 3151 3216
f 3151 3427 3216
f 3487 3741 3215
f 3215 3741 3150
f 3740 3739 3008
f 3426 3425 3324
f 3486 3539 3538
f 3539 3592 3538
f 3589 3588 3054
f 3423 3639 3276
f 3793 3841 3736
f 3736 3841 3687
f 3841 3840 3687
f 3586 3999 3209
f 3999 3941 3209
f 3941 3998 4071
f 3534 3585 3732
f 3732 3940 3789
f 4220 4297 3584
f 4297 3684 3584
f 4066 5179 3879
f 3879 4378 3878
f 3878 5039 4296
f 3996 4694 4218
f 4218 4693 4217
f 4217 4911 3993
f 5036 5382 3993
f 4689 5382 4688
f 5310 6343 5605
f 6343 5987 5605
f 5604 6044 5912
f 5604 5912 5446
f 5602 5986 5911
f 5911 5985 5744
f 6170 6095 5823
f 5823 6041 6168
f 5664 6166 6039
f 6165 6502 6093
f 6035 6164 5737
f 5903 5980 5301
f 5980 6245 5901
f 6162 6161 6032
f 6161 6243 6032
f 6160 5895 5509
f 5895 6571 6090
f 5736 6088 5735
f 6088 6417 5735
f 5809 6159 5373
f 6086 5373 6085
f 5373 6158 6085
f 5588 6155 6029
f 6084 6154 5430
f 6152 6151 6083
f 6083 6151 6082
f 6152 6150 6149
f 6149 6148 6235
f 5584 6486 5806
f 5806 6486 5805
f 5367 6230 6081
f 6081 6229 5428
f 5657 5803 6026
f 5803 6483 6026
f 5504 6026 6145
f 4822 4951 4427
f 4951 5021 5087
f 4891 4950 4890
f 5019 4346 4422
f 5017 4887 4659
f 3857 4032 3762
f 3453 3710 4115
f 3817 3816 3761
f 3761 3815 3760
f 4115 3813 3814
f 3813 3664 3452
f 3664 3613 3021
f 2549 3071 2330
f 2694 2788 3109
f 3109 2905 2694
f 2905 2847 2694
f 2904 2966 2903
f 2966 2965 2903
f 2847 2905 2902
f 2905 2964 2902
f 2784 2963 2845
f 2845 2963 2844
f 3070 2843 2507
f 2842 3020 2841
f 2900 3068 2780
f 2960 2898 2425
f 2635 2776 3165
f 3159 3064 3101
f 2500 3061 2737
f 2423 2734 3096
f 3155 2955 2835
f 2464 3219 2894
f 3154 3280 2892
f 2630 2891 2582
f 2732 3217 3153
f 3279 3216 3011
f 3740 3008 3149
f 3738 3426 3324
f 3425 3485 3002
f 3486 3538 3485
f 3146 3369 3482
f 3146 3482 3423
f 3735 3792 3734
f 3734 3792 3791
f 3941 4071 3790
f 4069 4068 3788
f 4378 4377 3878
f 3878 4296 3938
f 3937 4295 3877
f 5605 6044 5604
f 5665 5825 5603
f 5306 6096 5743
f 5743 6096 5601
f 6096 6042 5601
f 5823 6168 5600
f 5822 6168 6040
f 5377 5742 6249
f 6038 6094 5983
f 6094 6165 5983
f 6165 6093 6580
f 5908 6580 5599
f 5521 5599 6037
f 5981 6247 6036
f 6247 6246 5441
f 6246 6577 5440
f 5980 5901 5902
f 5812 5814 6034
f 6034 6091 5897
f 5897 6337 6033
f 6090 6242 5433
f 5433 6242 6031
f 6242 6089 6031
f 6031 6089 5736
f 5432 6159 5809
f 5373 6086 5589
f 5589 6086 6085
f 6085 6158 6157
f 5976 6156 5975
f 5975 6156 6334
f 5734 6155 5808
f 5808 6155 4960
f 4960 6155 5588
f 5974 6084 5430
f 6152 6149 5587
f 6235 5587 6149
f 5733 6727 5167
f 5167 6727 6027
f 5805 5583 5296
f 5293 5583 6146
f 5804 6081 5428
f 5731 6026 5504
f 6145 5972 5730
f 5730 5972 5729
f 4664 4952 4429
f 4891 4890 4820
f 4262 4736 4261
f 4660 4819 4426
f 4819 4889 4424
f 4424 4889 4888
f 4346 4817 4494
f 4570 5017 4659
f 4659 4948 4341
f 3969 4567 3857
f 4115 3614 3453
f 3761 3760 3709
f 2963 2784 2432
f 2787 2846 2786
f 2786 2846 2785
f 2784 2845 2783
f 2845 2844 2783
f 2744 2782 2841
f 2781 2840 2743
f 2743 2840 2780
f 2840 2781 2780
f 2285 2740 2776
f 2775 3164 2956
f 2738 3101 3496
f 2585 3226 2499
f 3015 3059 3016
f 2836 2955 2733
f 2834 3219 2464
f 2464 2894 2832
f 2953 3013 2951
f 2951 3013 2950
f 2540 2732 2890
f 2732 3153 2890
f 3152 3370 3093
f 3370 3058 3093
f 3370 3151 3058
f 3151 3279 3011
f 3216 3487 3011
f 3487 3215 2948
f 3150 3278 2730
f 2730 3278 3149
f 3002 3485 3590
f 3590 3484 3424
f 3589 3054 3537
f 3483 3369 3147
f 3275 3276 3639
f 3639 3736 3275
f 3735 3734 3688
f 3688 3734 3686
f 3636 3733 3637
f 3418 3732 3584
f 3584 3789 4220
f 3789 3940 4220
f 3684 4069 3788
f 3788 4068 3787
f 3787 4068 3786
f 3939 4067 5180
f 3938 4296 3731
f 4296 3937 3731
f 3877 4521 4065
f 4065 4521 3996
f 4689 3993 5382
f 5251 5313 5312
f 5312 5313 5381
f 4688 5826 5310
f 5310 5666 4972
f 5522 5666 5310
f 5605 5604 5380
f 6251 5824 5308
f 5824 5602 5308
f 5308 5602 5445
f 5744 5910 5306
f 5741 6038 5983
f 6580 5908 6165
f 5737 6576 5903
f 5594 5903 5593
f 6244 6092 5814
f 5028 5589 6157
f 5589 6085 6157
f 6029 5660 5588
f 5660 6028 5974
f 5367 6081 5659
f 5659 6081 5804
f 5894 5973 5893
f 5973 6228 5893
f 5657 6026 5731
f 5292 5729 5503
f 4429 4952 4740
f 4740 4952 4193
f 4428 4822 4427
f 4821 4820 4739
f 4736 4819 4660
f 4424 4888 3861
f 4888 4889 3861
f 4256 4346 4494
f 4494 4735 4572
f 3614 3814 3813
f 3614 3813 3297
f 3297 3813 3452
f 3021 3341 3246
f 3021 3246 3244
f 3296 3240 3241
f 2550 3509 2695
f 3509 3295 2695
f 2695 3295 3340
f 2848 3176 2508
f 2508 3176 2549
f 2330 3175 2788
f 2847 2902 2694
f 2902 2964 2963
f 2902 2963 2432
f 2432 2784 2597
f 2597 2784 2745
f 2783 2844 2745
f 2843 2842 2507
f 2779 2778 2426
f 2426 2778 2742
f 2502 2777 2740
f 2740 2285 2502
f 2738 2739 3159
f 3159 3101 2738
f 2631 3016 2895
f 2895 3016 2773
f 2423 3096 3155
f 2955 2954 3014
f 2953 2951 2893
f 2833 2686 2952
f 3688 3686 3638
f 3637 3733 3419
f 3941 3790 3477
f 3790 4071 3477
f 3584 3684 2882
f 3208 3684 3788
f 4066 3879 5180
f 4218 3785 3730
f 5250 5251 5311
f 5251 5312 5311
f 5522 5310 5523
f 5310 5605 5523
f 5825 6251 5308
f 5379 5602 5911
f 5911 5744 5307
f 5245 5744 5306
f 5600 6168 5822
f 5822 6040 5742
f 5377 6249 5443
f 5443 6249 5909
f 5983 6165 5663
f 5242 6165 5241
f 5819 5521 6037
f 5982 6501 5740
f 5740 6501 5739
f 6501 5981 5738
f 5905 5907 5904
f 5738 5981 5520
f 5981 6036 5520
f 6036 6247 5520
f 5440 5441 6246
f 5440 6577 5376
f 6577 6035 5376
f 5597 5815 5903
f 5815 5737 5903
f 5301 5980 5902
f 5375 6244 5515
f 5515 6244 5814
f 5814 5899 5300
f 5979 5978 5900
f 5978 5977 5898
f 5899 5814 5812
f 5897 6033 5896
f 5509 5895 5810
f 5895 6090 5810
f 6417 6087 5432
f 5372 6157 5976
f 5976 5975 6334
f 5588 5660 5169
f 5660 5974 5430
f 6027 6486 5584
f 5296 5583 5295
f 6231 6644 5368
f 5428 5894 5658
f 5894 5893 5658
f 5504 6145 5730
f 5364 5729 5292
f 4268 5231 5022
f 5022 5231 4892
f 4427 4951 4579
f 4738 4737 4662
f 4261 4736 4660
f 3861 4889 4949
f 4494 4572 4036
f 4572 4571 3820
f 4344 5216 4569
f 4570 4659 4421
f 4341 4734 4253
f 4253 4734 4567
f 4188 4567 4121
f 4121 4567 4035
f 4567 3969 4035
f 3969 3665 4035
f 3245 3243 3178
f 3243 3242 3178
f 3244 3246 2849
f 3246 2551 2789
f 3114 2848 2508
f 2788 2694 2328
f 2597 2745 2431
f 2745 2844 2431
f 2844 3070 2431
f 2782 3107 2547
f 2780 3068 2693
f 2693 3066 2692
f 3066 2779 2692
f 2742 2641 2426
f 2468 2378 2504
f 2960 2689 2378
f 2691 2741 2690
f 2588 2777 2502
f 3018 3286 2377
f 3286 2775 2377
f 2775 2956 2377
f 2587 3160 2543
f 2499 3017 2736
f 3017 3285 2736
f 2736 2897 2839
f 2839 2897 2838
f 2687 2896 2735
f 2631 2895 2773
f 2955 3014 2733
f 2464 3014 2834
f 2832 2894 2833
f 2833 2952 2832
f 2952 2686 2832
f 3154 2892 2497
f 2582 2891 2732
f 3058 3151 3012
f 3215 3150 2948
f 3057 3149 2942
f 3149 3008 2942
f 3738 3324 3007
f 3324 3425 3007
f 3590 3424 3148
f 3369 3146 3147
f 3687 3840 3736
f 3534 3732 3418
f 3732 3789 3584
f 2882 3684 3208
f 3786 4067 3939
f 3939 5180 3879
f 3583 3879 3878
f 3049 3878 3938
f 3635 3996 3933
f 3996 4218 3730
f 3785 4218 3838
f 4218 4217 3838
f 4688 5248 4599
f 5250 5311 5249
f 5666 5523 4972
f 4908 5605 5380
f 5309 5604 5446
f 4684 5911 5307
f 5306 5743 5601
f 5443 5909 5664
f 5664 6039 5821
f 5821 5741 5244
f 5663 6165 5242
f 6165 5908 5820
f 5739 6501 5738
f 5907 5905 5818
f 5818 5906 5817
f 5817 5906 5816
f 5906 5905 5816
f 5520 6247 5441
f 5376 6035 5737
f 5597 5903 5594
f 5593 5903 5301
f 5516 5901 5375
f 5515 5814 5300
f 5900 5898 5813
f 5812 6034 5897
f 5096 6031 5736
f 5590 5736 5735
f 5590 5735 6417
f 5169 5660 4958
f 5238 5587 6235
f 5237 5733 5369
f 5369 5733 5167
f 6146 6231 5368
f 4894 5803 5657
f 5730 5729 5364
f 4125 4427 4579
f 4580 4663 4578
f 4579 4951 5087
f 4350 5087 4577
f 4662 4661 4576
f 4575 4661 4574
f 4253 4567 4188
f 3970 4569 3910
f 3857 3762 3969
f 3021 3244 2849
f 2550 2551 2906
f 2432 2597 2548
f 2782 2547 2200
f 2780 2693 2595
f 2643 2595 2642
f 2691 2690 2637
f 2689 2960 2591
f 2591 2960 2636
f 2636 2960 2503
f 2960 2425 2503
f 2425 2898 2588
f 2285 2776 2635
f 2543 3160 2739
f 2738 3496 2500
f 2424 2737 3226
f 2424 3226 2585
f 2839 2838 2736
f 2735 2837 2774
f 2837 3099 2774
f 3155 2835 2836
f 2835 2955 2836
f 2686 3154 2497
f 3012 3151 2681
f 2681 3151 3011
f 2730 3149 2947
f 3002 3590 3148
f 3001 3424 3537
f 3054 3737 3277
f 3146 3423 3276
f 2769 3276 3275
f 3275 3736 3840
f 3587 3636 3422
f 3419 3685 3420
f 3420 3685 3586
f 3323 3586 3209
f 3786 3939 3683
f 4065 3996 3635
f 3993 4689 4451
f 4599 5248 5310
f 5248 4688 5310
f 5523 5605 4972
f 4972 5605 4908
f 5380 5604 4908
f 5446 5603 5247
f 5247 5603 5246
f 5603 5825 5308
f 5379 5911 5034
f 5034 5911 4684
f 4966 5443 5664
f 5664 5821 5244
f 5741 5983 5663
f 5241 6165 5820
f 5598 5599 5521
f 5817 5816 5738
f 5738 5520 5662
f 5737 5815 5597
f 5300 5899 5812
f 5514 5812 5897
f 5896 5811 5897
f 5897 5811 5512
f 6090 5433 5171
f 6417 5095 5590
f 5029 5373 5589
f 6235 5807 5733
f 5167 6027 5584
f 5584 5806 5297
f 5806 5805 5297
f 5293 6146 5368
f 5368 6644 5732
f 5732 6644 5367
f 5804 5428 5659
f 5657 5731 5504
f 5292 5231 4268
f 4582 4581 4496
f 4580 4578 4495
f 4579 5087 4350
f 4577 5086 4573
f 4426 4819 4425
f 4819 4424 4425
f 4818 5019 4422
f 4256 4494 4255
f 4344 4569 4343
f 3969 3762 3711
f 3856 3710 3453
f 3453 3614 3115
f 3452 3664 3297
f 2695 3114 2333
f 2330 2788 2329
f 2646 2645 2598
f 2431 3070 2507
f 2841 2782 2379
f 2327 2782 2026
f 2026 2782 2200
f 2547 2644 2596
f 2596 2644 2594
f 2595 2693 2506
f 2641 2899 2468
f 2504 2378 2198
f 2636 2378 2591
f 2378 2689 2591
f 2640 2639 2592
f 2592 2639 2590
f 2639 2638 2589
f 2631 2773 2320
f 2734 2423 2773
f 2423 3155 2836
f 2832 2686 2373
f 2540 2890 2772
f 2890 3153 2949
f 3011 3487 2731
f 2948 3150 2730
f 2947 3149 3057
f 3056 3425 3002
f 3146 3276 2769
f 3422 3636 3053
f 3636 3637 3053
f 3477 3585 3273
f 3533 3534 3418
f 3417 3788 3787
f 3683 3939 3879
f 3532 3879 3583
f 3731 3937 3582
f 3937 3877 3416
f 3877 4065 3635
f 3936 3995 3935
f 3875 3635 3933
f 4689 4688 4451
f 4599 5310 4972
f 5445 5602 5379
f 5600 5822 4968
f 5822 5742 4967
f 5244 5741 5243
f 5243 5741 5663
f 5908 5599 5820
f 5521 5819 5303
f 5819 6655 4963
f 5740 5739 5173
f 5739 5738 5662
f 5376 5737 5597
f 5030 5902 5901
f 5514 5897 5512
f 5661 5509 5810
f 5433 6031 5096
f 5096 5736 5374
f 6334 5734 5372
f 5734 4960 5371
f 5734 5808 4960
f 5092 6154 5370
f 5370 6154 5587
f 5657 5504 4954
f 5365 5730 5364
f 5364 5292 4500
f 5022 4892 4268
f 4664 4429 4352
f 4125 4579 4350
f 4350 4577 4124
f 4577 4573 4124
f 4261 4660 4426
f 3861 4949 4422
f 4422 4346 4257
f 3860 4346 4256
f 4255 4494 4036
f 4036 4572 4345
f 3820 4345 4572
f 3820 4571 4344
f 3820 4344 4343
f 4421 4659 4342
f 4342 4659 4254
f 3969 3711 3454
f 3711 3762 3454
f 3762 3856 3298
f 3298 3856 3453
f 3297 3664 3021
f 2249 2694 2902
f 2548 2597 2431
f 2842 2841 2430
f 2379 2782 2327
f 2596 2594 2547
f 2546 2594 2545
f 2594 2593 2545
f 2506 2693 2692
f 2592 2590 2544
f 2739 2738 2543
f 2543 2738 2500
f 2500 2737 2424
f 2735 2774 2687
f 3016 3059 2773
f 3059 2734 2773
f 2836 2733 2062
f 2733 3014 2464
f 3487 2948 2731
f 3007 3425 3056
f 3148 3424 3001
f 3000 3537 2939
f 3146 3212 2728
f 3214 3213 3145
f 3145 3213 3211
f 3146 2769 3212
f 3142 3587 3422
f 3637 3419 3480
f 3420 3586 3090
f 3090 3586 3323
f 3941 3477 2883
f 3273 3585 3534
f 3418 3584 3139
f 3139 3584 2882
f 3208 3788 2936
f 3321 2936 3788
f 3321 3788 3417
f 3683 3879 3532
f 3367 3049 3938
f 3582 3937 3416
f 3876 3935 3874
f 3935 3934 3874
f 3996 3730 3933
f 5309 5446 5247
f 5378 4968 5822
f 4966 5664 5305
f 5241 5820 5599
f 5598 5521 5100
f 5303 5819 4963
f 5739 5662 5173
f 5173 5662 5520
f 5301 5902 4595
f 5810 6090 5661
f 5374 5736 5590
f 5432 5809 5373
f 5029 5589 5431
f 4958 5660 5430
f 5429 5167 5505
f 5505 5167 5584
f 5297 5805 5296
f 5732 5367 4956
f 5659 5428 5367
f 5730 5365 5504
f 4500 5292 4823
f 5292 4268 4823
f 4892 4664 4352
f 4193 4428 4191
f 4428 4427 4125
f 4426 4425 4261
f 4425 4424 3861
f 4348 4423 4347
f 4349 3861 4422
f 4257 4346 3860
f 4343 4569 3858
f 4341 4253 4659
f 4253 4188 4252
f 3858 4569 3970
f 3614 3297 3115
f 2334 2550 2695
f 2027 2329 2788
f 2432 2548 2431
f 2430 2507 2842
f 2289 2841 2379
f 2506 2692 2286
f 2692 2779 2426
f 2066 2425 2502
f 2425 2588 2502
f 2285 2635 2065
f 2326 2635 3018
f 2025 2587 2467
f 2501 2543 2500
f 2499 2736 2634
f 2633 2688 2632
f 2541 2583 2631
f 2583 2282 2631
f 2423 2836 2422
f 2498 2464 2832
f 2373 2686 2497
f 2497 2892 2582
f 2582 2892 2630
f 2582 2732 2540
f 2627 2890 2949
f 2579 2731 2948
f 2948 2730 2579
f 2947 3057 2538
f 2538 3057 2946
f 3010 3009 2944
f 2944 3009 2943
f 3057 2578 2946
f 3738 3007 3008
f 3002 2886 3056
f 3147 3146 2830
f 2830 3146 2938
f 3092 3145 3144
f 3211 3210 3143
f 3840 3587 3142
f 3481 3536 3479
f 3479 3536 3478
f 3536 3535 3478
f 3209 3941 3089
f 3273 2883 3477
f 3534 3533 3273
f 3787 3786 3368
f 3368 3786 3683
f 3583 3878 3049
f 3367 3938 3731
f 3635 3875 3730
f 3876 3874 3839
f 3875 3933 3730
f 4451 4688 4064
f 4064 4688 4294
f 4599 4294 4688
f 4520 5604 5309
f 4685 5246 5603
f 5603 5308 4763
f 5307 5744 5245
f 4836 5306 5601
f 5601 5823 4597
f 5378 5822 4967
f 5305 5664 5244
f 5241 5599 5100
f 5599 5598 5100
f 4907 5521 5304
f 5597 5595 5376
f 5518 5596 5517
f 5098 5902 5030
f 5030 5901 5516
f 5592 5591 5511
f 5511 5591 5510
f 5591 5592 5510
f 5298 5095 6417
f 6417 5432 4750
f 5431 5589 5028
f 5976 6334 5372
f 5372 5734 5371
f 5370 5587 5238
f 6235 5733 5237
f 5508 5586 5507
f 5586 5585 5507
f 5507 5585 5506
f 5024 5295 4741
f 5295 5583 4741
f 4741 5583 5293
f 5232 4894 5657
f 5504 5365 4954
f 5365 5364 4893
f 4352 4429 4044
f 4429 4740 4193
f 4267 4351 4266
f 4266 4351 4265
f 4265 4351 4264
f 4124 4573 4263
f 4262 4261 3394
f 4261 4425 3861
f 4260 4348 4259
f 4348 4347 4259
f 4259 4347 4258
f 4349 4422 3713
f 4422 4257 3860
f 4256 4255 4036
f 3823 4345 3820
f 4190 3820 4343
f 3971 4343 3858
f 4254 4659 4189
f 4189 4659 4252
f 4659 4253 4252
f 3970 3910 3818
f 3297 3021 2696
f 3026 3027 3025
f 3025 3072 3024
f 3024 3072 3022
f 2696 3021 3023
f 3021 2849 3023
f 2849 3246 2789
f 2334 2695 2333
f 2384 2549 2330
f 2328 2694 2249
f 2249 2902 2248
f 2841 2289 2430
f 2200 2547 2428
f 2428 2547 2470
f 2547 2505 2470
f 2468 2504 2118
f 2378 2636 2197
f 2197 2636 2115
f 2636 2503 2115
f 2066 2502 2285
f 2467 2587 2586
f 2586 2587 2543
f 2324 2499 2374
f 2499 2634 2584
f 2631 2320 2541
f 2498 2832 2421
f 2581 2582 2540
f 2540 2772 2629
f 2772 2890 2629
f 2683 2629 2890
f 2627 2949 2367
f 2945 2944 2889
f 2944 2943 2888
f 2888 2943 2887
f 2578 3057 2942
f 3056 3003 3007
f 3005 3006 3004
f 3006 3055 3004
f 3003 3056 2886
f 3001 3537 3000
f 2939 3537 3054
f 3092 3144 3091
f 3212 2769 2728
f 3479 3478 3421
f 3322 3418 2937
f 2937 3418 3139
f 3417 3787 3368
f 3320 3683 3532
f 3476 3635 3730
f 3994 4217 3993
f 4972 4908 5035
f 4908 5604 4520
f 5174 5309 5247
f 5174 5247 5246
f 5445 5379 5034
f 5823 5600 4968
f 4967 5742 5377
f 5377 5443 5444
f 5102 5443 4966
f 4963 6655 5442
f 5520 5441 5173
f 5240 5441 5440
f 5518 5519 5439
f 5438 5519 5437
f 5518 5517 5437
f 5594 5593 5301
f 5099 5301 4595
f 4595 5902 5098
f 5030 5516 5375
f 5375 5515 5300
f 5514 5512 5812
f 5812 5512 5435
f 5436 5513 5435
f 5512 5811 4679
f 4141 5509 5434
f 5434 5509 5661
f 5661 6090 5434
f 5298 6417 4750
f 4960 5588 5170
f 5167 5429 5090
f 5507 5506 5429
f 5367 5428 5366
f 5428 5658 5366
f 5658 5893 5366
f 3715 4193 4191
f 4267 4266 4192
f 3715 4191 4428
f 4350 4124 3975
f 3972 4261 3861
f 3713 4422 3860
f 4036 4345 3823
f 3820 4190 3971
f 4190 4343 3971
f 3665 3969 3300
f 3969 3454 3300
f 3027 3026 2968
f 3026 3025 2967
f 2551 2550 2509
f 2248 2902 2432
f 2432 2431 2507
f 2159 2026 2200
f 2470 2505 2428
f 2429 2469 2427
f 2116 2378 1881
f 2378 2197 1881
f 2115 2503 2425
f 2467 2586 2543
f 2424 2585 2499
f 2374 2499 2542
f 2499 2584 2542
f 2465 2583 2541
f 2062 2733 2464
f 2582 2581 2280
f 2581 2540 2280
f 2540 2152 2280
f 2683 2890 2496
f 2890 2627 2496
f 2684 2685 2682
f 2496 2627 2628
f 2681 3011 2731
f 2942 3008 2680
f 3006 3005 2941
f 3005 3004 2940
f 2886 3002 3148
f 3054 3277 2939
f 3275 3840 3142
f 3637 3480 3141
f 3480 3419 3141
f 3274 3089 3941
f 3941 2883 3140
f 3533 3418 3322
f 3368 3683 3320
f 3416 3877 3635
f 3838 4217 3994
f 4064 3993 4451
f 4520 5309 5174
f 4685 5603 4837
f 5308 5445 4763
f 3992 5445 5034
f 4684 5307 4762
f 5823 4968 4597
f 5444 5443 5102
f 5663 5242 5243
f 5243 5242 4964
f 5521 5303 5304
f 5173 5441 5240
f 5031 5376 5302
f 5376 5595 5302
f 5595 5597 5302
f 4961 5375 5300
f 5812 5435 4679
f 5435 5512 4679
f 5434 6090 5171
f 5171 5433 5096
f 4508 5432 5373
f 5238 6235 4673
f 5091 6235 5237
f 5090 5429 5505
f 4954 5365 4953
f 4268 4892 4352
f 4044 4429 4127
f 4429 3766 3825
f 4429 4193 3766
f 3766 4193 3715
f 3861 4349 3713
f 3859 4256 3823
f 3392 3615 3820
f 3392 3820 3971
f 3298 3453 3247
f 3023 2849 2696
f 2789 2552 2510
f 2333 3114 2202
f 2508 2549 2384
f 2507 2430 2432
f 2692 2426 2641
f 2198 2378 2116
f 2467 2543 2466
f 2466 2501 2500
f 2111 2423 2422
f 2373 2497 2463
f 2497 2582 1925
f 2683 2628 2627
f 2367 2949 2417
f 2730 2947 2538
f 2946 2578 2538
f 2578 2942 2680
f 3008 3007 2678
f 3001 3000 2939
f 2938 3146 2770
f 2770 3146 2728
f 3275 3142 2768
f 3142 3422 2999
f 3052 3053 3637
f 3274 3941 3140
f 2937 3139 2767
f 4294 4599 4450
f 4687 4599 4972
f 5035 4908 4520
f 4838 4520 5174
f 5246 4685 5174
f 4837 5603 4763
f 4763 5445 4598
f 5307 5245 4449
f 5245 5306 4836
f 4967 5377 4683
f 4683 5377 5444
f 5033 5305 5244
f 5101 5242 5241
f 5239 5440 4900
f 5440 5376 5031
f 5302 5597 5594
f 5302 5594 5301
f 5030 5375 4961
f 4899 4961 5812
f 4961 5300 5812
f 5097 5812 4679
f 4679 5811 5299
f 5432 5094 4750
f 4508 5373 5029
f 5028 6157 5093
f 6157 5372 5093
f 5093 5372 4897
f 5170 5588 4506
f 4958 5430 5168
f 4673 6235 5091
f 5369 5167 5027
f 5584 5297 5505
f 5297 5296 5025
f 5295 5294 4957
f 5294 5295 5024
f 5293 5368 5732
f 5657 4954 5232
f 4824 4500 4823
f 4043 4126 4041
f 4428 4125 4042
f 4125 4350 3975
f 4123 4122 4037
f 4256 4036 3823
f 3393 3820 3615
f 3818 3910 3074
f 3115 3297 3028
f 2647 2849 2510
f 2789 2510 2849
f 2291 2550 2074
f 2550 2334 2074
f 2202 3114 2073
f 3114 2508 2073
f 2027 2788 2290
f 2249 2788 2328
f 2248 2432 1996
f 2432 2430 2160
f 2289 2379 2327
f 2159 2200 1928
f 2200 2428 1845
f 2118 2641 2468
f 2118 2504 2198
f 2543 2501 2466
f 2466 2500 2325
f 2500 2424 2325
f 2424 2499 2324
f 2281 2320 2773
f 2243 2498 2421
f 2421 2832 2373
f 2152 2540 2629
f 2496 2628 2683
f 2683 2627 2367
f 2681 2731 2580
f 2538 2578 2415
f 3007 3003 2886
f 3148 3001 2625
f 2885 2939 3277
f 2770 2728 2574
f 2768 2769 3275
f 2999 3422 3053
f 3090 3323 3209
f 3273 3533 3272
f 3533 3322 3272
f 3532 3583 3320
f 3416 3731 3582
f 3365 3416 3476
f 3416 3635 3476
f 2993 3730 3088
f 3730 3785 3088
f 3785 3838 3088
f 5035 4844 4972
f 4971 4970 4910
f 4910 4970 4909
f 4762 5307 4449
f 4517 5305 4965
f 4907 5241 5100
f 5100 5521 4907
f 4516 4372 5303
f 5240 5440 5239
f 4900 5440 5031
f 5812 5097 4899
f 5096 5374 5172
f 5590 5095 5374
f 5095 5298 4750
f 5588 5169 4506
f 5092 5370 5238
f 4356 5091 5237
f 5237 5369 5027
f 5296 5295 4957
f 4671 4957 5088
f 4957 5294 5088
f 4956 5367 5366
f 4587 4894 5232
f 4435 4893 4500
f 4893 5364 4500
f 4128 4268 4352
f 4127 4429 3825
f 3715 4428 3620
f 3620 4428 4042
f 3978 4043 3977
f 4043 4041 3977
f 4040 4039 3976
f 4042 4125 3975
f 3974 4038 3973
f 4038 4037 3973
f 3712 3713 3860
f 3860 4256 3911
f 3911 4256 3859
f 3823 3820 3511
f 3247 3453 3115
f 2552 2789 2435
f 2789 2551 2509
f 2509 2550 2471
f 2471 2550 2291
f 2073 2508 1891
f 2508 2384 1891
f 2434 2433 2383
f 2382 2433 2381
f 2384 2330 2380
f 2327 2026 2289
f 2119 2286 2692
f 2114 2066 2285
f 2114 2285 2065
f 2326 2065 2635
f 2326 3018 2113
f 1962 2465 2541
f 2281 2773 2423
f 2423 2111 2281
f 2422 2836 2111
f 2062 2464 2498
f 2155 2421 2373
f 2373 2463 2372
f 2580 2731 2539
f 2731 2579 2539
f 2579 2730 2538
f 2678 3007 2626
f 3007 2886 2626
f 2939 2885 2831
f 2574 2728 2493
f 3419 3420 3141
f 3090 3209 2884
f 3209 2997 2884
f 3089 3274 3140
f 2883 3273 2533
f 2533 3273 3051
f 3272 3322 2937
f 2936 3321 3417
f 3417 3368 2828
f 3319 3731 3416
f 3366 3416 3365
f 3838 3994 3206
f 4064 4294 4292
f 4216 4293 4215
f 4214 4291 4213
f 4450 4599 4212
f 4687 4972 4844
f 4843 4909 4842
f 4520 4838 4686
f 4598 5445 3992
f 4968 5378 4448
f 4966 5305 4517
f 5244 5243 5032
f 5243 4964 5032
f 4964 5242 5101
f 5101 5241 4907
f 5304 5303 4372
f 4963 5442 4515
f 5302 5301 5099
f 5172 4141 5434
f 4507 5028 4674
f 4896 5372 4960
f 5372 5371 4960
f 5168 5430 5092
f 5090 5505 5297
f 5025 5296 4957
f 5236 5235 5166
f 5235 5234 5166
f 5166 5234 5165
f 5165 5233 5164
f 5293 5732 4956
f 4665 4587 5232
f 4953 5365 4893
f 4500 4824 4585
f 4824 4823 4585
f 3620 4042 3975
f 4124 4263 3914
f 3913 3974 3912
f 3394 4261 3824
f 3860 3911 3859
f 3392 3971 3666
f 3819 3971 3858
f 3818 3074 3561
f 3300 3454 3248
f 3454 3762 3298
f 2291 2789 2471
f 2789 2509 2471
f 2201 2384 2380
f 2383 2382 2332
f 2382 2381 2331
f 2330 2329 2027
f 2249 2248 1848
f 1848 2248 1996
f 2160 2430 2289
f 2288 2287 2247
f 2118 2692 2641
f 2116 1881 2067
f 2377 2956 2157
f 2325 2424 2324
f 1962 2541 2244
f 2243 2062 2498
f 2243 2421 2155
f 2420 2418 2371
f 2371 2419 2370
f 2370 2419 2369
f 2369 2419 2368
f 2372 2463 2153
f 2463 2497 2020
f 2020 2497 1925
f 1925 2582 2280
f 2539 2579 2279
f 2579 2538 2462
f 2886 3148 2625
f 2771 2939 2831
f 2576 2830 2938
f 3141 3420 2829
f 2997 3209 3089
f 3051 3273 3272
f 2882 3208 2531
f 2936 3417 3271
f 3050 3368 3320
f 3207 3583 2725
f 2725 3583 3049
f 3049 3367 2827
f 3367 3731 3319
f 3319 3416 3138
f 3088 3838 3206
f 3994 3993 3206
f 4212 4599 4687
f 4687 4844 5035
f 4841 4840 4766
f 4840 4839 4766
f 4766 4839 4765
f 4765 4839 4764
f 4764 4839 4686
f 3872 3992 5034
f 4836 5601 4969
f 5601 4597 4835
f 5032 5033 5244
f 4516 5303 4963
f 5173 5240 4902
f 4902 5240 5239
f 5097 4679 4899
f 4679 5299 4513
f 4751 5095 4826
f 4826 5095 4750
f 4897 5372 4896
f 4506 5169 4958
f 4356 5237 5027
f 5027 5167 5026
f 5026 5167 4672
f 4672 5167 5090
f 5165 5164 5089
f 5088 5294 4671
f 5294 5024 4671
f 4955 4956 5366
f 3863 4352 4044
f 4044 4127 3825
f 4124 3914 3975
f 3913 3912 3862
f 3714 4261 3972
f 3972 3861 3713
f 3712 3860 3617
f 3512 3860 3823
f 3860 3859 3823
f 3511 3820 3764
f 3666 3971 3819
f 3666 3858 3562
f 3858 3510 3562
f 3858 3970 3510
f 3970 3818 3510
f 3910 3299 3074
f 3454 3298 3248
f 3247 3115 3116
f 3029 3115 3028
f 2696 2849 2647
f 2387 2552 2435
f 2435 2789 2291
f 2380 2330 2201
f 2160 2070 2432
f 2160 2289 1784
f 2246 2245 2199
f 2199 2245 2119
f 2119 2692 2118
f 2198 2116 1994
f 2115 2425 2066
f 3018 2377 2157
f 2156 2324 2195
f 2375 2376 2323
f 2323 2376 2322
f 2322 2376 2321
f 2244 2541 2320
f 2111 2836 2062
f 2373 2372 2153
f 2058 2280 2152
f 2193 2629 2057
f 2057 2629 2683
f 2151 2683 2367
f 2417 2949 2241
f 2680 3008 2679
f 2626 2886 2625
f 3001 2939 2771
f 2492 2769 2768
f 2768 3142 2999
f 2999 3053 3052
f 3637 3141 3052
f 2829 3420 3090
f 2727 3090 2884
f 2617 2767 2882
f 2767 3139 2882
f 2531 3208 2936
f 2936 3271 2828
f 3271 3417 2828
f 2828 3368 3050
f 3320 3583 3207
f 3365 3476 2994
f 3476 3730 2932
f 3206 3993 3581
f 4064 4292 3932
f 4292 4294 3932
f 4294 4450 3634
f 4686 4838 4519
f 5174 4685 4519
f 4153 5034 4684
f 4289 4449 5245
f 4061 4836 4835
f 4836 4969 4835
f 4969 5601 4835
f 4597 4968 4448
f 4288 4967 4683
f 4683 5444 4596
f 4596 5444 5102
f 5101 4907 4682
f 5302 5099 4830
f 4830 5099 4595
f 4595 5098 4367
f 5030 4961 4680
f 5171 5096 5172
f 4509 5374 4751
f 5374 5095 4751
f 5432 4508 4675
f 4674 5028 4897
f 5028 5093 4897
f 4960 5170 4959
f 4358 4506 4958
f 5168 5092 4196
f 4196 5092 4749
f 5092 5238 4749
f 5238 4673 4749
f 4955 5366 5023
f 4261 3714 3824
f 3822 3821 3765
f 3765 3821 3763
f 3764 3820 3393
f 3819 3858 3666
f 3074 3299 2909
f 3248 3298 3117
f 3298 3247 3117
f 3028 3297 2850
f 2435 2291 2336
f 2201 2330 1890
f 2330 2027 1890
f 2027 2290 1969
f 1969 2290 2788
f 1969 2788 2072
f 2788 2249 2072
f 1784 2289 1846
f 1846 2289 2026
f 1928 2200 1845
f 2428 2122 1845
f 2122 2428 2158
f 1881 2197 2115
f 2065 2326 2113
f 2025 2467 1991
f 2467 2466 1991
f 1991 2466 2325
f 2323 2322 2284
f 2284 2322 2283
f 2324 2374 2542
f 2583 2465 2282
f 2242 2151 2367
f 2240 2538 2415
f 2680 2679 2577
f 2679 3008 2577
f 2577 3008 2678
f 2625 3001 2729
f 2729 3001 2771
f 2728 2769 2676
f 2676 2769 2492
f 3089 3140 2997
f 3140 2883 2997
f 2935 2936 2828
f 3138 3416 3366
f 2993 2932 3730
f 3993 4064 3581
f 3581 4064 3932
f 3932 4294 3634
f 4687 5035 4520
f 4686 4519 4520
f 4519 4838 5174
f 4289 5245 4836
f 4596 5102 4966
f 5305 5033 4965
f 5033 5032 4965
f 4447 4907 5304
f 4902 5239 4900
f 4900 5031 5302
f 5302 4962 4900
f 4962 5302 4830
f 5098 5030 4680
f 5171 5172 5434
f 4359 4960 4959
f 4590 4356 5027
f 5026 4672 5027
f 5027 4672 4438
f 5025 4957 4355
f 4355 4957 4436
f 4671 5024 4504
f 4665 5232 4954
f 4585 4823 4431
f 4584 4583 4499
f 4498 4583 4497
f 4128 4352 3863
f 3863 4044 3825
f 3860 3512 3616
f 3512 3823 3511
f 2909 3299 2907
f 3247 3116 3117
f 2850 3297 2553
f 2339 2386 2338
f 2338 2386 2337
f 2337 2385 2335
f 2334 2333 2202
f 2072 2249 1848
f 1996 2432 2070
f 2026 2159 1928
f 2122 2158 2120
f 2158 2428 2120
f 2065 2113 1992
f 2113 3018 2157
f 2157 2956 1879
f 2325 2324 2156
f 1925 2280 2059
f 2242 2367 2192
f 2578 2680 2537
f 2537 2680 2577
f 2577 2678 2494
f 2678 2626 2494
f 2624 2625 2677
f 2677 2625 2623
f 2625 2729 2623
f 2576 2938 2461
f 2493 2728 2460
f 2460 2728 2676
f 2676 2492 2621
f 2999 3052 2619
f 2998 2884 2997
f 2997 2883 2671
f 2670 2533 3272
f 2533 3051 3272
f 2670 3272 2937
f 2531 2936 2491
f 2411 2936 2935
f 2828 3050 2996
f 3050 3320 3207
f 3367 3319 2827
f 3138 3366 3365
f 4687 4520 4212
f 3837 4520 4519
f 4837 4763 3728
f 4684 4762 3930
f 4289 4836 4061
f 4448 5378 4967
f 3928 5101 3833
f 5101 4682 3833
f 4516 4963 4761
f 4515 5442 4371
f 4902 4900 4901
f 4898 4899 4679
f 5172 5374 4510
f 5431 5028 5029
f 4896 4960 4359
f 4959 5170 4359
f 4358 4958 4357
f 4958 5168 4196
f 4673 5091 4439
f 5091 4356 4439
f 5090 5297 4895
f 5297 5025 4748
f 4748 5025 4355
f 5293 4956 5023
f 4956 4955 5023
f 4665 4954 4953
f 4435 4500 4434
f 4433 4499 4432
f 4499 4498 4430
f 4128 4431 4268
f 4431 4823 4268
f 3397 3766 3715
f 3972 3713 3714
f 3617 3860 3616
f 3511 3764 3393
f 3510 3818 3561
f 3179 3074 3118
f 3117 3116 3030
f 3116 3115 3030
f 3115 3029 3030
f 3030 3029 2851
f 3029 3028 2850
f 3297 2696 2553
f 2647 2510 2552
f 2387 2435 2294
f 2074 2435 2336
f 2339 2338 2293
f 2338 2337 2292
f 2337 2335 2292
f 2074 2336 2291
f 2074 2334 2202
f 2070 2160 1784
f 1816 2026 1928
f 2121 2120 2069
f 2119 2118 1995
f 2118 2117 1995
f 1994 2118 2068
f 2118 2198 2068
f 1994 2116 1882
f 1881 2115 1722
f 1722 2115 2066
f 2066 2114 1993
f 1879 2956 2196
f 2195 2324 2194
f 2324 2542 2194
f 2320 2281 2244
f 2110 2243 2155
f 2152 2629 1960
f 1960 2629 2193
f 2367 2417 2192
f 2279 2579 2462
f 2415 2578 2537
f 2577 2494 2537
f 2495 2576 2413
f 2626 2625 2575
f 2575 2625 2624
f 2938 2770 2574
f 2676 2621 2460
f 2675 2674 2622
f 2829 3090 2727
f 2884 2998 2671
f 2998 2997 2671
f 2617 2670 2937
f 2617 2937 2767
f 2491 2936 2572
f 3138 3365 2994
f 3634 4450 4212
f 3837 3931 4212
f 4212 4520 3837
f 4685 4837 4290
f 3872 5034 4153
f 3930 4762 4449
f 4061 4835 4597
f 4448 4967 4518
f 4518 4967 4288
f 4596 4966 4517
f 4447 5304 4372
f 4906 4905 4834
f 4834 4905 4833
f 4905 4904 4833
f 4833 4904 4832
f 4904 4903 4832
f 4901 4900 4831
f 4831 4900 4759
f 4900 4962 4514
f 4680 4961 4758
f 4961 4899 4758
f 4899 4898 4758
f 4898 4679 4758
f 4510 5374 4509
f 4750 5094 4675
f 5094 5432 4675
f 5029 5028 4507
f 4674 4897 4896
f 4196 4749 4049
f 4272 5027 4438
f 5090 4895 4505
f 4895 5297 4505
f 4505 5297 4748
f 4741 5293 4825
f 5293 5023 4825
f 4353 4894 4587
f 3980 4665 4586
f 4586 4665 4953
f 4501 4893 4435
f 4500 4585 4434
f 4585 4431 4128
f 3825 3766 3397
f 3975 3914 3667
f 3714 3713 3303
f 3303 3713 3617
f 3713 3712 3617
f 3074 2909 2855
f 3033 3073 3031
f 2909 2907 3032
f 3029 2850 2851
f 2850 2553 2790
f 3299 2697 2511
f 2511 2697 2389
f 2696 2647 2553
f 2074 2202 1997
f 1891 2384 2201
f 1996 2070 1784
f 1994 2068 2198
f 2116 2067 1882
f 1783 1722 2066
f 2113 2157 1992
f 2281 2111 2244
f 2062 2243 2110
f 2155 2373 2153
f 2417 2241 1986
f 2538 2240 2462
f 2104 2240 2415
f 2319 2495 2413
f 2626 2536 2494
f 2536 2626 2575
f 2413 2576 2461
f 2461 2938 2239
f 2938 2574 2493
f 2622 2620 2573
f 2460 2621 2492
f 2535 2768 2534
f 2458 2999 2619
f 3052 3141 2619
f 2827 3319 3138
f 2994 3476 2932
f 4519 4685 4290
f 4763 4598 3992
f 3930 4449 3779
f 4375 4965 5032
f 4964 5101 5032
f 4761 4963 4515
f 4371 5442 4280
f 4900 4514 4759
f 4363 4679 4513
f 4513 5299 4757
f 4829 4828 4757
f 4757 4828 4755
f 4828 4829 4755
f 4755 4827 4754
f 4197 4359 5170
f 4357 4958 4273
f 4672 5090 4505
f 4504 5024 4743
f 4745 4746 4744
f 4744 4746 4742
f 4353 4587 4588
f 4665 3980 4129
f 4953 4893 4501
f 3397 3715 3565
f 3252 3715 3620
f 3975 3667 3618
f 3824 3714 3346
f 3393 3615 3392
f 3562 3510 3561
f 3561 3074 3342
f 3074 3179 3342
f 2971 3033 2970
f 3033 3031 2970
f 2970 3031 2969
f 3299 2511 2907
f 2850 2790 2851
f 2553 2647 2472
f 2647 2552 2388
f 2124 2074 1997
f 1969 2072 1889
f 2072 2071 1889
f 1889 2071 1848
f 2071 2072 1848
f 1846 2026 1816
f 1886 1995 2117
f 1783 2066 1575
f 2066 1993 1575
f 1575 1993 2114
f 2114 2065 1782
f 2325 2024 1991
f 2325 2156 2024
f 1962 2244 2063
f 2063 2111 1926
f 1926 2111 1961
f 1961 2111 2062
f 1839 2110 2155
f 2107 2154 2106
f 2109 2155 2153
f 2057 2683 2151
f 2949 2416 2241
f 2104 2415 2414
f 2415 2537 2414
f 2103 2495 2150
f 2495 2319 2150
f 2191 2239 2938
f 2016 2493 2460
f 2492 2768 2535
f 2768 2999 2534
f 2727 3141 2829
f 2727 2884 2672
f 2672 2884 2276
f 2276 2884 2671
f 2456 2671 2883
f 2883 2533 2726
f 2617 2882 2531
f 2935 2571 2411
f 2571 2935 2828
f 3048 2827 3138
f 2614 3088 3206
f 4062 4290 4837
f 3779 4449 4289
f 3929 4061 4152
f 4061 4597 4448
f 4683 4596 4376
f 4516 4761 4515
f 5442 4760 4280
f 4280 4760 4370
f 4370 4760 4681
f 4367 5098 4680
f 4363 4758 4679
f 4757 4755 4678
f 4756 4753 4678
f 4678 4753 4752
f 4753 4756 4752
f 4141 5172 4361
f 4509 4751 4826
f 4826 4750 4675
f 4137 4675 4508
f 4273 4958 4196
f 4049 4749 4673
f 4748 4355 4505
f 4504 4743 4354
f 4354 4743 4670
f 4747 4746 4669
f 4746 4745 4669
f 4669 4745 4668
f 4744 4742 4667
f 4743 5024 4670
f 4670 5024 4666
f 4666 5024 4825
f 5024 4741 4825
f 4269 4587 4665
f 3184 3715 3252
f 3252 3620 3975
f 3513 3619 3564
f 3564 3619 3563
f 3392 3666 3180
f 3562 3561 3342
f 2909 3032 2513
f 2970 2969 2908
f 2698 2907 2511
f 2472 2647 2388
f 2388 2552 2127
f 2552 2387 2127
f 1892 2074 2124
f 2163 2203 2162
f 1971 2201 1890
f 1890 2027 1969
f 1970 1969 1889
f 1889 1848 1785
f 1968 1996 1888
f 1887 1784 1846
f 2117 2118 1886
f 2118 1994 1886
f 1882 2067 1881
f 1755 2114 1450
f 1652 2065 1992
f 2024 2156 2195
f 2196 2112 1990
f 1990 2112 2064
f 2063 2244 2111
f 2062 2110 1961
f 2110 1839 1961
f 2155 2109 1813
f 2108 2107 2061
f 2061 2106 2060
f 1960 2058 2152
f 1987 1960 2193
f 2279 2462 2240
f 2938 2493 2191
f 2618 2619 3141
f 2456 2883 2726
f 2572 2936 2411
f 2571 2828 2996
f 3050 3207 2996
f 3048 3138 2995
f 2933 2487 3138
f 3475 3932 3634
f 3634 4212 3931
f 3837 4519 3873
f 3873 4519 4063
f 4063 4519 4290
f 4153 4684 3930
f 4289 4061 3929
f 4061 4448 4518
f 4288 4683 4376
f 3833 4682 4907
f 4281 4372 4516
f 4757 4677 4513
f 4511 4676 4592
f 4592 4676 4591
f 4361 5172 4510
f 4509 4826 4360
f 4137 4826 4675
f 4197 5170 3773
f 3773 5170 4506
f 3922 4358 4357
f 4590 5027 3920
f 4355 4436 4437
f 4503 4354 4589
f 4354 4670 4589
f 4666 4825 4670
f 4269 4665 4129
f 3915 4585 4128
f 3863 3825 3621
f 3715 3348 3565
f 3975 3618 3513
f 3564 3563 3513
f 3303 3617 3616
f 3616 3512 3181
f 3181 3512 3120
f 3512 3511 3393
f 2912 2910 2911
f 2911 2910 2852
f 2909 2513 2792
f 3032 2907 2513
f 2697 2436 2389
f 2389 2436 2075
f 2387 2294 2127
f 1929 2435 2074
f 2163 2162 2124
f 2162 2161 2126
f 2125 2161 2123
f 1890 1969 1970
f 1847 1888 1784
f 1888 1996 1784
f 1576 1928 1725
f 1725 1928 1845
f 1653 1881 1722
f 1721 1575 2114
f 1450 2114 1782
f 1967 1992 2157
f 2196 1990 1650
f 2022 2023 2021
f 2109 2153 1813
f 1644 2020 1925
f 2280 2058 2059
f 1987 2193 2057
f 2242 2192 2105
f 2319 2413 1924
f 2460 2492 2101
f 2534 2999 2673
f 2999 2458 2673
f 2238 2671 2456
f 2617 2531 2532
f 2996 3207 2488
f 2725 3049 2934
f 3049 2827 2934
f 2934 2827 2764
f 2616 2827 2995
f 2827 3048 2995
f 2995 3138 2487
f 2994 2933 3138
f 3581 3932 3364
f 3415 3931 3837
f 3728 4763 3992
f 4059 5032 3928
f 5032 5101 3928
f 4370 3776 4280
f 4514 4962 4279
f 4962 4830 4367
f 4830 4595 4367
f 4445 4367 4680
f 4680 4758 4363
f 4594 4593 4443
f 4442 4443 4512
f 4443 4593 4512
f 4593 4594 4512
f 4592 4591 4511
f 4137 4508 5029
f 4674 4896 3867
f 4049 4673 4439
f 4048 4439 4356
f 4356 4590 3920
f 4957 4671 4436
f 4436 4671 4270
f 4503 4589 4502
f 4589 4670 4502
f 4588 4587 4269
f 4586 4953 3980
f 3980 4953 4501
f 3825 3716 3621
f 3397 3565 3348
f 3348 3715 3184
f 3975 3513 3252
f 2701 3616 3181
f 3393 3392 3034
f 3180 3666 3562
f 3562 3342 3343
f 3118 3074 2599
f 2599 3074 2855
f 2855 2909 2792
f 2513 2907 2698
f 2390 2511 2389
f 2075 2436 1787
f 2202 2073 1997
f 1997 2073 1891
f 1971 1891 2201
f 1848 1996 1785
f 1996 1968 1785
f 1816 1928 1576
f 1845 2122 1615
f 1615 2122 1844
f 1886 1994 1883
f 1883 1994 1843
f 1843 1994 1882
f 1882 1881 1653
f 1721 2114 1755
f 1782 2065 1652
f 1652 1992 1967
f 1878 2025 1991
f 2023 2022 1989
f 1989 2022 1988
f 2022 2021 1988
f 2463 2020 1644
f 1570 1925 2059
f 2057 2151 2242
f 2192 2417 1873
f 1873 2417 1986
f 2100 2101 2492
f 3141 2727 2618
f 2618 2727 2672
f 2456 2726 2533
f 2669 2571 2996
f 2488 3207 2725
f 2616 2995 2879
f 2879 2995 2487
f 3206 3581 3531
f 3581 3364 3531
f 3364 3932 3475
f 3634 3931 3784
f 4062 4837 3728
f 3779 4289 3929
f 4518 4288 3727
f 4596 4517 4060
f 4060 4517 4375
f 4517 4965 4375
f 3833 4907 4447
f 4372 4281 3989
f 4516 4515 4150
f 4150 4515 4371
f 4279 4962 4367
f 4363 4513 4444
f 4444 4513 4677
f 4362 4511 4441
f 4441 4511 4440
f 4360 4826 4137
f 5029 4507 4199
f 3867 4896 4198
f 4198 4896 4359
f 3773 4506 4358
f 4048 4356 3920
f 3920 5027 4272
f 4438 4672 4505
f 4505 4355 4271
f 4131 4355 4437
f 4671 4504 3981
f 3981 4504 4354
f 3918 4353 4588
f 4435 4434 3915
f 3915 4434 4585
f 4128 3863 3717
f 3119 3393 3034
f 3392 3180 3034
f 3562 3343 2972
f 2793 3179 3118
f 2854 2853 2791
f 2164 2389 1931
f 1931 2389 2075
f 2127 2294 1930
f 2294 2435 1929
f 1929 2074 1892
f 1892 2124 1997
f 1785 1968 1888
f 1526 1888 1727
f 1727 1888 1847
f 1784 1887 1727
f 1846 1816 1726
f 1885 1884 1844
f 1844 1884 1843
f 1884 1885 1843
f 1722 1783 1575
f 1967 2157 1879
f 2024 2195 1966
f 1676 1990 1965
f 1990 2064 1965
f 1964 1989 1963
f 1989 1988 1963
f 1962 2063 1841
f 1961 1839 1926
f 1839 2155 1813
f 2059 2058 1960
f 2057 2242 2105
f 2241 2416 1779
f 1779 2416 2055
f 2279 2240 2056
f 2150 2319 2017
f 2054 2413 2461
f 2102 2239 2191
f 2191 2493 2016
f 2492 2535 2366
f 2534 2673 2458
f 2458 2619 2618
f 2276 2671 2238
f 2670 2617 2274
f 2725 2934 2764
f 2569 2827 2616
f 2933 2994 2932
f 2932 2993 2931
f 2993 3088 2931
f 3088 2614 2931
f 3680 4288 4376
f 4376 4596 4060
f 5032 4059 4375
f 4059 3928 3991
f 4447 4286 3833
f 4447 4446 4286
f 4446 4447 4372
f 4370 4681 4369
f 4368 4367 4366
f 4148 4680 4206
f 4680 4363 4206
f 4146 4443 4442
f 4205 4442 4057
f 4442 4512 4057
f 4362 4441 4440
f 4049 4439 3673
f 3673 4439 4048
f 4272 4438 3827
f 4588 4269 4129
f 3980 4501 4045
f 4045 4501 3916
f 3916 4501 4435
f 3825 3397 3716
f 3396 3395 3347
f 3394 3824 2913
f 2973 3303 3616
f 2973 3616 2701
f 3512 3393 3119
f 3345 3344 3302
f 3249 3034 3180
f 3180 3562 3075
f 3075 3562 2972
f 3343 3342 3179
f 2599 2855 2513
f 2855 2792 2513
f 2698 2511 2512
f 2164 2128 2389
f 1970 1527 1890
f 1785 1888 1526
f 1887 1846 1726
f 1845 1615 1725
f 1615 1844 1653
f 1844 1843 1653
f 1967 1879 1880
f 1991 2024 1966
f 1814 1962 1841
f 1875 2063 1926
f 2059 1960 1781
f 1987 2057 1752
f 1752 2057 1959
f 2019 1986 1779
f 1986 2241 1779
f 2056 2240 2104
f 2100 2492 2366
f 2366 2535 2534
f 2455 2274 2617
f 2669 2996 2489
f 2996 2488 2489
f 2489 2488 2668
f 2881 2880 2826
f 2487 2933 2615
f 2615 2933 2527
f 2933 2932 2527
f 2763 2932 2931
f 2825 3206 3531
f 3784 3931 3415
f 4063 4290 3728
f 3834 3728 3992
f 3834 3992 3872
f 3872 4153 3930
f 3632 3779 3929
f 4287 4288 3680
f 3871 4375 4059
f 4285 4374 4284
f 4284 4374 4283
f 4374 4373 4283
f 4446 4372 3989
f 3989 4281 3777
f 3777 4281 4516
f 4150 4371 4280
f 3832 4280 3776
f 3831 4370 4278
f 4370 4369 4278
f 4367 4368 4279
f 4366 4367 4277
f 4277 4367 3927
f 4367 4445 3927
f 4365 4364 4276
f 4445 4680 3927
f 3927 4680 4148
f 4146 4442 3988
f 4509 4360 3987
f 4360 4137 4274
f 4137 5029 4199
f 4507 4674 3867
f 3773 4358 3926
f 3922 4357 4273
f 3827 4438 4505
f 3672 4505 4271
f 4271 4355 3672
f 4130 4436 4270
f 4130 4270 4671
f 3769 4353 3918
f 3622 3916 4435
f 3622 4435 3915
f 3915 4128 3718
f 3716 3397 3566
f 3346 3714 3303
f 3120 3512 3119
f 3302 3301 3250
f 2554 3118 2599
f 2599 2513 2340
f 1686 1892 1997
f 1654 1997 1891
f 1970 1889 1527
f 1727 1847 1784
f 1726 1816 1685
f 1816 1576 1685
f 1653 1843 1882
f 1718 1880 1879
f 1991 1966 1878
f 1650 1990 1676
f 1877 1927 1876
f 1926 1645 1875
f 1926 1839 1840
f 1609 1839 1813
f 1644 1925 1570
f 1780 1960 1987
f 1780 1987 1752
f 2057 2105 1874
f 1873 1986 2019
f 2017 2319 1924
f 1870 2461 2239
f 1870 2239 2102
f 2459 2366 2534
f 2412 2618 2672
f 2617 2532 2455
f 2491 2572 2454
f 2454 2572 2411
f 2316 2411 2571
f 2667 2725 2764
f 2764 2827 2569
f 2616 2879 2487
f 2527 2932 2763
f 2825 3364 3475
f 4290 4062 3728
f 3727 4061 4518
f 4288 4287 3473
f 3680 4376 4060
f 4211 4282 4210
f 3777 4516 4150
f 3776 4370 3831
f 3831 4278 3724
f 4209 4276 4208
f 4276 4275 4208
f 4208 4275 4207
f 4205 4057 4204
f 4510 4509 3987
f 4360 4274 4054
f 4358 3922 3926
f 3926 3922 3828
f 3921 3920 4272
f 3919 4272 4132
f 3827 4505 3672
f 3769 3918 4046
f 4045 3916 3456
f 3863 3621 3717
f 3253 3397 3348
f 3252 3513 3251
f 3249 3180 2794
f 2513 2698 2512
f 1931 2075 1850
f 2294 1929 1849
f 1997 1972 1686
f 1971 1890 1577
f 1577 1890 1728
f 1527 1889 1453
f 1453 1889 1785
f 1386 1526 1727
f 1489 1653 1385
f 1385 1653 1722
f 1879 2196 1650
f 1877 1876 1842
f 1876 1927 1842
f 2063 1875 1645
f 1645 1926 1715
f 1926 1840 1715
f 1840 1839 1715
f 1715 1839 1609
f 1570 2059 1781
f 2105 2192 1873
f 2104 2414 2056
f 1671 2103 2150
f 1872 1924 2413
f 1923 2102 2191
f 2100 2366 2278
f 2412 2672 2457
f 2457 2672 2318
f 2456 2533 2237
f 2533 2670 2237
f 2670 2274 2237
f 2532 2531 2491
f 2316 2571 2410
f 2410 2571 2528
f 2571 2570 2528
f 2724 2765 2723
f 2722 2765 2721
f 3415 3837 3086
f 3086 3837 3783
f 3783 3837 3780
f 3837 3873 3780
f 4063 3728 3414
f 3682 3834 3872
f 3929 4152 3579
f 4152 4061 3727
f 3727 4288 3473
f 3989 3833 4286
f 4211 4210 4151
f 3870 4150 4280
f 4209 4208 4149
f 4148 4206 4058
f 4206 4145 4147
f 3627 3678 4146
f 4206 4363 4145
f 3774 4205 4143
f 4205 4204 4143
f 4144 4203 4142
f 4204 4202 4143
f 4202 4201 4143
f 4360 4054 3987
f 4140 4200 4138
f 4137 4199 3722
f 3867 4198 4134
f 4359 4197 4198
f 4198 4197 3773
f 4273 4196 4049
f 3921 4272 3771
f 3771 4272 3919
f 4195 4194 4133
f 4132 4272 3827
f 3672 4355 4131
f 4131 4437 3770
f 4130 4671 3304
f 3767 3918 4588
f 3979 3980 4045
f 3718 4128 3717
f 3566 3397 3253
f 3184 3252 3251
f 3183 3122 3182
f 3120 3119 3076
f 3034 3249 2794
f 2794 3180 3075
f 2793 3118 2554
f 2437 2513 2512
f 2512 2511 2390
f 2390 2389 2128
f 1787 2436 1893
f 1930 2294 1617
f 1654 1891 1971
f 1728 1890 1527
f 1453 1785 1417
f 1417 1785 1526
f 1653 1489 1684
f 1684 1489 1614
f 1613 1652 1967
f 1967 1880 1718
f 1718 1879 1677
f 1677 1879 1650
f 1676 1965 1815
f 1841 2063 1645
f 1781 1960 1780
f 1959 2057 1874
f 1672 2055 2018
f 2055 2416 2018
f 1923 2191 1711
f 1711 2191 2016
f 1834 2460 2101
f 2015 2100 2099
f 2100 2278 2099
f 2277 2459 2458
f 2459 2534 2458
f 2458 2412 2365
f 2317 2276 2238
f 1956 2456 2275
f 2275 2456 2237
f 2532 2491 1868
f 2411 2316 2093
f 2530 2529 2490
f 2409 2488 2667
f 2488 2725 2667
f 2666 2723 2665
f 2665 2722 2664
f 2766 2667 2764
f 2825 3531 3364
f 3268 3475 3634
f 3634 3784 3087
f 3836 3835 3781
f 3872 3930 3633
f 3681 3930 3779
f 3579 4152 3474
f 3989 4286 4446
f 3777 4150 3725
f 4058 4206 4147
f 3627 4146 3988
f 4145 4363 4444
f 3988 4442 4205
f 3830 4141 4361
f 4140 4138 4056
f 4138 4139 4056
f 4056 4139 4055
f 4139 4138 4053
f 4274 4137 3722
f 4136 4135 4051
f 4051 4135 4050
f 4135 4134 4050
f 3922 4273 4049
f 3919 4132 3827
f 3304 4671 3864
f 4671 3981 3864
f 3981 4354 4047
f 4354 4503 4047
f 3767 4046 3918
f 4588 4129 3767
f 3767 4129 3980
f 3622 3915 3668
f 3621 3716 3566
f 3348 3184 2800
f 3184 3251 3036
f 3122 3183 3121
f 3183 3182 3121
f 2913 3824 3035
f 3035 3824 2974
f 3824 3346 2974
f 3346 3303 2974
f 2700 3179 2793
f 2793 2554 2699
f 2340 2513 2437
f 1850 2075 1787
f 1617 2294 1849
f 1929 1892 1686
f 1972 1997 1390
f 1390 1997 1654
f 1887 1726 1727
f 1576 1725 1615
f 1451 1615 1653
f 1724 1723 1683
f 1385 1722 1682
f 1722 1575 1681
f 1575 1721 1413
f 1721 1755 1450
f 1449 1782 1652
f 1611 1814 1841
f 1609 1813 2153
f 2463 1644 2153
f 1779 2055 1838
f 2054 2461 1871
f 2016 2460 1834
f 1834 2101 1773
f 2458 2618 2412
f 2412 2457 2318
f 2238 2456 1956
f 2491 2454 1868
f 1868 2454 2411
f 2410 2528 2570
f 2570 2571 2669
f 2570 2669 2489
f 2667 2766 2409
f 2269 2569 2616
f 2614 3206 2825
f 3086 3783 3780
f 3782 3781 3729
f 3873 4063 3780
f 3780 4063 3414
f 3728 3834 3682
f 3682 3872 3530
f 3530 3872 3633
f 3633 3930 3681
f 3680 4060 3726
f 3679 4060 4375
f 4375 3871 3679
f 3833 3989 3990
f 3468 3777 3631
f 3725 4150 3870
f 3630 3832 3776
f 4148 4058 4147
f 3774 3869 3677
f 3869 3774 4143
f 3868 4361 4510
f 4054 4274 3987
f 4052 4051 3986
f 4134 4198 3721
f 3926 3828 3985
f 3922 4049 3518
f 3673 4048 3921
f 3921 4048 3920
f 3770 4437 3304
f 4437 4436 3304
f 4436 4130 3304
f 3864 3981 4047
f 3979 4045 3917
f 3917 4045 3456
f 3915 3718 3399
f 3455 3717 3621
f 3621 3566 3455
f 2975 3253 3348
f 2975 3348 2800
f 3184 2799 2800
f 2799 3184 3036
f 3123 3078 3077
f 2974 3303 2973
f 3181 3120 2856
f 2856 3120 3076
f 2794 3075 2972
f 1849 1929 1686
f 1417 1526 1336
f 1616 1727 1726
f 1726 1685 1490
f 1490 1685 1415
f 1685 1576 1334
f 1653 1684 1614
f 1722 1681 1682
f 1681 1575 1682
f 1384 1575 1413
f 1967 1718 1522
f 1676 1815 1754
f 1611 1841 1645
f 1570 1781 1222
f 1781 1780 1569
f 1752 1959 1874
f 1873 2019 1714
f 2055 1672 1812
f 1872 2413 1871
f 2413 2054 1871
f 1871 2461 1870
f 1923 1870 2102
f 2148 2190 2147
f 2189 2188 2147
f 1805 2366 2459
f 2277 2458 2365
f 2053 2365 2412
f 1957 2412 2318
f 2318 2672 2276
f 2238 1956 2145
f 2274 2455 2273
f 1868 2411 2093
f 2489 2668 2272
f 2272 2668 2488
f 2409 2766 2764
f 2487 2269 2616
f 2487 2615 2527
f 2527 2763 2568
f 2763 2931 2486
f 2486 2931 2614
f 2825 3475 2612
f 2612 3475 3318
f 3318 3475 3268
f 3087 3268 3634
f 3087 3784 3415
f 4152 3727 3474
f 3473 4287 3680
f 3726 4060 3679
f 3871 4059 3576
f 3576 4059 3991
f 3470 3991 3928
f 3990 3989 3777
f 3775 3831 3724
f 3927 4148 4147
f 3988 4205 3627
f 3830 4361 3868
f 3867 4134 3721
f 3721 4198 3773
f 3926 3985 3772
f 3985 3828 3772
f 3828 3982 3772
f 3984 3983 3925
f 3399 3718 3186
f 3186 3718 3398
f 3078 3123 3036
f 3123 3077 3036
f 2795 2701 3181
f 3119 3034 2794
f 2972 3343 3179
f 1817 1787 1786
f 1787 1893 1786
f 1654 1971 1577
f 1386 1727 1416
f 1384 1682 1575
f 1522 1718 1719
f 1717 1753 1716
f 1610 1611 1645
f 1521 1609 2153
f 1380 1780 1752
f 1376 1874 1607
f 1874 2105 1607
f 2105 1873 1607
f 2015 2099 2278
f 2149 2148 2098
f 2278 2366 1805
f 1805 2459 2014
f 2097 2459 2277
f 2145 2276 2317
f 2237 2274 2187
f 2455 2532 2273
f 2316 2410 2186
f 2410 2570 2186
f 2570 2489 2143
f 2143 2489 2272
f 2272 2488 2364
f 2488 2409 2364
f 2764 2569 2269
f 2663 2614 2825
f 3681 3779 3632
f 3632 3929 3579
f 3778 3679 3871
f 3470 3928 3833
f 3469 3833 3990
f 3631 3777 3725
f 4280 3832 3263
f 3627 4205 3774
f 3987 4274 3722
f 4199 4507 3519
f 3773 3926 3675
f 3866 3925 3865
f 3924 3923 3865
f 3982 3828 3829
f 3458 3828 3922
f 2921 3922 3257
f 3257 3922 3518
f 3518 4049 3673
f 3919 3827 3305
f 3864 4047 3826
f 3515 4046 3567
f 3980 3979 3767
f 3767 3979 3351
f 3456 3916 3622
f 3718 3717 3455
f 2915 3566 3253
f 3076 3119 2473
f 3119 2794 2746
f 2794 2972 2746
f 2972 3179 2700
f 1730 2390 2128
f 1932 1895 2164
f 1931 1894 1932
f 1416 1727 1452
f 1727 1616 1452
f 1616 1726 1452
f 1452 1726 1490
f 1576 1615 1451
f 1449 1652 1613
f 1448 1967 1522
f 1680 1720 1678
f 1719 1718 1677
f 1650 1676 1612
f 1612 1676 1754
f 1717 1716 1673
f 1716 1753 1673
f 1521 2153 1644
f 1607 1873 1714
f 1606 2055 1812
f 1672 2018 1958
f 2150 2017 1837
f 1711 2016 1834
f 1773 2101 1806
f 2101 2100 2015
f 2014 2459 2097
f 2277 2365 2097
f 1957 2318 2276
f 2276 2145 2146
f 2274 2273 1832
f 2764 2269 2409
f 2269 2487 2235
f 2485 2486 2614
f 2184 2614 2663
f 2823 3318 3317
f 3086 3780 2991
f 3580 3530 3633
f 2989 3633 3681
f 3474 3727 3361
f 3870 4280 3725
f 3725 4280 3263
f 3629 3776 3831
f 3987 3722 3196
f 4507 3867 3519
f 3519 3867 3721
f 3675 3926 3772
f 3772 3982 3829
f 3458 3922 2921
f 3518 3673 3307
f 3673 3921 3771
f 3351 3979 3719
f 3719 3979 3917
f 3668 3915 3349
f 3349 3915 3399
f 3398 3718 3455
f 2799 3036 2914
f 2913 3035 2649
f 3035 2974 2514
f 2974 2973 2701
f 2795 3181 2856
f 2473 3119 2746
f 2554 2599 2342
f 2599 2340 2341
f 2205 2437 2512
f 2512 2390 2165
f 1934 2390 1730
f 2128 2164 1895
f 2164 1931 1932
f 1689 1931 1850
f 1454 1787 1817
f 1686 1972 1390
f 1577 1728 1527
f 1415 1685 1334
f 1334 1576 1451
f 1414 1653 1614
f 1721 1450 1279
f 1613 1967 1448
f 1680 1679 1651
f 1612 1754 1649
f 1754 1675 1649
f 1649 1675 1648
f 1675 1754 1648
f 1648 1754 1412
f 1647 1674 1646
f 1645 1715 1609
f 1447 1609 1382
f 1380 1752 1874
f 2019 1779 1751
f 1779 1838 1606
f 1838 2055 1606
f 1806 2101 2015
f 1957 2276 2051
f 2051 2276 2146
f 2145 2317 2238
f 2275 2237 1956
f 2187 2274 1832
f 2093 2316 2186
f 2485 2614 2184
f 3318 3268 3317
f 3728 3682 3414
f 3681 3632 3529
f 3470 3576 3991
f 3629 3831 3775
f 3522 3677 3869
f 3463 3830 3868
f 4510 3987 3676
f 3574 3987 3196
f 3827 3672 3305
f 3672 4131 3720
f 3720 4131 3457
f 3569 3770 3304
f 3864 3826 3768
f 3826 4047 3768
f 4046 3767 3567
f 3567 3767 3351
f 2602 2649 3035
f 2557 3035 2514
f 2165 2390 1934
f 1894 1931 1578
f 1689 1850 1787
f 1817 1786 1687
f 1528 1686 1390
f 1527 1453 1577
f 1452 1490 1491
f 1525 1524 1493
f 1493 1524 1492
f 1491 1490 1523
f 1523 1490 1335
f 1451 1653 1414
f 1450 1782 1449
f 1332 1449 1613
f 1488 1613 1448
f 1719 1677 1522
f 1677 1650 1306
f 1650 1612 1306
f 1612 1649 1412
f 1649 1648 1412
f 1610 1645 1574
f 1608 1609 1447
f 1382 1609 1521
f 1326 1644 1570
f 1222 1781 1381
f 1380 1569 1780
f 1380 1874 1376
f 1713 1714 2019
f 1605 1672 1958
f 2017 1924 1837
f 1712 1872 1871
f 1870 1923 1604
f 1806 2015 2278
f 2145 1956 1802
f 1956 2237 1869
f 2186 2570 2048
f 2527 1952 2487
f 3205 3270 3269
f 3316 3363 3315
f 2992 3415 3086
f 3362 3780 3414
f 3580 3633 3413
f 3413 3633 2989
f 3632 3579 3529
f 3361 3727 3473
f 3472 3726 3679
f 3778 3871 3576
f 3470 3833 3469
f 3469 3990 3777
f 3263 3832 3630
f 3630 3776 3629
f 3724 4278 3359
f 3774 3677 3627
f 3723 3522 3869
f 3196 3722 3357
f 3722 4199 3519
f 3573 3721 3356
f 3721 3773 3356
f 3675 3772 3829
f 3829 3828 3458
f 3306 3771 3919
f 4131 3770 3457
f 3190 3770 3569
f 3671 3769 4046
f 3351 3719 3917
f 3622 3668 3349
f 2797 2798 2796
f 2972 2700 2746
f 2555 2700 2793
f 2793 2699 2648
f 2699 2554 2648
f 2340 2437 2205
f 1617 1849 1688
f 1849 1686 1528
f 1389 1390 1654
f 1336 1526 1386
f 1336 1386 1416
f 1523 1416 1452
f 1452 1491 1523
f 1385 1682 1384
f 1413 1721 1279
f 1279 1450 1449
f 1612 1412 1306
f 1383 1611 1327
f 1611 1610 1327
f 1327 1610 1574
f 1572 1573 1571
f 1574 1645 1447
f 1609 1608 1645
f 1645 1608 1447
f 1326 1570 1222
f 1482 1381 1781
f 1411 1569 1443
f 1713 2019 1751
f 1606 1812 1672
f 1671 2150 1837
f 1924 1872 1837
f 1837 1872 1712
f 1871 1870 1835
f 1604 1923 1711
f 2053 2412 1922
f 1922 2412 1957
f 2010 2145 1921
f 2143 2272 1955
f 2272 2364 2185
f 2185 2409 2313
f 2313 2409 2363
f 2409 2269 2363
f 2142 2527 2568
f 2486 2485 2763
f 2763 2485 2184
f 2663 2825 2612
f 3267 3314 3266
f 3202 3268 2992
f 3087 3415 2992
f 2991 2930 3086
f 2991 3780 3362
f 2989 3681 3529
f 3680 3726 3472
f 3469 3777 3312
f 3312 3777 3468
f 3468 3631 3411
f 3629 3775 3134
f 3775 3724 3134
f 3678 3627 3311
f 3868 4510 3676
f 3676 3987 3574
f 3519 3721 3407
f 3356 3773 3675
f 3673 3771 3306
f 3306 3919 3305
f 3353 3672 3457
f 3672 3720 3457
f 3457 3770 3190
f 3864 3669 3670
f 3864 3768 3669
f 3671 4046 3515
f 3456 3622 3349
f 3455 3566 2915
f 2915 3253 3037
f 2798 2797 2914
f 2797 2796 2914
f 2974 2701 2600
f 2795 2856 2600
f 2556 2856 3076
f 2793 2648 2295
f 2648 2554 2295
f 2342 2599 2341
f 2341 2340 2206
f 2205 2512 2165
f 1578 1931 1689
f 1787 1454 1689
f 1389 1654 1577
f 1229 1577 1453
f 1148 1453 1387
f 1453 1417 1387
f 1334 1451 1414
f 1311 1384 1413
f 1188 1413 1279
f 1279 1449 1254
f 1254 1449 1332
f 1306 1522 1677
f 1521 1644 1326
f 1519 1520 1518
f 1482 1781 1411
f 1781 1569 1411
f 1443 1569 1380
f 1219 1380 1376
f 1751 1779 1713
f 1713 1779 1606
f 1871 1777 1567
f 1808 1810 1807
f 1810 1836 1807
f 1835 1870 1774
f 1604 1774 1870
f 1957 2051 1984
f 2146 2145 2051
f 2051 2145 2010
f 2273 2532 1868
f 1868 2093 2008
f 2096 2144 2095
f 2050 2008 2093
f 1983 2093 2186
f 2364 2409 2185
f 2235 2487 1952
f 1952 2527 2142
f 2046 2568 2763
f 3317 3268 2823
f 2823 3268 3202
f 3204 3267 3203
f 3267 3266 3203
f 3682 3530 3085
f 3530 3580 3413
f 3529 3579 3412
f 3412 3579 3474
f 3472 3679 3360
f 3679 3778 3576
f 3631 3725 3263
f 3134 3724 3467
f 3724 3575 3467
f 3311 3627 3628
f 3627 3677 3628
f 3677 3522 3628
f 3868 3676 3574
f 3722 3519 3357
f 3721 3573 3407
f 3625 3626 3624
f 3626 3674 3624
f 3624 3674 3623
f 3571 3675 3194
f 3675 3829 3194
f 3307 3673 3306
f 3305 3672 3353
f 3514 3515 3567
f 3079 3455 2915
f 3037 3253 2975
f 2799 2914 2442
f 2602 3035 2557
f 2701 2795 2600
f 2250 2746 2700
f 2250 2700 2555
f 2206 2340 2205
f 1454 1817 1530
f 1530 1817 1418
f 1617 1688 1363
f 1494 1577 1229
f 1335 1415 1334
f 1614 1489 1385
f 1068 1385 1226
f 1278 1279 1254
f 1412 1754 1487
f 1327 1574 1447
f 1382 1521 1326
f 1483 1519 1481
f 1519 1518 1481
f 1958 1811 1442
f 1712 1871 1837
f 1837 1871 1567
f 1810 1809 1778
f 1776 1809 1775
f 1808 1807 1775
f 1777 1871 1774
f 1871 1835 1774
f 1806 2278 1805
f 1804 1805 2014
f 2097 1643 2014
f 2237 2187 1832
f 2096 2095 2049
f 2095 2094 2049
f 2050 2093 2007
f 1983 2186 1867
f 1867 2186 1747
f 2048 2570 2143
f 2315 2314 2271
f 2271 2314 2270
f 2142 2568 1982
f 1982 2568 2046
f 2046 2763 2184
f 2612 3318 2823
f 2823 3202 2992
f 2992 3268 3087
f 3362 3414 2929
f 3085 3530 3413
f 3473 3680 3136
f 3680 3472 3136
f 2815 3411 3631
f 3629 3262 3630
f 3463 3868 3574
f 3407 3573 3356
f 3356 3675 3571
f 3572 3626 3570
f 3041 3305 3353
f 3304 3864 3568
f 3864 3670 3568
f 2863 3671 3515
f 3400 3515 3514
f 3352 3567 3081
f 3567 3351 3081
f 3349 3399 3186
f 3186 3398 3185
f 3124 3398 3455
f 2800 2799 2442
f 2602 2557 2601
f 2557 2514 2296
f 2343 2856 2556
f 2295 2554 2342
f 2204 2205 2076
f 2205 2165 2076
f 2165 1934 2204
f 1932 1894 1578
f 1817 1687 983
f 983 1687 1529
f 1688 1849 1528
f 1688 1528 1390
f 1389 1577 1494
f 1334 1414 1280
f 1614 1385 1068
f 1385 1384 1311
f 1613 1488 1332
f 1446 1486 1445
f 1486 1485 1445
f 1445 1485 1444
f 1484 1222 1381
f 1482 1411 1381
f 1714 1713 1304
f 1713 1606 1517
f 1606 1672 1517
f 1567 1777 1774
f 1773 1806 1438
f 1438 1806 1710
f 1710 1806 1516
f 2014 1643 1709
f 2365 2053 1922
f 2013 2052 2012
f 2012 2052 2011
f 1984 2051 1921
f 1921 2145 1802
f 1832 2273 2009
f 2007 2093 1983
f 1955 2272 2185
f 2271 2270 2236
f 2269 2235 2363
f 2184 2663 2312
f 2720 2992 3086
f 3414 3682 3085
f 3529 3412 2988
f 3412 3474 3361
f 3578 3577 3526
f 3526 3577 3525
f 3360 3679 3527
f 3527 3679 3135
f 3679 3576 3470
f 2815 3631 2981
f 3134 3467 3575
f 3522 3723 3520
f 3571 3194 3356
f 3356 3194 3404
f 3194 3829 3458
f 3190 3569 3304
f 3517 3304 3516
f 3304 3568 3516
f 2863 3515 3254
f 3514 3567 3352
f 3187 3351 3456
f 3351 3917 3456
f 2858 3186 3185
f 3185 3398 3124
f 3037 2975 2703
f 2975 2800 2702
f 2474 2649 2602
f 2974 2600 2514
f 2555 2793 2295
f 1933 1730 2128
f 2128 1895 1729
f 1895 1932 1756
f 1578 1689 1337
f 1229 1453 1148
f 1281 1416 1523
f 1490 1415 1335
f 1414 1614 1068
f 1306 1412 1487
f 1327 1447 1382
f 1222 1484 1182
f 1484 1381 1182
f 1713 1517 1304
f 1517 1672 1605
f 1605 1958 1442
f 1374 1604 1711
f 1711 1834 1566
f 1834 1773 1566
f 1514 1806 1805
f 1804 2014 1709
f 1643 2097 1922
f 2097 2365 1922
f 1957 1984 1750
f 2012 2011 1985
f 2051 2010 1921
f 1832 2009 1669
f 2009 2273 1669
f 1868 2008 2007
f 2008 2050 2007
f 2048 2143 1955
f 2185 2313 2363
f 2141 2612 2824
f 2612 2823 2824
f 3414 3085 2929
f 3361 3473 2926
f 3360 3527 3135
f 3528 3526 3471
f 3265 3679 3470
f 3470 3469 3264
f 3263 3630 3410
f 3630 3262 3410
f 3262 3629 3134
f 3524 3523 3466
f 3628 3522 3130
f 3522 3520 3309
f 3465 3521 3464
f 3196 3357 3195
f 3460 3461 3459
f 3257 3518 3307
f 3353 3457 3256
f 3457 3190 3256
f 3189 3190 3304
f 3350 3456 3349
f 2600 2856 2343
f 2473 2746 2250
f 2206 2205 1733
f 2205 2204 1733
f 2204 2076 2165
f 2128 1729 1933
f 1689 1454 1531
f 1418 1817 983
f 1494 1229 1389
f 1387 1417 1336
f 1281 1523 1189
f 1523 1335 1116
f 1335 1334 1280
f 1226 1385 1067
f 1067 1385 1311
f 1328 1522 1306
f 1327 1276 1383
f 1063 1380 1219
f 1376 1607 1410
f 1607 1714 1409
f 1671 1837 1568
f 1439 1774 1604
f 1566 1773 1438
f 1833 1922 1957
f 1957 1750 1833
f 1750 1984 1921
f 1749 1772 1956
f 1772 1802 1956
f 1669 2273 1868
f 1867 2007 1983
f 1747 2186 1920
f 2047 2363 2235
f 2235 1952 2047
f 1915 2184 2312
f 2312 2663 1864
f 1864 2663 2613
f 2613 2663 2612
f 2526 2720 3086
f 2990 3362 2822
f 3085 3413 3084
f 3413 2989 3084
f 2989 3529 2524
f 2988 3412 2987
f 3264 3469 3312
f 3312 3468 3411
f 2981 3631 3263
f 3575 3724 3045
f 3045 3724 3359
f 3359 4278 3409
f 3130 3522 3309
f 3465 3464 3408
f 3358 3463 3574
f 2865 3519 3407
f 3042 3407 3356
f 3462 3461 3405
f 3405 3460 3403
f 3460 3459 3403
f 3403 3459 3402
f 3194 3458 2921
f 2921 3257 3193
f 3192 3257 3307
f 3304 3517 3401
f 3515 3400 3254
f 3187 3456 3350
f 3038 3185 3124
f 2915 3037 2703
f 2702 2800 2442
f 2474 2602 2439
f 2601 2557 2296
f 2296 2514 2438
f 2514 2600 2343
f 2343 2556 2391
f 2391 2556 3076
f 3076 2473 2077
f 2129 2295 2342
f 1729 1895 1756
f 1688 1390 1389
f 1387 1336 1255
f 1282 1416 1281
f 1280 1414 1068
f 1188 1278 1254
f 1333 1225 1254
f 1332 1488 1448
f 1448 1522 1328
f 1327 1382 1275
f 1382 1326 1253
f 1381 1411 1443
f 1567 1774 1439
f 1374 1711 1566
f 1516 1806 1514
f 1805 1804 1514
f 1749 1956 1869
f 2186 2048 1920
f 1866 1955 1708
f 1955 2185 1708
f 2185 2047 1708
f 2363 2047 2185
f 2613 2612 2141
f 2182 2992 2720
f 2526 3086 2930
f 2930 2991 2990
f 2991 3362 2990
f 2524 3529 2988
f 2987 3412 3361
f 2926 3473 3136
f 3472 3360 3136
f 2817 3360 3135
f 3679 3265 3135
f 3312 3411 3264
f 2864 3042 3356
f 3356 3404 2864
f 3406 3405 3355
f 3355 3405 3354
f 3128 3194 2921
f 3192 3307 3306
f 3254 3400 3125
f 3125 3400 3514
f 3350 3349 3080
f 3349 3186 2802
f 2478 2747 3185
f 3038 3124 3455
f 3455 3079 3038
f 3079 2915 3038
f 2442 2914 2515
f 2602 2601 2439
f 2391 3076 2077
f 1733 2204 1851
f 1731 2204 1934
f 1756 1932 1578
f 1337 1689 1531
f 1312 1418 983
f 1388 1389 1229
f 1148 1387 1255
f 1336 1416 1282
f 1189 1523 1116
f 1311 1413 1188
f 1279 1278 1188
f 1188 1254 1147
f 1254 1332 1333
f 1333 1332 1307
f 1064 1381 1443
f 1443 1380 1063
f 1061 1219 1325
f 1378 1379 1377
f 1325 1219 1410
f 1410 1219 1376
f 1749 2237 1832
f 1920 2048 1435
f 1746 2047 1952
f 2046 1952 1982
f 1952 2142 1982
f 2046 2184 1915
f 2141 2824 2823
f 2566 2992 2182
f 2987 3361 3137
f 3136 3360 3313
f 3313 3360 2817
f 3265 3470 3264
f 3134 3575 3045
f 3359 3409 3310
f 3309 3520 3308
f 2978 3358 3574
f 3197 3574 3196
f 3357 3519 2520
f 2864 3404 3194
f 3041 3306 3305
f 3353 3191 3041
f 3191 3353 2807
f 2804 3254 2977
f 3514 2705 3188
f 3514 3352 2705
f 3351 3187 3081
f 3187 3350 3080
f 2478 3185 2857
f 2857 3185 3038
f 3038 2915 2801
f 2703 2975 2650
f 2650 2975 2702
f 2474 2439 2298
f 2167 2601 2297
f 2166 2295 2129
f 2342 2341 2129
f 1851 2204 1731
f 1934 1730 1731
f 1688 1389 1388
f 1228 1148 1255
f 1015 1335 1280
f 1015 1280 1082
f 1068 1226 1067
f 1147 1254 1225
f 1331 1330 1310
f 1310 1330 1309
f 1309 1330 1308
f 1330 1329 1308
f 1307 1332 1448
f 1448 1328 1306
f 1276 1327 1305
f 1305 1327 1275
f 1379 1378 1325
f 1361 1362 1360
f 1378 1377 1360
f 1322 1607 1409
f 1409 1714 1322
f 1438 1710 1516
f 1513 1643 1803
f 1803 1643 1833
f 1643 1922 1833
f 1561 1833 1750
f 1749 1869 2237
f 1749 1832 1801
f 1669 1801 1832
f 1669 1868 2007
f 1831 1747 1435
f 1747 1920 1435
f 1435 2048 1800
f 1915 2312 1864
f 2823 2992 2566
f 2822 3362 2929
f 2761 3085 3084
f 3137 3361 2926
f 3313 2817 3136
f 3310 3045 3261
f 3045 3359 3261
f 3131 3311 3628
f 3130 3309 3199
f 2978 3574 3197
f 2520 3519 2865
f 2865 3407 3259
f 3259 3407 3042
f 2864 3194 3258
f 3192 3306 2706
f 2706 3306 3041
f 3189 3304 3255
f 3304 3401 3255
f 2705 3352 3081
f 2862 3187 3080
f 2802 3186 2858
f 2439 2601 2167
f 2438 2514 2343
f 2077 2473 2250
f 2341 2206 2129
f 1312 1530 1418
f 983 1529 1040
f 899 1363 1688
f 1283 1688 1388
f 1388 1229 1283
f 1148 1228 1084
f 1255 1336 1117
f 1336 1282 1117
f 959 1281 1189
f 1082 1280 1068
f 1311 1188 958
f 1066 1188 1147
f 1147 1225 1187
f 1307 1448 981
f 1448 1306 1039
f 1277 1039 1487
f 1039 1306 1487
f 1275 1382 1253
f 1064 1443 1063
f 1362 1361 1324
f 1361 1360 1323
f 1322 1714 1304
f 1303 1304 1517
f 1303 1517 1605
f 1176 1605 1375
f 1175 1605 1442
f 1568 1837 1480
f 1567 1439 1407
f 1709 1643 1404
f 1803 1833 1561
f 2007 1867 1748
f 1867 1747 1748
f 1800 2048 1955
f 1708 2047 1916
f 1915 1864 1981
f 2567 2141 2823
f 2822 2930 2990
f 2875 3084 2989
f 2873 3264 3411
f 3263 3410 2981
f 3046 3262 3134
f 3261 3359 3310
f 3131 3628 3201
f 3201 3628 3130
f 3200 3260 3198
f 3260 3199 3198
f 3309 3308 3199
f 3196 3195 2656
f 3259 3042 2865
f 3193 3257 2808
f 2808 3257 2707
f 2707 3257 3127
f 2807 3353 2561
f 3353 3256 2561
f 3126 3256 3190
f 2977 3254 3125
f 3125 3514 3188
f 2802 3080 3349
f 2801 2915 2703
f 2476 2702 2442
f 2297 2601 2296
f 1999 2438 2343
f 2250 2555 2077
f 2077 2555 2295
f 2129 2206 1998
f 1337 1531 1530
f 1531 1454 1530
f 899 1688 1119
f 1229 1148 1256
f 1192 1227 1191
f 1191 1227 1190
f 1255 1084 1228
f 1083 1281 959
f 1335 1015 1116
f 1147 1187 1066
f 1066 1187 1225
f 1333 1307 981
f 981 1448 1039
f 1224 1012 1276
f 1305 1275 1224
f 1253 1326 1222
f 1061 1325 1410
f 1303 1605 1176
f 1375 1605 1175
f 1480 1837 1567
f 1374 1566 1438
f 1406 1438 1516
f 1373 1405 1516
f 1516 1514 1515
f 1804 1709 1404
f 1669 2007 1559
f 1800 1955 1866
f 1919 1954 1918
f 1954 1953 1917
f 1668 2046 1915
f 2234 2141 2183
f 2929 3085 2761
f 2524 2988 2719
f 2759 3137 2926
f 2926 3136 2986
f 3135 3265 2816
f 3265 3264 2610
f 2981 3410 3262
f 3046 3134 3045
f 3045 3310 3132
f 3258 3194 3128
f 3257 3192 2706
f 3041 3191 2807
f 2561 3256 2920
f 2920 3256 3126
f 3190 3189 3255
f 2977 3125 2652
f 3081 3187 2862
f 3185 2747 2858
f 3038 2801 2703
f 2168 2439 2167
f 2343 2344 1999
f 2077 2295 2166
f 2028 2166 2129
f 2028 2129 1896
f 1998 2206 1733
f 1757 1851 1731
f 1756 1578 1285
f 1337 1530 1089
f 1284 1312 983
f 894 1068 1067
f 1067 1311 958
f 1188 1066 835
f 1065 1333 981
f 1276 1305 1224
f 1224 1275 1145
f 1253 1182 1381
f 1251 1252 1250
f 1062 1219 1061
f 1115 1607 1322
f 1322 1304 1115
f 1408 1442 1441
f 1442 1811 1441
f 1480 1567 1441
f 1441 1567 1440
f 1439 1604 1374
f 1374 1438 1272
f 1516 1515 1373
f 1515 1514 1373
f 1373 1514 1479
f 1514 1804 1479
f 1921 1802 1772
f 1437 1772 1749
f 1600 2007 1748
f 1747 1831 1436
f 1708 1916 1638
f 1918 1917 1865
f 1916 2047 1638
f 1746 1952 2046
f 1864 2613 2141
f 2141 2567 2183
f 2567 2823 2183
f 2183 2823 2566
f 2361 2526 2930
f 2875 2989 2524
f 2719 2988 2759
f 2988 2987 2759
f 2817 3135 3047
f 3135 2816 3047
f 2755 3411 2815
f 3133 2608 2714
f 2923 3131 3201
f 3083 3129 3082
f 2978 3197 2749
f 2749 3197 3196
f 3195 3357 2520
f 2921 3193 2808
f 2707 3127 2706
f 3127 3257 2706
f 2653 3041 2807
f 2920 3126 3255
f 3126 3190 3255
f 2560 2863 3254
f 3039 3080 2802
f 2478 2857 3038
f 3038 2703 2558
f 2441 2475 2440
f 2167 2297 1788
f 2297 2296 1788
f 2296 2438 1819
f 2344 2343 2391
f 2129 1998 1896
f 1730 1933 1619
f 1933 1729 1495
f 1729 1756 1495
f 1495 1756 1618
f 1578 1337 1285
f 1530 1312 1089
f 1119 1688 1085
f 1688 1283 1085
f 1229 1256 1257
f 1256 1148 1257
f 1118 1148 1084
f 1117 1282 1281
f 1189 1116 959
f 959 1116 924
f 923 1068 894
f 1185 1223 1183
f 1275 1253 1145
f 1145 1253 1184
f 1253 1222 1182
f 1381 1064 1253
f 1064 1180 956
f 1252 1251 1221
f 1221 1251 1220
f 1063 1219 1062
f 1061 1410 1607
f 1010 1304 1303
f 1441 1440 1302
f 1302 1440 1567
f 1438 1406 1272
f 1406 1516 1405
f 1750 1921 1772
f 1749 1801 1670
f 1300 1669 1559
f 1600 1748 1747
f 1638 2047 1746
f 2362 2182 2720
f 2231 2822 1980
f 2929 2928 2822
f 2878 2927 2877
f 2761 3084 2760
f 2760 3084 2875
f 2987 3137 2759
f 2759 2926 2449
f 2611 2817 3047
f 2610 3264 2873
f 2924 3045 3132
f 3201 3130 3043
f 3130 3199 3043
f 3083 3082 3044
f 2749 3196 2656
f 2711 2864 3258
f 2447 2920 3040
f 2920 3255 3040
f 2560 3254 2748
f 2748 3254 2804
f 3125 3188 2803
f 2705 3081 2349
f 2349 3081 2862
f 2862 3080 3039
f 2442 2515 2394
f 2475 2441 2394
f 2441 2440 2394
f 2346 2393 2345
f 2393 2392 2345
f 1999 2344 2391
f 1758 2391 2131
f 1088 1312 1284
f 1040 1529 1193
f 1283 1229 1085
f 1255 1117 1016
f 1066 1225 1333
f 1186 1185 1146
f 956 1180 920
f 1221 1220 1181
f 1061 1607 1115
f 1115 1304 1249
f 1302 1567 1301
f 1567 1407 1301
f 1479 1804 1404
f 1559 2007 1600
f 1747 1436 1600
f 1435 1800 1270
f 1746 2046 1598
f 2821 2878 2820
f 2878 2877 2820
f 2820 2877 2819
f 2877 2876 2819
f 2761 2760 2311
f 2926 2986 2611
f 2817 2986 3136
f 2611 3047 2984
f 2984 3047 2816
f 2816 3265 2610
f 2873 3411 2755
f 2814 2981 3262
f 3046 3045 2924
f 2980 3201 2979
f 2979 3201 2922
f 2808 3128 2921
f 2706 3041 2653
f 2862 3039 2861
f 2919 2976 2918
f 2917 2918 2916
f 2918 2976 2916
f 2478 3038 2558
f 2558 2703 2650
f 2298 2439 2347
f 2168 2167 1973
f 1973 2167 1788
f 1999 2391 1758
f 1818 2077 2130
f 2077 2166 2130
f 1732 1733 1757
f 1733 1851 1757
f 1757 1731 1730
f 1619 1933 1495
f 1391 1756 1285
f 1338 1337 1258
f 1258 1337 1090
f 1337 1089 1090
f 1312 1088 1041
f 1085 1229 1257
f 1084 1255 948
f 1016 1117 1281
f 842 1116 1015
f 1015 1082 923
f 1082 1068 923
f 868 1067 958
f 1012 1224 957
f 1224 1145 1184
f 1064 956 1011
f 1180 1064 1063
f 1175 1442 1059
f 1439 1301 1407
f 1439 1374 1301
f 1217 1406 1373
f 1406 1405 1373
f 1513 1803 1642
f 1321 1803 1561
f 1750 1772 1437
f 1801 1669 1670
f 1670 1669 1300
f 1477 1800 1708
f 1800 1866 1708
f 1771 1915 1981
f 2045 1864 2141
f 2183 2566 2233
f 2822 2928 2360
f 2820 2819 2762
f 2819 2818 2762
f 2449 2926 2611
f 2611 2984 2874
f 2985 2983 2925
f 2983 2982 2925
f 2815 2981 2754
f 3201 2980 2751
f 3201 3043 2922
f 2658 2978 2749
f 2804 2977 2517
f 2652 3125 2803
f 2443 2862 2861
f 2919 2918 2860
f 2918 2917 2860
f 2860 2917 2859
f 2917 2916 2859
f 2861 3039 2443
f 3039 2802 2443
f 2747 2478 2651
f 2650 2702 2348
f 2476 2442 2394
f 2347 2439 2168
f 2000 2438 1999
f 1818 2391 2077
f 2130 2166 2028
f 1757 1730 1655
f 1655 1730 1619
f 1285 1337 1338
f 1089 1312 1041
f 1017 1148 1118
f 1118 1084 948
f 1255 1016 948
f 1281 1083 960
f 894 1067 711
f 958 1188 814
f 814 1188 835
f 1066 1333 1065
f 1039 1277 1081
f 1224 1184 957
f 1184 1253 957
f 920 1180 1063
f 1115 1249 1060
f 1249 1304 1060
f 1010 1303 1248
f 1248 1303 1176
f 1176 1375 1175
f 1272 1301 1374
f 1373 1479 1404
f 1643 1513 1404
f 1513 1642 1512
f 1512 1803 1321
f 1603 1641 1602
f 1602 1639 1601
f 1437 1749 1670
f 1270 1800 1477
f 1668 1915 1637
f 1858 2141 2234
f 2233 2566 2182
f 2361 2930 2822
f 2360 2928 2929
f 2929 2761 2662
f 2761 2311 2662
f 2611 2986 2817
f 2565 2611 2874
f 2984 2816 2874
f 2756 2816 2610
f 2814 3262 3046
f 3046 2924 3132
f 2714 2608 2564
f 2608 3133 2870
f 2868 2923 2869
f 2923 3201 2869
f 2869 3201 2868
f 2868 3201 2867
f 3201 2751 2867
f 2520 2865 2563
f 3258 3128 2808
f 2561 2920 2447
f 2517 2977 2559
f 2802 2858 2747
f 2651 2478 1940
f 2476 2394 2395
f 2347 2168 1973
f 1788 2296 2078
f 2078 2296 1819
f 2131 2391 1818
f 1818 2130 2028
f 1757 1655 1619
f 1618 1756 1391
f 1088 1284 983
f 899 1119 1086
f 1257 1148 1017
f 960 1083 959
f 711 1067 868
f 957 1253 944
f 979 1253 1064
f 1061 1115 978
f 1060 1304 1010
f 1059 1442 1274
f 1274 1442 1080
f 1442 1408 1080
f 1512 1642 1803
f 1563 1564 1562
f 1564 1565 1562
f 1478 1321 1561
f 1246 1437 1640
f 1602 1601 1560
f 1437 1670 1640
f 1358 1831 1435
f 1598 2046 1668
f 1771 1981 1770
f 1951 1864 2045
f 2362 2720 2408
f 1980 2822 2360
f 2407 2875 2524
f 2524 2719 2406
f 2719 2759 2406
f 2716 2874 2816
f 2610 2873 2755
f 2754 2981 2814
f 2814 3046 2752
f 2813 2872 2812
f 2872 2871 2811
f 2660 2608 2870
f 2810 2866 2809
f 2563 2865 3042
f 3042 2864 2711
f 2708 3258 2808
f 2447 3040 2805
f 2806 2863 2560
f 2803 3188 2705
f 2516 2862 2704
f 2802 2747 2651
f 2001 2702 2476
f 1788 2078 1819
f 1818 2028 1897
f 1757 1619 1455
f 1455 1619 1495
f 1338 1258 1090
f 1040 1193 1087
f 1016 1281 869
f 842 1015 789
f 1066 1065 813
f 1039 1081 1038
f 979 1064 1011
f 943 1115 1060
f 1010 1248 1178
f 1176 1175 1009
f 1302 1301 1273
f 1273 1301 1218
f 1008 1301 1272
f 1057 1373 1056
f 1056 1373 1404
f 1404 1513 1359
f 1513 1512 1359
f 1511 1563 1510
f 1478 1561 1142
f 1142 1561 1750
f 1246 1640 1670
f 1300 1559 1600
f 1477 1708 1638
f 1638 1746 1598
f 1637 1915 1771
f 2720 2526 2232
f 2929 2662 2360
f 2875 2407 2760
f 2309 2755 2357
f 2755 2815 2754
f 2812 2811 2753
f 2753 2811 2752
f 3046 3132 2752
f 2810 2809 2750
f 2656 3195 2520
f 2087 2707 2086
f 2806 2560 2302
f 2302 2560 2035
f 2748 2804 2517
f 2559 2977 2652
f 2652 2803 2299
f 2299 2803 2705
f 2862 2443 2704
f 2443 2802 2651
f 2298 2347 1899
f 1819 2438 2000
f 2028 1896 1897
f 1998 1733 1896
f 1733 1732 1496
f 1458 1757 1455
f 1120 1338 1090
f 983 1040 930
f 1040 1087 1069
f 929 1118 948
f 789 1015 923
f 868 958 814
f 546 1066 754
f 753 1065 731
f 981 1039 921
f 921 1039 1013
f 1039 1038 1013
f 866 944 1253
f 920 1063 617
f 1063 1062 834
f 1178 1248 1176
f 1406 1217 1272
f 1142 1750 1437
f 1437 1246 1142
f 1436 1831 1358
f 1358 1435 1299
f 1435 1270 1299
f 1558 1599 1638
f 1320 1598 1668
f 1770 1981 1864
f 1861 1864 1951
f 2045 2141 1858
f 2234 2183 2006
f 2232 2526 2361
f 2231 1980 2268
f 2565 2874 2716
f 2718 2758 2717
f 2758 2757 2717
f 2716 2816 2565
f 2610 2755 2309
f 2754 2609 2755
f 2305 2608 2660
f 2660 2870 2303
f 2751 2980 2979
f 2659 2750 2712
f 2399 2563 3042
f 2710 2711 3258
f 2807 2561 2653
f 2444 2559 2652
f 2478 2558 2252
f 2174 2252 2558
f 2348 2558 2477
f 2477 2558 2650
f 2348 2702 2001
f 2476 2395 2251
f 1819 2000 1935
f 1896 1733 1690
f 1690 1733 1496
f 1455 1495 1618
f 1285 1338 1120
f 1119 1085 1017
f 1085 1257 1017
f 1118 961 1017
f 896 869 925
f 869 1281 925
f 1281 960 925
f 960 959 925
f 925 959 842
f 959 924 842
f 813 1065 753
f 981 982 1065
f 1013 1014 946
f 946 1014 980
f 1014 1013 980
f 945 1012 957
f 957 944 752
f 1253 979 866
f 1061 834 1062
f 978 1115 943
f 1010 1178 977
f 1179 1177 1144
f 977 1178 1176
f 1056 1404 1359
f 1321 1478 1142
f 1477 1638 1599
f 1637 1771 1745
f 1745 1771 1770
f 1864 1861 1770
f 1863 1862 1830
f 1829 1862 1860
f 1860 1862 1859
f 2181 2408 2720
f 2822 2231 2361
f 2406 2759 2405
f 2449 2611 2482
f 2611 2565 2310
f 2756 2610 2309
f 2754 2814 2264
f 2264 2814 2715
f 2715 2814 2661
f 2814 2752 2661
f 2523 2714 2564
f 2223 2608 2305
f 2979 2713 2606
f 2659 2712 2658
f 2712 2750 2658
f 2657 2658 2656
f 2658 2749 2656
f 2656 2520 2657
f 2399 3042 2711
f 2655 2709 2654
f 3258 2708 2710
f 2808 2707 2708
f 2707 2706 2562
f 2518 2560 2748
f 2299 2705 2349
f 2443 2651 2211
f 2476 2251 1821
f 1974 2347 1973
f 2000 1999 1935
f 1758 2131 1692
f 2131 1818 1692
f 1458 1496 1757
f 1496 1732 1757
f 1391 1285 1194
f 1041 1088 901
f 930 1040 1069
f 819 1118 818
f 1118 929 818
f 929 948 1016
f 697 1016 869
f 842 924 1116
f 789 923 836
f 923 894 836
f 731 1065 922
f 922 1065 921
f 1065 982 921
f 982 981 921
f 617 1063 834
f 1060 1010 943
f 1218 1301 831
f 1301 1008 831
f 1008 1272 917
f 1007 1079 1373
f 1079 1217 1373
f 1247 1056 1359
f 1359 1512 1321
f 1300 1600 1212
f 1477 1599 1558
f 1558 1638 1403
f 1638 1598 1372
f 1745 1770 1637
f 1830 1829 1799
f 1799 1829 1798
f 1951 2045 1858
f 2362 2408 2181
f 2484 2525 2483
f 2453 1980 2360
f 2407 2524 2180
f 2759 2449 2405
f 2816 2756 2309
f 2754 2264 2609
f 2564 2608 2223
f 2607 2303 2870
f 2606 2713 2605
f 2713 2979 2605
f 2604 2655 2603
f 2086 2707 2562
f 2706 2653 2562
f 2653 2561 2562
f 2518 2748 2517
f 2444 2652 2299
f 2349 2862 2516
f 2211 2651 1976
f 2651 1940 1976
f 2174 2558 2348
f 2477 2650 2348
f 2170 2210 2169
f 2210 2209 2169
f 2209 2208 2169
f 2208 2207 2169
f 1819 1935 1734
f 1935 1999 1734
f 1734 1999 1758
f 1692 1818 1498
f 1818 1897 1691
f 1897 1896 1691
f 1287 1455 1618
f 1286 1391 1230
f 1230 1391 1194
f 1119 1017 961
f 818 929 1016
f 755 869 896
f 928 927 897
f 927 926 895
f 755 896 925
f 667 711 868
f 667 868 814
f 921 1013 947
f 866 979 956
f 979 1011 956
f 785 956 920
f 1061 978 681
f 1272 1217 1079
f 1214 1056 1247
f 1246 1670 1300
f 1600 1436 1358
f 1357 1477 1403
f 1477 1558 1403
f 1668 1637 1320
f 1799 1798 1769
f 1707 1858 1706
f 1858 2234 1706
f 2181 1950 2182
f 2232 2361 2140
f 2452 2484 2451
f 2451 2483 2450
f 2311 2760 2230
f 2230 2760 2407
f 2180 2524 2406
f 2482 2611 2310
f 2755 2609 2357
f 2523 2564 2481
f 2305 2660 2304
f 2660 2303 2304
f 2260 2658 2657
f 2218 2520 2563
f 2710 2708 2711
f 2447 2562 2561
f 2035 2560 2351
f 2351 2560 2518
f 2210 2170 2171
f 1899 2347 2079
f 1498 1818 1691
f 1194 1285 1120
f 1090 1089 793
f 1086 1119 898
f 870 961 1118
f 755 925 842
f 789 836 841
f 838 839 837
f 839 840 837
f 814 835 469
f 786 835 1066
f 754 1066 813
f 921 947 867
f 663 945 957
f 978 680 681
f 865 1010 977
f 977 1176 1009
f 1080 1408 1037
f 1007 1373 1057
f 1215 1216 1213
f 1359 1321 1114
f 1271 1142 1246
f 1600 1358 1212
f 1171 1299 1270
f 1270 1477 1357
f 1403 1638 1372
f 1372 1598 1320
f 1320 1637 1597
f 1556 1557 1596
f 1770 1861 1951
f 1707 1636 1858
f 1636 1951 1858
f 2006 2183 1828
f 2183 2233 1828
f 1828 2233 2182
f 2182 2362 2181
f 1980 2453 1913
f 2453 2360 1913
f 2180 2406 2405
f 2401 2405 2449
f 2310 2449 2482
f 2310 2565 2358
f 2565 2816 2309
f 2303 2607 2521
f 2447 2805 2519
f 2213 2518 2517
f 2517 2559 2444
f 2396 2443 2211
f 1940 2478 2252
f 2174 2348 1904
f 2476 1821 1902
f 1821 2251 2082
f 2173 2172 2133
f 2082 2251 2132
f 2079 2347 1974
f 1974 1973 1788
f 1896 1690 1656
f 1621 1620 1580
f 1580 1620 1579
f 1458 1455 1339
f 1339 1455 1287
f 1618 1391 1286
f 793 1089 1041
f 873 901 1088
f 870 898 1119
f 1119 961 870
f 818 1016 697
f 697 869 755
f 712 842 789
f 840 839 817
f 817 839 816
f 839 838 816
f 816 838 815
f 469 835 786
f 786 1066 546
f 813 753 665
f 922 921 867
f 663 957 752
f 866 956 785
f 943 1010 865
f 976 1274 1037
f 1037 1274 1080
f 917 1272 1079
f 1174 1216 1173
f 1216 1215 1173
f 1173 1215 1172
f 1214 1247 1078
f 1247 1359 1078
f 1270 1357 1211
f 1507 1509 1555
f 1509 1556 1555
f 1597 1637 1508
f 1637 1770 1951
f 1706 2234 2006
f 2182 1950 1828
f 2140 2720 2232
f 2140 2361 2231
f 2044 2231 2268
f 2404 2401 2403
f 2177 2449 2310
f 2357 2609 2264
f 2523 2481 2041
f 2481 2564 2223
f 2480 2522 2479
f 2657 2520 2219
f 2399 2711 2398
f 2708 2707 2087
f 2350 2444 2299
f 2349 2516 2083
f 1904 2348 2134
f 2134 2348 2001
f 2001 2476 1902
f 2082 2132 2081
f 2132 2251 2081
f 1460 1819 1734
f 1690 1533 1656
f 1581 1580 1534
f 1580 1579 1534
f 1534 1579 1532
f 1458 1339 1393
f 1287 1618 1286
f 963 1120 1090
f 872 1088 983
f 1118 819 870
f 755 842 712
f 789 841 712
f 817 816 788
f 816 815 788
f 836 894 787
f 754 813 665
f 944 866 706
f 680 978 943
f 1009 1175 919
f 1175 1059 918
f 1059 1274 918
f 1078 1057 1056
f 1056 1214 1078
f 1078 1359 1143
f 1321 1142 1006
f 1212 1358 1299
f 1508 1506 1597
f 1597 1506 1402
f 1402 1506 1508
f 1507 1555 1505
f 1508 1637 1356
f 1706 2006 1768
f 2006 1828 1768
f 2181 2720 2140
f 2140 2231 2044
f 1980 2044 2268
f 1913 2360 1666
f 1666 2360 2662
f 2180 2043 2407
f 2179 2180 2405
f 2405 2401 2179
f 2403 2402 2359
f 2480 2479 2448
f 2219 2520 2218
f 2398 2711 2708
f 2446 2447 2445
f 2447 2519 2445
f 2003 2035 2351
f 2516 2704 2443
f 2031 2081 2030
f 2030 2081 2029
f 2081 2080 2029
f 1658 1819 1460
f 1758 1692 1345
f 1533 1534 1497
f 1534 1532 1497
f 1690 1496 1395
f 1496 1458 1395
f 1458 1393 1395
f 1457 1456 1421
f 1421 1456 1420
f 1420 1456 1419
f 873 1088 872
f 983 930 872
f 872 930 932
f 871 930 1069
f 841 836 712
f 836 787 623
f 787 894 623
f 623 894 667
f 667 894 711
f 667 814 600
f 705 866 785
f 834 1061 681
f 865 977 893
f 893 977 919
f 977 1009 919
f 918 1274 976
f 1037 1408 891
f 1408 1058 891
f 917 1079 1007
f 1114 1321 1006
f 1245 1300 1212
f 1320 1597 1402
f 1434 1476 1433
f 1476 1475 1433
f 1432 1433 1474
f 1433 1475 1473
f 1473 1475 1472
f 1508 1356 1402
f 1637 1951 1356
f 1951 1636 1471
f 2230 2407 2043
f 2179 2401 2449
f 2229 2310 2358
f 2657 2219 2400
f 2218 2563 2399
f 2562 2447 2259
f 2447 2446 2397
f 2084 2518 2213
f 2213 2517 2350
f 2517 2444 2350
f 2212 2299 2349
f 2516 2443 2032
f 2032 2443 2396
f 1788 1819 1658
f 1734 1758 1345
f 1583 1691 1656
f 1656 1691 1896
f 1656 1533 1459
f 1533 1690 1459
f 1421 1420 1394
f 1394 1420 1392
f 1231 1339 1287
f 1194 1120 1018
f 1018 1120 963
f 963 1090 714
f 1041 901 902
f 684 873 872
f 950 962 949
f 899 1086 791
f 1086 898 791
f 819 818 820
f 712 836 623
f 706 752 944
f 1057 1078 1007
f 1143 1359 1114
f 1142 1271 1004
f 1245 1246 1300
f 1212 1299 1036
f 1211 1357 1141
f 1140 1372 1320
f 1269 1320 1402
f 1434 1433 1401
f 1433 1432 1401
f 1432 1474 1402
f 1356 1951 1471
f 1914 1980 1913
f 2662 2311 2230
f 2179 2449 2178
f 2229 1855 2310
f 2358 2565 2139
f 2139 2565 2309
f 2139 2309 2357
f 2304 2303 2038
f 2303 2521 2353
f 2657 2400 2260
f 2218 2399 2175
f 2398 2708 2399
f 2086 2562 2259
f 2447 2397 2352
f 2085 2518 2084
f 2084 2213 2215
f 1344 1691 1342
f 1342 1691 1583
f 1624 1657 1623
f 1623 1657 1622
f 1583 1656 1342
f 1690 1395 1367
f 1286 1230 1149
f 1197 1198 1196
f 1149 1230 1195
f 1230 1194 1018
f 714 1090 793
f 950 949 934
f 934 949 933
f 930 931 932
f 871 1069 843
f 820 818 757
f 758 759 756
f 759 790 756
f 755 712 551
f 665 753 520
f 753 731 520
f 731 922 867
f 617 834 661
f 680 943 865
f 919 1175 918
f 891 1058 832
f 917 1007 916
f 1007 1078 916
f 1143 1114 1078
f 1271 1246 1245
f 1003 1036 1171
f 1036 1299 1171
f 1211 1171 1270
f 1403 1372 1140
f 1269 1402 1356
f 1707 1706 1470
f 1554 1768 1828
f 2181 2140 1797
f 2662 2230 1666
f 2449 2177 2178
f 2177 2310 1855
f 2264 2715 2308
f 1853 2481 2223
f 2223 2305 2222
f 2356 2355 2306
f 1911 2303 2220
f 2303 2354 2220
f 2354 2303 2353
f 2399 2708 2087
f 2351 2518 2085
f 2212 2349 1941
f 1940 2252 2174
f 1821 2082 1939
f 1937 1975 1936
f 1974 1788 1658
f 1624 1623 1582
f 1365 1397 1364
f 1397 1396 1364
f 1393 1339 1395
f 1395 1339 1231
f 1287 1286 1231
f 1286 1149 964
f 1198 1197 1151
f 1151 1197 1150
f 1149 1195 1091
f 1091 1195 1230
f 793 1041 902
f 902 901 713
f 933 932 900
f 932 931 684
f 931 930 871
f 758 756 732
f 757 818 601
f 697 755 641
f 755 551 641
f 600 814 469
f 520 731 709
f 731 710 709
f 708 710 707
f 710 731 707
f 731 867 707
f 785 920 617
f 661 834 660
f 680 865 638
f 638 865 616
f 919 918 833
f 1078 811 916
f 1113 1142 1004
f 1245 1212 886
f 998 1141 1357
f 1357 1403 1140
f 1112 1320 1111
f 1320 1269 1111
f 2181 1797 1705
f 1797 2140 1744
f 2140 2044 1744
f 2180 2179 2178
f 2229 2225 1855
f 2041 2481 1853
f 1948 2223 2222
f 2263 2307 2262
f 2307 2306 2262
f 2262 2306 2261
f 2305 2304 2038
f 2354 2353 2220
f 2260 2400 2176
f 1907 2086 2259
f 2135 2302 2035
f 2257 2301 2256
f 2254 2255 2253
f 2255 2300 2253
f 1765 2213 2350
f 2299 2212 2350
f 2034 2349 2083
f 2032 2396 2211
f 1900 1901 1898
f 1901 1938 1898
f 1938 1937 1898
f 1937 1936 1898
f 2079 1974 1820
f 1342 1656 1459
f 1341 1366 1340
f 1367 1395 1199
f 1152 1151 1122
f 1151 1150 1122
f 1122 1150 1121
f 1091 1230 964
f 901 873 713
f 872 932 684
f 898 870 791
f 791 870 643
f 870 819 643
f 757 601 820
f 601 818 697
f 640 551 639
f 639 551 712
f 666 754 665
f 710 708 696
f 708 707 696
f 706 866 705
f 705 785 617
f 834 681 660
f 865 893 616
f 832 976 1037
f 1008 917 831
f 811 1078 750
f 1078 1114 887
f 914 1114 1006
f 1113 1006 1142
f 1171 1211 1003
f 1140 1320 1112
f 1706 1768 1470
f 1950 2181 1705
f 1914 1744 1980
f 1744 2044 1980
f 1666 2230 2043
f 2043 2180 1703
f 2178 2177 1855
f 2228 2267 2227
f 2267 2266 2227
f 2266 2265 2226
f 2226 2265 2224
f 2229 2358 2225
f 2225 2358 1855
f 2139 2357 2091
f 2357 2264 2091
f 2091 2264 2308
f 1948 1853 2223
f 2262 2261 2221
f 2222 2305 1948
f 2036 2175 2399
f 1909 2087 2086
f 2447 2352 2217
f 2258 2257 2216
f 2257 2256 2216
f 2255 2254 2214
f 2215 2213 1977
f 2032 2211 1976
f 1903 1904 2134
f 2001 1902 2134
f 1901 1900 1852
f 1535 1899 1820
f 1899 2079 1820
f 1460 1734 1346
f 1345 1692 1498
f 1498 1691 1344
f 1459 1690 1200
f 1200 1690 1199
f 1690 1367 1199
f 1341 1340 1313
f 1231 1286 964
f 964 1149 1091
f 1122 1121 1092
f 964 1230 1018
f 684 931 871
f 871 843 602
f 601 697 641
f 469 786 546
f 546 754 666
f 663 752 682
f 752 706 705
f 662 705 617
f 542 660 681
f 812 680 638
f 832 1037 891
f 784 831 917
f 864 750 1078
f 1271 1245 1004
f 998 1357 1140
f 1636 1707 1470
f 1470 1768 1554
f 1828 1950 1827
f 1950 1431 1827
f 2180 1796 1857
f 2180 2178 1796
f 1855 2358 2139
f 1794 2038 2303
f 2219 2218 2175
f 2036 2399 2087
f 2259 2447 2217
f 2003 2351 2085
f 2084 2215 1977
f 2213 1765 1977
f 2350 2212 1941
f 1940 2174 1904
f 1346 1734 1345
f 1344 1342 1343
f 713 873 684
f 684 871 792
f 871 698 792
f 819 820 642
f 712 623 640
f 623 667 600
f 546 666 545
f 666 665 545
f 492 545 665
f 520 709 664
f 893 919 833
f 918 976 659
f 659 976 892
f 917 916 751
f 887 1114 914
f 1004 1245 886
f 1003 1211 1077
f 1077 1211 1141
f 1269 1356 1298
f 1356 1471 1298
f 1703 2180 1857
f 1796 2178 1856
f 1856 2178 1855
f 1948 2305 2089
f 2305 2038 2089
f 1947 1826 2136
f 2176 2400 1946
f 1941 2349 2034
f 2083 2516 2033
f 1976 1940 2002
f 1398 1902 1821
f 1422 1658 1460
f 1395 1231 966
f 715 964 1018
f 1018 963 844
f 844 963 714
f 698 871 668
f 493 623 600
f 620 622 619
f 663 682 348
f 752 705 662
f 616 893 918
f 893 833 918
f 892 976 832
f 832 1058 694
f 890 915 889
f 889 915 888
f 864 1078 887
f 1006 1113 1004
f 942 886 1212
f 885 1036 1055
f 1055 1036 1003
f 1471 1636 1371
f 1297 1470 1554
f 1828 1827 1554
f 1554 1827 1431
f 1431 1950 1705
f 1666 2043 1979
f 2092 1855 2040
f 1855 2139 2040
f 2138 2137 2088
f 1794 2303 1911
f 2400 2219 1946
f 2219 2175 1946
f 1909 2086 1908
f 1824 2135 2035
f 2033 2516 2032
f 1903 2134 1398
f 1398 2134 1902
f 1761 1790 1760
f 1790 1789 1760
f 1461 1535 1820
f 1759 1820 1974
f 1759 1974 1658
f 1342 1459 1200
f 1199 1395 966
f 1231 964 846
f 684 792 698
f 643 819 642
f 551 640 494
f 639 712 640
f 640 623 493
f 620 621 599
f 599 621 597
f 597 621 596
f 621 620 596
f 598 492 665
f 520 664 618
f 515 681 680
f 659 892 832
f 592 831 784
f 864 861 749
f 889 888 863
f 863 888 862
f 864 887 861
f 914 1006 730
f 942 1212 1036
f 1003 1077 1002
f 1077 1141 998
f 1140 1112 1076
f 1269 1298 1111
f 1298 1471 1371
f 1744 1914 1667
f 1666 1979 1703
f 1979 2043 1703
f 1699 1856 1855
f 1855 2092 2042
f 2139 2091 2040
f 2091 2308 2040
f 2090 2088 2039
f 2038 1794 2089
f 1911 2220 2037
f 2175 2036 1946
f 1908 2086 1907
f 2259 2217 1907
f 2003 2085 1766
f 2083 1822 2034
f 1821 1939 1762
f 1820 1759 1694
f 1345 1498 1344
f 966 1231 935
f 715 1018 845
f 844 714 733
f 793 902 713
f 577 713 684
f 602 843 683
f 494 640 405
f 405 640 385
f 598 665 419
f 419 665 520
f 595 572 594
f 752 662 682
f 403 617 661
f 449 660 542
f 542 681 515
f 568 918 659
f 659 832 695
f 784 917 751
f 750 864 749
f 863 862 830
f 861 887 749
f 783 1006 1005
f 1006 1004 1005
f 885 1055 1003
f 1552 1744 1667
f 1667 1914 1913
f 1855 2042 2005
f 2004 1949 1853
f 1949 2041 1853
f 1948 2089 1794
f 2087 1909 2036
f 1660 1905 2084
f 2083 2033 1822
f 2033 2032 1822
f 1737 1736 1695
f 1695 1736 1693
f 1736 1735 1693
f 1759 1658 1422
f 1204 1422 1460
f 845 1018 844
f 714 793 669
f 668 871 602
f 642 820 601
f 601 641 420
f 600 575 493
f 575 600 469
f 574 573 550
f 549 550 548
f 550 573 548
f 548 573 547
f 492 598 419
f 520 618 571
f 572 595 570
f 595 594 570
f 682 662 617
f 374 661 449
f 661 660 449
f 402 680 812
f 695 832 694
f 751 916 811
f 730 1006 783
f 783 1005 1004
f 783 1004 913
f 1002 1077 975
f 975 1077 999
f 1077 998 912
f 998 1140 1076
f 1371 1636 1470
f 1705 1797 1553
f 1743 1703 1857
f 1700 1796 1856
f 1912 1855 1978
f 1855 2005 1978
f 2005 2042 1978
f 1947 2136 1740
f 2036 1909 1946
f 1824 2035 2003
f 1660 2084 1977
f 1941 2034 1822
f 1976 2002 1696
f 2002 1940 1696
f 1398 1821 1762
f 1204 1460 1347
f 1347 1460 1346
f 1346 1345 1201
f 935 1231 965
f 643 642 258
f 641 551 420
f 420 551 375
f 375 551 494
f 525 549 523
f 549 548 523
f 548 547 522
f 469 546 524
f 437 546 545
f 520 571 544
f 682 617 569
f 593 616 918
f 918 568 484
f 749 887 693
f 887 914 730
f 942 1036 885
f 885 1003 955
f 1003 1002 999
f 974 1001 973
f 1001 1000 972
f 1112 1111 996
f 1168 1139 1170
f 996 1111 1169
f 1371 1470 1297
f 1319 1554 1431
f 1431 1705 1469
f 1553 1797 1744
f 1743 1857 1796
f 1700 1856 1699
f 1855 1912 1854
f 1630 1594 1949
f 1742 2004 1853
f 1742 1853 1948
f 1943 1907 1942
f 1907 2217 1942
f 1824 2003 1823
f 2003 1766 1823
f 1766 2085 2084
f 2032 1976 1822
f 1822 1976 1696
f 1763 1904 1903
f 1820 1694 1461
f 1694 1759 1461
f 1368 1759 1499
f 1759 1422 1499
f 1201 1345 1123
f 1123 1345 1344
f 1342 1200 1343
f 1200 1199 966
f 965 1231 846
f 846 964 715
f 845 844 733
f 552 669 713
f 669 793 713
f 578 713 577
f 684 698 527
f 698 668 576
f 668 602 576
f 493 575 469
f 469 524 384
f 524 546 384
f 384 546 437
f 419 520 521
f 348 682 404
f 404 682 569
f 617 403 569
f 403 661 374
f 515 680 346
f 402 812 638
f 402 638 616
f 784 751 811
f 1002 975 999
f 1112 996 997
f 1110 1139 1138
f 1138 1139 1167
f 1139 1168 1167
f 1168 1170 1169
f 1169 1111 1210
f 1111 1298 1210
f 1210 1298 1242
f 1242 1298 1266
f 1136 1298 1371
f 1297 1554 1240
f 1240 1554 1319
f 1767 1913 1666
f 1699 1855 1854
f 1630 1949 2004
f 1793 1741 1794
f 1793 1794 1911
f 1946 1909 1825
f 1945 1907 1944
f 1944 1907 1906
f 1907 1943 1906
f 1766 2084 1905
f 1659 1977 1765
f 1791 1941 1822
f 1696 1940 1904
f 1763 1903 1625
f 1461 1759 1368
f 716 846 715
f 733 714 669
f 577 684 527
f 602 683 526
f 453 601 420
f 385 640 493
f 545 492 419
f 520 544 491
f 593 918 484
f 694 1058 704
f 811 750 749
f 887 730 693
f 730 783 692
f 913 1004 748
f 885 955 884
f 955 1003 884
f 1003 999 884
f 883 999 1077
f 998 1076 941
f 1076 1112 997
f 1138 1167 1166
f 1268 1244 1267
f 1163 1431 1469
f 1667 1913 1704
f 1704 1913 1767
f 1699 1854 1795
f 1630 2004 1742
f 1793 1911 2037
f 1697 1947 1740
f 2136 1910 1740
f 1909 1908 1825
f 1792 1824 1823
f 1660 1977 1738
f 1977 1659 1738
f 2350 1941 1765
f 1765 1941 1541
f 1696 1904 1763
f 1903 1584 1349
f 1368 1499 1422
f 1347 1346 1202
f 1344 1343 1123
f 552 713 578
f 576 602 526
f 601 453 376
f 469 384 493
f 521 520 491
f 374 449 518
f 346 680 467
f 467 680 402
f 447 402 616
f 784 811 749
f 783 913 748
f 748 1004 886
f 912 998 941
f 997 996 911
f 1169 1210 996
f 1243 1268 1241
f 1266 1298 1136
f 1469 1705 1553
f 1666 1703 1635
f 1665 1703 1743
f 1908 1907 1825
f 1825 1907 1945
f 1541 1941 1791
f 1625 1903 1349
f 1204 1347 1202
f 1202 1346 1201
f 1343 1200 1019
f 715 845 760
f 527 698 576
f 375 494 405
f 385 493 360
f 419 521 328
f 451 452 450
f 374 518 358
f 517 543 516
f 346 449 515
f 449 542 515
f 514 541 513
f 512 467 511
f 568 659 510
f 382 659 637
f 659 695 637
f 658 592 784
f 886 942 748
f 782 912 882
f 941 1076 997
f 910 996 1210
f 1665 1743 1702
f 1702 1743 1701
f 1701 1743 1632
f 1743 1796 1700
f 1699 1795 1698
f 1594 1630 1504
f 1742 1948 1794
f 1463 1826 1947
f 1661 1740 1542
f 1910 1824 1740
f 1823 1766 1370
f 1370 1766 1259
f 1541 1764 1585
f 1764 1541 1791
f 1696 1763 1625
f 1398 1584 1903
f 1288 1368 1204
f 1368 1422 1204
f 1019 1200 966
f 733 669 552
f 258 642 601
f 376 453 420
f 330 385 360
f 360 493 384
f 328 437 545
f 328 545 419
f 269 328 521
f 521 311 269
f 311 521 436
f 521 491 436
f 452 451 436
f 436 451 435
f 451 450 435
f 519 517 490
f 514 513 489
f 467 512 488
f 488 512 487
f 486 487 485
f 487 512 485
f 512 511 485
f 447 616 593
f 637 695 694
f 694 704 637
f 658 749 566
f 749 693 566
f 748 942 636
f 636 942 885
f 885 884 729
f 884 999 729
f 883 1077 912
f 690 997 911
f 1210 1242 1266
f 1164 1266 1136
f 1108 1319 1431
f 1355 1431 1163
f 1553 1744 1161
f 1161 1744 1552
f 1552 1667 1296
f 1296 1667 1551
f 1667 1704 1595
f 1595 1704 1666
f 1704 1767 1666
f 1550 1666 1635
f 1635 1703 1665
f 1548 1634 1468
f 1468 1634 1664
f 1743 1700 1632
f 1700 1699 1662
f 1699 1698 1662
f 1742 1794 1741
f 1793 2037 1318
f 1463 1947 1590
f 1740 1824 1792
f 1792 1823 1589
f 1766 1905 1739
f 1765 1541 1659
f 1822 1626 1791
f 1348 1398 1762
f 1423 1461 1368
f 1093 1123 1343
f 984 966 847
f 847 966 935
f 935 965 794
f 716 715 644
f 733 471 845
f 377 576 526
f 330 405 385
f 404 569 403
f 518 449 358
f 488 487 468
f 486 485 466
f 510 659 382
f 784 749 658
f 783 748 691
f 829 885 729
f 883 912 782
f 882 912 941
f 1165 1209 1208
f 1371 1297 1240
f 1163 1469 1162
f 1161 1552 1296
f 1595 1666 1550
f 1665 1702 1633
f 1700 1631 1632
f 1700 1663 1631
f 1631 1663 1662
f 1663 1700 1662
f 1504 1630 1547
f 1259 1766 1588
f 1588 1766 1739
f 1585 1764 1791
f 1626 1822 1696
f 1348 1762 1939
f 1126 1202 1123
f 1202 1201 1123
f 1093 1343 1019
f 1019 966 936
f 936 966 984
f 845 471 760
f 258 601 376
f 376 420 361
f 361 420 375
f 468 466 448
f 692 783 691
f 885 829 636
f 999 883 782
f 910 911 996
f 910 1210 1034
f 1136 1371 1109
f 1371 1240 1109
f 1108 1431 1355
f 1635 1665 1633
f 1354 1634 1548
f 1468 1664 1594
f 1594 1504 1468
f 1630 1742 1467
f 1590 1947 1697
f 1697 1740 1661
f 1740 1792 1542
f 1739 1905 1588
f 1905 1660 1588
f 1625 1349 1462
f 1348 1939 1501
f 1500 1535 1461
f 1126 1204 1202
f 1126 1123 1093
f 847 935 794
f 715 760 579
f 733 552 471
f 578 577 527
f 377 527 576
f 526 683 406
f 375 405 330
f 360 384 342
f 342 384 437
f 358 449 357
f 467 402 346
f 306 402 447
f 447 593 540
f 540 593 484
f 693 730 692
f 636 829 565
f 1035 1054 1053
f 1053 1054 1052
f 1054 1075 1052
f 1034 1210 1266
f 1266 1164 1137
f 1137 1164 1136
f 1240 1319 1108
f 1635 1633 1549
f 1467 1742 1400
f 1742 1741 1593
f 1741 1793 1318
f 1696 1625 1626
f 1349 1584 1398
f 1501 1500 1461
f 1153 1204 1126
f 1125 1124 1096
f 1096 1124 1095
f 1095 1124 1094
f 965 846 794
f 794 846 716
f 552 578 527
f 421 526 285
f 285 526 386
f 526 406 386
f 271 375 330
f 312 330 360
f 329 360 342
f 404 403 374
f 566 693 692
f 691 748 636
f 829 729 565
f 729 999 634
f 634 999 503
f 999 782 503
f 882 810 782
f 810 882 941
f 941 997 690
f 911 910 690
f 910 1034 825
f 1053 1052 1033
f 1469 1553 1161
f 1296 1551 1264
f 1667 1595 1550
f 1550 1635 1549
f 1238 1548 1468
f 1294 1468 1504
f 1318 2037 1627
f 1590 1697 1661
f 1661 1542 1316
f 1588 1660 1350
f 1738 1659 1424
f 1291 1659 1541
f 1625 1462 1314
f 1501 1461 1423
f 1126 1097 903
f 1096 1095 1070
f 1097 1126 1093
f 848 847 646
f 552 527 438
f 526 421 377
f 361 375 271
f 311 436 341
f 484 568 356
f 568 510 356
f 592 658 539
f 1034 1266 825
f 1136 1109 1137
f 1207 1108 1265
f 1265 1108 1163
f 1108 1355 1163
f 1551 1667 1135
f 1261 1504 1547
f 1547 1630 1467
f 1400 1742 1593
f 1426 1741 1318
f 1629 1628 1592
f 1592 1628 1591
f 1628 1629 1591
f 1543 1590 1661
f 1542 1792 1589
f 1292 1660 1424
f 1660 1738 1424
f 1502 1541 1585
f 1585 1791 1536
f 1791 1626 1536
f 1536 1626 1369
f 1626 1625 1314
f 1289 1349 1398
f 1501 1423 1348
f 903 1097 1093
f 1093 1019 874
f 795 847 794
f 579 760 528
f 361 271 376
f 329 342 270
f 270 342 437
f 352 341 351
f 337 359 350
f 350 359 349
f 449 346 383
f 383 346 347
f 346 402 306
f 447 540 356
f 540 484 356
f 382 637 434
f 704 567 637
f 637 567 418
f 658 566 539
f 727 728 747
f 1109 1240 1051
f 1667 1550 1135
f 1135 1550 1549
f 1261 1547 1205
f 1205 1547 1467
f 1741 1426 1593
f 1318 1627 1464
f 1545 1546 1544
f 1463 1590 1543
f 1589 1823 1370
f 1350 1660 1292
f 1291 1541 1315
f 1539 1587 1538
f 1538 1586 1537
f 1289 1398 1348
f 1204 1153 1203
f 1203 1153 1126
f 646 847 795
f 795 794 645
f 645 794 529
f 644 715 579
f 363 471 552
f 270 437 328
f 270 328 327
f 327 328 269
f 310 341 340
f 341 352 340
f 352 351 340
f 338 339 337
f 337 350 349
f 348 404 282
f 404 374 358
f 358 357 243
f 449 383 347
f 324 447 356
f 434 637 418
f 508 566 691
f 566 692 691
f 503 782 535
f 782 810 535
f 810 746 535
f 703 727 726
f 727 747 726
f 747 745 726
f 746 810 502
f 502 810 941
f 690 910 781
f 860 859 828
f 828 859 827
f 859 858 827
f 827 858 826
f 826 858 857
f 1108 1207 1051
f 1207 1265 995
f 1162 1469 1161
f 1354 1548 1262
f 1468 1295 1239
f 1295 1468 1294
f 1546 1545 1464
f 1545 1544 1464
f 1316 1542 1589
f 1541 1502 1315
f 1540 1539 1503
f 1503 1539 1502
f 1369 1626 1233
f 1462 1349 1314
f 1423 1368 1232
f 1368 1288 1127
f 1203 1126 1020
f 1126 903 1020
f 874 1019 937
f 937 1019 936
f 529 794 716
f 271 330 228
f 312 360 228
f 228 360 329
f 311 341 197
f 326 310 340
f 339 338 325
f 338 337 325
f 404 358 243
f 357 449 347
f 447 324 257
f 418 567 446
f 535 746 502
f 690 781 591
f 827 826 809
f 781 910 825
f 825 1266 1137
f 1109 1051 856
f 1051 1240 1108
f 1161 1296 1031
f 1262 1548 1238
f 1239 1238 1468
f 1294 1504 1261
f 1465 1466 1427
f 1427 1400 1593
f 1589 1370 1425
f 1424 1659 1291
f 1315 1502 1585
f 1348 1423 1232
f 1232 1368 1127
f 1127 1288 1098
f 1288 1204 1098
f 1204 1203 1098
f 903 1093 874
f 529 716 644
f 552 438 470
f 438 527 422
f 376 271 313
f 330 312 228
f 218 329 217
f 270 327 217
f 269 311 197
f 310 326 308
f 326 340 308
f 309 325 307
f 282 404 293
f 446 567 509
f 539 566 400
f 400 566 508
f 691 538 615
f 538 691 636
f 780 809 779
f 1207 995 1051
f 995 1265 1163
f 1031 1296 1264
f 1135 1549 1353
f 1239 1295 954
f 1205 1467 1400
f 1400 1427 1101
f 1430 1466 1429
f 1466 1465 1429
f 1429 1465 1428
f 1071 1463 1543
f 1543 1661 1316
f 1154 1314 1349
f 1289 1348 1232
f 849 984 847
f 529 644 553
f 363 552 470
f 258 376 313
f 228 329 244
f 244 329 218
f 309 307 282
f 307 325 282
f 293 404 243
f 243 357 177
f 242 346 306
f 306 447 257
f 356 510 382
f 434 418 381
f 508 691 482
f 482 691 615
f 538 636 565
f 538 565 398
f 565 729 398
f 398 729 635
f 635 729 634
f 536 634 503
f 502 941 690
f 591 781 825
f 1137 1109 881
f 1162 1161 1032
f 1031 1264 1551
f 1354 1262 1028
f 1028 1262 1206
f 1101 1427 1593
f 1318 1129 1237
f 1129 1318 1399
f 1318 1464 1399
f 1543 1316 1293
f 1589 1425 1316
f 1425 1370 1259
f 1259 1588 1350
f 1424 1291 1292
f 1233 1626 1314
f 1349 1289 1154
f 1154 1289 1290
f 849 847 848
f 646 795 645
f 422 527 377
f 377 421 422
f 422 421 286
f 286 421 285
f 313 271 284
f 217 329 270
f 327 269 197
f 308 294 283
f 242 347 346
f 382 434 381
f 418 446 381
f 509 483 446
f 446 483 355
f 502 690 614
f 995 1163 1162
f 1135 1353 1263
f 1585 1536 1369
f 938 1098 1020
f 1098 1203 1020
f 874 937 936
f 936 984 849
f 528 760 471
f 363 470 438
f 258 313 284
f 308 283 268
f 283 294 268
f 282 293 115
f 357 347 242
f 242 306 185
f 185 306 281
f 482 615 538
f 538 398 432
f 635 634 536
f 1137 881 825
f 881 1109 856
f 995 1162 1074
f 1074 1162 1032
f 1032 1161 1031
f 1135 1263 1160
f 1239 1262 1238
f 1295 1294 1261
f 1261 1205 1295
f 1295 1205 1048
f 1205 1400 1101
f 1593 1426 1101
f 1157 1259 1350
f 1291 1315 1234
f 1290 1289 1043
f 1043 1289 1232
f 874 936 796
f 644 579 528
f 423 528 471
f 362 438 422
f 285 386 169
f 177 357 242
f 281 306 257
f 373 446 355
f 591 825 744
f 744 825 881
f 1031 1551 1135
f 1135 1160 1134
f 1104 1049 1206
f 1049 1028 1206
f 1206 1262 1239
f 1352 1351 1399
f 1399 1351 1317
f 1351 1352 1317
f 1293 1316 1425
f 1155 1315 1585
f 1585 1369 991
f 1154 990 1314
f 1127 1098 938
f 1023 1042 1022
f 1022 1042 1021
f 1020 967 989
f 967 1020 903
f 877 903 874
f 936 849 796
f 699 848 646
f 553 644 409
f 362 422 314
f 286 285 272
f 140 327 197
f 257 324 164
f 216 324 356
f 382 381 356
f 508 482 400
f 482 538 481
f 507 537 505
f 505 537 504
f 506 398 635
f 633 690 591
f 564 591 744
f 1031 1135 1107
f 1135 1134 1107
f 1106 1133 1105
f 1105 1133 1132
f 1133 1159 1132
f 1132 1159 1131
f 1131 1159 1130
f 1104 1206 770
f 1237 1101 1426
f 1426 1318 1237
f 1071 1543 1293
f 1157 1350 1156
f 1314 1045 1233
f 1025 1127 938
f 1024 1023 986
f 1022 1021 985
f 876 875 850
f 877 874 796
f 387 699 646
f 408 409 644
f 644 528 408
f 363 438 407
f 438 362 407
f 258 284 153
f 271 228 284
f 228 244 284
f 165 242 185
f 281 257 185
f 356 381 305
f 292 446 373
f 482 481 400
f 417 506 635
f 635 536 417
f 856 1051 995
f 1074 1032 855
f 1103 1105 1102
f 1206 1239 954
f 954 1295 1072
f 1072 1295 994
f 994 1295 971
f 971 1295 1048
f 1048 1205 1158
f 1425 1259 939
f 939 1259 1128
f 1128 1259 1157
f 1156 1292 1099
f 1292 1291 1234
f 991 1369 1233
f 938 1020 904
f 904 1020 989
f 988 1024 987
f 967 903 796
f 903 877 796
f 646 645 554
f 554 645 529
f 495 529 553
f 408 528 423
f 423 471 363
f 314 422 286
f 218 217 86
f 197 341 211
f 293 243 177
f 165 177 242
f 216 356 305
f 398 506 417
f 536 503 417
f 535 502 503
f 614 690 431
f 690 633 431
f 633 591 431
f 534 591 564
f 995 1074 855
f 1103 1102 1073
f 1104 770 1049
f 1129 1399 1235
f 1071 1260 1236
f 1293 1425 939
f 1350 1292 1156
f 1099 1292 1234
f 1234 1315 1155
f 1043 1232 1127
f 849 848 699
f 495 646 554
f 139 197 211
f 115 293 138
f 185 257 164
f 381 446 336
f 336 446 292
f 292 373 355
f 355 483 433
f 400 481 432
f 481 538 432
f 431 591 534
f 564 744 396
f 744 881 743
f 1032 1031 1030
f 1030 1031 1029
f 1031 1050 1029
f 1031 1107 1050
f 1028 1049 854
f 1158 1205 1101
f 1237 1047 1101
f 1047 1237 1129
f 1045 1314 990
f 1154 1290 990
f 990 1290 1044
f 1043 1127 1025
f 904 989 967
f 646 495 387
f 363 407 362
f 286 272 219
f 284 186 153
f 186 284 244
f 244 218 186
f 164 324 216
f 305 381 292
f 355 399 280
f 399 355 401
f 355 433 401
f 503 502 614
f 771 1028 854
f 1048 1158 1101
f 1071 1293 1100
f 1044 1290 878
f 699 387 580
f 495 554 529
f 495 553 409
f 219 272 285
f 169 386 198
f 86 217 327
f 140 197 139
f 381 336 292
f 292 355 256
f 266 400 432
f 396 744 632
f 632 744 743
f 743 881 777
f 775 776 774
f 776 808 774
f 773 777 881
f 881 856 824
f 1129 1235 940
f 1071 1100 992
f 1100 1293 939
f 1157 1156 1099
f 1155 1585 991
f 878 1290 1043
f 720 1025 968
f 968 1025 938
f 796 647 797
f 362 314 315
f 141 186 218
f 141 218 86
f 86 327 140
f 138 293 177
f 256 355 280
f 372 398 417
f 778 776 742
f 776 775 742
f 742 775 741
f 881 824 773
f 773 824 856
f 1032 1030 855
f 855 1030 909
f 854 1049 770
f 954 1072 994
f 1048 1101 735
f 1047 1129 940
f 1157 953 1128
f 1157 1099 1234
f 991 1233 1045
f 878 1043 1025
f 1025 720 951
f 454 495 410
f 408 423 320
f 423 363 331
f 331 363 362
f 220 314 286
f 220 286 219
f 219 285 68
f 68 285 169
f 266 432 335
f 335 398 323
f 323 398 372
f 417 503 372
f 372 503 278
f 503 614 278
f 742 741 725
f 856 995 855
f 770 1206 822
f 907 1101 1047
f 798 991 1045
f 1045 990 1044
f 720 968 938
f 938 904 720
f 647 796 719
f 796 849 719
f 719 849 647
f 849 699 647
f 77 139 211
f 121 177 165
f 305 292 216
f 292 227 216
f 266 335 279
f 432 398 335
f 380 614 431
f 743 777 632
f 632 777 773
f 773 856 807
f 856 855 806
f 806 855 804
f 822 1206 954
f 954 994 880
f 880 994 971
f 735 1101 907
f 940 1235 1046
f 799 1071 992
f 992 1100 939
f 939 1128 953
f 1157 1234 952
f 878 1025 821
f 1025 951 821
f 904 967 796
f 718 717 701
f 701 717 700
f 647 699 648
f 454 387 495
f 331 362 315
f 315 314 220
f 168 167 154
f 167 166 154
f 153 186 142
f 186 141 122
f 140 139 77
f 138 177 121
f 120 164 216
f 445 564 396
f 772 773 807
f 807 856 806
f 804 855 805
f 804 805 823
f 805 855 823
f 855 909 823
f 907 1047 800
f 952 1234 1155
f 969 1155 991
f 1045 1044 721
f 904 796 797
f 648 699 580
f 320 423 331
f 178 219 68
f 168 155 156
f 155 154 143
f 142 186 67
f 67 186 122
f 141 86 122
f 86 140 77
f 165 185 164
f 120 137 164
f 176 216 210
f 210 216 227
f 227 292 256
f 278 614 380
f 534 564 445
f 444 396 632
f 632 773 772
f 689 679 590
f 771 854 803
f 822 954 908
f 971 1048 736
f 1047 940 800
f 1027 1026 1046
f 906 1046 993
f 1046 1026 993
f 1026 1027 993
f 952 1155 969
f 410 495 299
f 299 495 409
f 169 198 68
f 68 198 95
f 121 165 164
f 120 216 108
f 215 227 162
f 227 256 162
f 162 256 267
f 256 280 267
f 280 399 267
f 613 689 590
f 803 854 770
f 723 770 822
f 908 954 880
f 736 1048 652
f 940 1046 906
f 906 993 970
f 939 953 905
f 953 1157 952
f 969 991 798
f 821 951 702
f 720 904 797
f 220 178 200
f 198 127 95
f 86 77 94
f 77 211 116
f 121 164 137
f 108 216 176
f 210 227 175
f 226 266 279
f 278 380 304
f 397 431 534
f 345 534 445
f 632 772 657
f 803 679 740
f 679 689 740
f 771 803 740
f 770 724 803
f 629 770 723
f 907 800 801
f 799 992 905
f 905 992 939
f 702 951 720
f 720 797 685
f 685 797 649
f 320 331 319
f 317 316 296
f 296 316 295
f 331 315 220
f 220 219 178
f 95 127 54
f 115 138 8
f 8 138 121
f 175 227 215
f 279 335 241
f 323 372 278
f 380 431 397
f 397 534 379
f 534 345 379
f 444 632 657
f 724 770 629
f 971 736 880
f 1048 735 652
f 905 953 763
f 953 952 763
f 797 647 649
f 647 648 649
f 410 299 454
f 409 408 320
f 319 331 318
f 317 296 297
f 318 331 298
f 94 77 85
f 613 590 612
f 723 822 737
f 735 907 801
f 800 940 906
f 952 969 763
f 1044 878 821
f 320 319 298
f 298 319 318
f 331 220 200
f 47 86 85
f 86 94 85
f 77 116 53
f 52 121 120
f 121 137 120
f 163 176 210
f 335 323 241
f 380 397 379
f 345 445 396
f 430 613 612
f 590 679 464
f 803 724 679
f 679 724 629
f 822 908 880
f 652 735 628
f 586 800 906
f 906 970 627
f 761 1044 821
f 648 580 439
f 439 580 364
f 364 580 387
f 298 331 200
f 178 68 96
f 68 95 54
f 122 86 47
f 47 85 77
f 121 52 66
f 52 120 108
f 107 108 163
f 108 176 163
f 210 175 163
f 183 226 279
f 380 379 345
f 563 590 464
f 678 677 655
f 533 656 679
f 629 723 587
f 737 822 769
f 767 802 766
f 766 802 765
f 822 880 769
f 586 801 800
f 627 970 722
f 852 853 851
f 853 879 851
f 762 763 969
f 702 720 603
f 496 649 648
f 409 320 273
f 47 77 53
f 8 121 66
f 163 175 215
f 241 323 192
f 192 323 278
f 265 380 345
f 590 563 612
f 563 589 562
f 562 588 561
f 679 656 464
f 631 654 653
f 679 629 533
f 739 768 738
f 768 767 738
f 769 880 737
f 880 736 652
f 734 798 1045
f 1045 721 734
f 721 1044 761
f 761 821 702
f 603 720 688
f 720 685 688
f 624 649 496
f 320 298 287
f 200 178 199
f 67 122 29
f 52 108 61
f 61 108 107
f 163 215 162
f 162 267 184
f 304 380 265
f 444 657 480
f 430 612 465
f 612 563 465
f 465 563 464
f 656 533 464
f 610 533 629
f 735 801 586
f 473 799 905
f 762 969 798
f 673 721 761
f 685 670 688
f 670 685 649
f 387 454 364
f 299 409 273
f 320 287 273
f 29 122 47
f 265 345 371
f 345 396 371
f 371 396 370
f 396 395 370
f 396 444 395
f 501 533 610
f 611 630 609
f 443 723 737
f 722 970 764
f 603 688 472
f 687 686 672
f 672 686 671
f 472 688 670
f 670 649 624
f 273 287 298
f 178 96 144
f 68 54 62
f 61 107 163
f 278 304 265
f 209 369 290
f 444 480 395
f 369 430 465
f 394 533 501
f 610 629 501
f 723 443 587
f 628 735 586
f 905 763 675
f 675 763 762
f 673 761 702
f 672 671 650
f 439 364 455
f 273 298 245
f 132 199 178
f 36 37 35
f 66 52 34
f 34 61 26
f 61 163 45
f 193 162 184
f 183 279 192
f 279 241 192
f 191 278 240
f 278 265 240
f 265 371 303
f 290 369 465
f 501 629 587
f 586 906 462
f 798 734 762
f 734 721 674
f 496 648 439
f 343 364 454
f 298 200 132
f 200 199 132
f 132 178 97
f 97 178 144
f 96 68 62
f 54 127 9
f 22 37 36
f 36 35 22
f 26 61 45
f 163 162 45
f 162 193 161
f 192 278 191
f 291 265 303
f 465 464 416
f 464 533 394
f 462 906 627
f 722 764 627
f 651 721 673
f 603 581 606
f 496 439 455
f 288 299 273
f 245 298 201
f 201 298 132
f 47 53 29
f 53 116 29
f 28 46 21
f 46 28 27
f 52 61 34
f 45 162 161
f 183 192 182
f 239 265 238
f 265 255 238
f 265 291 255
f 587 443 301
f 880 652 628
f 674 721 456
f 673 702 555
f 626 625 605
f 625 604 605
f 288 343 454
f 454 299 288
f 229 273 187
f 273 245 187
f 245 201 132
f 146 145 130
f 130 145 129
f 21 46 27
f 182 192 196
f 240 265 239
f 237 209 290
f 290 465 322
f 416 464 394
f 394 501 587
f 880 628 463
f 463 628 586
f 608 462 627
f 627 764 676
f 473 905 675
f 762 734 674
f 456 721 440
f 440 721 651
f 702 603 555
f 603 606 555
f 581 603 472
f 288 273 229
f 97 144 128
f 131 130 123
f 130 129 123
f 128 144 117
f 144 96 62
f 30 54 9
f 127 23 9
f 2 17 14
f 11 34 26
f 44 45 161
f 192 191 196
f 322 465 416
f 443 737 393
f 737 880 463
f 429 586 462
f 675 762 674
f 555 606 581
f 472 670 392
f 365 455 390
f 412 424 411
f 455 364 343
f 212 245 132
f 97 128 117
f 117 144 62
f 17 2 3
f 13 5 12
f 126 119 106
f 119 126 160
f 208 290 322
f 416 394 322
f 440 651 673
f 392 670 624
f 624 496 415
f 496 455 415
f 413 412 389
f 412 411 389
f 411 388 389
f 212 132 157
f 191 240 196
f 240 239 196
f 126 209 237
f 237 290 208
f 393 737 463
f 463 586 429
f 608 627 497
f 627 676 497
f 473 675 530
f 440 673 555
f 392 624 415
f 415 455 365
f 365 390 343
f 414 413 391
f 413 389 391
f 62 63 117
f 9 23 6
f 10 8 66
f 126 237 160
f 394 587 334
f 334 587 301
f 473 607 583
f 583 607 582
f 582 607 473
f 675 674 456
f 581 472 392
f 390 455 343
f 187 245 212
f 4 5 13
f 13 12 4
f 106 119 1
f 119 160 93
f 322 394 354
f 301 443 393
f 584 585 560
f 558 585 557
f 497 676 556
f 2 14 3
f 7 78 1
f 10 66 11
f 66 34 11
f 44 161 76
f 93 160 84
f 254 208 322
f 462 608 532
f 608 498 532
f 532 559 531
f 530 675 456
f 440 555 425
f 366 581 392
f 392 415 365
f 97 117 63
f 63 62 54
f 26 45 44
f 44 76 57
f 84 160 65
f 354 394 334
f 393 463 429
f 462 368 429
f 462 532 479
f 532 498 479
f 498 608 497
f 425 555 366
f 366 555 581
f 212 157 187
f 187 157 179
f 157 132 109
f 9 6 15
f 10 11 43
f 11 26 43
f 26 44 43
f 43 44 57
f 1 119 20
f 119 93 84
f 237 208 136
f 254 322 302
f 354 334 322
f 301 393 333
f 500 499 478
f 478 499 476
f 476 499 475
f 321 392 365
f 63 54 30
f 7 1 20
f 119 84 65
f 114 65 160
f 160 237 136
f 333 393 368
f 393 429 368
f 478 477 461
f 461 477 460
f 353 497 556
f 459 474 458
f 458 474 556
f 473 530 457
f 457 530 441
f 441 530 367
f 367 456 440
f 366 392 378
f 378 392 321
f 231 246 230
f 229 222 288
f 157 109 147
f 132 97 109
f 97 63 109
f 87 9 15
f 136 208 152
f 208 254 152
f 479 498 353
f 498 497 353
f 459 458 556
f 530 456 367
f 260 259 247
f 343 288 232
f 233 231 221
f 288 222 232
f 222 229 187
f 124 179 157
f 30 9 87
f 38 16 18
f 19 7 20
f 20 119 65
f 254 302 301
f 302 322 301
f 322 334 301
f 368 462 479
f 441 442 428
f 428 442 426
f 442 441 426
f 344 441 367
f 365 343 321
f 249 343 232
f 274 259 262
f 259 260 262
f 262 260 261
f 124 157 147
f 38 18 24
f 18 16 24
f 65 114 100
f 114 160 136
f 254 301 333
f 556 427 353
f 367 440 289
f 440 425 289
f 289 425 366
f 321 343 249
f 249 232 222
f 262 261 248
f 222 187 194
f 63 30 87
f 60 78 7
f 7 19 32
f 103 91 104
f 104 92 105
f 100 114 111
f 114 136 111
f 111 136 152
f 194 187 179
f 124 147 109
f 124 109 98
f 98 109 87
f 109 63 87
f 15 6 48
f 60 7 32
f 31 25 33
f 65 100 102
f 103 104 113
f 104 105 113
f 113 105 112
f 152 254 207
f 254 118 207
f 190 118 333
f 118 254 333
f 366 378 300
f 300 378 321
f 234 321 249
f 59 49 55
f 39 31 40
f 31 33 40
f 40 33 41
f 41 33 42
f 32 19 42
f 42 19 20
f 20 65 83
f 83 65 90
f 65 102 90
f 90 102 101
f 207 118 152
f 289 366 263
f 263 366 300
f 300 321 234
f 124 98 87
f 87 15 58
f 15 48 58
f 59 55 56
f 55 49 56
f 50 41 51
f 42 20 32
f 32 20 80
f 90 100 83
f 83 100 111
f 225 368 479
f 353 427 253
f 32 80 60
f 20 83 80
f 190 333 236
f 333 368 236
f 170 124 87
f 69 70 79
f 79 70 71
f 70 69 71
f 344 367 332
f 332 367 289
f 263 300 234
f 249 222 195
f 195 222 194
f 80 83 75
f 64 74 73
f 73 74 81
f 81 74 82
f 74 75 82
f 83 111 99
f 111 152 99
f 479 353 253
f 214 344 332
f 234 249 195
f 194 179 124
f 149 78 60
f 60 80 75
f 73 81 72
f 60 75 88
f 81 82 89
f 89 82 88
f 75 83 88
f 88 83 99
f 159 118 190
f 190 236 225
f 236 368 225
f 194 124 170
f 148 87 133
f 87 58 133
f 88 99 60
f 99 152 118
f 225 479 253
f 263 234 332
f 170 87 148
f 58 110 133
f 60 99 135
f 225 159 190
f 253 427 277
f 195 194 170
f 206 225 253
f 276 264 275
f 332 289 263
f 195 170 148
f 159 99 118
f 264 276 235
f 276 275 235
f 234 195 332
f 195 148 133
f 206 159 225
f 206 253 252
f 253 277 252
f 133 110 195
f 149 60 181
f 60 135 181
f 135 99 206
f 99 159 206
f 251 250 235
f 235 250 224
f 250 251 224
f 332 195 202
f 110 158 171
f 171 158 125
f 173 149 172
f 150 134 151
f 195 110 202
f 110 171 125
f 173 172 181
f 172 149 181
f 204 224 223
f 173 181 174
f 180 174 181
f 204 223 213
f 223 224 213
f 332 202 110
f 174 180 188
f 188 180 181
f 181 135 206
f 206 252 205
f 214 332 110
f 181 206 189
f 189 206 205
f 181 204 203
f 204 213 203
f 188 181 213
f 181 203 213

