# https://github.com/mikedh/trimesh
v -0.47464181 1.33314507 -0.45600792
v -0.49735950 1.33533600 -0.42829700
v -0.46217480 1.31323684 -0.48247618
v -0.50841147 1.33945740 -0.41202914
v -0.43410555 1.23511473 -0.55052994
v -0.49111400 1.34319900 -0.42968600
v -0.48628231 1.35494623 -0.42767106
v -0.49179700 1.34806300 -0.42587600
v -0.49561450 1.34367900 -0.42399300
v -0.49169600 1.34668900 -0.42564300
v -0.51703258 1.29674574 -0.43194821
v -0.52023567 1.25772396 -0.45515611
v -0.46137708 1.32468136 -0.47543436
v -0.49217500 1.35203300 -0.42208800
v -0.49131000 1.34754000 -0.42606500
v -0.53098800 1.26887500 -0.43415800
v -0.53154000 1.26889700 -0.43354700
v -0.53122800 1.26853400 -0.43341600
v -0.53257300 1.26993675 -0.43166350
v -0.53061000 1.26413500 -0.43775700
v -0.43348400 1.33120200 -0.49603300
v -0.53700701 1.33079665 -0.38007311
v -0.42926000 1.33067900 -0.49998900
v -0.42947100 1.33526600 -0.49564800
v -0.42987100 1.33584100 -0.49619300
v -0.42220900 1.34653912 -0.49637050
v -0.42934700 1.34322100 -0.49202700
v -0.42684308 1.39915147 -0.45754799
v -0.42655500 1.33508500 -0.50025100
v -0.42659100 1.33528800 -0.49933400
v -0.42525400 1.34327900 -0.49637500
v -0.42558100 1.34740900 -0.49235400
v -0.42588600 1.34778700 -0.49220900
v -0.51172000 1.36048200 -0.39062600
v -0.51578400 1.35876600 -0.38662700
v -0.51803800 1.35492000 -0.38671500
v -0.41228815 1.33094528 -0.51389897
v -0.42222900 1.34704500 -0.49639700
v -0.42073100 1.34698000 -0.49557500
v -0.42204700 1.34750400 -0.49654200
v -0.47584335 1.38355765 -0.41798999
v -0.51490400 1.35897700 -0.38751400
v -0.51568200 1.35889700 -0.38786300
v -0.42311790 1.34227806 -0.49821207
v -0.41799700 1.35035400 -0.49685500
v -0.41817200 1.35216400 -0.49615000
v -0.41110022 1.35762800 -0.49893552
v -0.51593700 1.36318700 -0.38326800
v -0.50266000 1.37875400 -0.38752200
v -0.52727200 1.35838100 -0.37097300
v -0.57741090 1.29944741 -0.34429610
v -0.50404200 1.38297100 -0.38329700
v -0.50463100 1.38217900 -0.38366100
v -0.50840400 1.38129900 -0.37879700
v -0.51188000 1.37856500 -0.37500100
v -0.52648000 1.36201600 -0.36695200
v -0.52730100 1.36260500 -0.36705400
v -0.47729039 1.22091733 -0.52120099
v -0.36993587 1.37595117 -0.52003803
v -0.50462300 1.38588000 -0.37905100
v -0.50407100 1.38334900 -0.38278100
v -0.50674600 1.38225900 -0.37890600
v -0.50347637 1.38213863 -0.38372100
v -0.50781500 1.38225900 -0.37754600
v -0.49642678 1.38798053 -0.38873688
v -0.52719200 1.36664800 -0.36325900
v -0.52752000 1.36623300 -0.36261100
v -0.50425300 1.38662100 -0.37866600
v -0.51439054 1.37623187 -0.37392067
v -0.52815825 1.36571913 -0.36275587
v -0.52664000 1.37118500 -0.35997200
v -0.52741800 1.36632100 -0.36344800
v -0.53146000 1.36468500 -0.35933200
v -0.55468400 1.33206000 -0.35158100
v -0.55482900 1.32741400 -0.35448300
v -0.55576000 1.32516350 -0.35527100
v -0.55475700 1.32665800 -0.35507100
v -0.55676300 1.32366900 -0.35547100
v -0.55491700 1.32747900 -0.35499100
v -0.54536656 1.18939057 -0.46483373
v -0.53747053 1.19969555 -0.46838657
v -0.54161746 1.35709973 -0.35072855
v -0.37438853 1.22863475 -0.59382606
v -0.39679709 1.29770019 -0.54641844
v -0.57723539 1.23188660 -0.39647315
v -0.41007093 1.42996235 -0.45101100
v -0.51768561 1.41616188 -0.33359355
v -0.56502136 1.22174904 -0.42125916
v -0.57173589 1.26500532 -0.38124847
v -0.58984600 1.25335200 -0.36035700
v -0.59045000 1.24909100 -0.36384000
v -0.58933700 1.24554300 -0.36718500
v -0.58959595 1.20031995 -0.39901043
v -0.59048600 1.24901100 -0.36359300
v -0.59024600 1.24969500 -0.36271300
v -0.58974250 1.24838225 -0.36464175
v -0.37495350 1.41069900 -0.49251400
v -0.59354000 1.24521600 -0.35944100
v -0.53868306 1.14295083 -0.49516657
v -0.44731066 1.43278516 -0.41355707
v -0.59460219 1.25275739 -0.35258475
v -0.60547100 1.20648300 -0.36914800
v -0.59880775 1.26803000 -0.33301900
v -0.35211352 1.40076667 -0.51629119
v -0.42968200 1.45223400 -0.41383500
v -0.60957193 1.25394231 -0.32535465
v -0.60065100 1.22600600 -0.36339700
v -0.42942000 1.45252500 -0.41322500
v -0.42948500 1.45595000 -0.41062900
v -0.46631195 1.17764954 -0.55044362
v -0.33975500 1.38223700 -0.53510700
v -0.33912200 1.38561100 -0.53239500
v -0.42957300 1.45707700 -0.41076000
v -0.43027800 1.45600100 -0.41039600
v -0.43336800 1.45549900 -0.40591700
v -0.48007432 1.47880880 -0.32820686
v -0.60849969 1.32362363 -0.26235133
v -0.59889850 1.29925525 -0.30566375
v -0.33593700 1.38225900 -0.53739100
v -0.33949300 1.38112400 -0.53460600
v -0.33638800 1.38500700 -0.53577600
v -0.33571200 1.38582900 -0.53510700
v -0.34011650 1.38453375 -0.53345962
v -0.33952900 1.38932600 -0.53118800
v -0.34690673 1.43586358 -0.49814088
v -0.42926700 1.46038500 -0.40705900
v -0.43354300 1.45643000 -0.40609900
v -0.43138850 1.45579425 -0.40872113
v -0.43697400 1.45644400 -0.40233300
v -0.32379352 1.37225563 -0.55059149
v -0.33130600 1.38616300 -0.53829200
v -0.33638800 1.38521800 -0.53458400
v -0.59467112 1.28909214 -0.32311319
v -0.32121999 1.48112778 -0.48331192
v -0.52328800 1.43231200 -0.30831200
v -0.52338600 1.43404600 -0.30629800
v -0.52348400 1.43578000 -0.30428400
v -0.52335300 1.43316300 -0.30730900
v -0.54471373 1.41507609 -0.29025494
v -0.62324785 1.23497872 -0.31540029
v -0.31869186 1.28789848 -0.59947770
v -0.42902757 1.48021996 -0.39164765
v -0.59879759 1.26655406 -0.33421384
v -0.61059550 1.16925450 -0.38528400
v -0.57753107 1.35784323 -0.28971506
v -0.55905925 1.10075669 -0.48965369
v -0.57508133 1.11658380 -0.46379055
v -0.60558400 1.14649600 -0.40595375
v -0.23388609 1.36295153 -0.60209308
v -0.28808860 1.41978793 -0.54256982
v -0.58599556 1.41197841 -0.19090828
v -0.62794566 1.16678945 -0.35797096
v -0.40232800 1.49932800 -0.40226000
v -0.44924100 1.49951700 -0.34770600
v -0.59367350 1.14010000 -0.42662013
v -0.51446850 1.10820326 -0.53481623
v -0.30106600 1.37023200 -0.56364600
v -0.30055000 1.37419500 -0.56233700
v -0.39851100 1.50337800 -0.40238400
v -0.40303400 1.49938600 -0.40288500
v -0.40276500 1.50394500 -0.39821700
v -0.44539400 1.50406900 -0.34809100
v -0.44591000 1.50328400 -0.34828800
v -0.44974900 1.50295600 -0.34330700
v -0.51993126 1.46331012 -0.28059422
v -0.64326557 1.23277654 -0.27521061
v -0.29885550 1.37161200 -0.56482175
v -0.30073100 1.36663300 -0.56639400
v -0.29958300 1.36599300 -0.56603800
v -0.29554000 1.37034200 -0.56667100
v -0.29716100 1.37049400 -0.56710700
v -0.39830000 1.50745000 -0.39871900
v -0.40204500 1.50267300 -0.39807200
v -0.40166700 1.50296400 -0.39834100
v -0.40651600 1.50294900 -0.39473500
v -0.39846000 1.50139700 -0.40430700
v -0.44612197 1.50929216 -0.34193375
v -0.45014900 1.50393800 -0.34391800
v -0.44980000 1.50337100 -0.34368500
v -0.45332700 1.50146600 -0.33999200
v -0.44751700 1.50527250 -0.34406700
v -0.45291200 1.50604700 -0.33602200
v -0.64079802 1.26406975 -0.24967992
v -0.29687800 1.36663300 -0.56837900
v -0.29717600 1.37064000 -0.56763800
v -0.29359100 1.37142500 -0.56821900
v -0.29851913 1.36881658 -0.56657105
v -0.40236500 1.50752300 -0.39453100
v -0.40236500 1.50667200 -0.39432700
v -0.43361500 1.50726100 -0.35940500
v -0.43333900 1.51103400 -0.35536200
v -0.43349200 1.51120900 -0.35551500
v -0.43304513 1.51164325 -0.35546675
v -0.43359300 1.51499700 -0.35145100
v -0.44912400 1.50726100 -0.33984600
v -0.44954600 1.50681000 -0.33897400
v -0.57812500 1.10906000 -0.46305200
v -0.38023464 1.54900796 -0.37847011
v -0.42986300 1.51145600 -0.35972500
v -0.43070000 1.51155800 -0.35959400
v -0.43384100 1.51068500 -0.35512200
v -0.42970300 1.51567300 -0.35557300
v -0.49582562 1.48954602 -0.29033656
v -0.57787350 1.10290800 -0.46572625
v -0.57835100 1.10522100 -0.46581500
v -0.57790700 1.10479900 -0.46415800
v -0.54857661 1.44772385 -0.24131170
v -0.61099346 1.37459746 -0.18636268
v -0.57900500 1.10116400 -0.46471000
v -0.57801600 1.10386100 -0.46385200
v -0.37315757 1.48765966 -0.44135349
v -0.40894876 1.55572938 -0.33901766
v -0.60503872 1.07912808 -0.44037701
v -0.27284837 1.39962838 -0.56277378
v -0.52619600 1.47601000 -0.24999900
v -0.53199675 1.03923513 -0.54038625
v -0.36380000 1.19848500 -0.61162700
v -0.18973345 1.37289309 -0.61286479
v -0.24661357 1.43129112 -0.55725060
v -0.52807200 1.47603900 -0.24617400
v -0.52734500 1.47601000 -0.24770900
v -0.36310200 1.19466100 -0.61326300
v -0.36344300 1.19485000 -0.61387400
v -0.26186100 1.42507000 -0.55359000
v -0.25824525 1.42417725 -0.55563350
v -0.25791300 1.42533200 -0.55505200
v -0.63466893 1.31307100 -0.20303998
v -0.41400662 1.14839287 -0.59957713
v -0.26192600 1.42126700 -0.55498600
v -0.26277000 1.42230700 -0.55396100
v -0.25815300 1.42554300 -0.55628800
v -0.25759300 1.42531000 -0.55497900
v -0.25459700 1.42518600 -0.55697900
v -0.60066008 1.35306130 -0.24104027
v -0.65800537 1.20836988 -0.26819754
v -0.64892819 1.12557240 -0.34692788
v -0.44962610 1.13085827 -0.58158985
v -0.41530909 1.14395523 -0.60061075
v -0.36052913 1.18846997 -0.61706594
v -0.47240600 1.10109100 -0.57374500
v -0.43360800 1.12818300 -0.59367500
v -0.42990057 1.12860939 -0.59602365
v -0.33164006 1.19615589 -0.63035358
v -0.23709465 1.47787303 -0.53279892
v -0.30423980 1.57964671 -0.41698922
v -0.43678563 1.11722369 -0.59487250
v -0.43514900 1.12447400 -0.59385000
v -0.49219000 1.07952900 -0.56447100
v -0.42915100 1.12461200 -0.59741200
v -0.42578400 1.12835700 -0.59890300
v -0.41608316 1.12288905 -0.60757531
v -0.38174910 1.15621143 -0.61713360
v -0.31124500 1.22430450 -0.62913550
v -0.38803344 1.17258687 -0.60622137
v -0.23640085 1.45663021 -0.54569044
v -0.44365492 1.56606152 -0.27849225
v -0.49150689 1.06205513 -0.57077167
v -0.43275700 1.12089000 -0.59772500
v -0.42934000 1.12456200 -0.59723000
v -0.42992900 1.12389300 -0.59722300
v -0.35278198 1.13209041 -0.64322005
v -0.35468688 1.16971395 -0.62812410
v -0.20602711 1.39331706 -0.59521061
v -0.62207570 1.05224553 -0.42651395
v -0.53123500 1.05804000 -0.53520200
v -0.52683600 1.05855600 -0.54072800
v -0.52344100 1.06195100 -0.54159300
v -0.42968900 1.12054100 -0.59892500
v -0.38876800 1.14443300 -0.61820700
v -0.38362000 1.15100600 -0.61791600
v -0.38621600 1.14857000 -0.61686200
v -0.66909395 1.15517489 -0.28367558
v -0.62500100 1.06594300 -0.41683800
v -0.62441200 1.06189300 -0.41792200
v -0.55960325 1.10779591 -0.48290944
v -0.52718500 1.05761100 -0.53971000
v -0.52677800 1.05875200 -0.53881600
v -0.38671800 1.14398200 -0.61861400
v -0.62760400 1.06195100 -0.41406100
v -0.62393200 1.06262800 -0.41755100
v -0.62436100 1.06129000 -0.41803800
v -0.62391050 1.06276050 -0.41896125
v -0.55156502 1.05548084 -0.51526998
v -0.19571862 1.31902062 -0.63445775
v -0.55078700 1.47994400 -0.17971100
v -0.55475700 1.47584300 -0.18016100
v -0.55579600 1.47601000 -0.17187300
v -0.55468400 1.47420000 -0.17968900
v -0.55724300 1.47210600 -0.17577700
v -0.58922092 1.44379849 -0.11825929
v -0.62377027 1.34195477 -0.19347128
v -0.57747903 0.99903435 -0.50408984
v -0.30276138 1.22319488 -0.63353275
v -0.30078200 1.22210900 -0.63482900
v -0.28689742 1.22857382 -0.63873881
v -0.49512312 1.52585065 -0.24018744
v -0.53735006 1.48476583 -0.21074611
v -0.55502600 1.47574100 -0.17497000
v -0.55459700 1.47638800 -0.17531200
v -0.55550500 1.47657700 -0.17629300
v -0.57769369 1.41238566 -0.22411905
v -0.63206900 1.33139800 -0.18014000
v -0.63134910 1.34732672 -0.15737107
v -0.67140697 1.09213860 -0.32234960
v -0.64173200 1.06904100 -0.39077200
v -0.63575386 1.06923988 -0.39883788
v -0.52291418 1.02487399 -0.55373115
v -0.30065100 1.21789200 -0.63666100
v -0.30075300 1.21787000 -0.63682800
v -0.29642000 1.22221800 -0.63661700
v -0.29447475 1.22257950 -0.63755587
v -0.29729900 1.22575100 -0.63511200
v -0.29298000 1.22606400 -0.63692300
v -0.28989800 1.22996100 -0.63675500
v -0.63235775 1.33181262 -0.18041513
v -0.63297000 1.33158000 -0.17959400
v -0.63275200 1.33192200 -0.18027800
v -0.64062600 1.07366500 -0.38881600
v -0.64039400 1.07029900 -0.39035000
v -0.63942925 1.07134813 -0.39162887
v -0.64077900 1.07070600 -0.39040800
v -0.50480900 1.06556381 -0.55719713
v -0.41543887 1.06949765 -0.62476152
v -0.29687800 1.21819700 -0.63826000
v -0.29652100 1.22245800 -0.63613000
v -0.29740100 1.22266900 -0.63599200
v -0.29242800 1.22575900 -0.63680600
v -0.29347112 1.24097500 -0.63047400
v -0.24387156 1.55864993 -0.46962145
v -0.48574100 1.54632800 -0.22656500
v -0.64173200 1.06585600 -0.39062600
v -0.64792793 1.05695626 -0.38481646
v -0.48790400 1.04766800 -0.57834400
v -0.48839500 1.04995400 -0.57715500
v -0.19267903 1.45330740 -0.56414222
v -0.48374800 1.54997000 -0.22448500
v -0.48358100 1.55035600 -0.22189700
v -0.48545000 1.54993400 -0.22254400
v -0.65312220 1.29493147 -0.17068000
v -0.62561815 1.10813380 -0.39701051
v -0.63708368 1.00667220 -0.42381121
v -0.48898400 1.04510500 -0.57856600
v -0.48732600 1.04674800 -0.57761300
v -0.27662592 1.53369752 -0.47384080
v -0.48342900 1.55104600 -0.22260200
v -0.48538650 1.54876550 -0.22369275
v -0.48461400 1.55247200 -0.21909700
v -0.61941923 1.39143678 -0.10831008
v -0.48836500 1.04581700 -0.57852200
v -0.48369000 1.04631900 -0.58202000
v -0.34354300 1.15624100 -0.63915500
v -0.30454900 1.19442800 -0.64444100
v -0.29883000 1.20061950 -0.64464100
v -0.30047700 1.19868200 -0.64510200
v -0.30110200 1.19863800 -0.64375700
v -0.30381300 1.16862492 -0.65506536
v -0.48088983 1.55364738 -0.22472596
v -0.55105415 1.49358979 -0.14865826
v -0.68468790 1.15083949 -0.24996607
v -0.46810004 1.04144631 -0.59651898
v -0.34368100 1.15174000 -0.64116200
v -0.34393500 1.15214000 -0.64086300
v -0.29703800 1.19477000 -0.64777100
v -0.30356000 1.19508300 -0.64535700
v -0.30119700 1.19914000 -0.64460100
v -0.29687800 1.19866700 -0.64632400
v -0.24321984 1.26053553 -0.64432268
v -0.25781100 1.57757800 -0.44664200
v -0.66234572 1.00856343 -0.38036119
v -0.34767300 1.14650500 -0.64062400
v -0.34447300 1.15208900 -0.64102300
v -0.34272500 1.15158200 -0.64129275
v -0.33984200 1.15179100 -0.64269600
v -0.25603300 1.57939950 -0.44602400
v -0.25394300 1.58150400 -0.44531900
v -0.25425500 1.58122100 -0.44540600
v -0.33260604 1.58575698 -0.38726218
v -0.34800570 1.64444114 -0.30363249
v -0.48979704 1.58387751 -0.14132906
v -0.55972731 1.49299219 -0.10693969
v -0.57552762 1.45190881 -0.15308450
v -0.30469321 1.61331249 -0.38403354
v -0.51603900 1.53937700 -0.16387500
v -0.51521325 1.53713750 -0.16716475
v -0.51828500 1.53460700 -0.16406400
v -0.66941331 1.26739113 -0.15279524
v -0.53521950 1.01335250 -0.54505750
v -0.18649834 1.53309506 -0.51589035
v -0.22382204 1.58415103 -0.45906097
v -0.51503500 1.53752300 -0.16417300
v -0.51616200 1.53816200 -0.16404900
v -0.70908375 1.15918278 -0.15447935
v -0.68691587 1.10489844 -0.27892588
v -0.69286141 1.06470361 -0.29604955
v -0.51756898 1.01108558 -0.56328952
v -0.42169100 1.05798100 -0.62410400
v -0.42373750 1.05410600 -0.62385700
v -0.33913575 1.13862662 -0.64761975
v -0.50419963 1.54499501 -0.18522609
v -0.42121100 1.05340100 -0.62570400
v -0.42217800 1.05425900 -0.62523800
v -0.39338238 1.06914604 -0.63823821
v -0.33966000 1.13608600 -0.64866500
v -0.33954400 1.13580300 -0.64810500
v -0.45884930 1.60694733 -0.17762750
v -0.58920790 1.45137441 -0.09065003
v -0.61146880 1.41970345 -0.06427337
v -0.42578400 1.05023100 -0.62361000
v -0.42230200 1.05052100 -0.62512900
v -0.42208300 1.05325500 -0.62483100
v -0.34048200 1.13573000 -0.64845400
v -0.55848250 1.49165750 -0.11912200
v -0.53548800 0.99169200 -0.55082000
v -0.42576300 1.04578100 -0.62499800
v -0.42187300 1.05023100 -0.62617600
v -0.27577246 1.20914401 -0.65187511
v -0.42624457 1.62129434 -0.22308333
v -0.61128269 0.96416484 -0.47286104
v -0.13533882 1.50492312 -0.54983633
v -0.35591809 1.11976749 -0.64590221
v -0.20406329 1.20916913 -0.67892405
v -0.10943166 1.61555791 -0.47583295
v -0.36949739 1.64528848 -0.27421343
v -0.53948360 1.52320960 -0.11301475
v -0.65531008 0.91443257 -0.42420368
v -0.43713010 0.98014150 -0.63539573
v -0.15100332 1.43128376 -0.59016865
v -0.18761000 1.60885800 -0.45312800
v -0.18662124 1.64793455 -0.42050625
v -0.65034427 1.32633829 -0.11067342
v -0.68874768 1.22454301 -0.14153764
v -0.67997000 1.02332100 -0.34165700
v -0.67769400 1.01875500 -0.34779300
v -0.55755341 0.85284791 -0.55591750
v -0.18036800 1.61283500 -0.45273500
v -0.18028800 1.61213000 -0.45341100
v -0.17761950 1.61345475 -0.45349850
v -0.67338616 1.28995058 -0.06769292
v -0.67951100 1.01858000 -0.34355400
v -0.68068200 1.01876200 -0.34324200
v -0.67965700 1.01954700 -0.34318300
v -0.67982075 1.01842775 -0.34389975
v -0.69501149 0.97644185 -0.33304401
v -0.36451592 1.02681752 -0.66755650
v -0.25390889 1.16287379 -0.67940940
v -0.17645600 1.61229700 -0.45573100
v -0.18065200 1.61253000 -0.45232000
v -0.21780450 1.65930498 -0.39373345
v -0.70609825 1.08732070 -0.24580184
v -0.71247648 0.99602815 -0.28789208
v -0.59329250 0.92659057 -0.50542773
v -0.07791538 1.49991917 -0.56381874
v -0.09077855 1.60301194 -0.48843059
v -0.32877341 1.62432599 -0.35092029
v -0.50690762 0.93893146 -0.59055096
v -0.49667568 0.92696282 -0.60201959
v -0.19794149 1.31453740 -0.63666253
v -0.51870971 1.56765377 -0.04037334
v -0.55682281 1.50923244 -0.05179519
v -0.54593075 0.94929250 -0.55112450
v -0.11762215 1.53108473 -0.53557453
v -0.31623431 1.68133615 -0.29209290
v -0.51172700 0.95518650 -0.58203250
v -0.25780276 1.65635865 -0.37226287
v -0.66830677 0.92415304 -0.39951676
v -0.53496391 0.86878978 -0.57918976
v -0.30770359 1.08351835 -0.68050500
v -0.17027890 1.22827542 -0.68047374
v -0.51758854 1.56058550 -0.08637304
v -0.59215711 1.45531764 -0.03827119
v -0.70292774 1.19534692 -0.11283641
v -0.71359000 1.11273200 -0.19140200
v -0.13461872 1.25990852 -0.67705388
v -0.10929255 1.33452539 -0.65131429
v -0.64936855 1.34980438 0.00497855
v -0.69456239 1.23732436 -0.05712046
v -0.71470300 1.11262300 -0.18744700
v -0.71439000 1.11264500 -0.18739600
v -0.71509600 1.10919100 -0.19074800
v -0.71473750 1.10977075 -0.19115162
v -0.71439000 1.10975800 -0.19207900
v -0.09763375 1.35982575 -0.63852575
v -0.64433500 1.35492000 -0.04687800
v -0.64524750 1.35296750 -0.04687800
v -0.72558814 1.11842054 -0.13514148
v -0.71514600 1.10915400 -0.19066100
v -0.56172126 1.50388563 -0.04244144
v -0.64476400 1.35534200 -0.03509100
v -0.64222600 1.35980600 -0.04150400
v -0.64395700 1.35492000 -0.04309000
v -0.64536700 1.35404000 -0.04336600
v -0.64369500 1.35487600 -0.04292200
v -0.05221913 1.38703145 -0.63169394
v -0.10111011 1.45202721 -0.58949203
v -0.47143832 1.62292525 -0.07629028
v -0.64376800 1.35501400 -0.03975200
v -0.59219971 0.91948469 -0.51153805
v -0.23173574 1.70814022 -0.33179858
v -0.38903912 1.69745355 -0.13762605
v -0.56071000 1.50050975 -0.06834725
v -0.69052846 1.25525178 0.00419186
v -0.72836963 0.93804628 -0.27306148
v -0.40685510 0.96435720 -0.65762044
v -0.54243412 1.53302925 -0.03466613
v -0.53652100 1.54180150 -0.03450625
v -0.60577641 0.87220068 -0.50164134
v -0.26178846 0.98321808 -0.72542429
v -0.04493950 1.38210600 -0.63330150
v -0.00200181 1.55568373 -0.53403007
v -0.50202217 1.59240303 0.00085957
v -0.70554925 0.89680183 -0.33976095
v -0.27949689 1.10193694 -0.68718728
v -0.15372739 1.15649686 -0.71088314
v -0.25652750 1.68171650 -0.34317250
v -0.52126663 1.56515137 -0.00336575
v -0.24990700 1.68223600 -0.34759000
v -0.53127100 1.55023900 -0.02340000
v -0.53509250 1.54440625 -0.02766225
v -0.72368720 1.09835005 -0.16976133
v -0.64694717 0.87971302 -0.44341934
v -0.38597018 0.93572971 -0.67468043
v -0.24609700 1.68432300 -0.34796800
v -0.24956600 1.68246200 -0.34681900
v -0.43371261 1.65095903 -0.13528390
v -0.39818674 0.86855779 -0.67910914
v -0.20227328 1.69641517 -0.36293703
v -0.40389973 1.69219003 -0.10138855
v -0.53130000 1.55050100 -0.01961900
v -0.72387813 1.13686118 -0.10487520
v -0.65967100 0.88670587 -0.42267312
v -0.66015600 0.89075700 -0.42080800
v -0.65772800 0.88616900 -0.42578100
v -0.68887067 0.83316265 -0.38626157
v -0.46325174 0.87745262 -0.63460448
v -0.00897257 1.50912064 -0.56304246
v -0.67162656 1.29874148 0.01253937
v -0.67585858 1.28980856 0.02623771
v -0.66041800 0.88583400 -0.42265500
v -0.66033100 0.88620500 -0.42287300
v -0.65961800 0.88705600 -0.42176100
v 0.01616712 1.53110527 -0.54913530
v -0.56912132 1.49406072 0.00953593
v -0.61481615 1.41319882 0.06137126
v -0.74224414 1.03804430 -0.16291107
v -0.66110900 0.88228600 -0.42130300
v -0.56335975 0.87413087 -0.54888588
v -0.14695650 1.34087431 -0.63497128
v -0.10492500 1.66642900 -0.42895900
v -0.09814725 1.66528475 -0.43169762
v -0.27449115 1.04127188 -0.70524761
v -0.01539497 1.45591623 -0.59576592
v -0.10182000 1.66685100 -0.42970100
v -0.10155800 1.66741800 -0.42883500
v -0.15089670 1.71241041 -0.36806292
v -0.32917629 1.70796068 -0.23250959
v -0.63018172 1.38125609 0.06746261
v -0.72289379 1.16746075 0.00231780
v -0.62451184 0.76794796 -0.49125932
v -0.47867350 0.88287238 -0.62225350
v -0.43663385 0.88191010 -0.65262102
v -0.28778900 1.05879600 -0.69501000
v -0.28423400 1.06217700 -0.69503900
v -0.28437900 1.06129700 -0.69565700
v -0.00422572 1.57949531 -0.51535490
v -0.09787200 1.66758500 -0.43072600
v -0.09830100 1.66720000 -0.42901000
v -0.09361100 1.67145300 -0.42689400
v -0.14418800 1.70008600 -0.38309400
v -0.15235300 1.70183900 -0.37893500
v -0.15625000 1.69965700 -0.37890600
v -0.51734582 0.81255012 -0.60096754
v -0.28586900 1.06199500 -0.69530100
v -0.28621125 1.06149700 -0.69486650
v -0.19969803 1.11059100 -0.71337660
v -0.07355000 1.66321600 -0.43747300
v -0.07812400 1.66275000 -0.43750200
v -0.09374900 1.66741800 -0.43055100
v -0.09702100 1.66770200 -0.42945300
v -0.15128425 1.70103875 -0.37958575
v -0.14062500 1.70257300 -0.38178500
v -0.14475500 1.70362000 -0.38072300
v -0.14828900 1.70307500 -0.37916700
v -0.14833900 1.70249300 -0.37820800
v -0.15234600 1.70257300 -0.37740800
v -0.49969281 1.57335331 0.11892088
v -0.00234769 1.47203153 -0.58723182
v -0.07055500 1.66349200 -0.43855700
v -0.07146437 1.66409012 -0.43727862
v -0.07337600 1.66327400 -0.43675300
v -0.07413900 1.66365200 -0.43751700
v -0.07812400 1.66351400 -0.43681200
v -0.08196300 1.67564675 -0.42591400
v -0.14405000 1.70365600 -0.37894900
v -0.14887800 1.70183100 -0.37974900
v -0.54658306 1.52915347 0.01922917
v -0.58504674 1.46388722 0.05796169
v -0.73983716 1.00756245 -0.19425968
v -0.69879400 0.86663900 -0.35937600
v -0.69945575 0.86197100 -0.35946300
v -0.08239200 1.67559100 -0.42565800
v -0.08154100 1.67562700 -0.42666900
v -0.08176700 1.67615000 -0.42574500
v -0.69921600 0.87054400 -0.35750700
v -0.70005900 0.86744600 -0.35851800
v -0.69971000 0.86186900 -0.36059700
v -0.01833333 1.32575996 -0.66147236
v 0.02392021 1.63148600 -0.47314204
v -0.07438700 1.67610000 -0.42636300
v -0.07837800 1.67593200 -0.42638500
v -0.07812400 1.67602000 -0.42578100
v -0.51943450 1.56799125 0.00683800
v -0.70115700 0.86272700 -0.35547100
v -0.69922300 0.86240800 -0.35903400
v -0.69987000 0.86121500 -0.35906300
v -0.69793600 0.85925900 -0.36345500
v -0.67054086 0.83500617 -0.41666838
v -0.44531400 0.87049300 -0.64788700
v -0.32445849 0.96650409 -0.70066046
v -0.09962737 1.22014065 -0.69796319
v -0.08306061 1.67111755 -0.42948427
v -0.50910950 1.57918500 0.04497950
v -0.74115500 1.08148100 -0.08984200
v -0.74178700 1.07757700 -0.09374600
v -0.69989900 0.85877900 -0.35973900
v -0.44563400 0.86237100 -0.64851300
v -0.44522000 0.86607900 -0.64870200
v -0.44581600 0.86665400 -0.64847600
v -0.44140200 0.87054400 -0.65046100
v -0.26015555 1.72450458 -0.28716290
v -0.34811600 1.71473400 -0.18364050
v -0.52506015 1.55251030 0.08110385
v -0.72116158 1.16524596 0.05674559
v -0.74200500 1.08143800 -0.08193800
v -0.74327000 1.07888600 -0.08621400
v -0.74135800 1.07785300 -0.08933300
v -0.74308100 1.07718400 -0.09074300
v -0.75272466 1.01024846 -0.13001666
v -0.44622300 0.85840100 -0.64866500
v -0.44531400 0.86272700 -0.64885400
v -0.44346525 0.86759350 -0.64961575
v -0.44574300 0.86655900 -0.64868700
v -0.21705530 1.09614072 -0.71154055
v 0.01265000 1.37244300 -0.63945100
v -0.10133422 1.68616025 -0.41245139
v -0.35539382 1.72474749 -0.14487601
v -0.74260900 1.07757700 -0.08593700
v -0.74161300 1.07629000 -0.08968900
v -0.74275400 1.07366500 -0.09374600
v -0.75208796 0.95475112 -0.18679682
v -0.72215730 0.85053832 -0.31467003
v -0.44344435 0.81383814 -0.65602292
v -0.07695760 1.30394665 -0.66756530
v -0.05979347 1.69316905 -0.41276122
v -0.74348900 1.07339600 -0.08781300
v -0.62740030 0.78407052 -0.48440308
v -0.27225385 0.97936131 -0.72061650
v -0.03163449 1.69486904 -0.41394171
v -0.36283379 1.73507070 -0.08357368
v -0.43592134 1.67002032 0.01391860
v -0.44385274 1.65875951 0.04871043
v -0.50654275 1.58125400 0.05375075
v -0.67581072 1.27521421 0.09121601
v -0.74593421 0.87413892 -0.24839772
v -0.10257138 1.73931661 -0.35462188
v -0.11027917 1.14100141 -0.72413250
v 0.03933100 1.36682200 -0.64107400
v -0.05652200 1.70323500 -0.40231800
v -0.06242600 1.70265300 -0.40207800
v -0.06202600 1.70263900 -0.40242700
v -0.54427900 1.52679100 0.06249900
v -0.54670000 1.52292300 0.06287000
v -0.54557700 1.52444250 0.06450200
v -0.54684600 1.52309700 0.06188100
v -0.69277093 1.24638517 0.04668524
v -0.72497694 1.15811152 -0.03945229
v -0.05464600 1.70304600 -0.40299400
v -0.05812900 1.70307500 -0.40331400
v -0.06332000 1.70217300 -0.40247100
v -0.05839800 1.70342400 -0.40164200
v -0.54687500 1.52209400 0.06650500
v -0.54630800 1.52251500 0.06300100
v -0.73620554 1.11798584 0.05543636
v -0.77572567 0.95425150 -0.01025512
v -0.76076188 0.98383704 -0.11398957
v -0.75000300 0.91299100 -0.21733800
v -0.19891838 1.04024282 -0.73144943
v -0.05951679 1.70672795 -0.39839874
v -0.38993592 1.71114886 -0.06784733
v -0.53749532 1.52101837 0.13146693
v -0.75066500 0.90995200 -0.21846500
v -0.74957400 0.91008300 -0.21892300
v -0.75033400 0.91147150 -0.21790150
v -0.34714078 0.90199706 -0.70117057
v -0.75065800 0.90608400 -0.21882100
v -0.75035200 0.90938500 -0.21801400
v -0.59439291 0.71382434 -0.52621471
v -0.49617454 0.76682883 -0.61986200
v 0.05870099 1.29308257 -0.67391053
v -0.48742398 1.60353439 0.07234927
v -0.08505905 1.10074319 -0.73801999
v -0.02134500 1.70658700 -0.40198000
v -0.02751100 1.70652900 -0.40205600
v -0.01097644 1.76764768 -0.33756347
v -0.46072509 0.71910992 -0.64757620
v -0.00182425 1.37720350 -0.63638825
v 0.04670400 1.36743300 -0.63972900
v 0.03772559 1.41170680 -0.61941898
v 0.09340905 1.54077250 -0.53356596
v 0.11566558 1.55536562 -0.51961278
v -0.01482890 1.68218674 -0.42876597
v -0.02754000 1.70599000 -0.40205600
v -0.02316300 1.70669600 -0.40143100
v -0.07021300 1.73764100 -0.36318600
v -0.04987651 1.77109250 -0.33043204
v -0.40885055 1.69950324 -0.00800886
v -0.56703396 1.46649093 0.16016830
v -0.62228342 1.36898884 0.15017120
v -0.76107796 0.80769721 -0.21528535
v -0.70957798 0.77350262 -0.35433243
v -0.56697167 0.77707049 -0.55592098
v -0.28017038 0.95337328 -0.72272602
v 0.00793956 1.27737335 -0.68341018
v 0.00976098 1.23565825 -0.69944090
v 0.04687800 1.36272900 -0.64254300
v 0.04626000 1.36666300 -0.64005600
v 0.04592600 1.36667700 -0.64058000
v 0.05020800 1.36637900 -0.64061600
v 0.06254700 1.51598600 -0.55490600
v 0.06553000 1.51476100 -0.55540425
v -0.01952700 1.70647800 -0.40252900
v -0.02407900 1.70673200 -0.40163500
v -0.02330100 1.70617900 -0.40184600
v -0.30765993 1.73502690 -0.21567549
v -0.34193855 1.75649390 -0.05700581
v -0.65705945 1.31790275 0.09665463
v -0.69480532 1.22691737 0.10067694
v -0.75438440 1.05394110 0.00749674
v -0.03127527 1.24404471 -0.69609548
v 0.05399700 1.36634300 -0.64017300
v 0.06691000 1.51544100 -0.55498600
v 0.06589200 1.51496800 -0.55532800
v 0.07002900 1.51573900 -0.55409900
v 0.07325691 1.60036297 -0.49339030
v -0.76433520 0.90089876 -0.16954576
v -0.55621050 0.80267675 -0.56447375
v -0.50229143 0.70099281 -0.61515676
v 0.06612400 1.51566600 -0.55426600
v 0.05063166 1.70454486 -0.40376838
v -0.43427700 1.66749800 0.05848600
v -0.43374250 1.66784350 0.06063050
v -0.59243749 1.43256387 0.12811554
v -0.64787988 1.30306320 0.17588186
v -0.75601181 1.04577946 -0.01786279
v -0.74184573 0.80570401 -0.27377216
v -0.57580105 0.67212938 -0.54476371
v 0.07512201 1.47391099 -0.58141268
v 0.07455475 1.64106003 -0.45839068
v -0.31230850 1.76605375 -0.12232275
v -0.31404076 1.77026203 -0.10032223
v -0.43389200 1.66776700 0.06266600
v -0.43389200 1.66820300 0.06297200
v -0.43359300 1.66672700 0.06640400
v -0.39438265 1.70542493 0.08121654
v -0.52543361 1.52788121 0.16051749
v -0.66010500 1.28852900 0.14800600
v -0.66047250 1.28852150 0.14626800
v -0.66164000 1.28851400 0.14062600
v -0.67353366 1.25839512 0.14647687
v -0.75762300 0.87135800 -0.20573300
v -0.75839400 0.86695900 -0.20698400
v -0.75800850 0.86915850 -0.20635850
v -0.64072332 0.67828354 -0.46416351
v 0.07051242 1.36240001 -0.64059618
v -0.31236500 1.76567800 -0.12549800
v -0.31215400 1.76487100 -0.12539700
v -0.43291700 1.66741800 0.06640400
v -0.43399300 1.66806500 0.06118300
v -0.59109700 1.43702300 0.12523300
v -0.66084000 1.28851400 0.14453000
v -0.76691213 0.93530213 -0.12793386
v -0.75755800 0.86574500 -0.20785700
v -0.75817600 0.86700300 -0.20718000
v -0.75716500 0.86272700 -0.21093900
v -0.13963407 1.03802071 -0.74558590
v -0.01908555 1.10109331 -0.74339028
v 0.08467962 1.37973142 -0.63093345
v -0.14346903 1.76811198 -0.30499442
v -0.31110700 1.76507400 -0.12890900
v -0.31237200 1.76489200 -0.12538200
v -0.31198700 1.76727700 -0.12133900
v -0.59003500 1.43643500 0.12902800
v -0.58946100 1.43722700 0.12900700
v -0.76271189 0.99875568 0.07517831
v -0.75822000 0.86256700 -0.20702800
v 0.08042600 1.35882400 -0.64103800
v 0.07436300 1.36254700 -0.63998400
v 0.13026150 1.36758313 -0.62759675
v -0.23641470 1.80989521 -0.15369560
v -0.26415894 1.78177780 -0.18258931
v -0.58776700 1.44085500 0.12890500
v -0.59027900 1.43712500 0.12712000
v -0.58989000 1.43754000 0.12896300
v -0.60809600 1.39397900 0.15234600
v -0.61027800 1.39007500 0.15234600
v -0.60074371 1.40863487 0.15040670
v -0.72230041 1.15272871 0.08473591
v 0.04296700 1.26247700 -0.68749900
v 0.07812900 1.36025000 -0.64062400
v -0.60931100 1.39003900 0.15675300
v -0.60907800 1.38953700 0.15620000
v -0.61145500 1.38617000 0.15625100
v -0.68046754 1.21660722 0.18840695
v -0.73803362 1.08541413 0.10862275
v -0.77632479 0.90482570 -0.08305668
v -0.41861878 0.75765518 -0.67406458
v -0.36732738 0.76069544 -0.70257890
v 0.04687800 1.25726400 -0.68926600
v 0.05168400 1.26578500 -0.68560200
v 0.04687800 1.26116800 -0.68778300
v 0.04686400 1.26142300 -0.68739800
v 0.09316975 1.69215667 -0.40797692
v -0.30468700 1.77587200 -0.10546700
v -0.30863450 1.77414800 -0.09945750
v -0.30872900 1.77353000 -0.10122800
v -0.30479600 1.77699900 -0.10156200
v -0.30501400 1.77781300 -0.09818900
v -0.26600321 1.81583346 -0.04849083
v -0.45829990 1.62969701 0.11498927
v -0.60836500 1.39007500 0.16015500
v -0.60847400 1.38780600 0.15935600
v -0.60848900 1.38991500 0.15606200
v -0.60960100 1.38615600 0.16382000
v -0.73801400 1.08426600 0.10932400
v 0.05078300 1.25726400 -0.68904100
v 0.05121200 1.26129200 -0.68876500
v 0.05083400 1.26120500 -0.68826300
v 0.05542200 1.26116800 -0.68715000
v 0.08625310 1.36591507 -0.63678631
v 0.09073635 1.63404540 -0.46144035
v 0.07616581 1.66608544 -0.43621868
v -0.19002496 1.79562841 -0.23765233
v -0.30102900 1.77761700 -0.10956100
v -0.30423600 1.77754400 -0.10571400
v -0.30544300 1.77629300 -0.10162800
v -0.30490500 1.77667900 -0.10116300
v -0.28337042 1.78961419 -0.11479217
v -0.65213243 1.27982552 0.19724196
v -0.73531708 1.07341432 0.14975643
v -0.73767900 1.08586600 0.10853200
v -0.73794100 1.08525500 0.10973100
v -0.77815997 0.88777231 -0.08750662
v 0.05468700 1.25726400 -0.68877200
v 0.05153900 1.26094300 -0.68749200
v -0.06334718 1.79201471 -0.29968320
v -0.17899765 1.81544831 -0.21020787
v -0.30078200 1.77878700 -0.10546700
v -0.73797000 1.08382200 0.11418100
v -0.77287546 0.95619622 -0.03251325
v -0.74286685 0.74049715 -0.27801935
v -0.42951400 1.66103400 0.11186900
v -0.48668334 1.58325895 0.15139230
v -0.70585876 1.17953214 0.13579550
v -0.78336224 0.84842154 -0.08156859
v -0.18429153 0.96374586 -0.75142665
v 0.06229375 1.37026712 -0.63721688
v 0.14509622 1.42990586 -0.59155313
v 0.15798912 1.64681808 -0.43279065
v -0.42603900 1.66307700 0.11314900
v -0.66963000 1.24166800 0.18750100
v -0.67170300 1.23865700 0.18718100
v -0.67198600 1.23808300 0.18778500
v -0.67195875 1.23972525 0.18513537
v -0.06033263 1.09203295 -0.74303665
v 0.10941664 1.67713509 -0.41834327
v -0.33992900 1.75804300 0.04673600
v -0.42507900 1.66391300 0.11762800
v -0.42612600 1.66348400 0.11732200
v -0.67075000 1.23773400 0.19140600
v -0.67262600 1.23851200 0.18754500
v -0.67266200 1.23647600 0.19086800
v -0.67214600 1.23380800 0.19200200
v -0.66851791 1.24333643 0.19156902
v -0.77942012 0.77766009 -0.13938452
v -0.68731300 0.68658900 -0.39190600
v -0.68829150 0.68031200 -0.38875600
v -0.68724100 0.68357800 -0.39096800
v -0.68725500 0.67939800 -0.39062600
v -0.44532100 0.71817400 -0.65638000
v 0.04619465 1.20039066 -0.71095020
v 0.12662970 1.60444846 -0.47889552
v -0.33581400 1.76104600 0.05037900
v -0.33655500 1.76088600 0.05358500
v -0.34008900 1.75685800 0.05472700
v -0.34035800 1.75700300 0.05056800
v -0.33950700 1.75761400 0.05495900
v -0.42531200 1.66317200 0.11592600
v -0.71177983 1.10676071 0.21103196
v -0.71104267 0.63557670 -0.33825643
v -0.68801900 0.68192800 -0.39101200
v -0.68697100 0.68320800 -0.38988500
v -0.68933500 0.67913600 -0.38671500
v -0.44328550 0.70647850 -0.65744850
v -0.44518300 0.71475600 -0.65531100
v -0.44071900 0.71565100 -0.65925900
v 0.08146987 1.13312042 -0.72964438
v 0.17986487 1.42215525 -0.58496669
v 0.14094850 1.36926244 -0.62452494
v -0.33529000 1.76059500 0.05847100
v -0.33753319 1.75903369 0.05528106
v -0.33936200 1.75656000 0.05463200
v -0.50552100 1.54047785 0.19422485
v -0.59681983 1.38781933 0.20372786
v -0.77078349 0.93024691 0.10917654
v -0.78092293 0.91341666 -0.00734358
v -0.68318197 0.72687709 -0.40253302
v -0.62740958 0.64928965 -0.47941352
v -0.49163000 0.68348400 -0.62193700
v -0.49253200 0.68317900 -0.62029400
v -0.49194450 0.67935050 -0.62096825
v -0.44921900 0.71038600 -0.65371100
v -0.44542300 0.70992800 -0.65633600
v -0.44610700 0.70941900 -0.65674300
v 0.04547490 1.14880643 -0.72764736
v 0.18156814 1.36187273 -0.61807289
v -0.34057253 1.75906082 0.03420710
v -0.51542604 1.50993032 0.22512497
v -0.74894329 1.04545122 0.10640239
v -0.71240715 0.70449049 -0.34557738
v -0.67394095 0.67427124 -0.41375035
v -0.52316600 0.56396400 -0.57862975
v -0.49219000 0.67913600 -0.62081000
v -0.49184800 0.67970300 -0.62058500
v -0.44516900 0.70647500 -0.65624900
v -0.44565600 0.71089500 -0.65516500
v -0.44140200 0.70648200 -0.65864800
v -0.39454100 0.73773200 -0.68749900
v -0.39454100 0.74162200 -0.68750700
v 0.11519608 1.24990703 -0.68440673
v 0.07525975 1.32928128 -0.65824152
v 0.14546068 1.62693325 -0.45420078
v 0.10547500 1.68648300 -0.41012700
v 0.11731375 1.68443825 -0.40864563
v 0.09814483 1.73525449 -0.36082904
v -0.23869353 1.81370625 -0.13564651
v -0.50208550 1.56780950 0.13281650
v -0.56582358 1.43005596 0.22328864
v -0.39441800 0.72999600 -0.68749900
v -0.39420700 0.73353700 -0.68704100
v -0.39451900 0.73449700 -0.68708500
v -0.39316000 0.73694000 -0.68742700
v -0.39648400 0.73496775 -0.68633050
v 0.11328400 1.68304300 -0.41126900
v 0.11399600 1.68403900 -0.41081800
v -0.72502115 1.05840805 0.20754320
v -0.75419900 0.73105225 -0.24123350
v -0.75390800 0.73778300 -0.24240100
v -0.75379900 0.73363200 -0.24242300
v -0.74976487 0.66649011 -0.24734550
v -0.39526100 0.73348600 -0.68762300
v -0.39062200 0.73495500 -0.68964400
v -0.30685702 0.85207442 -0.72708099
v 0.11726100 1.68340000 -0.41033800
v 0.11630100 1.68285400 -0.41015600
v 0.07955087 1.74988098 -0.34881547
v -0.29658481 1.79623175 -0.00176343
v -0.41182234 1.66456866 0.16495744
v -0.67541100 1.20279700 0.21923900
v -0.75514400 0.73382100 -0.23827800
v -0.75370400 0.73399500 -0.24250300
v -0.75326100 0.73363200 -0.24155000
v -0.76612406 0.74368766 -0.20391310
v -0.56104379 0.60187011 -0.55025637
v -0.31106408 0.79736551 -0.72830014
v 0.16024700 1.60834900 -0.46457900
v 0.15846600 1.60882200 -0.46484100
v 0.15657500 1.60936000 -0.46506600
v 0.15841100 1.60885450 -0.46482250
v 0.12109300 1.67913900 -0.41267900
v 0.11750800 1.68228000 -0.40972700
v 0.14702734 1.68638888 -0.39693614
v 0.03450884 1.82268160 -0.26283015
v -0.67445100 1.19866700 0.22656100
v -0.67537400 1.19819500 0.22135500
v -0.67540000 1.19872350 0.22375425
v -0.67584700 1.19863800 0.22246000
v -0.67725000 1.19891400 0.21814800
v -0.78619887 0.85364120 -0.01402208
v -0.73742870 0.65851774 -0.28253766
v -0.38979578 0.70139860 -0.68951466
v -0.21874050 0.94131900 -0.74563400
v -0.21875100 0.94475800 -0.74505600
v 0.20712508 1.47006254 -0.54992838
v 0.16608002 1.60245841 -0.46733065
v 0.12880700 1.67518300 -0.41403200
v 0.07359858 1.81970178 -0.26400996
v -0.27663917 1.80756127 0.04899040
v -0.35781220 1.73656004 0.09164424
v -0.42242974 1.63087922 0.20946188
v -0.47017138 1.56288000 0.23167762
v -0.67594100 1.19474800 0.22657500
v -0.67583200 1.19511900 0.22699000
v -0.67521400 1.19821600 0.22244600
v -0.67728700 1.19476300 0.22265600
v -0.65954725 0.62726901 -0.42824268
v -0.48041215 0.61278020 -0.62306486
v -0.44387203 0.66068416 -0.65507238
v -0.21875100 0.94085400 -0.74570300
v -0.21873000 0.93788000 -0.74621200
v 0.20900287 1.37118960 -0.60449897
v 0.20948739 1.56730976 -0.48130463
v 0.12890900 1.67909500 -0.41015600
v 0.12903300 1.67860800 -0.41076700
v 0.12830600 1.68342100 -0.40578600
v 0.13295200 1.68177650 -0.40631925
v 0.12877800 1.68694800 -0.40233300
v -0.35109592 1.72484162 0.15553265
v -0.52682200 0.62066300 -0.58567000
v -0.52461744 0.68424063 -0.59305713
v 0.14689750 1.30690925 -0.65470195
v 0.17957147 1.32195555 -0.63863899
v 0.18359400 1.41742100 -0.58723300
v 0.18359400 1.41977700 -0.58593900
v 0.15070763 1.48307366 -0.55915478
v 0.12932400 1.68268000 -0.40511700
v 0.12868400 1.68318900 -0.40639000
v 0.12853100 1.68742000 -0.40175100
v 0.13281400 1.68694800 -0.40098800
v 0.14928398 1.72956467 -0.34880067
v -0.65033633 1.22368989 0.26625939
v -0.74794763 1.00232255 0.16580767
v -0.65965500 0.62107000 -0.42584000
v -0.66038900 0.62027800 -0.42604300
v -0.65687619 0.58742221 -0.42382852
v -0.60397403 0.59343018 -0.49843095
v -0.29234356 0.81823278 -0.73463259
v 0.18749100 1.41742100 -0.58592400
v 0.13309000 1.68313100 -0.40507400
v -0.57912075 1.37990559 0.26265422
v -0.62113064 1.31824314 0.23475310
v -0.71635122 1.09170840 0.20583435
v -0.78765002 0.77078835 -0.08170933
v -0.66046238 0.62166625 -0.42538675
v -0.66209000 0.61663500 -0.42187700
v -0.66022200 0.62079400 -0.42579600
v -0.52388285 0.60865716 -0.58747622
v -0.00756789 1.04324511 -0.75683450
v 0.13707599 1.70903172 -0.37621527
v -0.22900593 1.84150048 0.02902177
v -0.36884196 1.71929450 0.12063006
v -0.77154757 0.64763624 -0.15934925
v -0.66537801 0.62227849 -0.41783741
v -0.12978322 0.96380976 -0.76159281
v 0.24081060 1.56143351 -0.47007947
v 0.10957421 1.78459249 -0.29696843
v -0.32949500 1.75335300 0.12109600
v -0.32833200 1.75363000 0.12462900
v -0.55525800 1.45294000 0.21528400
v -0.55461650 1.45252900 0.21753625
v -0.78652946 0.83335095 0.06229022
v -0.54552058 0.61855954 -0.56968765
v -0.34401258 0.73184245 -0.71453801
v -0.22153997 0.85756606 -0.75598770
v -0.08644729 1.02404663 -0.75663970
v 0.20190341 1.50893790 -0.52609705
v 0.22494773 1.58179786 -0.46107600
v -0.19438776 1.81620430 -0.19221142
v -0.18366704 1.84479623 -0.14176401
v -0.32826600 1.75315000 0.12529100
v -0.32827400 1.75353500 0.12463700
v -0.32819025 1.75334975 0.12487850
v -0.32803400 1.75179700 0.12915200
v -0.46333021 1.57706105 0.22208972
v -0.55426200 1.45230000 0.21879600
v -0.55468400 1.45257600 0.21726900
v -0.60276524 1.33365942 0.25896006
v -0.62378518 1.27144294 0.27913194
v -0.69733554 1.06010984 0.28686926
v -0.77914949 0.86665842 0.10774399
v -0.79281837 0.79071429 -0.00588767
v -0.42972348 0.62020241 -0.65985870
v -0.35506700 0.68753400 -0.70702900
v -0.35937200 0.69085700 -0.70503000
v -0.35719000 0.69478300 -0.70638900
v 0.02965334 1.08244837 -0.74687929
v 0.15623787 1.13619960 -0.71619492
v 0.18184150 1.42144150 -0.58555300
v -0.18310900 1.82319100 -0.18788300
v -0.18138200 1.82343100 -0.18951550
v -0.35771991 1.71244255 0.17134177
v -0.62522933 1.24443626 0.30218861
v -0.74796589 0.93564611 0.21392292
v -0.68583052 0.58760850 -0.37664881
v -0.35072967 0.60439571 -0.70170911
v -0.34555463 0.62247596 -0.70770622
v -0.35439800 0.69095100 -0.70714500
v -0.35578000 0.69144600 -0.70778500
v -0.35501600 0.69105300 -0.70739300
v -0.35599100 0.69452100 -0.70663600
v -0.28442300 0.80805000 -0.73816300
v -0.20322728 0.91116581 -0.75469046
v -0.13294865 0.95002918 -0.76416024
v 0.21178129 1.13614698 -0.70175703
v 0.24157376 1.33987634 -0.60908434
v -0.04117965 1.84747142 -0.22022813
v -0.17965500 1.82367100 -0.19114800
v -0.18391600 1.82350400 -0.18708300
v -0.18329100 1.82366400 -0.18737400
v -0.56217582 1.37696326 0.29690020
v -0.78448172 0.87277874 0.02641801
v -0.71758938 0.61041715 -0.31785009
v -0.28906100 0.79632200 -0.73689800
v -0.28906100 0.80023000 -0.73671250
v -0.28503300 0.80387600 -0.73903600
v -0.28453200 0.80413800 -0.73828000
v 0.26285761 1.38684143 -0.57399173
v 0.02613412 1.85061258 -0.21529363
v -0.11060258 1.83342458 -0.22515411
v -0.18359600 1.82565600 -0.18359300
v -0.68425346 1.14310292 0.25766691
v -0.77926218 0.72196191 -0.14477357
v -0.62176550 0.58088925 -0.47220675
v -0.37292709 0.60081623 -0.68902205
v -0.33369251 0.68715156 -0.71812872
v -0.28547000 0.79755100 -0.73828000
v -0.28450300 0.80028500 -0.73780000
v -0.28513500 0.80068400 -0.73822900
v -0.04348787 1.01050523 -0.76399635
v -0.30874750 1.76084425 0.14994175
v -0.79292477 0.74151641 -0.00469190
v -0.77155736 0.61343360 -0.14475941
v -0.62178700 0.58148000 -0.47265700
v -0.62138000 0.58129800 -0.47183600
v -0.28125200 0.80023400 -0.73973400
v -0.28529500 0.80004500 -0.73761800
v -0.25916789 0.78137358 -0.74920693
v 0.16784273 1.23666343 -0.67771353
v -0.15721313 1.87784142 -0.00802511
v -0.30859100 1.76247800 0.14453000
v -0.30881700 1.76080600 0.14863100
v -0.30891100 1.76174400 0.14876900
v -0.30873700 1.76018100 0.15171400
v -0.31290083 1.73581939 0.20157652
v -0.40937175 1.59190078 0.28937337
v -0.64206618 1.19287572 0.31149155
v -0.74215800 0.98409400 0.20375900
v -0.74232175 0.97900825 0.20426100
v -0.62183800 0.57795300 -0.47225000
v -0.62110400 0.57745200 -0.47238800
v -0.62042800 0.57377300 -0.47265700
v 0.24527893 1.65707370 -0.37865105
v -0.23420900 1.83634400 0.04711400
v -0.23828100 1.83301400 0.04687400
v -0.30867100 1.76072600 0.14964200
v -0.29981668 1.75917459 0.17180985
v -0.33272002 1.71410115 0.21266258
v -0.35470400 1.69709100 0.20804200
v -0.69752510 1.00882977 0.31783431
v -0.74111100 0.97992100 0.20703100
v -0.74204200 0.97945500 0.20269800
v -0.74276100 0.98009500 0.20419500
v -0.74260200 0.97986200 0.20317000
v -0.62096600 0.57749500 -0.47205400
v 0.21480797 1.20747021 -0.67577346
v 0.26447006 1.41674538 -0.55526344
v -0.23432601 1.83798378 -0.01364196
v -0.23380900 1.83558800 0.04745600
v -0.23447100 1.83581300 0.04305700
v -0.23479800 1.83529700 0.04665600
v -0.23359100 1.83496300 0.05056800
v -0.27509118 1.79965739 0.10726113
v -0.35487450 1.69585100 0.20973950
v -0.35504500 1.69461100 0.21143700
v -0.35485600 1.69515700 0.21092800
v -0.40039805 1.61479242 0.27676779
v -0.67953863 1.09364195 0.30388971
v -0.74284900 0.97657600 0.20602800
v -0.74419672 0.58256890 -0.23759675
v -0.57609276 0.49045602 -0.50381661
v 0.24863902 1.18590885 -0.67204968
v -0.21080400 1.85077700 -0.02337100
v -0.21093500 1.85089300 -0.01953200
v -0.21149500 1.85040600 -0.01529300
v -0.23065400 1.83795800 0.04653900
v -0.23365000 1.83538400 0.05078600
v -0.23437700 1.83438800 0.05469000
v -0.16340017 0.90455402 -0.76440687
v 0.17984330 1.72141587 -0.34481314
v -0.21089100 1.85143900 -0.01967000
v -0.21154038 1.85070425 -0.01512175
v -0.21116800 1.85059500 -0.01549600
v -0.21147300 1.85019500 -0.01439100
v -0.21093500 1.85109700 -0.01181700
v -0.45486769 1.57319238 0.24428350
v -0.78979984 0.71536281 -0.05821847
v 0.23297100 1.29280800 -0.63302200
v 0.23044800 1.29626500 -0.63251600
v 0.28062135 1.48589020 -0.50447051
v -0.23670118 1.81784201 0.13525037
v -0.29295100 1.76111100 0.17839100
v -0.29296600 1.76053700 0.17968500
v -0.29296600 1.75886500 0.18359700
v -0.29295850 1.75998800 0.18099400
v -0.31793400 1.73039900 0.20359200
v -0.58535958 1.28802669 0.33892379
v -0.78060332 0.77879955 0.13240388
v -0.63001430 0.54570915 -0.45370011
v -0.52341638 0.57382625 -0.58023150
v 0.23077500 1.29528400 -0.63334500
v 0.23437400 1.29632300 -0.63108400
v 0.26210818 1.43462435 -0.54619418
v 0.29873751 1.55147515 -0.44162287
v -0.31667700 1.72971600 0.20774400
v -0.31678600 1.72992600 0.20708900
v -0.31647300 1.72802900 0.21123400
v -0.31540050 1.72922500 0.21008875
v -0.78572534 0.65377525 -0.06428237
v -0.75597216 0.50888369 -0.14380932
v -0.71614220 0.54277002 -0.29560772
v 0.23609415 1.25637432 -0.64826120
v 0.26172000 1.43695100 -0.54480000
v 0.26365450 1.43678750 -0.54411250
v 0.25939400 1.44178600 -0.54297500
v 0.26172000 1.44085500 -0.54238600
v 0.26562500 1.44085500 -0.54051700
v -0.31197900 1.73112600 0.21014300
v -0.31714200 1.73020300 0.20736600
v -0.30688466 1.71889703 0.24221940
v -0.45850901 1.53213763 0.29675791
v -0.52648407 1.47293821 0.25371894
v -0.73450632 0.96718223 0.23886749
v -0.59894554 0.49799834 -0.47673213
v -0.47064568 0.52797196 -0.61385345
v -0.41046741 0.53078554 -0.65608513
v 0.28000181 1.43822767 -0.53505069
v 0.26558900 1.43662400 -0.54342500
v 0.26195300 1.43857200 -0.54206600
v 0.26515900 1.43722000 -0.54285100
v 0.23678440 1.62826850 -0.41204547
v 0.14008367 1.83493272 -0.20529742
v -0.26905963 1.77901636 0.17581731
v -0.71539189 0.97072122 0.29003741
v -0.70795915 0.51308259 -0.30276884
v 0.26483200 1.43773600 -0.54328700
v 0.26680562 1.51630950 -0.48896438
v 0.25412933 1.72269473 -0.29678536
v 0.21949143 1.75449521 -0.27826591
v 0.00583795 1.87518368 -0.16694463
v -0.19303911 1.85502312 0.08199055
v -0.62734231 1.20475604 0.32966203
v -0.73274504 0.54705164 -0.25231844
v -0.51207252 0.51822141 -0.57600749
v 0.27000200 1.51615300 -0.48845700
v 0.26949300 1.51548400 -0.48786800
v -0.78470682 0.60959976 -0.00076416
v -0.75991024 0.51942507 -0.12112011
v -0.62279800 0.51117000 -0.44921600
v 0.07037478 1.06918872 -0.74779191
v 0.15194282 1.03272644 -0.74364380
v 0.27344100 1.51507700 -0.48607200
v -0.16493146 1.86093470 0.11561412
v -0.36948970 1.66262373 0.24895802
v -0.45667527 1.52227218 0.31090118
v -0.62154000 0.51503100 -0.45421100
v -0.61879200 0.50726500 -0.45312800
v -0.52237829 0.49764157 -0.56105053
v -0.20817186 0.74509240 -0.76523876
v 0.26863500 1.61234100 -0.40625200
v -0.64830952 1.14343677 0.33610093
v -0.77785100 0.81976300 0.13672100
v -0.77594545 0.70693501 0.16045120
v -0.78973434 0.70666617 0.05128305
v -0.62994565 0.52844856 -0.44620294
v -0.62109700 0.51117000 -0.45157200
v -0.62318296 0.50216561 -0.44486672
v -0.10941100 0.90573500 -0.77344200
v -0.10974500 0.90588100 -0.77347100
v -0.10477900 0.90992300 -0.77350700
v -0.10590600 0.91001000 -0.77338400
v -0.10155800 0.90960300 -0.77391500
v 0.26352162 1.41692387 -0.55569512
v 0.27749100 1.60135400 -0.41038200
v 0.27644575 1.60417900 -0.40837325
v 0.27330300 1.60954900 -0.40601200
v 0.27392800 1.60954900 -0.40710200
v 0.27387700 1.61274800 -0.40233300
v 0.13021690 1.84722196 -0.18723824
v -0.27897700 1.74143300 0.23643850
v -0.76951733 0.85659433 0.16744965
v -0.77653500 0.81793100 0.14426800
v -0.77727700 0.81521900 0.14035700
v -0.77754600 0.81521200 0.14042200
v -0.77709475 0.81595875 0.14189975
v -0.77375013 0.55680703 -0.06344191
v -0.67281323 0.47399242 -0.35307391
v -0.51153450 0.48183150 -0.56487850
v -0.42801432 0.51569110 -0.64017703
v -0.36408508 0.48278245 -0.67121954
v -0.10547000 0.90569900 -0.77403100
v -0.10635700 0.90988700 -0.77353700
v 0.27754900 1.60494600 -0.40706600
v 0.27749800 1.60445900 -0.40671700
v 0.27419000 1.60860300 -0.40599000
v -0.27636459 1.75228850 0.22146876
v -0.58107094 1.32457962 0.31380510
v -0.60947000 1.22685700 0.34400900
v -0.60910700 1.22666800 0.34377600
v -0.75158890 0.84207368 0.23911115
v -0.77682600 0.81194700 0.14453000
v -0.77612100 0.81174300 0.14226200
v -0.77730600 0.81621500 0.14058900
v -0.79056795 0.73421200 0.05755269
v -0.44531400 0.51117000 -0.62727400
v 0.04106180 0.97006079 -0.77109017
v 0.20315952 1.06105921 -0.72502080
v -0.12278435 1.85854426 -0.16664850
v -0.18046088 1.86522084 -0.05392376
v -0.42460966 1.56476666 0.30710235
v -0.44892800 1.52399900 0.32057400
v -0.45212000 1.52207200 0.31689500
v -0.54946901 1.35264803 0.34300535
v -0.60590800 1.23019400 0.34771700
v -0.60879400 1.22583900 0.34789100
v -0.60954325 1.22265225 0.34706625
v -0.60937600 1.22191200 0.34766600
v -0.60903400 1.22193400 0.34789100
v -0.61111400 1.21819700 0.34765900
v -0.59045206 1.21130823 0.38870555
v -0.73405928 0.91619724 0.26503402
v -0.75282141 0.84669112 0.23650056
v -0.44729735 0.48998215 -0.61996870
v -0.44209300 0.50764300 -0.62928800
v -0.44184600 0.50669100 -0.62837200
v -0.44235750 0.50572387 -0.62774400
v -0.26361560 0.68826915 -0.74678104
v 0.28148086 1.19446203 -0.65503278
v 0.31284513 1.43748175 -0.51684825
v -0.09583526 1.88322985 -0.11919007
v -0.44817800 1.52194200 0.32216213
v -0.44528500 1.52416600 0.32429700
v -0.44654300 1.52212300 0.32381000
v -0.44964800 1.52244300 0.32035600
v -0.44882600 1.52223200 0.32005800
v -0.60720900 1.22210900 0.35156300
v -0.60897600 1.22287200 0.34841500
v -0.60905600 1.21744800 0.35113400
v -0.60895400 1.21813900 0.35152700
v -0.77124900 0.56749800 -0.09925800
v -0.64315974 0.46558754 -0.40015960
v -0.44151100 0.49992200 -0.62675100
v -0.44010800 0.50338200 -0.62838600
v -0.31493013 0.46897581 -0.69153803
v -0.25317681 0.61400317 -0.74305962
v -0.13941696 0.84405334 -0.77667509
v 0.32512299 1.36806734 -0.55227036
v 0.32855880 1.48311414 -0.47657321
v -0.24144605 1.76224037 0.24314168
v -0.27800218 1.69585080 0.30854949
v -0.47682366 1.47702494 0.33359650
v -0.52212644 1.38259704 0.35857091
v -0.65260057 1.07889308 0.36611593
v -0.76909846 0.80140709 0.18476530
v -0.77336525 0.66879452 0.16912062
v -0.76336027 0.51199789 -0.08711028
v -0.47265300 0.48772800 -0.59969500
v -0.47032600 0.48772800 -0.60156400
v -0.46874800 0.48772800 -0.60280000
v -0.16513911 0.77661728 -0.77466572
v -0.02311764 1.88725579 -0.13034762
v -0.12137548 1.87926733 0.11095132
v -0.14861943 1.84335794 0.18146804
v -0.31926113 1.66056890 0.31284045
v -0.54309836 1.28943457 0.40558035
v -0.78720523 0.65365478 0.03798701
v -0.59740063 0.42468156 -0.44609138
v -0.46647275 0.47906650 -0.60199500
v -0.46842900 0.48477600 -0.60092400
v -0.46869000 0.48373600 -0.60126600
v -0.46093900 0.48382400 -0.60765000
v -0.45702800 0.48382400 -0.61066700
v -0.43359300 0.49554400 -0.63075000
v -0.22052739 0.68910207 -0.75948918
v -0.20744630 1.80707899 0.19943477
v -0.20909484 1.79222864 0.22319539
v -0.38329911 1.57217853 0.34823975
v -0.41581678 1.50147101 0.38500213
v -0.72439673 0.48429132 -0.24008356
v -0.46484400 0.47991900 -0.60339600
v -0.45337800 0.47149900 -0.60949700
v -0.45619200 0.48051500 -0.61049300
v -0.46478600 0.48459400 -0.60491600
v -0.45760200 0.47909700 -0.60955500
v -0.45724600 0.48005000 -0.60900900
v -0.45216300 0.47991200 -0.61305200
v 0.29391950 1.22088366 -0.63823817
v 0.28495100 1.63915600 -0.36750500
v 0.28908100 1.63999900 -0.36251000
v -0.10508008 1.89195050 0.06910068
v -0.23371030 1.74097850 0.28512971
v -0.28445795 1.68218107 0.31890966
v -0.78356124 0.64591367 0.08155499
v -0.49495023 0.49143772 -0.58330455
v -0.45702800 0.47600700 -0.60814400
v -0.45659100 0.47618200 -0.60925700
v -0.45342288 0.47419595 -0.61031668
v 0.05028009 0.88505767 -0.78297442
v 0.09159985 1.05338558 -0.74982001
v 0.11402173 0.97530071 -0.76187521
v 0.38252149 1.37103156 -0.51316403
v 0.36420412 1.44242888 -0.47803144
v 0.29337800 1.63618200 -0.36376000
v 0.28884100 1.64053000 -0.36266200
v 0.28893600 1.63946900 -0.36423300
v 0.28904500 1.64492900 -0.35980500
v 0.28897900 1.64396900 -0.35932500
v 0.29063325 1.64118462 -0.36078913
v 0.10338408 1.87675552 -0.13481094
v -0.11146586 1.89232998 0.01429417
v -0.77791414 0.55283278 -0.02027370
v -0.73545573 0.47501601 -0.18991800
v -0.30309524 0.54764084 -0.71562754
v -0.24609000 0.61663500 -0.74566700
v -0.24702800 0.62100500 -0.74689600
v -0.24672300 0.62170300 -0.74648100
v -0.24415950 0.62034650 -0.74673950
v -0.17937200 0.75727700 -0.77181300
v -0.17202800 0.75655000 -0.77259100
v -0.17460212 0.75956900 -0.77275275
v -0.07205259 0.88093662 -0.78170153
v -0.01860262 0.74526588 -0.79510822
v 0.30859600 1.23382200 -0.62541300
v 0.30859600 1.23477500 -0.62499800
v 0.31250100 1.23382200 -0.62339900
v 0.29326900 1.64059600 -0.35941200
v 0.29308000 1.64005000 -0.35994300
v 0.29363300 1.64410700 -0.35542100
v -0.05904460 1.88614925 -0.12508304
v -0.30907800 1.67521300 0.30429500
v -0.30554550 1.67565500 0.30727313
v -0.55769400 1.29577800 0.37563000
v -0.55740500 1.29619425 0.37610425
v -0.55790500 1.29633800 0.37493900
v -0.76181738 0.76044925 0.21751298
v -0.43822842 0.42956994 -0.60664829
v -0.24528300 0.61707100 -0.74576200
v -0.21395164 0.59697783 -0.75383232
v -0.16334384 0.69876197 -0.77508943
v -0.17232600 0.75293600 -0.77346400
v 0.30859600 1.22991800 -0.62701200
v 0.30917800 1.23390900 -0.62371900
v 0.31287100 1.22959800 -0.62534000
v 0.34965248 1.29640534 -0.57555347
v 0.31854385 1.59229299 -0.38982059
v -0.16731148 1.78989791 0.26291204
v -0.30078200 1.67815000 0.30859200
v -0.30430900 1.67581600 0.30931900
v -0.30455600 1.67521300 0.30819900
v -0.30468700 1.67221000 0.31250400
v -0.37063534 1.61028518 0.32127692
v -0.47865323 1.43359883 0.37152510
v -0.55810100 1.29574900 0.37523700
v -0.71491906 0.87599207 0.32576612
v -0.77354700 0.54633900 -0.03525100
v -0.55791759 0.46294266 -0.51220890
v -0.49205462 0.42512313 -0.56045063
v -0.28474371 0.42388685 -0.69159275
v -0.26062346 0.56301668 -0.73367823
v 0.31250100 1.22601300 -0.62663400
v 0.31252300 1.23064500 -0.62383500
v 0.31064100 1.22886175 -0.62649950
v 0.31212300 1.22950300 -0.62566700
v -0.21489000 1.78460400 0.23068400
v -0.30499200 1.67568500 0.30857000
v -0.59348339 1.17185996 0.40942047
v -0.11008745 0.76035388 -0.78524039
v 0.34767800 1.30809500 -0.57060400
v 0.32515225 1.44003900 -0.50764150
v -0.21030300 1.78549100 0.23384600
v -0.20820125 1.78526025 0.23573950
v -0.21103700 1.78421900 0.23428300
v -0.21055000 1.78539700 0.23403500
v -0.28308900 1.60254512 0.40582844
v -0.61089784 1.13757153 0.40218947
v -0.77744288 0.59302491 0.09451031
v -0.51508158 0.38462854 -0.52198540
v 0.34645345 1.21319727 -0.61462488
v 0.35152500 1.29958412 -0.57263913
v 0.35160400 1.29630100 -0.57443600
v 0.35132800 1.29977700 -0.57177500
v 0.35204700 1.30377600 -0.57023300
v 0.34863000 1.30721500 -0.57000100
v 0.35131300 1.31188300 -0.56638000
v -0.20634700 1.78400800 0.23834700
v -0.27145968 1.63429627 0.38502911
v -0.69751608 0.45786988 -0.29006794
v -0.44688839 0.45475425 -0.60899300
v 0.26730782 1.09699552 -0.69251510
v 0.30990265 1.29542248 -0.59879954
v 0.35543600 1.30023500 -0.57003700
v 0.35134200 1.30336200 -0.57095300
v 0.35109500 1.30317200 -0.56987000
v 0.35156800 1.30804400 -0.56827800
v 0.35469400 1.30777500 -0.56720100
v 0.35516700 1.30789900 -0.56617600
v -0.15214200 1.83005500 0.20277800
v -0.15640300 1.82799700 0.20306100
v -0.20560866 1.75002499 0.29237802
v -0.34063270 1.57347445 0.38850485
v -0.62663372 1.10509522 0.39612405
v -0.20705224 0.53717620 -0.74587427
v 0.15416543 0.91896887 -0.76399528
v 0.23184815 1.04923751 -0.71865175
v 0.25765589 0.99459097 -0.72291632
v -0.14838300 1.83989200 0.18833800
v -0.14843400 1.82924000 0.20703100
v -0.15026250 1.82866950 0.20722400
v -0.15252800 1.82880400 0.20798400
v -0.15607600 1.82771300 0.20378100
v -0.15234600 1.82775000 0.20774400
v -0.32812100 1.61676900 0.35552600
v -0.30775927 1.61110606 0.37950455
v -0.42178500 1.49951700 0.37849500
v -0.60135600 1.16350100 0.40172200
v -0.64825034 0.96171678 0.42090590
v -0.72600725 0.45941125 -0.20800725
v -0.72763800 0.46429400 -0.20702800
v -0.72657600 0.46428700 -0.21097600
v -0.59164959 0.38950001 -0.43508989
v 0.27737500 1.08540000 -0.69182600
v 0.39083232 1.39834509 -0.48962935
v 0.31613922 1.64993782 -0.32971603
v -0.14079200 1.84032100 0.19165300
v -0.14341700 1.83979000 0.19142000
v -0.14455900 1.83990000 0.19181300
v -0.13479768 1.83642447 0.20348871
v -0.15209100 1.82809900 0.20741700
v -0.32408600 1.61663800 0.35935800
v -0.32407100 1.61681200 0.35876100
v -0.32817900 1.61273300 0.35977900
v -0.32295675 1.61346225 0.36315125
v -0.42171300 1.49578700 0.38321400
v -0.41744900 1.49450025 0.38835063
v -0.42178500 1.49487100 0.38277700
v -0.67499019 0.85738746 0.40531969
v -0.77596366 0.62682175 0.12580604
v -0.72755800 0.46038900 -0.20312300
v -0.72742000 0.45984400 -0.20782700
v -0.72676500 0.46414100 -0.21117900
v -0.70509126 0.46244358 -0.27706896
v -0.47329275 0.37883550 -0.55661487
v 0.27864175 1.08540200 -0.69132050
v 0.27845800 1.08538600 -0.69140400
v 0.28135900 1.08542200 -0.69022600
v -0.08434617 1.89888539 -0.02398344
v -0.14068300 1.83915800 0.19446700
v -0.14182563 1.83920363 0.19409063
v -0.14506800 1.84032100 0.19110100
v -0.13948300 1.83840900 0.19589200
v -0.12644254 1.81967082 0.23836290
v -0.32003600 1.61639100 0.36316800
v -0.32489300 1.61308200 0.36372000
v -0.32450700 1.61292200 0.36374900
v -0.32330000 1.61240600 0.36247000
v -0.41512500 1.49920500 0.38679800
v -0.41767700 1.49540900 0.38706700
v -0.41776500 1.49580900 0.38730700
v -0.42147300 1.49119900 0.38670400
v -0.54764428 1.24192678 0.42890919
v -0.62256024 1.05722928 0.42584260
v -0.70584821 0.90336955 0.33626655
v -0.74558172 0.83194135 0.26386764
v -0.74399138 0.73667150 0.27488317
v -0.73835863 0.67038851 0.28653011
v -0.74562068 0.43174158 -0.06236020
v -0.72644500 0.45998200 -0.20828600
v -0.72656900 0.46105800 -0.20670800
v -0.72547100 0.45647800 -0.20702800
v -0.64848306 0.38318107 -0.33961682
v 0.30102997 1.07076497 -0.68595732
v 0.36328100 1.56587200 -0.37500800
v 0.36407400 1.57024200 -0.37148900
v 0.35908600 1.57387000 -0.37083500
v 0.35529700 1.57755600 -0.37109700
v 0.28784247 1.76920384 -0.18044995
v 0.11794622 1.88595068 -0.09596151
v 0.05464261 1.90476576 -0.04729636
v -0.01524867 1.89764343 0.10679436
v -0.13672000 1.83805300 0.19922200
v -0.32031200 1.61231900 0.36718800
v -0.41905100 1.49623800 0.38680500
v -0.41768500 1.49201400 0.38947400
v -0.41748800 1.49159900 0.39073200
v -0.46347700 1.44114600 0.38309700
v -0.46371700 1.43695100 0.38671800
v -0.45725147 0.39041669 -0.57665702
v 0.09462163 0.94557503 -0.77024247
v 0.35346377 1.18489931 -0.62206905
v 0.36698200 1.55748100 -0.37804000
v 0.36749800 1.55772100 -0.37899300
v 0.37497724 1.52396214 -0.40573099
v 0.36344800 1.56977600 -0.37108900
v 0.35928200 1.57383400 -0.37079900
v 0.36215137 1.56638650 -0.37536013
v 0.35896200 1.57385600 -0.37048600
v 0.36597400 1.63941747 -0.29105919
v -0.21874400 1.72150700 0.32018900
v -0.45794400 1.44478200 0.38671800
v -0.46068500 1.44077500 0.38703100
v -0.46015400 1.44058600 0.38551800
v -0.51137100 1.35452000 0.39451600
v -0.60774466 1.03683692 0.45628852
v -0.75257418 0.59571823 0.22042928
v -0.68255874 0.37110244 -0.25161827
v -0.55986624 0.37711398 -0.46784535
v -0.05350693 0.80474525 -0.78850274
v 0.36729500 1.55847700 -0.37902200
v 0.36344800 1.57366600 -0.36718500
v 0.31773791 1.73209789 -0.20862181
v -0.17722480 1.75526688 0.30218269
v -0.22005300 1.71834400 0.32343200
v -0.22306300 1.71814800 0.32178100
v -0.21910000 1.71872900 0.32422400
v -0.46059800 1.44160400 0.38654400
v -0.55934849 1.18906280 0.44745283
v -0.73979112 0.70439108 0.28200578
v -0.70898233 0.38140975 -0.17976110
v -0.50660944 0.47062519 -0.56415547
v -0.15673189 0.65908558 -0.77440608
v 0.25680626 0.91923809 -0.73654362
v 0.34371500 1.17915900 -0.62941900
v 0.40777064 1.30796665 -0.53151609
v -0.19139100 1.73470300 0.32034200
v -0.19531000 1.73382400 0.31926600
v -0.19449669 1.73104956 0.32330806
v -0.19432100 1.73281300 0.32008700
v -0.21481000 1.71707100 0.32815800
v -0.21871500 1.71872900 0.32407200
v -0.21032155 1.70278993 0.34837664
v -0.53228900 1.27679300 0.42578500
v -0.53508900 1.27130400 0.42576300
v -0.53906600 1.26507300 0.42486200
v -0.53906600 1.26348800 0.42578500
v -0.76810524 0.51356900 0.04657853
v -0.18500811 0.53175765 -0.75198665
v 0.18164012 0.90665407 -0.76104113
v 0.31609243 1.09961079 -0.67160899
v 0.33181208 1.15044336 -0.64621905
v 0.34568550 1.17914800 -0.62834300
v 0.34466000 1.17913700 -0.62890300
v 0.34765600 1.17913700 -0.62726700
v -0.09516107 1.84968098 0.20296180
v -0.19491700 1.73037000 0.32468200
v -0.19544100 1.73079900 0.32404300
v -0.19851600 1.73064600 0.32091600
v -0.44814936 1.43063783 0.41057184
v -0.46379099 1.37510559 0.43836299
v -0.53426000 1.27288900 0.42578500
v -0.53889900 1.26519600 0.42598900
v -0.53442000 1.26466600 0.42999500
v -0.53722600 1.26116800 0.42969000
v -0.22491096 0.49413189 -0.73260524
v 0.39451000 1.32376400 -0.53181400
v 0.39062700 1.32757400 -0.53237400
v 0.39602269 1.33355537 -0.52519594
v 0.39032900 1.33123800 -0.53049000
v 0.39059800 1.33543400 -0.52788000
v -0.49311156 1.34025416 0.42958054
v -0.47780576 1.31802647 0.46397022
v -0.53602700 1.26574200 0.42993700
v -0.53570575 1.26411100 0.42973688
v -0.53587400 1.26128500 0.43215400
v -0.53515400 1.25891400 0.43359400
v -0.56663073 1.12577761 0.46995661
v -0.65472500 0.95998400 0.41016000
v -0.65796800 0.95647900 0.40624800
v -0.76476755 0.49536237 0.00877764
v -0.73872177 0.40476780 -0.04830656
v -0.73075747 0.42876192 -0.15166789
v -0.38282369 0.41949777 -0.63953742
v -0.24779836 0.44981762 -0.71251737
v 0.39505500 1.33192200 -0.52734200
v 0.39290300 1.32806100 -0.53140700
v 0.39456800 1.33155800 -0.52746600
v 0.39250300 1.33499000 -0.52761100
v 0.39453100 1.33826200 -0.52338700
v 0.37227250 1.44836050 -0.46775475
v 0.34039607 1.71064204 -0.20903679
v -0.20615432 1.67446329 0.38259866
v -0.65581500 0.95261800 0.40993400
v -0.65383800 0.95257500 0.41406400
v -0.65635400 0.95264000 0.41035600
v -0.65603400 0.95299600 0.40985400
v -0.72611632 0.43749802 -0.18569413
v -0.48424634 0.34564023 -0.53172403
v -0.49214900 1.25724369 0.48436583
v -0.65667300 0.94821900 0.41185400
v -0.65697900 0.94867000 0.41016000
v -0.71363107 0.39155137 -0.17363337
v -0.67119108 0.38504690 -0.29323563
v -0.41351706 0.31197118 -0.56938752
v 0.10872583 0.84503582 -0.78107644
v 0.46156730 1.36152155 -0.45061624
v -0.30319755 1.53972952 0.44930619
v -0.65601900 0.94470700 0.41293000
v -0.69669280 0.74117214 0.38058002
v -0.39956397 0.37163829 -0.60793268
v 0.41804950 1.44477025 -0.43068050
v 0.18277712 1.85925212 -0.07655675
v 0.18310000 1.85847000 -0.07793900
v 0.18348500 1.85782200 -0.07839700
v 0.17908600 1.86101400 -0.07831700
v -0.04835031 1.90779032 -0.01732147
v -0.02899937 1.86398753 0.19285866
v -0.08459942 1.76281079 0.33224918
v -0.35299350 1.59953959 0.34690650
v -0.60751560 1.02464796 0.46010103
v -0.74643598 0.59885691 0.23827268
v -0.71155183 0.35455518 -0.11766669
v -0.61401270 0.33474179 -0.36078522
v -0.55656698 0.34848974 -0.45544125
v -0.41483904 0.36504028 -0.59486809
v -0.41406400 0.37444700 -0.59944800
v -0.41093000 0.37444700 -0.60156400
v -0.10033040 0.68941566 -0.78489134
v 0.02137792 0.74427737 -0.79327195
v 0.34667375 1.11115569 -0.65132875
v 0.41604205 1.18663206 -0.58421172
v 0.41417800 1.33098400 -0.51239300
v 0.41669350 1.33131850 -0.51010250
v 0.19167656 1.84699993 -0.12267290
v 0.18409600 1.85847700 -0.07395500
v 0.18294000 1.85897100 -0.07887000
v 0.18379800 1.85974200 -0.07037700
v -0.07173780 1.88596726 0.13365093
v -0.19140500 1.70553200 0.35546800
v -0.19531000 1.70365600 0.35546800
v -0.19719300 1.70274000 0.35549700
v -0.17680147 1.71789272 0.34917895
v -0.71600845 0.80998134 0.33672928
v -0.74490387 0.46846663 0.14719443
v -0.41014500 0.37442500 -0.60210200
v -0.29412502 0.35584829 -0.65936134
v -0.04967414 0.70730333 -0.79060474
v 0.18908145 0.78812367 -0.77065094
v 0.41797300 1.33147800 -0.50892500
v 0.41920900 1.33165300 -0.50781200
v 0.33481500 1.71009100 -0.21464800
v -0.26197140 1.62628427 0.39821292
v -0.72603819 0.37887925 -0.07105792
v -0.72311066 0.38671606 -0.11562263
v -0.65318631 0.33077740 -0.28153053
v -0.35571724 0.35333497 -0.62654168
v 0.42939768 1.32565341 -0.50308833
v 0.44227331 1.39999378 -0.44189178
v 0.42996569 1.48742575 -0.38110106
v 0.41794171 1.57284580 -0.30609267
v 0.33524400 1.71078200 -0.21455300
v 0.33475700 1.71109500 -0.21458200
v 0.33594200 1.71242500 -0.21093900
v -0.31115807 1.57724858 0.41115027
v -0.27601718 1.55578328 0.45248328
v -0.30411200 1.55081400 0.43828400
v -0.30004100 1.54986100 0.44070500
v -0.42415613 1.45783428 0.41414090
v -0.54843031 1.13334876 0.48853664
v -0.67941476 0.82785029 0.40240772
v -0.74453267 0.43693494 0.08825134
v -0.46807400 0.36770275 -0.55549525
v -0.12840025 0.58296661 -0.77078236
v -0.06715900 0.75247800 -0.78868200
v -0.06458725 0.75628975 -0.78929275
v -0.06705700 0.75740000 -0.78934400
v -0.06646900 0.75233300 -0.78968500
v -0.06249900 0.75335800 -0.78941600
v 0.40283623 1.10941707 -0.62058058
v 0.43569600 1.30332500 -0.51169500
v 0.43394700 1.30542600 -0.51171700
v 0.34003600 1.71014200 -0.20858400
v 0.33819600 1.71086900 -0.21070700
v -0.05096700 1.86678800 0.17721300
v -0.13552286 1.72034222 0.36496860
v -0.26475322 1.61529112 0.40762732
v -0.29678300 1.55404900 0.44085800
v -0.29662700 1.54829075 0.44536375
v -0.30150200 1.55114800 0.44157000
v -0.30078200 1.54991900 0.44118500
v -0.29623100 1.54888700 0.44614400
v -0.74718424 0.49414873 0.16597321
v -0.06631600 0.75304500 -0.78874700
v 0.13298800 0.83155000 -0.77734600
v 0.43709600 1.30107100 -0.51200000
v 0.43746700 1.30019100 -0.51139700
v 0.44485479 1.44348432 -0.40472047
v -0.04717900 1.86506400 0.17992500
v -0.04687300 1.86614800 0.17968500
v -0.23485600 1.62752200 0.41148300
v -0.22659163 1.62430224 0.41984947
v -0.28523000 1.56578500 0.43839300
v -0.29307500 1.55076300 0.44602700
v -0.29652100 1.55464600 0.44126500
v -0.29660900 1.55043600 0.44402100
v -0.29267500 1.54692400 0.44940800
v -0.65112600 0.90960300 0.42969000
v -0.65234000 0.90569900 0.42880200
v -0.65257300 0.90223100 0.42963100
v -0.64911200 0.90569900 0.43359400
v -0.65484800 0.90179400 0.42578500
v -0.62456050 0.90059165 0.47104016
v -0.51744730 0.31820534 -0.47969893
v -0.38777127 0.28796425 -0.57419210
v 0.11453087 0.72895353 -0.78597921
v 0.13725600 0.82373300 -0.77769500
v 0.13727100 0.82297000 -0.77783400
v 0.13796500 0.82267175 -0.77723725
v 0.30557784 0.96679988 -0.70878721
v 0.45306988 1.28327414 -0.50811057
v 0.43744500 1.30122400 -0.51167300
v 0.43439800 1.34761300 -0.48437800
v 0.23515758 1.84049239 0.01559898
v -0.04195100 1.86744200 0.17908900
v -0.04329600 1.86648900 0.17918300
v -0.04307775 1.86749825 0.17788575
v -0.04296900 1.86481700 0.18359700
v -0.22286700 1.62832900 0.41803400
v -0.22656000 1.63226300 0.41252300
v -0.23121400 1.62795100 0.41298800
v -0.23084300 1.62831500 0.41386800
v -0.28367000 1.57040900 0.43536100
v -0.28141200 1.56955800 0.43769500
v -0.28062700 1.57009600 0.43737500
v -0.38675400 1.45658200 0.44951700
v -0.38706700 1.45659000 0.44948800
v -0.38991700 1.45222000 0.44959700
v -0.57945823 0.97988952 0.50867624
v -0.65247100 0.90577900 0.42998800
v -0.65235400 0.90234000 0.42899900
v -0.65181600 0.90163400 0.43043100
v -0.65234000 0.89787500 0.43053300
v -0.73288329 0.62175663 0.28396348
v -0.13197396 0.50458955 -0.75597534
v -0.08589700 0.67132000 -0.78502500
v -0.08202800 0.67132700 -0.78541000
v 0.13715400 0.82363200 -0.77725900
v 0.14062300 0.82366800 -0.77659000
v 0.41972975 1.26656629 -0.54465680
v 0.43970600 1.32811900 -0.49294300
v 0.43930406 1.33289400 -0.48931638
v 0.44150900 1.33119500 -0.48765700
v 0.43902300 1.33618300 -0.48715600
v 0.43636100 1.33974500 -0.48759200
v 0.43699400 1.34284300 -0.48432700
v 0.43703700 1.34317700 -0.48466200
v -0.04330300 1.86669300 0.18029600
v -0.22764400 1.63100500 0.41423900
v -0.23015900 1.62821300 0.41362100
v -0.23232225 1.62739700 0.41344625
v -0.22599300 1.62581400 0.41852900
v -0.18392438 1.61982687 0.44348844
v -0.38661600 1.45255400 0.45267300
v -0.39118200 1.45339000 0.44956800
v -0.39141500 1.45227100 0.44798300
v -0.67957771 0.93639065 0.37803047
v -0.70611874 0.68894010 0.35732162
v -0.08349000 0.66804800 -0.78483600
v -0.08118500 0.66727700 -0.78393400
v -0.08204300 0.66724800 -0.78482800
v 0.28980100 0.94809600 -0.71860500
v 0.29130600 0.94642700 -0.71842300
v 0.28751800 0.95257500 -0.71875000
v 0.33887312 1.05027650 -0.67358005
v 0.44085500 1.33220500 -0.48874800
v 0.44078900 1.33157300 -0.48915500
v 0.44140700 1.33929500 -0.48323700
v 0.43721900 1.34329400 -0.48391300
v -0.18936144 1.62543487 0.43678454
v -0.22656000 1.62835800 0.41611500
v -0.38672500 1.45277200 0.45262900
v -0.39359775 1.45132375 0.44750700
v -0.41792500 1.40927800 0.45700600
v -0.52403700 0.31571200 -0.47162500
v -0.52398600 0.31302350 -0.46892475
v -0.52357900 0.31879500 -0.47317400
v -0.46175000 0.27863700 -0.50990650
v -0.07985738 0.66478325 -0.78513712
v 0.28964100 0.94418400 -0.71973200
v 0.28870300 0.94957200 -0.71909900
v 0.28932100 0.94864800 -0.71925200
v 0.44507200 1.32760300 -0.48701000
v 0.43111200 1.53852600 -0.32808900
v 0.25957034 1.81814066 -0.06097058
v 0.16835440 1.87345774 0.01018745
v -0.05536012 1.78058835 0.31503154
v -0.25615874 1.59035200 0.43583307
v -0.40709100 1.41739900 0.46094000
v -0.41062400 1.41328400 0.46128900
v -0.40946825 1.41248025 0.46256875
v -0.41394700 1.40956800 0.46096900
v -0.41406400 1.40881900 0.46094000
v -0.69196677 0.31778619 -0.13649211
v -0.52299700 0.31177800 -0.46833800
v -0.52377500 0.31213500 -0.46863600
v -0.51969600 0.31116000 -0.47233000
v -0.52223400 0.31585700 -0.47265700
v -0.51554761 0.29170143 -0.46487329
v -0.06254883 0.60489378 -0.78148050
v -0.20629228 1.63207764 0.42287788
v -0.40446663 1.42724090 0.45639521
v -0.41089300 1.41369800 0.46112200
v -0.40890100 1.41390900 0.46072900
v -0.41007900 1.40961900 0.46402300
v -0.48613126 1.17184925 0.53481255
v -0.60166327 0.95388173 0.48954917
v -0.52432800 0.30730700 -0.46564800
v -0.52301200 0.31177100 -0.46868700
v -0.52085200 0.30769900 -0.46848400
v 0.46018941 1.47790904 -0.35630627
v -0.14666791 1.59747490 0.47766382
v -0.25579648 0.33079766 -0.66385832
v -0.06655774 0.57535338 -0.77672811
v 0.43963839 1.06265777 -0.61077472
v 0.44750369 1.56930669 -0.26294613
v -0.39627953 1.32662599 0.52874892
v -0.22071046 0.38776441 -0.70079947
v 0.26162953 0.85247886 -0.74199164
v 0.26788577 1.81578582 -0.03358621
v -0.05542727 1.82362255 0.25660261
v -0.36332559 1.50083512 0.43655672
v -0.71939933 0.35186774 -0.03324999
v -0.69191690 0.29100710 -0.05459775
v -0.10193282 0.48250298 -0.75654202
v 0.47264300 1.32758800 -0.46100200
v 0.46196361 1.52507111 -0.30102266
v 0.40976400 1.62236000 -0.24608700
v 0.41047850 1.62401050 -0.24199525
v 0.40971300 1.62474500 -0.24216800
v -0.46788557 1.19841498 0.54041901
v -0.60458268 0.27000651 -0.31561174
v -0.17772144 0.41749882 -0.72376243
v 0.47253400 1.32735600 -0.46102400
v 0.47947025 1.33112300 -0.45121350
v 0.47403900 1.33145700 -0.45704700
v 0.40953900 1.62506500 -0.24188500
v 0.41015000 1.62449000 -0.24144800
v 0.41228700 1.62444700 -0.23827800
v -0.27120806 1.49660823 0.50096093
v -0.48648125 1.20586250 0.51760887
v -0.48593700 1.21107900 0.51601800
v -0.48918700 1.20650500 0.51545000
v -0.52970725 0.27290975 -0.43270063
v 0.30974716 0.92818593 -0.71362138
v 0.47728200 1.32424400 -0.46002000
v 0.47692748 1.32728010 -0.45724630
v 0.40103746 1.65307071 -0.21027274
v 0.28823000 1.80006900 -0.04288600
v -0.41406400 1.35740600 0.49609500
v -0.41275150 1.35297850 0.50015250
v -0.41450000 1.35124800 0.50046500
v -0.41521200 1.35097900 0.49965800
v -0.48436600 1.20648300 0.51940600
v -0.48829300 1.20560400 0.51573400
v -0.55151350 0.28523950 -0.41405350
v 0.52575311 1.23565920 -0.46217453
v 0.48550650 1.43017981 -0.36721932
v 0.43367276 1.60388007 -0.23660250
v 0.28892100 1.79912400 -0.03917800
v 0.28852800 1.80022900 -0.03906100
v 0.28889900 1.79966200 -0.03587700
v 0.28431150 1.80362475 -0.03323000
v 0.29067500 1.79895650 -0.03611275
v 0.02069452 1.84725421 0.22355131
v -0.25775300 1.51169600 0.49690900
v -0.41501712 1.35358487 0.49774000
v -0.41016600 1.35525400 0.50060300
v -0.41100300 1.35470900 0.49984000
v -0.41406400 1.35492000 0.49765800
v -0.41300900 1.35169200 0.50063900
v -0.43752700 1.27683700 0.52344100
v -0.44131500 1.27129700 0.52341900
v -0.44581656 1.25012042 0.53145359
v -0.50719604 1.20866013 0.49664459
v -0.46523944 1.21345654 0.53363596
v -0.73104467 0.38453940 0.04817201
v -0.67195006 0.26896587 -0.12038095
v -0.56194800 0.28459200 -0.39842100
v -0.54347295 0.27857459 -0.41974093
v -0.50882512 0.27341775 -0.45801663
v -0.54555638 0.27943559 -0.41578025
v 0.24494470 0.76638046 -0.75425355
v 0.48408800 1.22975800 -0.50836500
v 0.48295400 1.23359000 -0.50734000
v 0.51982452 1.31124820 -0.42184852
v 0.41558220 1.65956380 -0.16767387
v 0.28871700 1.80006900 -0.03464800
v 0.28977200 1.80040400 -0.03531000
v 0.28906600 1.80062900 -0.03125200
v 0.28970250 1.80053850 -0.02941300
v -0.11698700 1.63621100 0.45204000
v -0.18319833 1.57989215 0.47749700
v -0.19625544 1.51720954 0.52172939
v -0.36678202 1.43316376 0.48442103
v -0.37725214 1.39189708 0.50327566
v -0.45823348 1.29045142 0.49769404
v -0.43914650 1.27446500 0.52343550
v -0.44021700 1.27288900 0.52344100
v -0.57641512 0.24587122 -0.33948110
v -0.41028300 0.28132800 -0.55361200
v 0.48459000 1.22588200 -0.50995000
v 0.48347700 1.22938700 -0.50736200
v 0.48517800 1.23057900 -0.50758000
v 0.48656700 1.23351700 -0.50406800
v 0.29297100 1.79776400 -0.03125200
v 0.29038200 1.80008400 -0.03155800
v -0.27201591 1.46107187 0.52854606
v -0.46181200 1.22285000 0.53164300
v -0.46481500 1.21731000 0.53160600
v -0.64685089 0.67326958 0.45394034
v -0.72115243 0.38867892 0.13564461
v -0.57142910 0.30408909 -0.40243673
v -0.53910025 0.26363487 -0.41252363
v -0.53866600 0.26497500 -0.41454800
v -0.52425500 0.27011600 -0.43715300
v -0.52357100 0.27320600 -0.44043200
v -0.44499413 0.27683612 -0.52330700
v -0.41099500 0.27668900 -0.55146000
v -0.41144600 0.27594700 -0.55062400
v 0.43399100 1.05411300 -0.61702900
v 0.43459800 1.05437900 -0.61657450
v 0.43191900 1.05804000 -0.61718900
v 0.49348108 0.98848610 -0.59001634
v 0.48741100 1.22589700 -0.50702700
v 0.42908950 1.51344581 -0.35400294
v 0.10211959 1.89778022 0.01845986
v -0.46028350 1.21891125 0.53515125
v -0.46094700 1.21829100 0.53464600
v -0.46530200 1.21837900 0.53197700
v -0.46471300 1.21899700 0.53163600
v -0.70000800 0.61987800 0.35571500
v -0.69911575 0.61636050 0.35548750
v -0.69912100 0.61609700 0.35516200
v -0.53992400 0.26140500 -0.41013400
v -0.53872400 0.26490300 -0.41342800
v -0.52213900 0.26915600 -0.43816400
v -0.52327300 0.26915600 -0.43671700
v -0.49468374 0.25183158 -0.45851395
v -0.41086400 0.27278400 -0.54836200
v -0.40957700 0.27643400 -0.55109600
v -0.41092950 0.27473650 -0.54991100
v -0.40705400 0.27330800 -0.55095800
v -0.40626200 0.27290100 -0.55111100
v 0.37082766 1.01949676 -0.66616987
v 0.43319800 1.05401200 -0.61739300
v 0.43349700 1.05391700 -0.61745800
v 0.02283293 1.79945932 0.29569542
v -0.39201632 1.30959180 0.54261920
v -0.42129230 1.23139699 0.56090875
v -0.45694800 1.21685200 0.53881200
v -0.46142700 1.21765200 0.53550400
v -0.69916500 0.61646800 0.35450100
v -0.71774275 0.50950036 0.27487579
v -0.73217310 0.43002102 0.14916949
v -0.52075000 0.26507700 -0.43750200
v 0.43727700 1.05071800 -0.61596000
v 0.47629765 1.11283534 -0.56683630
v 0.52657448 1.19361885 -0.48446310
v 0.13992420 1.87342790 0.11189173
v -0.27718537 1.48675764 0.50570458
v -0.48063600 1.15205300 0.54686100
v -0.48437400 1.14788700 0.54532700
v -0.48391600 1.14393100 0.54788600
v -0.57728900 0.92551900 0.52314300
v -0.59337059 0.74585508 0.52849343
v -0.70749700 0.57766300 0.32853600
v -0.71234583 0.56145258 0.31247505
v -0.57411550 0.27288600 -0.36914100
v -0.31742894 0.28644212 -0.61381529
v 0.07247740 0.61824912 -0.78274465
v 0.40600498 0.92021754 -0.66525422
v 0.43740800 1.03066500 -0.62105000
v 0.44139300 1.03456900 -0.61763300
v 0.44187300 1.03443800 -0.61722600
v 0.44516600 1.03855300 -0.61324100
v 0.52887232 1.07354373 -0.53296402
v 0.15977425 1.87102825 0.06511850
v -0.26659636 1.53564755 0.47561758
v -0.48382850 1.14101050 0.54870400
v -0.48292700 1.14842500 0.54714400
v -0.48524600 1.14385900 0.54718800
v -0.57462100 0.92167300 0.52735300
v -0.57291200 0.92156400 0.52634200
v -0.57783500 0.92125100 0.52340500
v -0.68735205 0.62477157 0.37975475
v -0.70740300 0.57315500 0.32834700
v -0.70676650 0.57356200 0.32890850
v -0.70641400 0.57435400 0.32904500
v -0.71522644 0.46645044 0.25214293
v -0.71451400 0.35033600 0.08207300
v -0.71425950 0.35108962 0.08742212
v -0.64332363 0.26364196 -0.21967911
v -0.40579436 0.22661390 -0.51927669
v -0.12155054 0.35276231 -0.70944115
v 0.09015888 0.63389293 -0.78473863
v 0.33223716 0.83365462 -0.71551189
v 0.44137800 1.03117300 -0.61742200
v 0.44055700 1.03421300 -0.61820000
v 0.44185375 1.03252863 -0.61751300
v 0.31770450 1.78142340 0.00087295
v 0.16406400 1.86883100 0.06640400
v 0.15984000 1.87140500 0.06653500
v 0.15965800 1.86974000 0.06580800
v -0.18457606 1.62079375 0.43985750
v -0.44540100 1.21388500 0.54940600
v -0.57048400 0.92130900 0.53152600
v -0.57456300 0.92149100 0.52784000
v -0.57342800 0.91655400 0.52840000
v -0.64773264 0.76044009 0.46102436
v -0.68301600 0.61973900 0.38603500
v -0.69790751 0.60333399 0.35630780
v -0.70713400 0.57376500 0.32880500
v -0.67429706 0.49949746 0.36645916
v -0.74280835 0.51006987 0.20156601
v -0.71480500 0.35309900 0.08984500
v -0.71500100 0.35059800 0.08618100
v -0.71403400 0.34982700 0.08234200
v -0.68815865 0.28975107 0.08906568
v -0.59577488 0.24013012 -0.29231056
v -0.37516434 0.18484372 -0.50979965
v 0.43760990 1.02436083 -0.62278299
v 0.44393800 1.02678900 -0.61727700
v 0.15895300 1.87054700 0.07024300
v 0.16088000 1.87104100 0.06566200
v 0.18960213 1.85758770 0.06387610
v 0.05089200 1.84383300 0.22318700
v -0.44140200 1.22210900 0.54894000
v -0.44128600 1.21806600 0.54956600
v -0.44116200 1.21786200 0.55096900
v -0.42667181 1.09495884 0.61193415
v -0.56413750 0.93206165 0.53595723
v -0.57589908 0.87165424 0.53515428
v -0.60922438 0.83559871 0.50234572
v -0.64308117 0.74139153 0.46402126
v -0.68367800 0.62137900 0.38588550
v -0.68403400 0.62427700 0.38580200
v -0.68312500 0.62053900 0.38671800
v -0.68359100 0.61663500 0.38505300
v -0.43180161 0.21600812 -0.49182012
v -0.08111381 0.35383943 -0.71584102
v 0.05362600 1.84300400 0.22463400
v 0.05468700 1.84130300 0.22656100
v -0.43985400 1.22179600 0.55068500
v -0.44149000 1.21745500 0.55016200
v -0.43834900 1.21683000 0.55495300
v -0.43897550 1.22011825 0.55189925
v -0.43796300 1.21480900 0.55509900
v -0.66215340 0.62555974 0.42590336
v 0.50887842 1.45766280 -0.30450805
v 0.43065390 1.66385376 -0.10295084
v 0.06250400 1.84502600 0.21875200
v 0.05878800 1.84352100 0.22257600
v 0.05866500 1.84368100 0.22270000
v 0.05825000 1.84261900 0.22283800
v 0.05932894 1.84321900 0.22244812
v 0.00887080 1.68397592 0.42561075
v -0.43732300 1.21828400 0.55398600
v -0.43365900 1.21428500 0.55862500
v -0.56663000 0.91293300 0.53726300
v -0.56313450 0.90644225 0.54179700
v -0.56626600 0.90565500 0.53902300
v -0.67307811 0.25296019 -0.03193131
v 0.36797656 0.86196369 -0.69578250
v 0.34296009 1.75188978 -0.08983096
v 0.29350406 1.79536765 0.04933520
v 0.22644900 1.83864900 0.05828200
v 0.06241600 1.84268400 0.22265600
v 0.09673610 1.87100082 0.15669897
v -0.42994842 1.17435182 0.57908414
v -0.53205322 1.08627243 0.52622705
v -0.51338932 1.01401131 0.56596793
v -0.56520500 0.90953100 0.53800500
v -0.56238400 0.90628000 0.54296400
v -0.69394465 0.29006497 0.03539592
v -0.68023483 0.26523343 -0.02033581
v -0.30230012 0.22580304 -0.58293410
v 0.49329825 1.20011254 -0.51571453
v 0.48050943 1.53940950 -0.24917187
v 0.40709476 1.69793848 -0.05360108
v 0.23045500 1.83576200 0.06255000
v 0.22780900 1.83840900 0.06265200
v 0.22253700 1.84008100 0.06260100
v -0.14793079 1.57725586 0.49198876
v -0.31259300 1.36200044 0.56326925
v -0.56257300 0.90511700 0.54328400
v -0.56306000 0.90616400 0.54284000
v -0.56279100 0.90124900 0.54320400
v -0.55032849 0.91556473 0.55360854
v -0.66830683 0.71984497 0.42691096
v -0.67608771 0.55876475 0.38319673
v -0.72001732 0.36901018 0.10222841
v -0.68006400 0.26502600 -0.01956800
v -0.67977300 0.26558600 -0.02308000
v -0.67928050 0.26410275 -0.02335625
v -0.67955500 0.26541100 -0.02732600
v -0.64504901 0.20919114 -0.07578991
v -0.66644635 0.28879989 -0.19057573
v -0.32058800 0.23413200 -0.57826100
v -0.34580761 0.22791338 -0.56170144
v -0.12499200 0.34261400 -0.70383700
v 0.22656500 1.83723100 0.06640400
v 0.22251500 1.83874300 0.06722500
v 0.22247200 1.83904900 0.06598900
v 0.22247200 1.83900500 0.06572800
v -0.09912499 1.65834625 0.43887591
v -0.48477400 1.07968500 0.56991700
v -0.62128993 0.69916062 0.49129157
v -0.67601400 0.25719500 -0.01173000
v -0.67524700 0.25569375 -0.01601337
v -0.67646500 0.25697000 -0.01498000
v -0.67968600 0.26463400 -0.02343600
v -0.67991900 0.26477200 -0.02731900
v -0.57150252 0.23468955 -0.33753362
v -0.31706200 0.22606800 -0.57576700
v -0.31671187 0.23043287 -0.57836050
v -0.31611700 0.22941300 -0.57843500
v -0.31656000 0.22927500 -0.57815900
v -0.31250300 0.22991500 -0.58010700
v -0.12481800 0.33931400 -0.70273200
v -0.11913900 0.34046600 -0.70393550
v -0.12033200 0.33895700 -0.70237600
v 0.44757275 0.96917400 -0.62889575
v 0.52705900 1.15593600 -0.50012700
v 0.52803712 1.15670487 -0.49871925
v 0.52772100 1.15565200 -0.50002500
v 0.39600863 1.70890337 -0.03759612
v 0.39453100 1.71000400 -0.03906100
v 0.39413900 1.71038900 -0.03906100
v 0.39469900 1.71086200 -0.03527300
v 0.22232325 1.83925588 0.06680144
v 0.22266100 1.83862700 0.07031500
v 0.22147600 1.83872200 0.07085400
v 0.03668967 1.59171322 0.49687296
v -0.06032050 1.58518109 0.50671998
v -0.14842700 1.56602500 0.50058900
v -0.15244800 1.56540700 0.49988300
v -0.48187975 1.07635150 0.57355275
v -0.48032400 1.07697300 0.57380000
v -0.48132700 1.07785300 0.57423600
v -0.56496110 0.81299331 0.55456456
v -0.67074581 0.24822741 0.03718921
v -0.67578100 0.25689700 -0.01562700
v -0.67624700 0.25745000 -0.02000400
v -0.63678144 0.22608871 -0.16683303
v -0.49395705 0.20812150 -0.41966811
v -0.42584650 0.19506500 -0.47637600
v -0.31250300 0.22601000 -0.57739500
v -0.31219000 0.22721000 -0.57942400
v -0.31603700 0.23019100 -0.57785300
v -0.30875800 0.22355300 -0.57763500
v -0.12135000 0.33915400 -0.70327700
v -0.12184400 0.33920400 -0.70204900
v -0.03226022 0.48709260 -0.76262024
v 0.52887000 1.15179100 -0.49999600
v 0.53094900 1.15630700 -0.49612100
v 0.39758500 1.70729200 -0.03517900
v 0.39395700 1.71000400 -0.03478600
v 0.39457500 1.71143600 -0.03539000
v 0.39507000 1.71026600 -0.03057600
v 0.22002900 1.83929600 0.07422000
v -0.14919700 1.56262200 0.50395500
v -0.14859400 1.56205500 0.50374400
v -0.15234600 1.55804100 0.50579500
v -0.48095600 1.07744600 0.57428000
v -0.48070900 1.07393400 0.57502900
v -0.51661572 0.90846638 0.58770450
v -0.58546900 0.81610600 0.53085000
v -0.70055706 0.35477209 0.18168262
v -0.65431021 0.22075720 0.02305460
v -0.67621800 0.25611900 -0.02018600
v -0.67578100 0.25761700 -0.02382200
v -0.64442925 0.24428375 -0.17970350
v 0.03887925 0.46271215 -0.75649835
v 0.33087184 0.75521357 -0.71965619
v 0.53110200 1.15504900 -0.49605500
v 0.39885800 1.70647800 -0.03128200
v 0.39834200 1.70709600 -0.03512100
v -0.14417300 1.56302200 0.50375900
v -0.14775000 1.56294200 0.50337300
v -0.14803858 1.55907538 0.50653321
v -0.47263240 1.08579242 0.57800748
v -0.58618900 0.81172900 0.53138800
v -0.58570200 0.80786800 0.53133000
v -0.62192600 0.71345500 0.49151400
v -0.62160600 0.71037200 0.49159400
v -0.62108787 0.71085000 0.49235300
v -0.61307000 0.23006700 -0.24200100
v -0.58602972 0.24444681 -0.31842459
v -0.43372400 0.19870800 -0.47286800
v 0.02903824 0.57537113 -0.77947954
v 0.29329800 0.78449900 -0.73445500
v 0.29265100 0.78814900 -0.73437500
v 0.31205700 1.78072100 0.05040000
v 0.31183200 1.78060500 0.05580300
v 0.30859600 1.78299700 0.05469000
v 0.31434200 1.77961775 0.04779375
v 0.09043647 1.82723184 0.24111331
v 0.09359400 1.81946800 0.25017000
v -0.45927949 1.02077678 0.61104941
v -0.58659600 0.80822400 0.53119900
v -0.58588150 0.80896975 0.53138100
v -0.58661800 0.80829700 0.53133700
v -0.61275546 0.71789481 0.50302645
v -0.62130800 0.71059700 0.49262700
v -0.62113300 0.71088100 0.49202300
v -0.68267936 0.35883767 0.24186677
v -0.61337500 0.22588700 -0.23443200
v -0.61328000 0.22814800 -0.23827800
v -0.61107000 0.22650500 -0.23863400
v -0.61035000 0.22601000 -0.24219000
v -0.45680200 0.19120400 -0.44193000
v -0.46086700 0.19478900 -0.44140700
v -0.45702000 0.19475200 -0.44532600
v -0.42976900 0.19476000 -0.47265700
v -0.42966000 0.19409800 -0.47219900
v -0.42595900 0.19533400 -0.47641600
v -0.42565400 0.19883900 -0.48037900
v 0.02366517 0.54788856 -0.77527782
v 0.30078700 0.78460800 -0.73116900
v 0.29272400 0.78436100 -0.73516800
v 0.29294200 0.78431000 -0.73344500
v 0.46317037 0.93918948 -0.62454512
v 0.55091691 1.09772709 -0.50006696
v 0.49186800 1.57715700 -0.14433800
v 0.31640500 1.77827800 0.04687400
v 0.31172300 1.78044500 0.05085800
v 0.31229000 1.78082300 0.05125800
v 0.31212300 1.78027000 0.05480700
v 0.09300500 1.81983900 0.25006800
v 0.09337600 1.81957700 0.25005300
v 0.11502496 1.80961991 0.25796251
v -0.11942243 1.46863711 0.57655167
v -0.36736960 1.25936325 0.58376190
v -0.61791200 0.71037900 0.49628400
v -0.60930300 0.21953900 -0.23435900
v -0.62567770 0.20658506 -0.14674255
v -0.60906300 0.22240400 -0.23809600
v -0.60937600 0.22202600 -0.23820500
v -0.60949200 0.22527600 -0.24252400
v -0.45729700 0.19134200 -0.44162500
v -0.45765300 0.19080400 -0.44198100
v -0.45651100 0.19576300 -0.44511500
v -0.42579900 0.19092100 -0.47241700
v -0.42573400 0.19479600 -0.47633600
v -0.42601527 0.16527067 -0.44603801
v -0.21476059 0.18398989 -0.59367743
v 0.50632209 0.99960342 -0.57559826
v 0.09418300 1.81909700 0.25027200
v 0.12369839 1.77525420 0.30485317
v -0.60485775 0.71519987 0.51253575
v -0.60594400 0.71812300 0.51114600
v -0.60521700 0.71367300 0.51303600
v -0.60547100 0.70672200 0.51143000
v -0.60973200 0.21818700 -0.23095600
v -0.60890300 0.21751800 -0.23402500
v -0.60942700 0.22215700 -0.23782000
v -0.01562300 0.45257300 -0.75276300
v 0.50003744 1.54710945 -0.19056116
v 0.04786359 1.78426978 0.31220696
v 0.00777500 1.64787400 0.45728300
v -0.60550800 0.71412400 0.51114600
v -0.60584200 0.71412400 0.51128400
v -0.60219900 0.71435600 0.51561800
v -0.64647343 0.53098745 0.42534570
v -0.17911135 0.26295915 -0.65739480
v -0.01222700 0.45564900 -0.75310500
v -0.01241437 0.45595588 -0.75384150
v -0.01545600 0.45636900 -0.75413000
v -0.01627000 0.45724800 -0.75441400
v 0.16024000 1.85127100 0.14846400
v 0.01172300 1.64807000 0.45703600
v 0.01181800 1.64737200 0.45681000
v 0.01641300 1.64758675 0.45693725
v -0.64294213 0.21908100 -0.11914725
v -0.61658131 0.21262631 -0.19872262
v -0.10829227 0.23590963 -0.65601393
v 0.12681350 1.84330725 0.19395425
v 0.12452500 1.84343300 0.19572500
v 0.12519400 1.84332400 0.19516500
v 0.01558400 1.64752500 0.45716600
v 0.01498800 1.64755400 0.45638100
v 0.00579421 1.63839263 0.46605065
v -0.26286007 1.34394071 0.59957476
v -0.49425362 0.15016807 -0.34865743
v 0.57692575 1.13114403 -0.45497237
v 0.15198091 1.84387993 0.17546386
v 0.12978900 1.84108500 0.19422000
v 0.01949600 1.64774300 0.45703600
v 0.01590400 1.64802600 0.45682500
v -0.38671800 1.18499400 0.60307650
v -0.34166788 1.14741036 0.64501103
v -0.46887165 0.96353584 0.61488108
v -0.66243107 0.41319677 0.33722043
v -0.68806927 0.32929160 0.18155698
v -0.64674923 0.21717554 0.09001899
v 0.55009632 1.47146344 -0.20235624
v -0.30736725 0.17658212 -0.54512739
v 0.26046917 0.66540964 -0.74545826
v 0.45033742 0.86380620 -0.64627099
v -0.15347799 1.45061213 0.57873118
v -0.64308950 0.20438975 0.02861500
v -0.64698100 0.21038500 0.03516000
v -0.53471081 0.13782930 -0.26065000
v -0.00660426 0.40382680 -0.73919901
v 0.54241287 1.44541622 -0.25554436
v 0.17214121 1.84573185 0.14954854
v 0.09222599 1.67409148 0.42614205
v -0.28784786 1.28968038 0.61382645
v -0.46874800 0.97992100 0.61114300
v -0.64440000 0.20648000 0.03521900
v -0.64388400 0.20746900 0.03101600
v -0.64373800 0.20601500 0.03223800
v -0.59118632 0.13965384 -0.10633042
v -0.41039200 0.15960500 -0.45343300
v -0.40539125 0.15774700 -0.45561625
v -0.40648700 0.15998300 -0.45649400
v -0.36700374 0.15189927 -0.48212085
v 0.06120676 0.36852036 -0.72452818
v 0.57463234 0.94160640 -0.52394406
v 0.57424597 1.29960998 -0.35128497
v 0.22251629 1.83079977 0.11540776
v 0.05517400 1.69849400 0.40576800
v 0.04675675 1.69354250 0.41177925
v 0.05167700 1.69536800 0.41024700
v -0.38584022 1.16718161 0.61144880
v -0.46530900 0.98348300 0.61327400
v -0.46485900 0.98424700 0.61280100
v -0.43925386 0.96259753 0.63752905
v -0.66245774 0.26854529 0.16684677
v -0.64495300 0.20616800 0.03065200
v -0.64491600 0.20716400 0.02738800
v -0.58191265 0.18574745 -0.24271107
v -0.39658770 0.10219000 -0.40012589
v -0.40556400 0.15873900 -0.45737400
v -0.40565800 0.16012800 -0.45690100
v 0.56776792 1.35338174 -0.31294243
v 0.41202342 1.69223423 0.05928278
v 0.19991350 1.83172000 0.14847850
v 0.17700803 1.82729643 0.18978530
v 0.05034700 1.69503300 0.41052300
v 0.05068100 1.69432100 0.41014500
v -0.46392800 0.98417400 0.61261900
v -0.46231700 0.98601700 0.61477150
v -0.46093900 0.97998600 0.61719300
v -0.60014576 0.58262823 0.49979467
v -0.62685190 0.18076334 0.02973992
v -0.14711642 0.16393309 -0.59813900
v 0.33062150 1.75932476 0.09822678
v 0.20703600 1.82656500 0.15234600
v 0.05475300 1.69078700 0.41372300
v -0.54701200 0.72681963 0.57391262
v -0.54688900 0.73382100 0.57449800
v -0.54688200 0.72913100 0.57452000
v -0.65681906 0.30320866 0.24309809
v 0.07487055 0.46423512 -0.75362208
v 0.22838660 0.61365238 -0.75224084
v 0.21094000 1.82449200 0.15234600
v 0.20634500 1.82414300 0.15942800
v 0.20698500 1.82420200 0.15518200
v -0.54728200 0.72721100 0.57374900
v -0.54652600 0.72655000 0.57401100
v -0.54678000 0.72501600 0.57388700
v -0.31538010 0.10078480 -0.46654268
v 0.34309062 0.69668816 -0.71377635
v 0.21094000 1.82151100 0.16015500
v 0.20683900 1.82338700 0.16060600
v 0.01179695 1.71635407 0.39452253
v 0.00659646 1.57808159 0.51484071
v -0.58537452 0.62442841 0.52548617
v 0.17958877 0.58682001 -0.76043758
v 0.57067145 1.39393332 -0.26106332
v 0.20628700 1.82288600 0.16153000
v 0.20341500 1.82367100 0.16495400
v -0.03122053 1.62690700 0.47240820
v -0.42730893 0.88480747 0.65913504
v -0.35371150 0.13619975 -0.47448800
v 0.00392900 0.35101200 -0.71869900
v 0.01172300 0.35491700 -0.72028400
v 0.58510615 1.07538625 -0.46906823
v 0.01235625 1.55484446 0.53332788
v -0.52096274 0.79091619 0.59896172
v -0.60580319 0.15637969 0.04294841
v -0.63028512 0.18943562 -0.06678625
v -0.25897327 0.05555220 -0.44307042
v -0.14090625 0.16778600 -0.60202029
v 0.00781100 0.34710800 -0.71724500
v 0.00742600 0.35136100 -0.71790600
v 0.00761500 0.35126000 -0.71905500
v 0.00775300 0.35184100 -0.71829900
v 0.42400803 0.74493510 -0.67072174
v 0.54123000 0.94867000 -0.55468800
v 0.59364765 0.96333031 -0.49474580
v 0.58061700 1.31585300 -0.32422100
v 0.22522320 1.81263353 0.16252059
v 0.16380200 1.80366800 0.23820900
v 0.10937900 1.71674400 0.37500500
v 0.10525700 1.71384300 0.38028300
v 0.10444050 1.71531375 0.37827650
v 0.10053800 1.71446800 0.38029100
v -0.61720700 0.16740600 -0.02734800
v -0.34154756 0.11909332 -0.46554209
v 0.50121600 0.87345600 -0.60460175
v 0.50046900 0.87419400 -0.60589000
v 0.50002600 0.87418600 -0.60548300
v 0.50411900 0.87443400 -0.60200000
v 0.54243000 0.94036700 -0.55468800
v 0.54227700 0.94522400 -0.55422300
v 0.54289338 0.94489550 -0.55389462
v 0.54296800 0.94475800 -0.55383700
v 0.58255100 1.31223200 -0.32423500
v 0.58158400 1.31404250 -0.32422800
v 0.58203500 1.31322800 -0.32422100
v 0.38974607 1.70367967 0.11345889
v 0.16897200 1.80359600 0.23477000
v 0.16626725 1.80429025 0.23545150
v 0.16327900 1.80469400 0.23799800
v 0.16796900 1.80176300 0.23828200
v 0.10554800 1.71472300 0.37885100
v 0.10531500 1.71521000 0.37917800
v -0.57028000 0.63228200 0.54284700
v -0.08370425 0.16930112 -0.61474127
v 0.54189900 0.94057000 -0.55419400
v 0.54333900 0.94100600 -0.55487700
v 0.56811900 1.39341875 -0.26700688
v 0.56635900 1.39388500 -0.26972500
v 0.16725664 1.81757317 0.21295177
v 0.17179300 1.80480300 0.23055300
v 0.16764900 1.80449000 0.23418100
v 0.16824500 1.80379200 0.23429700
v 0.17207700 1.80001800 0.23818000
v 0.10937200 1.71038200 0.38207200
v -0.56628450 0.63070400 0.54686450
v -0.56607700 0.63242700 0.54715200
v -0.56597600 0.63246400 0.54734100
v -0.56650600 0.62890800 0.54650500
v -0.57446425 0.15191750 -0.19089525
v -0.55851776 0.12871325 -0.18189850
v 0.48289356 0.83750241 -0.62455355
v 0.56636600 1.39442300 -0.26959400
v 0.56688200 1.39428500 -0.26904200
v 0.56627900 1.39842900 -0.26515200
v 0.18397360 1.80084181 0.22773945
v 0.17590100 1.79612800 0.24177200
v 0.06704656 1.61410269 0.48191087
v -0.43734417 1.00739932 0.62823297
v -0.58925488 0.67113394 0.52876245
v -0.56606300 0.63250000 0.54722400
v -0.61184964 0.16734138 0.08399969
v -0.60802237 0.15746504 0.04454961
v -0.61279700 0.16140100 -0.00000200
v -0.58384911 0.12453241 0.01818028
v -0.00213495 0.28658790 -0.69253631
v 0.56862000 1.39467000 -0.26553000
v 0.34468175 1.73583862 0.13819613
v 0.34356200 1.73791700 0.13471400
v 0.25151671 1.79707528 0.16419931
v 0.17961700 1.79642700 0.23852200
v 0.17911500 1.79634700 0.23940100
v 0.18556450 1.79072600 0.24304075
v 0.17968900 1.79418000 0.24218600
v 0.17913700 1.79223100 0.24584400
v 0.24594985 1.77508308 0.22141267
v -0.31095605 1.21463626 0.63420970
v -0.32460900 1.19832500 0.63309400
v -0.32870300 1.19510400 0.63145800
v -0.32809419 1.19628888 0.63216925
v -0.32828800 1.19448600 0.63208400
v -0.60924500 0.15945900 0.04697600
v -0.60963800 0.15954600 0.04626300
v -0.60972950 0.15994987 0.04704300
v -0.51952100 0.12836100 -0.26951400
v -0.51926000 0.12844900 -0.26966000
v -0.51697476 0.17271250 -0.34678453
v 0.51132786 0.80526163 -0.60601764
v 0.52740544 0.90519305 -0.57847715
v 0.59501511 1.19587730 -0.39513006
v 0.45345642 1.64215966 -0.10302431
v 0.35157500 1.73170800 0.13280200
v 0.34759000 1.73386700 0.13667700
v 0.34729200 1.73316900 0.13672100
v 0.18375400 1.79221700 0.24263700
v 0.17984200 1.79114100 0.24472400
v 0.18349200 1.79238400 0.24257900
v 0.09765900 1.62172700 0.46874900
v 0.09328200 1.62044000 0.47077000
v -0.32421600 1.19476300 0.63490500
v -0.32876100 1.19487200 0.63332700
v -0.32775000 1.19017500 0.63443900
v -0.52540066 0.67185695 0.59280890
v -0.58031800 0.54632450 0.51367250
v -0.58326600 0.53803600 0.50794700
v -0.60961600 0.15934300 0.04766600
v -0.51578400 0.12510400 -0.26990000
v -0.51643900 0.12386100 -0.27001600
v -0.51371900 0.12456550 -0.27302250
v -0.51536300 0.12679800 -0.27301200
v -0.35544150 0.11017300 -0.44359500
v 0.13468007 0.52658542 -0.75953342
v 0.51849905 1.57013612 0.03965320
v 0.34755400 1.73410000 0.13634300
v 0.34593200 1.73338000 0.14110500
v 0.34399800 1.73422400 0.14487200
v 0.18790600 1.79298700 0.23804200
v 0.18716400 1.78987500 0.24192500
v 0.17345696 1.76393926 0.29407677
v 0.13169934 1.73120328 0.35230267
v 0.09719890 1.66157714 0.43476864
v 0.10073700 1.62105388 0.46898900
v 0.10154100 1.62470100 0.46533900
v 0.10146100 1.62071700 0.46936700
v 0.09736800 1.62084000 0.46919300
v 0.10360151 1.61723259 0.47121299
v -0.58202300 0.54563400 0.51159700
v -0.58140500 0.54194800 0.51106600
v -0.58105600 0.54242000 0.51172000
v -0.51467200 0.12394100 -0.26838000
v 0.48712795 1.57635981 -0.15272383
v 0.43072760 1.67742522 0.01105636
v 0.34765600 1.73249300 0.14062600
v 0.10191200 1.62176400 0.46880700
v -0.58233500 0.54599000 0.51214900
v -0.58923796 0.49019755 0.48619456
v -0.65928000 0.36460550 0.30081900
v -0.66169000 0.36979300 0.30089200
v -0.65998200 0.36667400 0.30113200
v -0.66015600 0.36257300 0.29695100
v -0.63346461 0.21356917 0.15526679
v -0.57022970 0.12079275 0.10125284
v 0.64236118 1.09506279 -0.37632890
v 0.53045500 1.54958500 -0.05482500
v 0.44521700 1.65162600 0.07415500
v 0.44583350 1.65095675 0.07350900
v 0.44497000 1.65201100 0.07350000
v 0.41011819 1.67039273 0.15374890
v 0.18215837 1.63348050 0.43357671
v -0.66004000 0.37058600 0.30463600
v -0.66153000 0.36618000 0.30090600
v -0.65968400 0.36681200 0.30091400
v -0.53871000 0.11625500 -0.20265800
v -0.54293400 0.12056000 -0.20271600
v -0.53906600 0.11817500 -0.20702800
v 0.52112307 1.54210703 -0.13371766
v 0.53319550 1.54825450 -0.02734750
v 0.44488300 1.65132000 0.07416900
v 0.44855500 1.64737900 0.07859700
v -0.02751149 1.47392642 0.58607159
v -0.55850292 0.56520514 0.54374501
v -0.51130549 0.06616196 -0.12706972
v -0.54113800 0.11611000 -0.19936400
v -0.53913900 0.11621200 -0.20236700
v -0.53865900 0.11678600 -0.20283200
v -0.53524900 0.11260500 -0.20312300
v 0.08612000 0.41763600 -0.73756000
v 0.08970400 0.42054500 -0.73802500
v 0.08913000 0.42162100 -0.73844700
v 0.09002400 0.42216600 -0.73857750
v 0.09431400 0.42247100 -0.73875200
v 0.23241982 0.51488028 -0.73460324
v 0.60654500 1.23830100 -0.34320500
v 0.60844825 1.23704850 -0.34138000
v 0.19601536 1.68196531 0.38125705
v 0.06229063 1.58728044 0.50252775
v -0.23437700 1.32366900 0.61931600
v -0.23828100 1.31976500 0.61970900
v -0.59891137 0.14879700 0.06297313
v -0.19620115 0.12543714 -0.54985184
v 0.05859200 0.34319600 -0.71352900
v 0.06128400 0.34699150 -0.71491625
v 0.08971100 0.42184600 -0.73818500
v 0.09700400 0.42117700 -0.73740000
v 0.60896600 1.23382200 -0.34375100
v 0.60877000 1.23326200 -0.34259500
v 0.60992600 1.23726100 -0.33948300
v 0.60950400 1.23777000 -0.33926400
v -0.23028300 1.32358200 0.62081400
v -0.23134500 1.32266600 0.62181000
v -0.23404900 1.31956100 0.62078500
v -0.23828100 1.31780900 0.62064650
v -0.23457300 1.31939400 0.62063200
v -0.23828100 1.31585300 0.62158400
v -0.44880050 0.79720009 0.65372913
v -0.48334674 0.53652573 0.60720000
v -0.54399658 0.49990220 0.54022369
v -0.50392367 0.08801550 -0.21973453
v 0.06209600 0.34718100 -0.71544900
v 0.06262000 0.34694800 -0.71428600
v 0.06147800 0.34666400 -0.71512200
v 0.06685200 0.34708600 -0.71422700
v 0.60937400 1.23294200 -0.34375100
v 0.06242369 1.49194467 0.57119909
v -0.23046500 1.31976500 0.62272600
v -0.23529300 1.31969900 0.62154100
v -0.23197098 1.27107929 0.64435169
v -0.56786600 0.12842000 0.14053800
v -0.43547732 0.10105159 -0.35823599
v 0.06640800 0.34710800 -0.71448900
v 0.42840724 0.72925375 -0.66875186
v -0.04448470 0.19587889 -0.63651641
v 0.63204775 1.20195956 -0.32889805
v 0.60228294 1.33133131 -0.26524547
v 0.60187000 1.33147800 -0.26562400
v 0.60203000 1.33136200 -0.26651100
v 0.60147700 1.33552100 -0.26153800
v 0.60197900 1.33512100 -0.26156700
v 0.31338000 1.73791700 0.19887300
v 0.31250100 1.73956000 0.19531000
v 0.31222400 1.73741600 0.19931700
v -0.23237350 1.27647750 0.64116500
v -0.23447800 1.27685900 0.64066300
v -0.47411238 0.68076955 0.63456216
v -0.54660600 0.10483300 -0.14487600
v -0.54659500 0.10549450 -0.14652250
v 0.60043800 1.33509200 -0.26143600
v 0.60396400 1.33438700 -0.25853500
v 0.58724349 1.45179833 -0.10842205
v 0.32959977 1.74162672 0.16051200
v 0.31695000 1.73390400 0.20200000
v 0.31258800 1.73766300 0.19901100
v 0.30874200 1.73771400 0.20539500
v 0.24651889 1.72443074 0.29729948
v -0.23005800 1.27938200 0.64064900
v -0.23007200 1.28067600 0.64117200
v -0.23026900 1.27609600 0.64166700
v -0.54294800 0.10099400 -0.14433000
v -0.54701300 0.10591600 -0.14480300
v 0.02343246 0.23230935 -0.66324113
v 0.13132095 0.37835348 -0.71790378
v 0.61274280 1.28183469 -0.29679778
v 0.60536000 1.33136900 -0.25770600
v 0.53989656 1.53894081 0.01482819
v 0.31632500 1.73284200 0.20323600
v -0.22640000 1.28457300 0.64038700
v -0.22634900 1.28431200 0.64118000
v -0.23023200 1.28074200 0.64053200
v -0.22656000 1.28069800 0.64206700
v -0.54520447 0.08717052 -0.07091856
v -0.59038501 0.15414443 -0.15515826
v 0.62075915 0.90181589 -0.47617637
v 0.63609929 0.97376959 -0.43378446
v 0.54874537 1.52344226 -0.05884852
v 0.37224592 1.68053633 0.21415589
v -0.59149473 0.36620770 0.42098094
v -0.61899835 0.23506025 0.23615896
v -0.08192236 0.09449856 -0.54840604
v 0.47852530 1.60029282 0.13596830
v 0.42264561 1.62513673 0.22184229
v 0.20263021 1.71383472 0.33921650
v -0.07564105 1.40354235 0.61910458
v -0.17374174 1.33608370 0.63430405
v -0.57036000 0.13019400 0.13688100
v -0.42568800 0.06181950 -0.29284850
v -0.42968900 0.06442100 -0.29297000
v -0.35183758 0.04959904 -0.35896780
v 0.58153030 1.40849610 -0.21710784
v 0.34286775 1.70811000 0.20925825
v 0.33613100 1.71465700 0.20722000
v 0.18812665 1.55871310 0.49301870
v 0.13868938 1.56968201 0.50152130
v -0.57130500 0.13225900 0.14062600
v -0.57065800 0.13046300 0.13975300
v -0.42959400 0.06271200 -0.28902900
v -0.42883100 0.06070500 -0.28975700
v -0.42498500 0.06140300 -0.29291200
v -0.42517400 0.06187600 -0.29323200
v -0.18265965 0.06481907 -0.48907284
v 0.29021987 0.59892542 -0.72693391
v 0.33048200 0.61267200 -0.71097700
v 0.37746503 0.60476817 -0.68772590
v 0.56948170 0.77914478 -0.55124825
v 0.60413100 1.36663300 -0.21484400
v 0.55078400 1.52278400 0.00393900
v 0.54887350 1.52580200 0.01074800
v 0.54823900 1.52679100 0.00781400
v 0.34398400 1.70625900 0.21017900
v 0.33936000 1.70985900 0.20915400
v 0.33981800 1.70956100 0.21104500
v 0.17578500 1.58148300 0.47890700
v 0.16375428 1.55194509 0.50789943
v -0.37812405 1.01620850 0.66416614
v -0.62038425 0.39605025 0.39456375
v -0.57090500 0.13255700 0.14426100
v -0.57012000 0.13220800 0.14464600
v -0.53795522 0.10652219 0.17085238
v -0.42578400 0.06029100 -0.28905900
v -0.45084833 0.05653542 -0.24236434
v 0.32817975 0.60338338 -0.71061062
v 0.32822800 0.60466000 -0.71071600
v 0.32862000 0.60889900 -0.71223500
v 0.33302700 0.60865100 -0.70923900
v 0.60560000 1.36369600 -0.21510600
v 0.60546900 1.36382700 -0.21505500
v 0.60533800 1.36625500 -0.21064900
v 0.55010100 1.52261700 0.00794500
v 0.55172200 1.52253700 0.00783600
v 0.55042100 1.52137400 0.00713800
v 0.54823200 1.52679100 0.01171900
v 0.34783700 1.70522700 0.20776600
v 0.34327100 1.70679800 0.21104500
v 0.34299500 1.70665900 0.21055000
v 0.34109000 1.70644900 0.21491300
v 0.17994400 1.58527800 0.47418800
v 0.18007850 1.57726450 0.48076438
v 0.17963100 1.58198400 0.47792500
v 0.17948600 1.57828300 0.47978600
v -0.18410419 1.28314279 0.65476600
v -0.21002712 1.20419300 0.68134558
v -0.36009539 0.89059020 0.69683204
v -0.57030900 0.13324000 0.14844200
v -0.57022900 0.13229500 0.14408700
v -0.56895700 0.13324700 0.14852200
v -0.38218156 0.04014340 -0.29862276
v 0.01590680 0.11454240 -0.57678472
v 0.32843900 0.60515400 -0.71002500
v 0.32795900 0.60503800 -0.70992300
v 0.32855500 0.60130800 -0.71108600
v 0.49228986 0.64023562 -0.61676578
v 0.63448356 1.03642215 -0.41489505
v 0.60428400 1.36710600 -0.21062700
v 0.60544700 1.36749100 -0.21112800
v 0.60755600 1.36272900 -0.21093900
v 0.55432500 1.51736700 0.01164600
v 0.55139500 1.52355500 0.01198100
v 0.55078400 1.52303900 0.01171900
v 0.55078400 1.52283500 0.01564500
v 0.53386212 1.54702287 -0.01069950
v 0.39410300 1.66711600 0.19750650
v 0.39523000 1.66670500 0.19566700
v 0.39459000 1.66777400 0.19502700
v 0.39297600 1.66752700 0.19934600
v 0.17987900 1.57814500 0.48073200
v 0.18013300 1.57736700 0.47940100
v 0.17601800 1.57774500 0.48252700
v -0.43791200 0.72209300 0.66015700
v -0.43797100 0.71536700 0.65977900
v -0.56325262 0.42413148 0.49161117
v -0.61290213 0.17914257 0.14606006
v -0.56848400 0.13225900 0.15234600
v -0.54236262 0.08746235 0.09109566
v 0.32688300 0.60101000 -0.71094100
v 0.50776200 0.72989400 -0.60877700
v 0.51236500 0.73013050 -0.60504700
v 0.51182700 0.73432200 -0.60546900
v 0.61374894 1.33515114 -0.23350883
v 0.57031400 1.49135900 -0.01569300
v 0.54289817 1.53491529 0.01033071
v 0.55650750 1.50034206 0.09614169
v 0.39864000 1.66318600 0.19566700
v 0.39424100 1.66796300 0.19467100
v 0.18435000 1.57575300 0.48036100
v 0.17963900 1.57344100 0.48380000
v -0.42646625 0.76231944 0.66853114
v -0.43791200 0.71374600 0.66007700
v -0.43846500 0.70961025 0.65915900
v -0.43667600 0.71436400 0.66012800
v -0.61291350 0.23561900 0.25227100
v 0.51256100 0.72995300 -0.60569400
v 0.51146300 0.72940700 -0.60530900
v 0.51119400 0.72896400 -0.60533000
v 0.53870000 0.75720400 -0.58199800
v 0.53884500 0.75334300 -0.58202000
v 0.54280100 0.76113000 -0.57802100
v 0.67080923 1.20734433 -0.23132686
v 0.57275000 1.48775300 -0.01545300
v 0.57093900 1.49237700 -0.01185400
v 0.57115950 1.49080300 -0.01340400
v -0.40033250 0.79716725 0.68272050
v -0.43359300 0.71429100 0.66267300
v -0.61276400 0.23769500 0.25440100
v -0.61304800 0.23520100 0.24878100
v 0.54350600 0.75803300 -0.57920600
v 0.27336100 1.72610200 0.26778000
v -0.47756120 0.45925504 0.58878039
v -0.61201500 0.23743300 0.25364500
v -0.55206470 0.17196382 0.29507599
v -0.53288200 0.07572700 -0.00012200
v 0.06578368 0.26721366 -0.67838378
v 0.32174565 0.51819092 -0.69903774
v 0.67918515 0.93479602 -0.37805135
v 0.28116300 1.72211000 0.26558400
v 0.27774500 1.72149900 0.26954000
v 0.27765100 1.72224100 0.26978700
v -0.61030535 0.24689151 0.27535588
v -0.59835750 0.19868887 0.22445413
v -0.59917500 0.19964600 0.22269300
v -0.50377005 0.05613644 0.07047566
v 0.15759645 0.40276278 -0.72248067
v 0.18021032 0.45668588 -0.73516843
v 0.62360892 1.35281457 -0.18038922
v 0.58307493 1.47204992 0.03794921
v 0.28514000 1.72200800 0.26152700
v 0.28063900 1.72377500 0.26524200
v 0.27835075 1.72208100 0.26855425
v 0.23326842 1.62132131 0.42157006
v 0.13740884 1.41861955 0.60121383
v -0.28061560 1.07898106 0.69489280
v -0.48474082 0.60654929 0.61920929
v -0.64274378 0.29623728 0.27418620
v -0.61521400 0.27679100 0.30078300
v -0.59793900 0.19851900 0.22607400
v -0.59714600 0.19859900 0.22698300
v -0.59806200 0.19653400 0.22305600
v -0.25349172 0.02316328 -0.37067055
v 0.56249800 0.74944600 -0.55859300
v 0.69469266 0.97092496 -0.33447946
v 0.23536093 1.55307732 0.47722801
v -0.61330200 0.27677600 0.30547300
v -0.61361500 0.28069500 0.30859200
v -0.61376800 0.27315500 0.30049900
v -0.61301900 0.27285700 0.30040500
v -0.59645500 0.19942800 0.22946200
v -0.59821500 0.19921000 0.22623400
v 0.56208300 0.74143300 -0.55874500
v 0.56265000 0.74608700 -0.55809800
v 0.56262100 0.74562100 -0.55824400
v 0.56635100 0.74946800 -0.55449200
v 0.53515900 1.52801200 0.11328000
v 0.53443900 1.52659400 0.11730000
v 0.53466500 1.52634000 0.11824600
v 0.47128172 1.55714160 0.24107170
v -0.32156291 0.81980172 0.72331544
v -0.61423300 0.27712500 0.30550200
v -0.61259700 0.27676100 0.30535600
v -0.60084761 0.30545152 0.35915019
v -0.29713497 0.01049245 -0.27126422
v 0.18086170 0.34201656 -0.69295382
v 0.56252000 0.73774000 -0.55860700
v 0.56256300 0.74163700 -0.55859300
v 0.56264050 0.74330381 -0.55837456
v 0.56236700 0.74564300 -0.55853500
v 0.66666537 1.26502892 -0.16815990
v 0.53490400 1.52716900 0.11668200
v 0.55191745 1.49687620 0.13647392
v 0.38491550 1.65176350 0.23912900
v 0.38685300 1.65182900 0.23589000
v -0.45030200 0.57316900 0.63706400
v -0.44696500 0.57700800 0.64102000
v -0.43622137 0.53927801 0.64007129
v 0.38297800 1.65169800 0.24236800
v 0.38542100 1.65179300 0.23828200
v 0.26124331 1.47637583 0.52233914
v -0.44577200 0.57428900 0.64076500
v -0.44476200 0.57405600 0.64073600
v -0.44531400 0.57134400 0.64015400
v -0.58047076 0.26747121 0.35642251
v -0.14065108 0.05018966 -0.47979385
v -0.09684573 0.06835940 -0.51971941
v 0.10503093 0.32490276 -0.70105475
v 0.68323213 0.89608724 -0.38135663
v 0.27910574 1.68503078 0.31938689
v 0.26170600 1.64775000 0.37474300
v 0.26164000 1.64400600 0.37893800
v 0.26243625 1.64292425 0.37938175
v 0.26182900 1.64387500 0.37900400
v -0.44140200 0.56975900 0.64261900
v -0.44537200 0.57459400 0.64013300
v -0.50390400 0.06023300 0.10156600
v -0.02730827 0.06355423 -0.51910269
v 0.15076200 0.31603202 -0.68796799
v 0.54229323 0.71463664 -0.57933802
v 0.26570500 1.64795400 0.37163800
v 0.26510900 1.64415100 0.37432800
v 0.26106600 1.64515400 0.37871300
v 0.26463600 1.63981000 0.38064700
v -0.31712971 0.96988028 0.70450517
v -0.49999900 0.05856800 0.10937500
v -0.50032600 0.05784800 0.10526700
v -0.49991200 0.05702600 0.10570300
v -0.50105700 0.05824075 0.10249125
v -0.42276275 0.02468620 -0.18175165
v -0.31965000 0.02776800 -0.32398100
v 0.15048550 0.32362300 -0.69142900
v 0.62499200 1.37056700 -0.13274800
v 0.62597850 1.37055050 -0.12791275
v 0.58267590 1.46384271 0.08150016
v 0.50423105 1.54742256 0.18107798
v 0.33845993 1.67672258 0.27100673
v 0.26925300 1.64277000 0.37492500
v -0.25852455 0.97937436 0.72710282
v -0.41360789 0.63463940 0.67122355
v -0.55439376 0.38794584 0.47966743
v -0.49821000 0.05821100 0.11566400
v -0.49897400 0.05922900 0.10882200
v -0.49962100 0.05800800 0.10522300
v -0.41151898 0.02730845 -0.20268248
v -0.32426700 0.02680800 -0.31631700
v -0.32032700 0.02640100 -0.32068000
v -0.32093000 0.02716400 -0.31997500
v -0.31906963 0.02584313 -0.31878063
v 0.08035925 0.20731563 -0.64104150
v 0.62578400 1.37054500 -0.12890900
v 0.62656900 1.37054500 -0.12499700
v 0.58781500 1.46045800 0.05085800
v -0.46576380 0.05389510 0.20502932
v -0.32304600 0.02625500 -0.31713200
v -0.31986800 0.02673500 -0.32062200
v 0.62507900 0.77328000 -0.48459600
v 0.62475200 0.77702500 -0.48493800
v 0.62481700 0.78070400 -0.48437800
v 0.65409330 1.16513011 -0.31055520
v 0.59214900 1.45257600 0.05469000
v 0.58882950 1.45886900 0.04996000
v 0.58973500 1.45638600 0.05435600
v 0.58950900 1.45581200 0.05469800
v 0.58924800 1.45725100 0.05843500
v -0.56240600 0.39404900 0.47359900
v -0.56265300 0.39359100 0.47282100
v -0.56665900 0.39402000 0.46853100
v -0.56788100 0.39007200 0.46484500
v -0.59359144 0.22169400 0.27511868
v -0.48451200 0.04630900 0.08748200
v -0.48434500 0.04605400 0.08585400
v -0.48425700 0.04544325 0.08112000
v -0.48568200 0.04624300 0.07812400
v 0.62525300 0.77288800 -0.48437800
v 0.62377700 0.77626900 -0.48334600
v 0.62480300 0.77620300 -0.48408700
v 0.62761600 0.78069700 -0.48046600
v 0.65244747 0.80518739 -0.44462189
v 0.70539278 1.02743857 -0.28699683
v 0.67150400 1.15567400 -0.27727200
v 0.59118900 1.45662600 0.05491600
v -0.41733126 0.55956419 0.65648658
v -0.45114132 0.39608852 0.58397371
v -0.56462300 0.39007200 0.46874900
v -0.56482875 0.39515800 0.47107950
v -0.56782200 0.39292900 0.46877800
v -0.56585900 0.38951200 0.46593500
v -0.56613600 0.38619700 0.46472800
v -0.48315200 0.04632300 0.09352400
v -0.48437400 0.04643200 0.08676200
v -0.48519500 0.04516000 0.08229100
v 0.06262386 0.11000265 -0.56788243
v 0.15258957 0.24599369 -0.65360441
v 0.52315615 0.63592711 -0.59039648
v 0.58125905 0.65068517 -0.53312815
v 0.62864900 0.77243700 -0.47968800
v 0.62879400 0.77679900 -0.47929600
v 0.64931994 0.87890867 -0.43782222
v 0.68755897 1.13224897 -0.25557584
v 0.67308200 1.15569600 -0.27343300
v 0.67187500 1.15569600 -0.27637800
v 0.62632803 1.39777964 -0.01106276
v 0.29408536 1.59069101 0.40903651
v 0.32495660 1.52802341 0.44423421
v 0.05156529 1.40886938 0.62061622
v 0.01603276 1.36372004 0.64472912
v -0.47636871 0.03441552 -0.01313605
v -0.36133850 0.02266750 -0.25389250
v -0.17073971 0.00823488 -0.34994098
v 0.10571791 0.15815053 -0.60386704
v 0.65534710 1.32246045 -0.09860246
v 0.58986948 1.45873961 -0.04909764
v 0.55476900 1.48432100 0.15655600
v 0.53536451 1.49784131 0.19314624
v 0.30209621 1.63029504 0.36418934
v -0.58494500 0.30079200 0.37926500
v -0.53938131 0.15729418 0.28390084
v -0.50089325 0.08550275 0.21306050
v -0.51172000 0.08929500 0.19756400
v -0.51172000 0.08847300 0.19531000
v 0.02358761 0.04760528 -0.49571124
v 0.68395200 1.03866300 -0.32386500
v 0.68459900 1.04192700 -0.32012000
v 0.55859300 1.48166000 0.14829600
v 0.55763550 1.48016550 0.15542725
v 0.55898600 1.48011100 0.15132100
v 0.55676100 1.47937000 0.15660700
v 0.55656500 1.47991500 0.16015500
v 0.49608300 1.54171625 0.21153463
v 0.39725075 1.61491100 0.27604875
v 0.39432100 1.61628200 0.27767600
v 0.39453100 1.61663800 0.27745000
v -0.35779600 0.73615746 0.70827515
v -0.39830650 0.56358475 0.66826375
v -0.40234300 0.56195000 0.66569700
v -0.58229200 0.30070500 0.38305400
v -0.58153500 0.30077700 0.38338800
v -0.58227000 0.29639300 0.37954200
v -0.58203700 0.29589900 0.37904700
v -0.01214000 0.04836600 -0.49601200
v 0.68351375 1.03597162 -0.32562512
v 0.68320300 1.03934600 -0.32334100
v 0.56100700 1.47601000 0.15234600
v 0.55989500 1.48062700 0.15308100
v 0.55792400 1.47923900 0.15298600
v 0.39994800 1.61162800 0.27705800
v 0.39894500 1.61243500 0.27633800
v -0.10389769 1.32247781 0.65589012
v -0.18161183 1.18182196 0.69545991
v -0.39966000 0.56594900 0.66940500
v -0.39843100 0.56230600 0.66794400
v -0.39843800 0.55894700 0.66739100
v -0.41014500 0.53813000 0.65625200
v -0.41015900 0.53460400 0.65542300
v -0.58187000 0.30457300 0.38673300
v -0.58114300 0.29947600 0.38240600
v -0.57992900 0.29632000 0.38281400
v -0.43811299 0.03956396 0.21667137
v -0.02338100 0.04635200 -0.49182400
v -0.01952700 0.04638100 -0.49218700
v -0.01523700 0.04598100 -0.49198400
v -0.01531700 0.04524700 -0.49274700
v -0.01176200 0.04619200 -0.49218700
v 0.60774214 0.74862389 -0.50880965
v 0.49899229 1.51208383 0.25485013
v 0.39962900 1.60882200 0.28125300
v 0.25831000 1.38254250 0.57785350
v -0.20763520 1.07634273 0.72105162
v -0.34204095 0.78541661 0.71539456
v -0.39906400 0.56147000 0.66710100
v -0.39955100 0.56287300 0.66733300
v -0.41015900 0.53069900 0.65453600
v -0.41015200 0.53441450 0.65539400
v -0.57802400 0.29299000 0.38274800
v -0.57806700 0.28857700 0.37871300
v -0.57790750 0.28850750 0.37890950
v -0.57774700 0.28443200 0.37440800
v -0.58067800 0.28460700 0.37109300
v -0.41644749 0.01964412 0.12353717
v -0.01878600 0.04662100 -0.49221600
v -0.01913200 0.04663837 -0.49243450
v -0.01684400 0.04652000 -0.49176500
v 0.43672476 0.57146161 -0.64645496
v 0.60759224 0.62824666 -0.49993612
v 0.68538495 0.76721156 -0.39605675
v -0.32391800 0.78020200 0.72257100
v -0.32406700 0.77660650 0.72264000
v -0.32412200 0.77663200 0.72270200
v -0.57800200 0.28929700 0.37869800
v -0.57843100 0.28364000 0.37558600
v -0.57822000 0.28462100 0.37429900
v -0.56919640 0.29388564 0.39759949
v -0.36572447 0.00700577 -0.09568361
v 0.36101056 1.55902772 0.38495545
v -0.00813087 1.31177383 0.67040201
v -0.11587108 1.20632901 0.69989835
v -0.32487100 0.77705400 0.72286900
v -0.35166947 0.51162023 0.68381839
v -0.57563100 0.28460700 0.37890900
v -0.44119567 0.05808240 0.26515434
v -0.12554506 0.01240522 -0.38343704
v 0.68678885 1.03546749 -0.31977884
v 0.62563924 1.37797967 0.11703779
v 0.57301194 1.42766350 0.20445400
v 0.56105280 1.40368079 0.27136314
v 0.42036430 1.55840933 0.31972498
v -0.31318467 0.61808983 0.72167191
v -0.11100381 0.02833541 -0.44852353
v 0.33941316 1.53127317 0.43016958
v 0.17904283 1.47238712 0.55712576
v -0.49197831 0.08966457 0.24297339
v 0.26361540 0.39747195 -0.69020977
v 0.49868026 0.54434137 -0.59436802
v 0.56634279 1.45844586 0.17242218
v -0.36510993 0.54813830 0.68416516
v -0.51096400 0.35962800 0.51243300
v -0.50961475 0.35526950 0.50968250
v -0.51363900 0.35865400 0.50759800
v -0.46815662 0.09094425 0.28717000
v -0.40328826 0.01223753 0.03730336
v -0.00696239 0.01689873 -0.42859973
v 0.65576200 0.74877000 -0.44068000
v 0.65516656 0.75327806 -0.44318825
v 0.65647500 0.75717500 -0.44126100
v 0.65651800 0.76142900 -0.44214800
v 0.71501222 1.06840513 -0.23077339
v -0.13862525 1.07939644 0.73704248
v -0.50780800 0.35492400 0.51172000
v -0.51103600 0.35612400 0.50820100
v -0.51166200 0.35495300 0.50791800
v -0.51180700 0.35510600 0.50708900
v -0.54716872 0.31618267 0.44615435
v -0.06044291 0.00398517 -0.34010037
v 0.24082214 0.29632656 -0.65374134
v 0.65910700 0.74930800 -0.43711000
v 0.65649700 0.74979500 -0.44102900
v 0.65694700 0.74995500 -0.44199600
v 0.65612600 0.74954100 -0.44138500
v 0.65630000 0.75332100 -0.44140700
v 0.65630000 0.75726200 -0.44140700
v 0.65655500 0.76214800 -0.44204700
v 0.70136636 1.23232647 -0.00817612
v 0.45642200 1.54163800 0.28510700
v 0.45905750 1.53818750 0.28715000
v 0.45652400 1.54272900 0.28578300
v 0.19181000 1.40977200 0.58837100
v 0.13185212 1.48985325 0.55816987
v -0.46175059 0.33693460 0.54541843
v -0.56098000 0.30023200 0.41406400
v -0.55588400 0.29632000 0.41802700
v -0.49621100 0.09693600 0.24998800
v -0.49220500 0.09655100 0.25787000
v -0.49313725 0.09703975 0.25609200
v -0.49187000 0.09715400 0.25801500
v -0.31687869 0.00398343 -0.12958296
v 0.00833500 0.03172300 -0.46097300
v 0.01192000 0.03078500 -0.46146000
v 0.00374000 0.03069800 -0.46102400
v 0.28070850 0.45486725 -0.69994525
v 0.63630478 0.68442266 -0.47019187
v 0.70787089 1.06677992 -0.25293851
v 0.59868009 1.37824489 0.21466541
v 0.46053700 1.53775500 0.28516500
v 0.45600000 1.54261200 0.28472900
v 0.45492400 1.54264100 0.28916400
v 0.19921900 1.40570000 0.58845800
v 0.19511800 1.40619500 0.59016700
v 0.19527800 1.40586000 0.59000700
v 0.19138100 1.40538000 0.59078500
v -0.34823265 0.37249880 0.63899983
v -0.52338545 0.30646821 0.46957065
v -0.55936600 0.29561500 0.41430400
v -0.55856700 0.29598600 0.41385300
v -0.49929400 0.10161900 0.25392900
v -0.49669100 0.09807800 0.25328200
v -0.49226300 0.09751800 0.25849500
v 0.00770200 0.03139600 -0.46136600
v 0.00857500 0.03073400 -0.46103800
v 0.28046500 0.45394000 -0.69932200
v 0.28377300 0.45647800 -0.69922000
v 0.20311600 1.40066100 0.58983200
v 0.20002600 1.40296600 0.59063200
v 0.19595500 1.40617300 0.58869800
v -0.13812416 1.14920141 0.71514731
v -0.15234600 1.14398200 0.71396200
v -0.14435525 1.14624725 0.71466550
v -0.15227300 1.14013600 0.71519100
v -0.55885700 0.29517100 0.41392600
v 0.07194700 0.03970741 -0.47538073
v 0.28181700 0.45118400 -0.69903100
v 0.28515500 0.45257300 -0.69762100
v 0.68288330 1.27394426 0.01153346
v -0.02282075 1.22342707 0.70406167
v -0.14423900 1.14633100 0.71450000
v -0.14788900 1.14432400 0.71460200
v -0.14772100 1.14411300 0.71484900
v -0.14838300 1.14435300 0.71468200
v -0.27558815 0.77605848 0.74390784
v -0.37361150 0.46770090 0.66165916
v 0.28124300 0.44890100 -0.69772200
v 0.58794250 0.61285750 -0.51949300
v 0.71833024 0.81841860 -0.32626501
v 0.74822723 0.86795697 -0.24382171
v 0.17968900 0.21820100 -0.62724500
v 0.18752200 0.21684700 -0.62400550
v 0.38273857 0.53563027 -0.67235757
v 0.51825400 0.56608000 -0.58148900
v 0.73767863 0.98571550 -0.21759904
v -0.24003604 0.00511351 -0.26099468
v -0.14559025 0.00197562 -0.28093400
v 0.18359400 0.21631800 -0.62499800
v 0.18337600 0.21754700 -0.62684500
v 0.51562900 0.56195000 -0.58299400
v 0.51619600 0.56235000 -0.58146700
v 0.72446963 1.08665383 -0.18012237
v 0.69195000 1.19866700 -0.16406400
v -0.08985900 1.21733900 0.69926000
v -0.09374900 1.21586300 0.69922400
v -0.09766800 1.21433600 0.69922400
v -0.27117661 0.65581667 0.74098595
v -0.52441634 0.11205629 0.22857989
v 0.18367400 0.21466800 -0.62338400
v 0.18764400 0.21713200 -0.62454000
v 0.18775300 0.21865200 -0.62464200
v 0.19148300 0.21952500 -0.62410400
v 0.51640000 0.55749300 -0.58194000
v 0.51526462 0.55945756 -0.58253000
v 0.48144920 1.50493054 0.29530846
v 0.43724100 1.53468000 0.32393300
v 0.43539400 1.53484000 0.32763400
v 0.43365700 1.53467200 0.32852100
v 0.43462650 1.52406474 0.33916761
v -0.07273679 1.24640755 0.69120520
v -0.19917510 0.93983605 0.75266645
v -0.21875100 0.87835300 0.75322500
v 0.18778900 0.21813600 -0.62449700
v 0.19141000 0.21820100 -0.62382000
v 0.19530700 0.22209100 -0.62502700
v 0.31999387 0.38295368 -0.65874852
v 0.54142484 0.55360402 -0.55712509
v 0.65871701 1.32440019 0.05854876
v 0.53212700 1.45651700 0.26183200
v 0.44045500 1.53063000 0.32424600
v 0.43783175 1.53249100 0.32556750
v 0.43767700 1.53398200 0.32283600
v 0.43759000 1.53106600 0.32842700
v 0.43679000 1.53011300 0.32929900
v -0.21478362 0.88473738 0.75385375
v -0.21484000 0.88294800 0.75443200
v -0.21494100 0.88268600 0.75406800
v -0.21484000 0.87835300 0.75433000
v -0.20285000 0.00261800 -0.26129100
v -0.19821100 0.00335200 -0.26225100
v 0.18714926 0.15216223 -0.57903426
v 0.71170829 0.78211335 -0.34368251
v 0.70439000 1.16351200 -0.16406400
v 0.70343100 1.16349000 -0.16807700
v 0.70237600 1.16471200 -0.16788100
v 0.70343100 1.16727100 -0.16391800
v 0.70272500 1.17129900 -0.16019500
v 0.58201442 1.43869265 0.16391310
v 0.53126200 1.45648800 0.26374500
v 0.53040400 1.45648100 0.26562800
v 0.43753200 1.52987300 0.32874000
v 0.25415100 1.38591600 0.57771200
v -0.21546500 0.88272200 0.75437400
v -0.20537500 0.00341725 -0.26153075
v -0.20706700 0.00365000 -0.25390300
v -0.20218100 0.00286500 -0.25825900
v -0.20237000 0.00423200 -0.25761200
v -0.19983200 0.00292300 -0.25767000
v 0.64830875 0.63945838 -0.44503325
v 0.70330000 1.16730000 -0.16451400
v 0.70263100 1.16760600 -0.16388200
v 0.70409200 1.16741700 -0.16015900
v 0.56424427 1.46908669 0.14448478
v 0.25829600 1.38207000 0.57832200
v 0.25763400 1.38200400 0.57741300
v 0.25390400 1.38225900 0.57984900
v -0.47814072 0.09667602 0.28224395
v -0.24645090 0.00186420 -0.16559045
v -0.20703100 0.00335200 -0.25390300
v -0.20279900 0.00351200 -0.25751700
v -0.20183973 0.00310619 -0.25363766
v 0.40227797 1.45650732 0.43775130
v 0.25830300 1.38310200 0.57830000
v -0.37291992 0.25229812 0.56277933
v 0.69173464 0.66236707 -0.37839770
v 0.57632175 1.35193137 0.29576863
v 0.53603506 1.42497308 0.29385705
v 0.45927341 1.48448528 0.34944059
v 0.42187800 1.52679100 0.35155600
v -0.52744300 0.25521225 0.41987200
v -0.52751200 0.25315300 0.41794000
v 0.18859384 0.01268137 -0.36785954
v 0.66605100 0.63616500 -0.41796500
v 0.66700875 0.63159587 -0.41539313
v 0.66847200 0.63609200 -0.41406100
v 0.58242271 1.38544185 0.24448022
v 0.51405100 1.45257600 0.30078300
v 0.51151400 1.45645900 0.30073900
v 0.42585500 1.51889400 0.35504600
v 0.42162300 1.52374400 0.35447900
v 0.42003450 1.52483850 0.35554050
v 0.42229200 1.52356200 0.35539500
v 0.41819100 1.52288600 0.35952500
v 0.31749662 1.35912427 0.56362098
v 0.27873302 1.38557655 0.56862845
v 0.21128934 1.31814940 0.63037552
v -0.06976485 1.19547798 0.70933639
v -0.52752700 0.25737700 0.42177100
v -0.52624700 0.25686800 0.42201900
v -0.52735200 0.25408300 0.41809200
v -0.52450200 0.25316000 0.42174200
v -0.37609750 0.04777589 0.33111656
v -0.26039853 0.00032209 -0.00159209
v 0.45145759 0.46549936 -0.60950343
v 0.59910700 0.56585400 -0.49609200
v 0.66866100 0.63177300 -0.41374100
v 0.66801400 0.63196900 -0.41339900
v 0.66765700 0.63159100 -0.41454800
v 0.76070909 0.95060422 -0.15313076
v 0.70369367 1.14544902 -0.19538758
v 0.51456800 1.44865700 0.30475300
v 0.51197200 1.45232200 0.30584300
v 0.51252400 1.45623300 0.30173500
v 0.51219700 1.45241600 0.30519600
v 0.50919400 1.45648100 0.30468700
v 0.50723900 1.45621900 0.30825000
v 0.42574600 1.51504800 0.35918300
v 0.42531700 1.51925100 0.35457300
v 0.42205200 1.52247200 0.35544600
v 0.31304757 1.29637202 0.59728546
v -0.24204215 0.69689641 0.75287868
v -0.49103897 0.25894354 0.46730481
v -0.52733100 0.25795900 0.42201100
v -0.40232100 0.10884600 0.40232200
v 0.60232100 0.56596400 -0.49218700
v 0.60163000 0.56217500 -0.49227400
v 0.60230600 0.56216100 -0.49216500
v 0.60167400 0.56183400 -0.49207100
v 0.66746100 0.62835600 -0.41406100
v 0.66738100 0.62789000 -0.41323900
v 0.66841400 0.62431300 -0.41174900
v 0.73005182 0.72612111 -0.30643268
v 0.50272788 1.43286204 0.34077872
v 0.51187700 1.44869300 0.30863500
v 0.51075000 1.45262700 0.30409800
v 0.51430950 1.45061650 0.30276800
v 0.50787800 1.45234300 0.30860600
v 0.50763800 1.45267100 0.31150000
v -0.29755020 0.00670592 0.23606274
v 0.09891616 0.05755607 -0.50649845
v 0.65820374 0.52536836 -0.40117381
v -0.30873658 0.41352183 0.67480304
v -0.37810511 0.29589395 0.58434454
v 0.11535250 0.01279161 -0.39981525
v 0.15788533 0.08476432 -0.52382176
v 0.36354690 0.40718349 -0.64528136
v 0.62108703 0.53067954 -0.45851989
v 0.58757500 1.37054500 0.25000300
v 0.58669525 1.37013075 0.25294200
v 0.58553900 1.37453000 0.24966100
v -0.34615464 0.01659333 0.24720409
v -0.20448202 0.00082478 -0.18895820
v 0.63155057 0.63082983 -0.46886187
v 0.63820125 0.57448900 -0.44565700
v 0.70881157 1.17530346 -0.12827856
v 0.58610700 1.37111200 0.25368900
v 0.58474700 1.37361300 0.24970400
v 0.58543000 1.37015200 0.25360900
v 0.47264300 1.46817900 0.34763700
v 0.46980800 1.46820100 0.35156300
v -0.21527765 0.75526958 0.76509776
v -0.50011175 0.08627000 0.21580000
v -0.05571644 0.00145289 -0.31578839
v 0.69051902 0.56582628 -0.35819251
v 0.58676800 1.37026900 0.25403100
v 0.58367800 1.37130900 0.25775300
v 0.47558800 1.46414400 0.34769500
v 0.47283200 1.46766300 0.34837100
v 0.47267200 1.46409300 0.35050900
v 0.47314500 1.46498000 0.35153400
v 0.36143409 1.28603732 0.57433399
v 0.10859657 1.33759780 0.64775458
v 0.16017100 1.29442200 0.65576150
v 0.11056081 1.23838195 0.68989446
v -0.31947288 0.27615002 0.60699265
v 0.23770244 0.25168685 -0.62984609
v 0.52326160 0.47062547 -0.55106914
v 0.64091500 0.57017300 -0.44068000
v 0.64063100 0.56994100 -0.44047600
v 0.64062400 0.57367100 -0.44253400
v 0.64213600 0.57757500 -0.44140700
v 0.70952868 1.19297294 -0.08286871
v 0.70045437 1.22452770 -0.04917440
v 0.61387450 1.34493325 0.21584700
v 0.61353300 1.34676200 0.21486900
v 0.61165700 1.34657300 0.21882500
v 0.47494450 1.46342600 0.34962175
v 0.47187300 1.46395500 0.35128700
v -0.10996639 0.90076861 0.77444965
v -0.19771957 0.66709440 0.76652621
v -0.26276314 0.52008875 0.72429907
v 0.29122888 0.25219478 -0.60774139
v 0.64085000 0.56562900 -0.43958200
v 0.63997000 0.56941000 -0.44155200
v 0.64093700 0.57418700 -0.44187900
v 0.76404058 0.77765729 -0.21344329
v 0.74384224 1.07628956 -0.08499498
v 0.62789886 1.33842270 0.18671492
v 0.61515400 1.34319900 0.21484700
v 0.61348900 1.34722700 0.21489800
v 0.61282000 1.34692200 0.21553800
v -0.09902208 1.01253991 0.75835554
v -0.46230555 0.19355735 0.44468895
v -0.40669246 0.09254603 0.37553951
v 0.56613022 0.54610140 -0.53080388
v 0.09005097 1.17861193 0.71403449
v 0.21053662 0.03308186 -0.42272763
v 0.76698600 0.86755735 -0.17747362
v 0.42074863 1.39941776 0.46201726
v 0.13328508 1.27521159 0.67003110
v -0.16510096 0.90221939 0.76459683
v -0.23681097 0.00478098 0.26189730
v -0.27164723 0.00138950 0.10324244
v 0.57807200 1.35490500 0.28899700
v 0.57829700 1.35182200 0.29288700
v 0.57526600 1.35132800 0.29694400
v 0.01329595 1.13106862 0.73449058
v -0.27686335 0.31342562 0.64676265
v 0.58527138 0.43220618 -0.46685258
v 0.66339083 0.61223936 -0.41879735
v 0.73745629 1.11388797 -0.03266838
v 0.69743458 1.20835509 0.12211631
v 0.61375825 1.32237125 0.24635050
v 0.61278400 1.32366900 0.24704300
v 0.58008600 1.35101500 0.28906200
v 0.57762900 1.35396000 0.28918600
v 0.57799200 1.35117500 0.29439900
v 0.57800700 1.35113200 0.29339600
v 0.57799200 1.34657300 0.29791100
v 0.57793400 1.34631100 0.29753300
v 0.43767634 1.47432166 0.38809403
v -0.30706257 0.02242867 0.32003842
v 0.54397100 0.48420900 -0.53444600
v 0.54490950 0.48182050 -0.53267200
v 0.54293200 0.48346000 -0.53537700
v 0.54688000 0.48384500 -0.53124700
v 0.66202296 1.28565480 0.14806901
v 0.61386000 1.32246200 0.24618500
v 0.61323500 1.32358900 0.24607600
v 0.58021000 1.34710400 0.29296700
v 0.57832700 1.34634000 0.29703800
v 0.55284828 1.30380269 0.37720259
v 0.37471100 1.35130600 0.52928000
v 0.37520500 1.34816500 0.53061800
v -0.30351489 0.05937421 0.41941789
v -0.09991905 0.00003203 -0.11446572
v 0.21747487 0.07612901 -0.48771420
v 0.24230700 0.17520100 -0.57430500
v 0.32510100 0.33905900 -0.63630500
v 0.32426500 0.33930600 -0.63676300
v 0.54173200 0.47991900 -0.53515800
v 0.54360100 0.48028300 -0.53421300
v 0.54313500 0.48303100 -0.53664900
v 0.54637800 0.48420900 -0.53076700
v 0.54688700 0.48018100 -0.52996700
v 0.74489275 1.05403400 -0.11844209
v 0.71482600 1.18664350 -0.01744475
v 0.71454100 1.18722300 -0.01634000
v 0.71361700 1.19085800 -0.01171500
v 0.68382140 1.16938289 0.23253168
v 0.57189256 1.32599371 0.32922525
v 0.41664427 1.32127719 0.51603144
v 0.37891400 1.34313400 0.53087200
v 0.37477600 1.34674000 0.53068300
v 0.37564200 1.34730700 0.53147600
v 0.37533600 1.34322100 0.53382400
v 0.23711320 0.08630457 -0.49149888
v 0.24609500 0.17215400 -0.57031300
v 0.24991600 0.17624575 -0.57222225
v 0.24576100 0.17456100 -0.57354200
v 0.24609500 0.17698900 -0.57421800
v 0.24609500 0.18203600 -0.57883500
v 0.24961400 0.18350400 -0.57781700
v 0.32841000 0.33482000 -0.63200000
v 0.32800200 0.33471100 -0.63185500
v 0.32812600 0.33929200 -0.63464700
v 0.42968700 0.42913900 -0.61084200
v 0.43373700 0.43290500 -0.60943800
v 0.54295300 0.47603600 -0.53247500
v 0.76005792 0.63616818 -0.20963108
v 0.71476600 1.18659700 -0.01557600
v 0.71494100 1.18701900 -0.01573600
v 0.71496200 1.18694600 -0.01173000
v 0.37890600 1.33929500 0.53320600
v 0.37816650 1.34481350 0.53051400
v 0.37818600 1.34426800 0.53124300
v 0.39640022 1.28976100 0.54786656
v 0.27696673 1.25827805 0.63105746
v -0.16678062 0.66885420 0.77266345
v -0.28320926 0.37591606 0.67292492
v -0.13322651 0.00015684 0.06586658
v 0.04902758 0.00009237 -0.08124421
v 0.25061000 0.17930900 -0.57442900
v 0.25009400 0.17902500 -0.57402200
v 0.25415100 0.18197000 -0.57373800
v 0.29614839 0.17578322 -0.55148199
v 0.34653131 0.29641734 -0.60294366
v 0.32926225 0.33739594 -0.63317413
v 0.33179800 0.33905200 -0.63321400
v 0.33203000 0.33995300 -0.63281500
v 0.43420900 0.43230200 -0.61042000
v 0.43775700 0.42839700 -0.60528700
v 0.43932800 0.43293400 -0.60586800
v 0.71616243 0.62664913 -0.32421802
v 0.61549208 1.30037938 0.26853366
v -0.18878201 0.48117671 0.73703136
v -0.25149771 0.45999900 0.71333190
v -0.24997300 0.41748300 0.69917300
v -0.39995263 0.16508055 0.47191779
v 0.27218115 0.03731949 -0.39902483
v 0.31262416 0.11808734 -0.48651796
v 0.40106007 0.40603097 -0.62259116
v 0.43551800 0.42975150 -0.60696900
v 0.43761200 0.42594000 -0.60412300
v 0.43759000 0.42943000 -0.60491600
v 0.43731400 0.42935700 -0.60517800
v 0.52821022 0.41584734 -0.52525385
v 0.59895838 1.31447660 0.29008409
v 0.31895960 1.43900156 0.51490133
v -0.24609000 0.41741800 0.70051100
v -0.24947800 0.41763600 0.69900500
v -0.24577700 0.41423300 0.69899100
v -0.24579900 0.41364400 0.69934700
v -0.45916315 0.13667481 0.37794602
v -0.24952019 0.02089237 0.36693574
v 0.14705000 0.00322800 -0.28944400
v 0.14422200 0.00335200 -0.29270100
v 0.58228999 1.29787597 0.33657551
v -0.24256400 0.41387700 0.70092500
v -0.24582800 0.41317900 0.69886700
v -0.24341100 0.41372425 0.70044525
v -0.24242600 0.40972500 0.69942000
v 0.15185600 0.00305400 -0.28933500
v 0.14934800 0.00474800 -0.29106500
v 0.14892600 0.00351200 -0.29301400
v 0.15116200 0.00357900 -0.29013275
v 0.23075300 0.08149300 -0.48810100
v 0.23056400 0.08212500 -0.48826800
v 0.71891356 0.52116412 -0.27908950
v 0.56823494 1.36783544 0.29293769
v 0.46227659 1.36787550 0.44629691
v -0.07225243 0.80686150 0.78853058
v -0.24217800 0.40976200 0.69921600
v -0.23825900 0.40579200 0.69920900
v -0.38663800 0.08539000 0.38480250
v 0.02087225 0.00006623 -0.19211257
v 0.15587000 0.00328600 -0.28561900
v 0.15292500 0.00303200 -0.28940800
v 0.15325200 0.00341000 -0.28949500
v 0.15563000 0.00416600 -0.28919700
v 0.22948100 0.08304525 -0.49072950
v 0.23375600 0.08027100 -0.48376700
v 0.26193471 0.16347328 -0.55672714
v 0.63370398 1.28851434 0.23727454
v 0.47492874 1.41742141 0.39175980
v -0.03879242 1.07084235 0.74982605
v -0.23632832 0.30874298 0.65947306
v 0.12563650 0.00100939 -0.25856533
v 0.30973067 0.07280733 -0.43528552
v 0.72253100 1.16458100 0.01581200
v 0.72142600 1.16741700 0.01953500
v 0.58596100 1.30816000 0.32032700
v 0.58397600 1.31194900 0.32031300
v 0.45056900 1.39443000 0.43670600
v 0.31609724 1.21761218 0.63088508
v 0.37866922 0.22072831 -0.53700943
v 0.73828000 1.10818700 -0.03904000
v 0.73718200 1.11273200 -0.03515700
v 0.71861781 1.17763505 0.00459079
v 0.72297500 1.16349000 0.01895400
v 0.72178200 1.16408600 0.01907000
v 0.72297500 1.16253050 0.02227100
v 0.58795300 1.30022800 0.32421700
v 0.58547400 1.30494700 0.32373000
v 0.58590650 1.30602288 0.32244125
v 0.58565600 1.30779700 0.32064000
v 0.45213900 1.39083100 0.43673500
v 0.45319400 1.38938400 0.43840700
v 0.45293900 1.39006800 0.43710600
v 0.45434250 1.39038400 0.43602250
v 0.45533491 1.38664647 0.43819482
v 0.03328410 1.07030854 0.74985731
v -0.05459500 1.03070100 0.75757300
v -0.05218587 1.02908200 0.75814125
v -0.07408500 0.72342955 0.78943132
v -0.40243700 0.20645900 0.50395500
v -0.19440417 0.00126209 0.21424469
v 0.48166795 0.39443949 -0.55725198
v 0.68983217 0.48913187 -0.32745802
v 0.73776400 1.10775100 -0.03477200
v 0.73796000 1.10991100 -0.03575300
v 0.73855700 1.10882000 -0.03523000
v 0.72377500 1.15960800 0.02344000
v 0.72251000 1.16376700 0.01993500
v 0.58607000 1.30407400 0.32472600
v 0.45602900 1.38605400 0.43777500
v 0.46256060 1.29267375 0.49287598
v 0.09154534 1.09503110 0.73923661
v -0.04664100 1.03158800 0.75832200
v -0.05090100 1.02992300 0.75829300
v -0.05066200 1.03052600 0.75702800
v -0.05469000 1.02679600 0.75844600
v -0.38607800 0.21060300 0.51936900
v -0.39081800 0.21044300 0.51580700
v -0.39915800 0.20313600 0.50354100
v -0.40212500 0.20653900 0.50396200
v 0.39453100 0.37756600 -0.61327700
v 0.39802200 0.37390100 -0.60909700
v 0.40115500 0.37835100 -0.60937300
v 0.39855200 0.37429400 -0.60972200
v 0.73961100 1.10487200 -0.03066300
v 0.73884700 1.10937300 -0.03220500
v 0.73848375 1.10724925 -0.03587875
v 0.73836800 1.10936500 -0.03014000
v 0.70881509 1.19113651 0.09782834
v 0.63672000 1.25731500 0.26173800
v 0.27007378 1.35632755 0.58099795
v -0.04289600 1.03248200 0.75787800
v -0.04687300 1.03070100 0.75806700
v -0.05036300 1.02993800 0.75755800
v -0.08507547 0.59763605 0.78090723
v -0.20206458 0.41267081 0.71347874
v -0.39063700 0.21071900 0.51595200
v -0.39384300 0.20258300 0.50747400
v -0.39867800 0.20326700 0.50459500
v -0.39790800 0.20219100 0.50332200
v -0.39922400 0.19866400 0.50000000
v 0.39694138 0.37551362 -0.61089412
v 0.39869800 0.37491200 -0.60928600
v 0.39885000 0.37060000 -0.60747500
v 0.74648142 1.07855112 -0.04168561
v 0.71114958 1.11461291 0.19994555
v 0.66791551 1.15572057 0.28552178
v 0.63729400 1.25415900 0.26630400
v 0.63672000 1.25333700 0.26634800
v 0.63635625 1.25233575 0.26735100
v 0.51903742 1.30828666 0.42624064
v -0.17578000 0.49163300 0.74229700
v -0.17619400 0.49163300 0.74218800
v -0.17578000 0.48772800 0.74126400
v -0.17289175 0.48839900 0.74212075
v -0.38688500 0.20576800 0.51570500
v -0.39227262 0.20284413 0.50877750
v 0.13904269 0.00021702 -0.14731475
v 0.48032900 0.40569700 -0.56308600
v 0.60998623 0.37436375 -0.39992188
v 0.73930350 0.61763275 -0.26172550
v 0.77769434 0.61106357 -0.12347497
v 0.77061746 0.95516445 -0.07715303
v 0.63685800 1.24933800 0.26906700
v 0.63594200 1.25381700 0.26509000
v -0.01662977 0.69360964 0.79254802
v -0.10763477 0.64009458 0.77969398
v -0.17019663 0.53525563 0.75462817
v -0.17171600 0.48721200 0.74252900
v -0.17567100 0.49101500 0.74271800
v -0.17154800 0.48790300 0.74328600
v -0.17220300 0.48282700 0.74052300
v -0.38271100 0.20264900 0.51556700
v -0.38370000 0.20221200 0.51540700
v 0.48392100 0.40206900 -0.55846900
v 0.48488000 0.40282500 -0.55885400
v 0.48776000 0.40238200 -0.55494300
v 0.49077000 0.40518100 -0.55450600
v 0.14619688 1.18102350 0.70283937
v 0.14473100 1.17906500 0.70403000
v -0.02223795 0.98725918 0.76947654
v -0.16780400 0.48750300 0.74336600
v -0.17200600 0.48798300 0.74178100
v -0.21552300 0.35496800 0.68769200
v -0.21452000 0.35546200 0.68721200
v -0.37847200 0.19894800 0.51556700
v 0.44172089 0.39024602 -0.58711268
v 0.48737400 0.40150200 -0.55484800
v 0.48756075 0.40280337 -0.55599050
v 0.48773100 0.40116000 -0.55509500
v 0.73539048 1.11890010 0.04928688
v 0.44122550 1.29258950 0.51123650
v 0.41932174 1.21200052 0.56974180
v 0.16002162 1.17565816 0.70189392
v 0.14881000 1.17865800 0.70259000
v 0.14729000 1.17825000 0.70287400
v 0.14789400 1.17896300 0.70322300
v 0.15225600 1.17679600 0.70298300
v -0.21436000 0.35456800 0.68789600
v -0.21148800 0.35107800 0.68638300
v -0.21253663 0.35336725 0.68745212
v -0.19091331 0.32697675 0.68323530
v -0.13413100 0.01163346 0.39193418
v 0.48896700 0.39793200 -0.55295800
v 0.74065048 0.58948621 -0.24941697
v 0.76224700 1.01715450 0.03216123
v 0.15994203 1.13833776 0.71420573
v 0.16324964 1.09590489 0.72705360
v -0.22854900 0.29632400 0.65557650
v -0.14989364 0.30137341 0.67787208
v 0.13419864 0.00017385 0.02794043
v 0.76944311 0.98249586 -0.01646874
v 0.46141263 1.22189250 0.53201538
v 0.13671800 1.15179100 0.71434700
v 0.14054300 1.14814100 0.71498700
v 0.13681300 1.14684000 0.71570000
v 0.13863863 1.14750163 0.71524900
v 0.64026594 0.39413514 -0.36296025
v 0.70723300 1.17394600 0.13257700
v 0.70702775 1.17045225 0.13956925
v 0.70732100 1.17062300 0.13692500
v 0.70680400 1.17115400 0.14069800
v 0.13988100 1.14772000 0.71467400
v 0.14072400 1.14751600 0.71532200
v -0.25237917 0.03576594 0.40266356
v 0.04395982 0.00005660 0.17162392
v 0.44922400 0.36272600 -0.56835000
v 0.45338300 0.36559100 -0.56639400
v 0.47186882 0.36690953 -0.55180583
v 0.70748100 1.17128500 0.13680100
v 0.70684800 1.17191000 0.13632100
v 0.70703000 1.16898700 0.14062600
v 0.70669500 1.16746000 0.14436300
v 0.42988250 1.26911550 0.53461250
v 0.29296700 1.18502650 0.65306000
v 0.29297100 1.19085800 0.65091600
v 0.21510961 1.17266659 0.68917572
v 0.16789600 1.15179100 0.70800700
v 0.14453400 1.14562600 0.71484900
v -0.10552059 0.38873134 0.72702972
v -0.19061194 0.37676744 0.70397288
v -0.30107662 0.18326162 0.54726044
v -0.13413906 0.01450421 0.40199793
v 0.42770233 0.32438611 -0.56772945
v 0.45325000 0.36185725 -0.56464175
v 0.44907800 0.35847200 -0.56600200
v 0.45252500 0.36201300 -0.56680900
v 0.45310600 0.35885800 -0.56328200
v 0.55468900 0.40440300 -0.48828300
v 0.55443050 0.40373050 -0.48827550
v 0.55521200 0.40569700 -0.48828300
v 0.74181227 0.51491890 -0.20588609
v 0.70702200 1.16821600 0.14008000
v 0.41769700 1.24175500 0.55728000
v 0.29241100 1.18681600 0.65257300
v 0.29234600 1.18720100 0.65258000
v 0.29348000 1.18715700 0.65303900
v 0.17578500 1.15179100 0.70610900
v 0.17139300 1.15169700 0.70694500
v 0.17141500 1.15195100 0.70709800
v 0.17198200 1.15161000 0.70636400
v 0.16988450 1.14983900 0.70819250
v 0.17187300 1.14788700 0.70837800
v -0.13339965 0.48591689 0.75048713
v -0.23446827 0.22435405 0.61176356
v -0.28557694 0.19674469 0.56997656
v -0.02676276 0.00005927 0.06428524
v 0.44939800 0.35893800 -0.56619800
v 0.44940500 0.35903200 -0.56600900
v 0.45312800 0.35738900 -0.56249700
v 0.55364900 0.40176400 -0.48826800
v 0.45450705 1.25557019 0.52151674
v 0.41771900 1.23812700 0.55951200
v 0.41806800 1.23681800 0.55807300
v 0.41852600 1.23693400 0.55813100
v 0.41797300 1.23382200 0.56043600
v 0.41897100 1.23725400 0.55806350
v 0.29571900 1.18258400 0.65229700
v 0.23964132 1.20207544 0.66961974
v 0.17923100 1.14789400 0.70659600
v 0.17600300 1.14947200 0.70763600
v -0.15864525 0.40951737 0.72299913
v -0.19154139 0.30467842 0.67191467
v -0.33331151 0.08978010 0.43956344
v -0.09513758 0.00087468 0.27152403
v 0.22038125 0.00021694 -0.05257733
v 0.22338795 0.00483150 -0.27737811
v 0.39789061 0.28149389 -0.56349022
v 0.49115399 0.35501333 -0.52865813
v 0.42186300 1.23344400 0.55768000
v 0.42001600 1.23484000 0.55890200
v 0.31107204 1.17485185 0.64847006
v -0.08106612 0.42697056 0.74319366
v -0.16015500 0.41351400 0.72399600
v -0.15914400 0.40929600 0.72333400
v -0.18758800 0.30279100 0.67187000
v -0.18593400 0.29961050 0.67086250
v -0.22338578 0.28958326 0.65427508
v -0.24807900 0.04288400 0.42195700
v 0.40556412 0.28371238 -0.55842287
v 0.40560500 0.28478100 -0.55843300
v 0.40900800 0.28785000 -0.55857100
v 0.41036000 0.28898400 -0.55820700
v 0.48656700 0.35911200 -0.53471500
v -0.06745870 0.56299055 0.77527171
v -0.15582100 0.40959400 0.72283200
v -0.16007500 0.40935500 0.72239600
v -0.15450900 0.40555550 0.72281450
v -0.18336400 0.29968000 0.67252500
v -0.18289100 0.30086500 0.67131800
v -0.24789639 0.24009344 0.61597255
v -0.37271116 0.12451128 0.44126905
v 0.43984391 0.26797663 -0.52294282
v 0.40689200 0.28434500 -0.55894200
v 0.48462600 0.35850100 -0.53670000
v 0.48845000 0.36289300 -0.53428600
v 0.48932300 0.36318400 -0.53474400
v 0.29329100 1.16415200 0.66022200
v 0.28906600 1.16741700 0.66108800
v 0.01554000 0.93692700 0.77676100
v 0.01172300 0.93334300 0.77734300
v 0.00790600 0.93308800 0.77745200
v -0.15625000 0.40714400 0.72265800
v -0.17968500 0.30023200 0.67299000
v -0.18376400 0.30052300 0.67207400
v -0.17982300 0.29644400 0.67103400
v -0.19593988 0.27133225 0.65269500
v 0.32946740 0.01332138 -0.24773261
v 0.48781800 0.36301700 -0.53437300
v 0.49218800 0.36206400 -0.53124700
v 0.57600589 1.26113300 0.37735922
v 0.42210320 1.25769384 0.54688137
v 0.29614650 1.16175537 0.65997500
v 0.29670100 1.15946200 0.66033100
v 0.29291300 1.16440600 0.66052800
v 0.01938700 0.93218000 0.77733600
v 0.01364650 0.93263400 0.77739400
v 0.01602000 0.93343000 0.77836800
v 0.01650000 0.93326300 0.77727000
v 0.01164300 0.93335700 0.77766300
v 0.04026355 0.85964084 0.78737537
v -0.00813304 0.79748905 0.79255673
v -0.18246501 0.29688016 0.67055183
v -0.11501953 0.30437581 0.69140039
v -0.15916310 0.20796183 0.62765394
v 0.11739429 0.00138526 0.29413492
v 0.47887500 0.34715200 -0.53515800
v 0.75705658 1.02416770 0.08228802
v 0.30078000 1.15960800 0.65848400
v 0.29766100 1.15946200 0.66009100
v 0.29691200 1.16025500 0.66052000
v 0.30021222 1.14191268 0.66511903
v 0.01535100 0.93428100 0.77651400
v 0.47512300 0.34366100 -0.53516600
v 0.47599500 0.34254200 -0.53482400
v 0.77468645 0.64888725 -0.15490758
v 0.78654172 0.75260094 -0.10471232
v 0.53899800 1.26105200 0.42963100
v 0.30073600 1.15676500 0.66007700
v 0.22655315 1.06793295 0.71723859
v 0.13694821 1.03276773 0.74867594
v -0.19517900 0.03169400 0.42172100
v 0.47638812 0.34250500 -0.53480456
v 0.50272498 0.30029731 -0.48580983
v 0.54985134 0.31780205 -0.44552684
v 0.78515600 0.78462300 -0.09993400
v 0.78554900 0.78858600 -0.09925000
v 0.78461100 0.79241700 -0.10156200
v 0.39857731 1.17173902 0.60090858
v -0.26708463 0.17945040 0.56633652
v -0.19118700 0.03000700 0.42214200
v -0.18753700 0.03121050 0.42472350
v -0.19139800 0.03071200 0.42177100
v -0.19140500 0.02917100 0.41796900
v 0.78530900 0.78851300 -0.09765800
v 0.78529400 0.79209700 -0.09829800
v 0.78453100 0.79267900 -0.09778900
v 0.62443517 1.17467810 0.35572180
v 0.47111250 1.20092850 0.53353300
v 0.51393900 1.23388400 0.47493300
v -0.21367275 0.05114696 0.45734723
v -0.18327600 0.03069800 0.42565400
v -0.19108500 0.03042900 0.42175000
v 0.44898590 0.05226965 -0.23949430
v 0.78538200 0.79590000 -0.09418200
v 0.78570900 0.79234500 -0.09693800
v 0.53338150 1.23969000 0.44953950
v -0.14140289 0.33465059 0.69858828
v -0.02690331 0.00686867 0.37927796
v 0.38468780 0.16225072 -0.48080942
v 0.36545500 0.13216400 -0.46129300
v 0.36718500 0.13302900 -0.46093700
v 0.78551947 0.71599433 -0.12740352
v 0.66609441 1.11799773 0.31397959
v 0.59728441 1.19308267 0.39126177
v 0.04698797 0.97120187 0.77082160
v 0.37130812 0.00839826 -0.11741756
v 0.36009664 0.02324336 -0.26603770
v 0.37172300 0.13265800 -0.45725000
v 0.36710500 0.13284000 -0.45999900
v 0.37192600 0.13174200 -0.45723600
v 0.37467500 0.13472300 -0.45713400
v 0.55217231 1.18056829 0.46143667
v 0.37136600 0.13220800 -0.45709700
v 0.37093000 0.13387600 -0.45903550
v 0.72619600 1.08665800 0.16785500
v 0.72606500 1.08490600 0.16880100
v 0.64814485 1.18488254 0.30485247
v 0.62966000 1.16746000 0.35152700
v 0.62736900 1.16741700 0.35546800
v 0.56246100 1.21467100 0.42707200
v 0.56086900 1.21428500 0.42923100
v 0.53770388 1.25488687 0.43442113
v 0.41623223 0.13736078 -0.42543346
v 0.72614525 1.08627975 0.16876775
v 0.72696700 1.08542900 0.16771700
v 0.70997469 1.01433545 0.28248156
v 0.62891100 1.16741700 0.35282100
v 0.56211200 1.21174800 0.42990800
v 0.56257000 1.21021300 0.42974800
v 0.56304850 1.20948825 0.43005650
v 0.56244700 1.21074400 0.43007500
v 0.51105432 1.17632936 0.50882599
v 0.47062200 1.17132100 0.54687500
v 0.16410100 1.06486000 0.73439300
v 0.40234800 0.19627200 -0.49609200
v 0.44577000 0.24924100 -0.50299200
v 0.67065300 1.11663600 0.30468700
v 0.67307400 1.10882700 0.30468700
v 0.67207800 1.11305200 0.30414900
v 0.63958577 1.12528934 0.36099046
v 0.46875300 1.18694600 0.54172800
v 0.16780100 1.06158100 0.73431300
v 0.17186600 1.05794500 0.73424100
v -0.25335000 0.14599350 0.54311275
v 0.08959421 0.00603307 0.36420547
v 0.41074400 0.19533213 -0.48793550
v 0.40550300 0.19476000 -0.49218000
v 0.40663800 0.19466500 -0.49228900
v 0.71572616 0.41779377 -0.20476124
v 0.75456695 0.51565280 -0.15825295
v 0.78488706 0.86641939 -0.06218322
v 0.67074800 1.10507500 0.31235100
v 0.67134400 1.11327000 0.30461500
v 0.67151800 1.11212800 0.30361900
v 0.54316556 1.23363917 0.44227490
v 0.38170335 1.09375797 0.63928518
v 0.31250800 1.11660700 0.66752200
v 0.31055200 1.11662150 0.66847450
v 0.31158400 1.11663600 0.66797300
v 0.30859600 1.11663600 0.66942700
v -0.24971800 0.14356500 0.54261500
v -0.25016900 0.14389900 0.54241800
v 0.41025100 0.19502900 -0.48689400
v 0.41012000 0.19462200 -0.48901000
v 0.40975700 0.19471600 -0.48898800
v 0.48369643 0.23499714 -0.45663791
v 0.63602950 0.29400414 -0.28012472
v 0.78892424 0.78363282 -0.06725602
v 0.56797794 1.20530935 0.42525066
v 0.49217300 1.11270300 0.55159400
v -0.17975692 0.14137965 0.56910377
v -0.21272847 0.10780379 0.52657983
v -0.24609000 0.14007500 0.54133500
v -0.24983500 0.14323800 0.54305100
v 0.35468629 0.00540401 0.02952460
v 0.31816872 0.00297936 -0.10215231
v 0.41370500 0.19824200 -0.48748300
v 0.73894428 1.04612136 0.16257575
v 0.43880531 1.09767606 0.60021272
v 0.14377411 0.87574632 0.77504443
v 0.00551764 0.37262019 0.72924994
v -0.26637794 0.08879548 0.48288336
v 0.37889704 0.04956965 -0.32810442
v 0.38730675 0.07522359 -0.36714351
v 0.66483600 0.36487257 -0.28514725
v 0.69442440 0.39183459 -0.24085070
v 0.72986100 0.45647800 -0.19140200
v 0.73104600 0.45644100 -0.18743200
v 0.73047100 0.45647800 -0.18934500
v 0.78199193 0.56917455 0.01929958
v 0.78435535 0.88616484 0.02126014
v 0.58600500 1.15664100 0.42789000
v 0.58626700 1.15947700 0.42601000
v 0.58648566 1.16721733 0.42166654
v 0.57781000 1.16353400 0.43534600
v 0.57661100 1.16351200 0.43749800
v 0.57669800 1.15960400 0.43945400
v -0.06743086 0.22583022 0.65418874
v 0.16399560 0.00249936 0.28285948
v 0.40383780 0.01244136 -0.02424867
v 0.44151307 0.19676958 -0.46284133
v 0.78980070 0.67550200 -0.02625806
v 0.58593900 1.15569600 0.42850400
v 0.58574300 1.15380500 0.42977000
v 0.57818100 1.15952000 0.43793500
v 0.57833400 1.15973800 0.43856000
v -0.10919337 0.06540582 0.51443192
v 0.25944820 0.00064387 0.06985619
v 0.47033558 0.03103734 0.02935677
v 0.42666321 0.09721855 -0.35796630
v 0.78802558 0.78960257 0.08871798
v 0.64390791 1.06930857 0.38538997
v 0.57962800 1.15569600 0.43749800
v 0.57850800 1.15936800 0.43702600
v 0.57678500 1.15569600 0.44141000
v 0.54318237 1.17152662 0.47548450
v 0.54282300 1.17898500 0.47246500
v 0.35630266 1.08361410 0.65612248
v 0.25896442 0.97070694 0.72821650
v -0.00057625 0.42380150 0.74290931
v -0.07031500 0.01942800 0.42578500
v 0.25148860 0.00175051 0.16496939
v 0.39451700 0.08539000 -0.37499400
v 0.57886700 1.14972774 0.44183824
v 0.54451700 1.17523300 0.47266100
v 0.54316400 1.17456400 0.47355500
v 0.54305500 1.17157600 0.47597600
v 0.43432438 1.04044027 0.62137133
v 0.30661554 1.08377683 0.68167400
v 0.29746355 1.02582414 0.69966382
v 0.05243693 0.62065253 0.78531836
v -0.06640300 0.02030100 0.42969000
v -0.06581400 0.01777800 0.42614900
v -0.06640300 0.01897700 0.42520300
v -0.06318200 0.01885400 0.42681000
v 0.39843600 0.08291800 -0.36718500
v 0.39453100 0.08283800 -0.37109700
v 0.39433500 0.08499700 -0.37540800
v 0.39843600 0.08805100 -0.37499400
v 0.77350666 0.90995743 0.10807162
v 0.54296100 1.17099400 0.47669600
v 0.54371000 1.16727100 0.47722700
v -0.16015500 0.06765600 0.50000000
v -0.15615600 0.07020100 0.50351900
v -0.06249900 0.02009000 0.42969000
v -0.06152275 0.01867375 0.42502525
v 0.39915600 0.08447400 -0.37123500
v 0.39813100 0.08533900 -0.37055100
v 0.39842900 0.08560800 -0.37106800
v 0.43347500 0.16742100 -0.44133400
v 0.57384800 0.30335900 -0.39808600
v 0.75613714 0.96379800 0.16087183
v -0.12615439 0.16044740 0.60132204
v -0.16208796 0.08654182 0.52268744
v -0.15631600 0.06988100 0.50390400
v -0.15659200 0.07020100 0.50375100
v -0.15234600 0.06871800 0.50391100
v 0.43742300 0.16743500 -0.43745900
v 0.43734300 0.16806100 -0.43759700
v 0.43724100 0.17107800 -0.44108700
v 0.57512700 0.30450000 -0.39792600
v 0.57426900 0.30439100 -0.39938800
v 0.57615300 0.30418000 -0.39474900
v 0.57243750 0.30398750 -0.40052550
v 0.46897656 1.06376613 0.58909770
v 0.13282798 0.97586114 0.75935520
v 0.02474978 0.56502819 0.78008267
v -0.17712200 0.12249750 0.55205250
v -0.15625000 0.07278900 0.50781600
v 0.39477900 0.01116800 0.01957900
v 0.42864855 0.11648879 -0.38575888
v 0.44116700 0.16764600 -0.43360500
v 0.43783000 0.17120200 -0.44211900
v 0.43729806 0.16968919 -0.43998525
v 0.57202300 0.30023200 -0.39843500
v 0.57437100 0.29937400 -0.39525100
v 0.57448800 0.30002900 -0.39444400
v 0.59769932 0.26359530 -0.32619373
v 0.72687007 0.41914550 -0.16159141
v 0.72820063 0.39348729 -0.11467482
v 0.74716720 0.43907348 -0.07425094
v 0.60132147 1.13607263 0.41776010
v 0.54334341 1.12813444 0.49754334
v 0.26161900 1.03779000 0.71101000
v 0.26132800 1.03773900 0.71022500
v 0.25820900 1.03916400 0.71255900
v -0.17188300 0.12342400 0.55467000
v -0.17595500 0.11959300 0.54998000
v -0.17643400 0.12133800 0.55160200
v -0.18076250 0.09759775 0.52730950
v -0.04871473 0.03197549 0.46593883
v 0.39081600 0.01057200 0.02447200
v 0.39460400 0.01092100 0.02329400
v 0.39444400 0.01180100 0.02392700
v 0.47968810 0.15878045 -0.38258375
v 0.45312800 0.19866400 -0.45314900
v 0.69640870 1.01061608 0.31325848
v 0.46286008 1.13331985 0.56988957
v 0.26948168 1.03989451 0.70767967
v 0.26139700 1.03797275 0.71115812
v 0.26330500 1.03435100 0.71159900
v 0.26177100 1.03427100 0.71195500
v -0.15950588 0.15487965 0.58700112
v -0.17295900 0.12008700 0.55122300
v -0.17547500 0.11949100 0.55144200
v -0.17010900 0.11488800 0.54720300
v -0.17930600 0.09724200 0.52753500
v -0.17975700 0.09738700 0.52700400
v -0.11691400 0.07270200 0.51983500
v 0.39430600 0.01119700 0.02988900
v 0.39547000 0.01183700 0.02289400
v 0.39660750 0.01153550 0.02346150
v 0.39429900 0.01105200 0.02727100
v 0.46921763 0.03603641 -0.09077206
v 0.41852950 0.06524975 -0.31034612
v 0.41467200 0.06585300 -0.31672400
v 0.45760700 0.19929000 -0.44941200
v 0.45773100 0.19846800 -0.44878700
v 0.45794913 0.19924125 -0.44873850
v 0.79286638 0.70413719 0.00366376
v 0.42405212 0.93457218 0.65415580
v 0.30016200 1.03849500 0.69527600
v -0.17963400 0.10100800 0.53124300
v -0.17932100 0.09790300 0.52728000
v -0.12209100 0.07401800 0.51913000
v -0.11756200 0.07292800 0.52008200
v -0.11663800 0.07339300 0.51964600
v 0.33581735 0.00530421 0.15488834
v 0.41846000 0.06626000 -0.31258000
v 0.41817700 0.06611500 -0.31314000
v 0.41867800 0.06558400 -0.31208600
v 0.52841288 0.27143093 -0.43492101
v 0.30407400 1.03491800 0.69414100
v 0.30490300 1.03027900 0.69584300
v 0.30094000 1.03476500 0.69564600
v -0.18044132 0.10990158 0.53949601
v -0.11982650 0.07347300 0.51960600
v -0.11327900 0.07366900 0.52032900
v -0.06822450 0.05093825 0.49704975
v 0.77803384 0.56348579 -0.02784701
v 0.76529900 0.91724500 0.14856500
v 0.46011600 1.08172100 0.58880700
v 0.45610200 1.08123400 0.59126500
v 0.30547000 1.03048300 0.69483200
v 0.30368800 1.03091900 0.69510800
v -0.07284828 0.14158945 0.59604438
v -0.11167243 0.07968592 0.52770861
v 0.76563375 0.90894700 0.15514400
v 0.76630200 0.91394400 0.14963400
v 0.76563400 0.90906500 0.15270300
v 0.76561900 0.91032300 0.15632400
v 0.77028096 0.87250873 0.15548688
v 0.75742853 0.87154168 0.21216330
v 0.46047200 1.07726400 0.58989000
v 0.46090800 1.07709700 0.58914900
v 0.45929750 1.07954075 0.59010675
v 0.46035500 1.07808600 0.59010100
v 0.13248703 0.78823835 0.78190446
v -0.08754444 0.34068875 0.70676950
v 0.43584099 0.02361595 0.11181534
v 0.65941799 0.29568528 -0.22020126
v 0.68419900 0.34667200 -0.21525800
v 0.68465000 0.35132500 -0.21509100
v 0.76521900 0.90985000 0.15278300
v 0.76574300 0.90997400 0.15183000
v 0.66591251 1.01930051 0.36790541
v 0.30487175 1.03080625 0.69493538
v 0.29699900 1.01551900 0.70226300
v 0.29858050 1.01132350 0.70237950
v 0.29494100 1.01507600 0.70312800
v 0.29290500 1.01410900 0.70445900
v -0.02728252 0.06367677 0.52064161
v 0.38864415 0.02068847 0.21585304
v 0.43288667 0.07771309 -0.31986345
v 0.68435900 0.34634400 -0.21477800
v 0.68350800 0.34651200 -0.21484400
v 0.68475200 0.34710800 -0.21093900
v 0.68217800 0.34528650 -0.21685050
v 0.69453842 0.32193425 -0.13953932
v 0.76627300 0.90514600 0.15297900
v 0.44344350 1.05431325 0.60997100
v 0.44140000 1.05806100 0.61003800
v 0.44176400 1.05449100 0.61176900
v 0.34029907 0.99587447 0.68698067
v 0.29606800 1.01148400 0.70271400
v 0.29670800 1.01085900 0.70203000
v 0.29734100 1.01066200 0.70333200
v 0.29998738 1.00714762 0.70281938
v -0.05904141 0.27389540 0.68266512
v 0.68321000 0.34305100 -0.21055400
v 0.68342800 0.34433000 -0.21103400
v 0.72698685 0.36814007 -0.04837042
v 0.72907160 0.95158334 0.26855363
v 0.67262400 1.01987400 0.35546800
v 0.67117950 1.02155138 0.35734237
v 0.67196900 1.02337200 0.35556200
v 0.67230400 1.02233900 0.35621700
v 0.44377000 1.05413500 0.60937700
v 0.44632300 1.05090700 0.61020500
v 0.44537000 1.05018700 0.60914400
v 0.44531200 1.04632600 0.61048200
v 0.00530850 0.42047550 0.74332087
v 0.41062028 0.01541165 0.08732565
v 0.63790633 0.24662245 -0.20600386
v 0.44922400 1.05023100 0.60654100
v 0.44563900 1.04998400 0.60859800
v 0.44710100 1.04615200 0.60964500
v 0.44888900 1.04250200 0.60885300
v 0.05285751 0.01786989 0.42980152
v 0.46484200 0.12191200 -0.34765500
v 0.46423800 0.12407100 -0.35154500
v 0.49169430 0.19511384 -0.40837252
v 0.55137623 0.24303354 -0.37922244
v 0.76200966 0.48783348 -0.06390865
v 0.68311210 1.01847223 0.33685800
v 0.17144186 0.71874728 0.77537445
v 0.01705851 0.50692507 0.76750367
v 0.02746500 0.44455300 0.75030200
v 0.27556317 0.00515366 0.22937543
v 0.46592676 0.11769914 -0.34046870
v 0.46488325 0.12530050 -0.35237775
v 0.46446400 0.12428200 -0.35074500
v 0.46431800 0.12411500 -0.35126100
v 0.77416950 0.53850800 -0.00195400
v 0.77139433 0.52218489 0.02157157
v 0.78700997 0.69254982 0.08930224
v 0.35156800 1.00463250 0.67895050
v 0.46875300 0.12549700 -0.34765500
v 0.05078300 0.47991900 0.75880900
v 0.14211222 0.01576258 0.39453409
v 0.14062300 0.00705300 0.33984200
v 0.43635292 0.99801878 0.62911063
v -0.00173033 0.33838387 0.71501972
v 0.18795403 0.04051280 0.45230740
v 0.35459371 0.01972588 0.25940654
v 0.76764843 0.50343105 0.01000808
v 0.18861637 0.74752904 0.77055478
v 0.68839951 0.31698171 -0.15248229
v 0.04378019 0.27978611 0.68600461
v 0.51667723 0.07401550 -0.13312985
v 0.48778900 0.12404200 -0.31647000
v 0.61493600 0.25335600 -0.27343300
v 0.77198502 0.53254210 0.08840503
v 0.65154651 0.95477184 0.41769171
v 0.04798542 0.21636297 0.65095693
v 0.16262594 0.01638804 0.39252092
v 0.61258000 0.24940800 -0.27341100
v 0.61375800 0.25138200 -0.27342200
v 0.61328500 0.25061500 -0.27343300
v 0.21887309 0.94840937 0.74595944
v 0.17901532 0.81111764 0.76952241
v 0.07028300 0.49944200 0.76192100
v 0.11933870 0.47201731 0.75047614
v 0.11449906 0.03013102 0.44835859
v 0.48430245 0.96908937 0.60195489
v 0.35635106 0.96862629 0.68483190
v 0.12357053 0.49111925 0.75550494
v -0.00373688 0.07390840 0.53265792
v 0.47827010 0.04070915 -0.11087369
v 0.47043334 0.07484125 -0.25382037
v 0.67263625 0.29021975 -0.16117350
v 0.67293600 0.29192100 -0.16425300
v 0.75333450 0.45019550 0.01357300
v 0.75376700 0.45250000 0.01594300
v 0.17579200 0.79246800 0.77143900
v 0.09765900 0.03610000 0.46484500
v 0.10217400 0.03401400 0.46073700
v 0.10208700 0.03490800 0.46102000
v 0.67159800 0.28854800 -0.15988300
v 0.67171500 0.28852600 -0.15994100
v 0.67295800 0.28851100 -0.15624700
v 0.75416700 0.45213700 0.01514400
v 0.75355600 0.45179500 0.01590700
v 0.56585299 1.07247676 0.49348166
v 0.18358700 0.79241700 0.76958500
v 0.17968900 0.79241700 0.77050800
v 0.10110500 0.03520600 0.46182000
v 0.10351825 0.03484788 0.46109175
v 0.23300345 0.02525318 0.39095083
v 0.51503307 0.13713763 -0.29398805
v 0.64464074 0.23874563 -0.16496739
v 0.66984600 0.28460700 -0.16015900
v 0.67146800 0.28884600 -0.16088600
v 0.67303800 0.28662800 -0.15587700
v 0.67188900 0.28455600 -0.15235700
v 0.75288000 0.44866900 0.01562300
v 0.76944359 0.75343001 0.19410228
v 0.71121621 0.84872558 0.33912985
v 0.22318245 0.70137659 0.76130965
v 0.13136460 0.05722016 0.49732992
v 0.51392400 0.15024875 -0.31639550
v 0.67090000 0.28460700 -0.15624700
v 0.57959721 0.96680297 0.51091964
v 0.10449325 0.53948600 0.76644550
v 0.23932219 0.64171738 0.74776625
v 0.51501100 0.15190500 -0.31591000
v 0.51550600 0.15228300 -0.31622300
v 0.51664700 0.15570000 -0.32030900
v 0.53515900 0.20067800 -0.35156000
v 0.53714050 0.19569000 -0.34156200
v 0.53912900 0.20242300 -0.34759700
v 0.77358800 0.73323900 0.17155600
v 0.51592700 0.15170800 -0.31605600
v 0.53508600 0.19528300 -0.34365600
v 0.53313000 0.19563200 -0.34769100
v 0.53722400 0.19849000 -0.34780800
v 0.77522875 0.61874575 0.13109094
v 0.77339900 0.72593200 0.17169400
v 0.77457700 0.72950200 0.17168700
v 0.77329700 0.73398800 0.17247200
v 0.48046700 0.04587200 0.10937500
v 0.53518800 0.19417100 -0.34330000
v 0.53501400 0.19491200 -0.34363400
v 0.53443121 0.17459931 -0.31794603
v 0.77255600 0.72824400 0.17549700
v 0.77801732 0.67140197 0.14831423
v 0.22009684 0.87143250 0.75481841
v 0.03154659 0.03807953 0.48735700
v 0.48086000 0.04547300 0.11331600
v 0.48125200 0.04632300 0.10937500
v 0.52734300 0.07327700 -0.05476700
v 0.52791700 0.07385800 -0.05936200
v 0.52714600 0.07354600 -0.06283700
v 0.74377853 0.79285082 0.27469068
v 0.49162959 1.11713577 0.54653322
v 0.52160802 0.91307423 0.57967258
v 0.47970912 0.04612625 0.11488450
v 0.48096100 0.04606900 0.11356300
v 0.53125500 0.07654900 -0.05468700
v 0.52901875 0.07507825 -0.05966200
v 0.52720500 0.07354600 -0.05866400
v 0.52734300 0.07401800 -0.05848900
v 0.38781273 0.91823150 0.67561668
v 0.08631377 0.35077910 0.71474971
v 0.51929375 0.06555125 0.05175275
v 0.08364987 0.08027203 0.53426860
v 0.51953400 0.06616600 0.05465400
v 0.51992600 0.06617300 0.05099700
v 0.54571158 0.08603656 0.01665233
v 0.53772579 0.13976221 -0.25881761
v 0.60356256 0.23024231 -0.26668896
v 0.58371269 0.19497944 -0.25177750
v 0.58743700 0.19839500 -0.25035500
v 0.74548285 0.42297462 0.04603562
v 0.73466700 0.82796500 0.28906200
v 0.73414300 0.83139700 0.28911300
v 0.61263800 0.95242200 0.47347500
v 0.54643350 1.00028360 0.53705462
v 0.40101000 0.91767400 0.66810400
v 0.40498000 0.91559050 0.66603150
v 0.25525870 0.83415468 0.74630285
v 0.16265946 0.41021568 0.72384634
v 0.53009536 0.07684763 0.07492323
v 0.51973700 0.06543900 0.05037900
v 0.54901850 0.17725756 -0.29687225
v 0.54664000 0.17663300 -0.30081600
v 0.54661100 0.17941800 -0.30467700
v 0.55175900 0.18327900 -0.29976900
v 0.58501600 0.19472300 -0.24650200
v 0.58700100 0.19470200 -0.24639300
v 0.58601900 0.19477400 -0.24571600
v 0.60546900 0.20062000 -0.20702800
v 0.60428400 0.19854800 -0.20399600
v 0.75428400 0.47560700 0.09393900
v 0.75381100 0.47632000 0.09783600
v 0.73489200 0.83109900 0.28909800
v 0.73311825 0.82853600 0.29276825
v 0.73455800 0.83162200 0.28944000
v 0.61392500 0.94848100 0.47198500
v 0.61428200 0.95265500 0.47230500
v 0.40198400 0.91800100 0.66827100
v 0.40239900 0.91388600 0.66911500
v 0.39843600 0.91351500 0.67022700
v 0.38841998 0.85120213 0.68625127
v 0.05292050 0.10096450 0.55890850
v 0.27063095 0.04168545 0.41127402
v 0.30299393 0.01918267 0.31786664
v 0.58610849 0.14108721 -0.11877162
v 0.55096600 0.17920700 -0.29730400
v 0.54881400 0.17813800 -0.30135400
v 0.55055200 0.17879300 -0.29674400
v 0.55042100 0.17880000 -0.29625700
v 0.58565600 0.19271700 -0.24301200
v 0.60355700 0.19905700 -0.20657000
v 0.60563600 0.19805300 -0.20201100
v 0.60586200 0.19867100 -0.20349400
v 0.60530900 0.19757400 -0.19991700
v 0.75401500 0.47624700 0.09697800
v 0.75390600 0.47803600 0.10156600
v 0.61328500 0.94867000 0.47370100
v 0.60904600 0.94442400 0.48022300
v 0.40223900 0.91297700 0.66842400
v 0.40153300 0.91356600 0.66778400
v 0.40840179 0.91557000 0.66421459
v 0.15827676 0.59019508 0.76850572
v 0.15510494 0.57469500 0.76360481
v 0.15606874 0.49289776 0.74936235
v 0.56951332 0.11341453 0.07515850
v 0.54604340 0.09034216 -0.05755090
v 0.60396400 0.19476000 -0.19921900
v 0.60490100 0.19830900 -0.20315975
v 0.63335846 0.98427942 0.43691611
v 0.61007900 0.93694900 0.48047000
v 0.60904600 0.93993000 0.48041200
v 0.60885700 0.94017800 0.48047000
v 0.60693100 0.93694900 0.48437400
v 0.54694175 0.95630800 0.54685550
v 0.02176770 0.13813217 0.59669053
v 0.46338750 0.04578850 0.16584850
v 0.49657903 0.05831374 0.12864564
v 0.55903547 0.10535051 -0.07999637
v 0.70054839 0.30630982 0.00516272
v 0.72098545 0.36085826 0.05877264
v 0.61022400 0.94190100 0.48035300
v 0.55079900 0.95646500 0.54306500
v 0.54719200 0.95638500 0.54720300
v 0.54674900 0.95597000 0.54718800
v 0.54688000 0.95257500 0.54777000
v 0.53042443 0.92500289 0.57002255
v 0.58804673 0.14179520 0.13064527
v 0.53236006 0.07313214 -0.01588049
v 0.58025118 0.18257670 -0.23919305
v 0.54749000 0.95256700 0.54658500
v 0.54725800 0.94845200 0.54834400
v 0.22244243 0.57209321 0.74770903
v 0.15986389 0.15594019 0.58976549
v 0.38066756 0.05258524 0.33380281
v 0.60487606 0.18222775 -0.16896163
v 0.60431300 0.18303900 -0.17187300
v 0.60549100 0.18194800 -0.16826600
v 0.71476519 0.34261463 0.03641544
v 0.71529000 0.34259300 0.03847600
v 0.67319482 0.93661953 0.38808851
v 0.62355550 0.91605665 0.46825246
v 0.29932533 0.83096555 0.73012291
v 0.15670446 0.33169379 0.69630125
v 0.35546500 0.03849200 0.32269800
v 0.35547400 0.03821775 0.32183075
v 0.35547200 0.03771400 0.32031300
v 0.60083080 0.18598473 -0.19069488
v 0.60544700 0.18209400 -0.16747400
v 0.59684841 0.15704970 -0.13848722
v 0.71471500 0.34409000 0.03979900
v 0.71534800 0.34391600 0.03961000
v 0.71483100 0.34284000 0.04206800
v 0.73227554 0.43366853 0.15797259
v 0.35548700 0.03895100 0.32399900
v 0.46016738 0.05981429 0.24169923
v 0.55845500 0.14819700 -0.22268200
v 0.55669600 0.14788400 -0.22656500
v 0.55696500 0.15178800 -0.23437400
v 0.71461300 0.34319600 0.04296900
v 0.72251186 0.79850297 0.32164029
v 0.19824475 0.59905950 0.75722750
v 0.27069141 0.62639583 0.73898489
v 0.56009800 0.15178800 -0.22656500
v 0.55779300 0.15017400 -0.22575000
v 0.55934200 0.15221700 -0.23096400
v 0.55820800 0.15150500 -0.23085500
v 0.55747562 0.15036312 -0.22998412
v 0.55905900 0.15183200 -0.23072400
v 0.60108531 0.17115793 -0.15199783
v 0.72831352 0.47708961 0.22567152
v 0.36941728 0.73977829 0.70407821
v 0.24577901 0.51099237 0.72900824
v 0.35268350 0.04653250 0.34664625
v 0.33420485 0.04903084 0.37162935
v 0.18978118 0.09272882 0.51981728
v 0.72193010 0.56335924 0.29496726
v 0.44497138 0.81226222 0.65230741
v 0.73785122 0.67407303 0.28650013
v 0.57641787 0.86680189 0.53613137
v 0.55537137 0.85273610 0.56058737
v 0.33434727 0.06879100 0.40851685
v 0.72656000 0.39788800 0.12108900
v 0.72656700 0.39978600 0.12500000
v 0.72693600 0.40047475 0.12475125
v 0.72605800 0.40140700 0.12943600
v 0.72692300 0.40078200 0.12832300
v 0.72722800 0.40337800 0.13245300
v 0.60667600 0.86259700 0.50000000
v 0.60580550 0.86918400 0.49957600
v 0.60605800 0.87037600 0.50007200
v 0.66817400 0.24485700 0.01961500
v 0.66686850 0.24341988 0.01747187
v 0.66758500 0.24559800 0.01952800
v 0.72669800 0.39852800 0.12401100
v 0.72640700 0.40193800 0.12881800
v 0.72585400 0.40179300 0.13281700
v 0.72653000 0.40579200 0.13652500
v 0.71936900 0.75762600 0.33167000
v 0.71875000 0.76128300 0.33183000
v 0.71086098 0.70944504 0.34814433
v 0.60562900 0.86958400 0.49947600
v 0.19463201 0.35750119 0.69984962
v 0.23437400 0.07922400 0.48437400
v 0.33589100 0.06151200 0.39537100
v 0.33656800 0.06205800 0.39385100
v 0.62577418 0.18005254 -0.04409377
v 0.66124567 0.23480851 -0.06219352
v 0.66724300 0.24479100 0.01920800
v 0.67485886 0.26325749 0.07374510
v 0.72195722 0.38181157 0.11578543
v 0.71978375 0.75431587 0.33003763
v 0.71824900 0.75755300 0.33196100
v 0.71814700 0.75766200 0.33207700
v 0.71688200 0.75726200 0.33593800
v 0.18846885 0.17446862 0.59413462
v 0.23787612 0.07799900 0.48100500
v 0.23800300 0.07811200 0.48045500
v 0.23833000 0.07769700 0.48061500
v 0.34020300 0.06449300 0.39465100
v 0.33579700 0.06130900 0.39457100
v 0.33804700 0.06300250 0.39501100
v 0.34001400 0.06180300 0.39129900
v 0.74905347 0.60139955 0.23767553
v 0.62674583 0.83847592 0.47842367
v 0.25837200 0.59034825 0.73792700
v 0.25744500 0.58886700 0.73806500
v 0.25623800 0.58491200 0.73829000
v 0.34463327 0.07015193 0.40067341
v 0.45695838 0.08451887 0.29794645
v 0.63939500 0.19866400 -0.00781100
v 0.51019920 0.88804737 0.59378878
v 0.25796900 0.58867100 0.73791200
v 0.25766300 0.58916500 0.73768000
v 0.30838500 0.06559100 0.42212800
v 0.30729500 0.06561300 0.42254900
v 0.30847187 0.06653475 0.42316950
v 0.31306100 0.06657300 0.41995400
v 0.60597100 0.15553300 -0.06596400
v 0.60544550 0.15600350 -0.06738375
v 0.60917700 0.16047000 -0.06251000
v 0.63664000 0.19484700 -0.01564900
v 0.63672000 0.19488300 -0.01171500
v 0.63600000 0.19444000 -0.00776700
v 0.63682100 0.19511600 -0.00842200
v 0.63492050 0.19211650 -0.00550950
v 0.63672000 0.19469400 -0.00389200
v 0.69754160 0.33846201 0.15499793
v 0.72687200 0.43667900 0.18370600
v 0.66969833 0.83110640 0.41690915
v 0.47320176 0.81218770 0.63369806
v 0.31775630 0.63264646 0.71997054
v 0.26084800 0.59011000 0.73671300
v 0.23976525 0.09191763 0.49653768
v 0.28318258 0.09518424 0.48015280
v 0.30519300 0.06674000 0.42633000
v 0.30869800 0.06464600 0.42199000
v 0.60590500 0.15636900 -0.06237900
v 0.60554900 0.15565700 -0.06271400
v 0.60648000 0.15490800 -0.06253200
v 0.63682900 0.19359600 -0.01226800
v 0.63578200 0.19510900 -0.00773800
v 0.72651600 0.43741300 0.18360400
v 0.72618100 0.43720200 0.18295000
v 0.72683600 0.44008900 0.18750100
v 0.72670500 0.44084500 0.18772000
v 0.72591200 0.43414100 0.18290600
v 0.52753986 0.08753915 0.15461367
v 0.72557100 0.43694800 0.18750100
v 0.67256270 0.76302476 0.42049301
v 0.35568300 0.07489800 0.39891900
v 0.64184554 0.20821294 0.08860914
v 0.65148706 0.21665315 0.01867983
v 0.69081334 0.30495247 0.12470085
v 0.71937353 0.42889713 0.20318127
v 0.36020500 0.07793700 0.39857000
v 0.35847500 0.07721000 0.39838800
v 0.36296800 0.07767600 0.39468000
v 0.49568240 0.10460541 0.27893738
v 0.60247283 0.14772657 -0.03299745
v 0.60192100 0.81579300 0.51081100
v 0.60168100 0.82027200 0.51242600
v 0.60156500 0.82361000 0.51137100
v 0.60500400 0.81988700 0.50744500
v 0.37012575 0.73239100 0.69953062
v 0.35958000 0.07657800 0.39915200
v 0.35617200 0.07705313 0.40088862
v 0.60187000 0.81997400 0.51113100
v 0.60142600 0.81998100 0.51147300
v 0.59775500 0.81974900 0.51643200
v 0.59341873 0.16169515 0.15689766
v 0.50167058 0.77821932 0.61348041
v 0.43982762 0.12019302 0.37752523
v 0.67857685 0.64406631 0.40243000
v 0.44045246 0.78831395 0.65783904
v 0.58065235 0.15871272 0.19160391
v 0.15682883 0.24586279 0.65319158
v 0.19947400 0.21381700 0.61773800
v 0.22613757 0.22723460 0.61711680
v 0.33187800 0.09573700 0.44560600
v 0.33960700 0.09748900 0.44074900
v 0.39941345 0.08845396 0.37869821
v 0.56669300 0.14408800 0.19457600
v 0.51971272 0.78626076 0.59834264
v 0.20312400 0.21820100 0.61850200
v 0.19940100 0.21387500 0.61766500
v 0.31833939 0.10885042 0.47067961
v 0.33581850 0.09897600 0.44632000
v 0.33203000 0.09885600 0.44921900
v 0.33623300 0.09696500 0.44596900
v 0.33574600 0.09760500 0.44519800
v 0.34013000 0.09677600 0.44145400
v 0.34034800 0.09802700 0.44120700
v 0.56666225 0.14437550 0.19584850
v 0.56617000 0.14359400 0.19510000
v 0.56685300 0.14413200 0.19604500
v 0.71091200 0.60141700 0.32831800
v 0.56250500 0.76502000 0.55851600
v 0.55836100 0.76479500 0.56247200
v 0.34765600 0.71038600 0.71105300
v 0.34733600 0.70635800 0.71156300
v 0.34679000 0.70328300 0.71074100
v 0.35770856 0.14466774 0.48611579
v 0.71026500 0.59711200 0.32812900
v 0.71058500 0.60171500 0.32863100
v 0.71080300 0.60180900 0.32884100
v 0.71048062 0.60337700 0.32986275
v 0.70999600 0.60530700 0.32884100
v 0.56254900 0.76173400 0.55781800
v 0.56343575 0.75921075 0.55774725
v 0.56217100 0.75990200 0.55904700
v 0.56312300 0.76073800 0.55909100
v 0.52338874 0.72876544 0.59613866
v 0.35144400 0.71015400 0.70927900
v 0.34760500 0.70682400 0.71056600
v 0.34880400 0.70654700 0.71045700
v 0.34765600 0.70257000 0.71077700
v 0.34731400 0.69867300 0.71077700
v 0.29455114 0.52722603 0.71549213
v 0.56231600 0.75707300 0.55913400
v 0.56250500 0.75726200 0.55862500
v 0.56253400 0.75335000 0.55872000
v 0.30393356 0.68178344 0.72781044
v 0.38676942 0.71143814 0.69177314
v 0.59933200 0.18303900 0.19140600
v 0.60227700 0.18697200 0.19146400
v 0.60156500 0.18602000 0.19140600
v 0.60503413 0.19125557 0.19236486
v 0.55078400 0.74551200 0.57023000
v 0.52189000 0.13657000 0.28140600
v 0.52743000 0.14281225 0.28227075
v 0.60748240 0.20785732 0.22083779
v 0.71169750 0.49897625 0.28325775
v 0.71033800 0.50008900 0.28551400
v 0.71270800 0.50034300 0.28152900
v 0.69057043 0.48511127 0.32327104
v 0.58089637 0.72587523 0.54053193
v 0.55484200 0.73778300 0.56655800
v 0.55044300 0.73773200 0.56960400
v 0.55067500 0.74200800 0.56980800
v 0.55052300 0.74168800 0.57052100
v 0.55045700 0.74157900 0.56980800
v 0.55220525 0.74020812 0.56888563
v 0.30864000 0.11264200 0.48108100
v 0.31631100 0.11292500 0.47633300
v 0.51949000 0.14037300 0.29294500
v 0.52337300 0.14014000 0.28445200
v 0.52340900 0.13981300 0.28555800
v 0.52370000 0.14024900 0.28533900
v 0.52727700 0.14434300 0.28501900
v 0.69626900 0.37458500 0.21546500
v 0.69514250 0.37483462 0.21998038
v 0.71145800 0.49960200 0.28520100
v 0.71085400 0.50006700 0.28478700
v 0.71084700 0.50268400 0.28759300
v 0.60511485 0.73766598 0.51471894
v 0.55064600 0.73672900 0.57055000
v 0.31258800 0.11347800 0.48044100
v 0.31680500 0.11698200 0.48019300
v 0.32031700 0.11663300 0.47793200
v 0.52280600 0.14411800 0.29299600
v 0.52420900 0.14152200 0.28942600
v 0.52489200 0.14397900 0.28906200
v 0.52965308 0.14268207 0.27809064
v 0.69520000 0.37463600 0.21907200
v 0.69563600 0.37467900 0.21911500
v 0.69556300 0.37835100 0.22265600
v 0.31644013 0.11628112 0.48003450
v 0.31591800 0.11673500 0.48014300
v 0.51225563 0.14740559 0.31676454
v 0.69570900 0.37425000 0.21798800
v 0.69497500 0.37789300 0.22197300
v 0.55972459 0.71859713 0.56184762
v 0.48828300 0.72207800 0.62513300
v 0.48016342 0.71572284 0.63299206
v 0.30767568 0.52513198 0.71214486
v 0.48820475 0.71567975 0.62511275
v 0.49276900 0.72258000 0.62145400
v 0.48863200 0.71854400 0.62656500
v 0.48796300 0.71898100 0.62522700
v 0.52876061 0.15958983 0.30624435
v 0.48859600 0.71844300 0.62599100
v 0.57218262 0.71687375 0.54898437
v 0.56958700 0.71872600 0.55139100
v 0.55264200 0.70851050 0.56841200
v 0.55059500 0.70666400 0.57032400
v 0.60416800 0.20648000 0.22656100
v 0.60625975 0.21096850 0.22927325
v 0.56976900 0.71807200 0.55032200
v 0.56977600 0.71827500 0.55000900
v 0.57061200 0.71461100 0.55117300
v 0.55864400 0.71043000 0.56263900
v 0.55469600 0.70672200 0.56691400
v 0.55467400 0.70591500 0.56717600
v 0.55468200 0.70334800 0.56575100
v 0.55532768 0.66775296 0.56411167
v 0.50471801 0.66713395 0.60889157
v 0.46387401 0.16212797 0.40550719
v 0.56888053 0.18102723 0.26934892
v 0.60620300 0.21107600 0.23014600
v 0.60498200 0.21034100 0.22980400
v 0.60593400 0.21109700 0.22987700
v 0.57031400 0.71429100 0.55072900
v 0.55462300 0.70587800 0.56655800
v 0.55468900 0.70257000 0.56623100
v 0.55451400 0.69881100 0.56628200
v 0.30136731 0.26442514 0.60920574
v 0.60484400 0.21207900 0.23428300
v 0.25974250 0.22991100 0.60554100
v 0.23256387 0.17628905 0.58113901
v 0.36283945 0.25906436 0.57257108
v 0.60554900 0.21830300 0.24388800
v 0.67269793 0.39601911 0.30357279
v 0.60515600 0.21867400 0.24645400
v 0.60546900 0.21955400 0.24609800
v 0.60093692 0.20754207 0.23741970
v 0.30469200 0.20257600 0.56383100
v 0.30840000 0.20305600 0.56217300
v 0.60614500 0.22146600 0.24973300
v 0.60575300 0.22156800 0.25006800
v 0.60979500 0.22578500 0.24622900
v 0.63230020 0.23824594 0.20975355
v 0.60930121 0.24583470 0.27718615
v 0.66829758 0.29391666 0.20077507
v 0.30835600 0.20267000 0.56263900
v 0.31454750 0.21034500 0.56392950
v 0.60538800 0.22129688 0.24974600
v 0.60569500 0.22440300 0.25411800
v 0.60494600 0.22190900 0.25025000
v 0.60932300 0.22603200 0.24703600
v 0.67220200 0.54465600 0.38439900
v 0.59046240 0.64486730 0.52239030
v 0.30859600 0.20648000 0.56474000
v 0.31239200 0.20709100 0.56128600
v 0.31279900 0.20637100 0.56237700
v 0.66217798 0.47479417 0.37275480
v 0.31253700 0.20691700 0.56202100
v 0.31696500 0.20669100 0.56072700
v 0.35094689 0.43298377 0.66152879
v 0.41216919 0.58473432 0.66632933
v 0.63330476 0.30202786 0.29350909
v 0.61316200 0.64778400 0.49538300
v 0.60970800 0.64749300 0.50089400
v 0.61031262 0.64749750 0.49889725
v 0.60999900 0.64831400 0.49878500
v 0.59124226 0.27364034 0.34518207
v 0.64831700 0.30430400 0.26127200
v 0.65209581 0.34339461 0.29454022
v 0.66920600 0.46819800 0.35546800
v 0.66055268 0.51777246 0.39534293
v 0.63585481 0.64427613 0.46601604
v 0.60918500 0.64851100 0.50050100
v 0.64881800 0.30921200 0.26630400
v 0.64823700 0.30801200 0.26559100
v 0.64812100 0.31202600 0.27003400
v 0.66762100 0.46393800 0.35599100
v 0.66758500 0.46829300 0.35698700
v 0.63249617 0.58687689 0.46173621
v 0.64739350 0.30992450 0.26970700
v 0.64897100 0.31174200 0.27036800
v 0.66808275 0.46429025 0.35547300
v 0.66807200 0.46398800 0.35643500
v 0.55087900 0.62894500 0.56311100
v 0.55009400 0.63143100 0.56396200
v 0.55024600 0.62853700 0.56282100
v 0.54688000 0.62734500 0.56640500
v 0.55533646 0.60083840 0.55419416
v 0.43814189 0.36468786 0.58226326
v 0.57421900 0.23748400 0.33113200
v 0.57660300 0.23754200 0.32846300
v 0.57072100 0.23481500 0.33504400
v 0.57364400 0.23780400 0.33121900
v 0.57461100 0.23745500 0.33173500
v 0.64643337 0.36228183 0.32395899
v 0.51741673 0.20608823 0.38950931
v 0.57426200 0.24169400 0.33572700
v 0.57150450 0.23692575 0.33564700
v 0.64495000 0.35483000 0.32032700
v 0.64478300 0.35669850 0.32229000
v 0.64401200 0.35857400 0.32475500
v 0.64844000 0.36671800 0.32386100
v 0.64390300 0.36317700 0.32788900
v 0.64461600 0.35856700 0.32425300
v 0.64476100 0.36305300 0.32772900
v 0.64366300 0.36210800 0.32809200
v 0.56438526 0.52732155 0.52902841
v 0.49513284 0.61338767 0.61152116
v 0.41572023 0.27905485 0.54880827
v 0.64364150 0.36262050 0.32949550
v 0.64226000 0.35837100 0.32813600
v 0.64823700 0.44484400 0.37882900
v 0.64958450 0.45450625 0.38254212
v 0.64753200 0.45169300 0.38234100
v 0.45471146 0.56054011 0.63171768
v 0.47949088 0.25258784 0.47833115
v 0.64682600 0.44860300 0.38407200
v 0.64521950 0.48384550 0.40429950
v 0.40009927 0.18155352 0.48858413
v 0.55061700 0.24161400 0.37491700
v 0.55326400 0.24127200 0.37145700
v 0.34080351 0.35560105 0.63786648
v 0.55003200 0.24071950 0.37480850
v 0.55168600 0.24234800 0.37539000
v 0.55468900 0.24759000 0.37500500
v 0.61366032 0.39265551 0.40418864
v 0.55077700 0.24554700 0.37890900
v 0.55155500 0.24611400 0.37847300
v 0.56639500 0.26117300 0.37103500
v 0.62979269 0.47876126 0.42754719
v 0.56421350 0.26384800 0.37700450
v 0.56600200 0.26440100 0.37495400
v 0.56992100 0.26491000 0.37230000
v 0.61825196 0.35075258 0.36663131
v 0.56006200 0.26345550 0.38278450
v 0.56304829 0.26509159 0.37993059
v 0.56703500 0.26917800 0.37971600
v 0.56741300 0.26477200 0.37488800
v 0.56900500 0.26898200 0.37500500
v 0.51562160 0.22344847 0.40856719
v 0.56644600 0.26897400 0.37896700
v 0.61010800 0.36663800 0.39063000
v 0.60867600 0.37050600 0.39433800
v 0.60937400 0.37444700 0.39727600
v 0.60959900 0.37093500 0.39378600
v 0.60944600 0.36953900 0.39504300
v 0.61023881 0.37363113 0.39552606
v 0.46692324 0.52950022 0.61951084
v 0.42009810 0.42079316 0.61655755
v 0.44443606 0.28861475 0.53184456
v 0.60535300 0.36660100 0.39825700
v 0.60974100 0.37054250 0.39395300
v 0.60570200 0.36689200 0.39903500
v 0.60546200 0.37268700 0.40218400
v 0.44132700 0.28794400 0.53394800
v 0.44503600 0.28856200 0.53008700
v 0.44504300 0.28860600 0.53066100
v 0.44527600 0.28816200 0.53081400
v 0.59437128 0.35182498 0.40551117
v 0.44878700 0.29312800 0.53137400
v 0.60493100 0.44439300 0.44431900
v 0.60301900 0.44866900 0.44921900
v 0.60187000 0.44517650 0.44927550
v 0.60179000 0.44890100 0.45075300
v 0.50503371 0.48705431 0.57328015
v 0.60275000 0.44522900 0.44926300
v 0.60130300 0.44494600 0.44891400
v 0.59800900 0.44218300 0.45276700
v 0.60220400 0.44456000 0.44944500
v 0.55409023 0.31927527 0.44127929
v 0.56639150 0.36182400 0.45123350
v 0.56388906 0.43318317 0.49384588
v 0.56986300 0.36134400 0.44506000
v 0.56587100 0.35970800 0.44890700
v 0.56821300 0.36272600 0.44921900
v 0.56634400 0.36539400 0.45318200
v 0.56681700 0.35919200 0.44890700
v 0.56643900 0.35825400 0.44928500
v 0.56718800 0.36309700 0.45159000
v 0.53057460 0.36617997 0.49827087
v 0.51869546 0.46385882 0.55256270
v 0.50682843 0.39576199 0.53777545
f 3988 3989 3987
f 4856 4797 4805
f 4783 4797 4844
f 4797 4856 4844
f 4844 4856 4783
f 4833 4898 4856
f 4898 4889 4856
f 4887 4888 4892
f 4888 4890 4892
f 4890 4893 4892
f 4895 4893 4894
f 4856 4889 4852
f 4889 4898 4852
f 4906 4898 4908
f 4908 4898 4907
f 4898 4833 4891
f 4856 4805 4833
f 4683 4783 4808
f 4783 4760 4808
f 4804 4803 4796
f 4803 4804 4809
f 4683 4808 4760
f 4760 4783 4839
f 4839 4783 4856
f 4805 4797 4778
f 4778 4797 4504
f 4797 4783 4504
f 4907 4898 4891
f 4805 4778 4504
f 4839 4856 4760
f 4898 4906 4852
f 4901 4902 4905
f 4840 4843 4838
f 4852 4906 4897
f 4906 4896 4897
f 4504 4783 4683
f 4896 4852 4897
f 4899 4900 4903
f 4900 4904 4903
f 4908 4907 4891
f 4805 4504 4621
f 4852 4885 4873
f 4815 4908 4875
f 4833 4805 4814
f 4885 4852 4896
f 4805 4621 4798
f 4683 4760 4498
f 4879 4880 4877
f 4878 4873 4885
f 4842 4896 4906
f 4875 4908 4891
f 4873 4878 4860
f 4870 4872 4869
f 4869 4872 4871
f 4872 4879 4871
f 4879 4877 4871
f 4878 4885 4860
f 4875 4891 4874
f 4760 4856 4852
f 4869 4871 4868
f 4891 4833 4874
f 4834 4874 4833
f 4779 4805 4798
f 4860 4885 4793
f 4814 4805 4743
f 4597 4621 4528
f 4621 4504 4654
f 4652 4653 4651
f 4701 4702 4700
f 4680 4504 4683
f 4714 4719 4713
f 4713 4719 4718
f 4852 4873 4860
f 4906 4908 4815
f 4779 4798 4791
f 4621 4654 4506
f 4655 4653 4644
f 4653 4652 4644
f 4682 4701 4681
f 4701 4700 4681
f 4683 4498 4680
f 4760 4699 4602
f 4698 4713 4712
f 4713 4718 4712
f 4842 4906 4815
f 4815 4875 4848
f 4834 4833 4814
f 4792 4790 4789
f 4791 4798 4703
f 4654 4504 4506
f 4504 4551 4506
f 4680 4498 4504
f 4602 4699 4575
f 4575 4699 4760
f 4834 4814 4811
f 4814 4743 4811
f 4790 4792 4799
f 4798 4621 4703
f 4498 4760 4602
f 4795 4760 4828
f 4760 4852 4828
f 4788 4852 4860
f 4885 4896 4793
f 4813 4812 4810
f 4779 4791 4703
f 4703 4621 4597
f 4795 4828 4821
f 4852 4836 4828
f 4831 4829 4832
f 4836 4852 4788
f 4866 4896 4842
f 4743 4834 4811
f 4771 4760 4795
f 4821 4828 4827
f 4827 4831 4830
f 4831 4832 4837
f 4815 4876 4842
f 4883 4884 4882
f 4884 4886 4882
f 4876 4815 4835
f 4874 4834 4841
f 4601 4575 4760
f 4795 4821 4826
f 4821 4827 4826
f 4827 4830 4825
f 4826 4836 4788
f 4788 4860 4793
f 4883 4882 4881
f 4528 4621 4506
f 4795 4826 4788
f 4722 4834 4744
f 4793 4896 4865
f 4867 4863 4864
f 4857 4863 4862
f 4862 4863 4861
f 4865 4896 4861
f 4842 4876 4835
f 4743 4805 4779
f 4481 4602 4575
f 4857 4862 4861
f 4861 4896 4866
f 4841 4834 4787
f 4859 4858 4855
f 4865 4861 4793
f 4793 4861 4866
f 4835 4815 4758
f 4744 4834 4743
f 4743 4779 4703
f 4597 4528 4323
f 4853 4854 4851
f 4874 4841 4787
f 4601 4760 4771
f 4866 4849 4793
f 4849 4822 4793
f 4847 4850 4846
f 4842 4835 4845
f 4552 4597 4577
f 4539 4528 4359
f 4771 4795 4806
f 4806 4795 4788
f 4866 4822 4849
f 4822 4866 4842
f 4815 4848 4754
f 4875 4874 4786
f 4703 4684 4743
f 4597 4323 4577
f 4488 4528 4539
f 4541 4542 4540
f 4551 4504 4498
f 4834 4722 4787
f 4488 4323 4528
f 4527 4541 4526
f 4498 4602 4278
f 4602 4481 4594
f 4592 4596 4591
f 4591 4594 4590
f 4794 4801 4800
f 4801 4802 4800
f 4802 4807 4800
f 4770 4788 4793
f 4743 4660 4744
f 4743 4684 4730
f 4488 4539 4359
f 4528 4506 4359
f 4602 4594 4278
f 4593 4592 4576
f 4592 4591 4576
f 4591 4590 4576
f 4771 4806 4788
f 4824 4793 4822
f 4743 4732 4660
f 4753 4752 4742
f 4740 4751 4739
f 4738 4750 4737
f 4481 4575 4538
f 4820 4823 4819
f 4824 4822 4746
f 4758 4815 4754
f 4786 4874 4787
f 4722 4744 4724
f 4724 4744 4660
f 4742 4741 4733
f 4732 4743 4720
f 4720 4743 4730
f 4737 4736 4731
f 4278 4594 4481
f 4817 4820 4816
f 4819 4818 4816
f 4660 4732 4720
f 4730 4684 4720
f 4793 4824 4746
f 4758 4845 4835
f 4727 4729 4726
f 4703 4597 4552
f 4481 4538 4512
f 4822 4842 4845
f 4726 4725 4721
f 4525 4524 4515
f 4524 4523 4515
f 4515 4523 4514
f 4523 4522 4513
f 4513 4522 4511
f 4511 4522 4510
f 4722 4724 4660
f 4660 4720 4684
f 4512 4538 4379
f 4538 4575 4601
f 4745 4822 4845
f 4551 4498 4278
f 4481 4512 4379
f 4769 4771 4788
f 4875 4786 4848
f 4631 4660 4690
f 4689 4704 4686
f 4686 4704 4685
f 4660 4684 4690
f 4787 4722 4671
f 4688 4687 4676
f 4611 4703 4552
f 4577 4323 4468
f 4538 4601 4448
f 4537 4601 4771
f 4786 4787 4723
f 4631 4690 4684
f 4668 4669 4667
f 4703 4611 4507
f 4616 4615 4609
f 4615 4608 4609
f 4322 4551 4351
f 4770 4793 4746
f 4722 4660 4631
f 4668 4667 4659
f 4658 4659 4656
f 4684 4703 4657
f 4508 4703 4507
f 4615 4616 4617
f 4616 4609 4610
f 4611 4552 4507
f 4448 4601 4447
f 4684 4657 4631
f 4659 4658 4646
f 4658 4656 4645
f 4577 4468 4552
f 4323 4488 4228
f 4322 4506 4551
f 4769 4788 4770
f 4657 4703 4631
f 4379 4538 4448
f 4769 4770 4774
f 4619 4722 4631
f 4228 4488 4402
f 4402 4488 4359
f 4025 4278 4481
f 4447 4601 4535
f 4599 4771 4769
f 4777 4776 4768
f 4768 4776 4767
f 4767 4776 4766
f 4776 4775 4766
f 4746 4822 4728
f 4723 4848 4786
f 4518 4529 4516
f 4403 4401 4381
f 4381 4401 4380
f 4351 4551 4342
f 4480 4487 4479
f 4466 4448 4447
f 4537 4771 4599
f 4762 4767 4761
f 4767 4766 4761
f 4745 4845 4650
f 4845 4758 4650
f 4505 4671 4622
f 4622 4671 4722
f 4507 4552 4517
f 4517 4552 4469
f 4552 4468 4469
f 4469 4468 4279
f 4228 4402 4359
f 4480 4479 4467
f 4479 4478 4467
f 4769 4774 4763
f 4762 4761 4759
f 4774 4770 4763
f 4763 4770 4746
f 4728 4822 4745
f 4723 4787 4671
f 4578 4722 4619
f 4631 4703 4508
f 4507 4517 4469
f 4359 4506 4322
f 4535 4601 4537
f 4620 4745 4629
f 4758 4773 4650
f 4785 4784 4782
f 4782 4784 4781
f 4622 4722 4578
f 4448 4466 4227
f 4466 4447 4227
f 4763 4735 4769
f 4749 4755 4747
f 4782 4781 4772
f 4781 4780 4772
f 4424 4423 4400
f 4399 4481 4379
f 4535 4537 4520
f 4748 4747 4734
f 4650 4773 4757
f 4765 4772 4764
f 4757 4758 4754
f 4322 4351 4337
f 4345 4350 4344
f 4344 4350 4343
f 4337 4351 4046
f 4481 4399 4025
f 4227 4447 4535
f 4535 4520 4600
f 4521 4536 4519
f 4769 4735 4679
f 4735 4763 4679
f 4728 4745 4717
f 4629 4745 4650
f 4773 4758 4757
f 4579 4723 4671
f 4342 4551 4278
f 4399 4379 4025
f 4379 4448 4227
f 4520 4537 4600
f 4757 4754 4756
f 4756 4754 4626
f 4671 4505 4670
f 4578 4619 4631
f 4437 4469 4279
f 3961 4323 4228
f 4600 4537 4599
f 4599 4769 4455
f 4711 4728 4717
f 4717 4745 4606
f 4582 4650 4757
f 4757 4756 4626
f 4848 4723 4530
f 4666 4723 4579
f 4622 4578 4505
f 4279 4468 4437
f 4188 4359 4322
f 4322 4337 4046
f 4679 4763 4746
f 4746 4728 4711
f 4745 4620 4606
f 4662 4663 4661
f 4499 4612 4559
f 4709 4710 4708
f 4671 4490 4579
f 4490 4671 4670
f 4665 4664 4649
f 4664 4663 4649
f 4663 4662 4648
f 4648 4662 4647
f 4351 4342 4261
f 4260 4379 4271
f 4623 4746 4606
f 4711 4717 4678
f 4710 4709 4697
f 4697 4709 4696
f 4695 4696 4694
f 4696 4709 4694
f 4709 4708 4693
f 4624 4754 4848
f 4530 4723 4666
f 4507 4469 4328
f 4439 4449 4438
f 4426 4469 4437
f 4425 4404 4405
f 4405 4404 4382
f 4468 4323 4132
f 4132 4323 3961
f 4025 4379 4260
f 4455 4769 4618
f 4675 4679 4746
f 4695 4694 4677
f 4606 4678 4717
f 4361 4578 4508
f 4578 4631 4508
f 4441 4449 4440
f 4449 4439 4440
f 4535 4477 4316
f 4535 4600 4534
f 4769 4679 4675
f 4675 4746 4673
f 4674 4673 4672
f 4711 4678 4606
f 4409 4499 4156
f 4328 4426 4437
f 4769 4675 4618
f 4675 4673 4618
f 4618 4673 4746
f 4706 4707 4716
f 4634 4650 4715
f 4624 4626 4754
f 4624 4848 4530
f 4499 4559 4156
f 4469 4426 4328
f 4227 4535 4115
f 4214 4115 4535
f 4715 4650 4582
f 4578 4361 4505
f 4308 4321 4307
f 4298 4271 4379
f 4572 4571 4558
f 4534 4600 4573
f 4595 4623 4641
f 4641 4623 4606
f 4692 4705 4691
f 4757 4626 4543
f 4626 4624 4632
f 4201 4468 4250
f 4359 4188 4228
f 4187 4188 4322
f 4261 4046 4351
f 4308 4307 4299
f 4273 4535 4316
f 4569 4570 4588
f 4570 4571 4588
f 4589 4572 4574
f 4600 4599 4607
f 4618 4746 4623
f 4643 4642 4630
f 4483 4606 4557
f 4638 4639 4637
f 4639 4640 4637
f 4650 4634 4635
f 4634 4715 4582
f 4626 4632 4543
f 4633 4632 4625
f 4632 4624 4543
f 4508 4507 4454
f 4261 4342 4278
f 4271 4298 4249
f 4249 4298 4379
f 4214 4535 4273
f 4641 4606 4595
f 4746 4711 4606
f 4650 4635 4509
f 4640 4639 4628
f 4637 4636 4627
f 4635 4634 4509
f 4509 4634 4582
f 4612 4499 4330
f 4273 4316 4296
f 4320 4327 4319
f 4318 4319 4317
f 4319 4327 4317
f 4534 4573 4607
f 4607 4573 4600
f 4437 4468 4201
f 4187 4322 4046
f 4320 4319 4306
f 4305 4318 4304
f 4201 4250 4230
f 4231 4232 4229
f 4305 4304 4297
f 4376 4002 4239
f 4239 4316 4477
f 4618 4623 4595
f 4557 4606 4629
f 4606 4620 4629
f 4666 4500 4530
f 4454 4507 4328
f 4047 4437 4201
f 4075 4187 4046
f 4379 4227 4116
f 4273 4296 4196
f 4296 4316 4196
f 4582 4757 4503
f 4666 4460 4500
f 4666 4553 4460
f 4561 4580 4560
f 4666 4579 4490
f 4290 4156 4559
f 4361 4508 4454
f 4201 4230 4047
f 4230 4250 4047
f 4259 4260 4271
f 4196 4316 4239
f 4629 4650 4614
f 4555 4561 4554
f 4553 4666 4490
f 4499 4409 4470
f 4454 4328 4442
f 4250 4468 4132
f 4087 4188 4187
f 4087 4187 4183
f 4200 4215 4199
f 4046 4261 4155
f 4155 4261 4278
f 4278 4025 4155
f 4260 4259 4175
f 4249 4379 4116
f 4605 4613 4604
f 4604 4613 4603
f 4387 4530 4500
f 4460 4553 4490
f 4459 4458 4453
f 4453 4458 4452
f 4452 4458 4451
f 4451 4458 4450
f 4087 4228 4188
f 4200 4199 4185
f 4183 4187 4075
f 4607 4599 4455
f 4604 4603 4598
f 4614 4650 4509
f 4387 4471 4530
f 4442 4328 4383
f 4186 4185 4176
f 4185 4184 4176
f 4259 4271 4175
f 4457 4376 4239
f 4457 4239 4436
f 4397 4398 4419
f 4420 4421 4422
f 4436 4239 4475
f 4239 4477 4497
f 4413 4535 4534
f 4568 4587 4586
f 4455 4618 4595
f 4629 4614 4556
f 4614 4509 4556
f 4454 4442 4383
f 4013 4228 4087
f 4087 4183 4075
f 4026 4075 4046
f 4002 4376 4283
f 4376 4113 4283
f 4284 4277 4282
f 4457 4436 4475
f 4420 4422 4435
f 4464 4465 4476
f 4239 4497 4463
f 4586 4585 4566
f 4607 4455 4433
f 4543 4624 4461
f 4361 4454 4383
f 4047 4250 4132
f 4283 4113 4002
f 4239 4463 4475
f 4475 4463 4497
f 4413 4534 4567
f 4534 4607 4567
f 4330 4499 4430
f 4291 4409 4368
f 4368 4409 4385
f 4409 4429 4385
f 4408 4428 4407
f 4407 4427 4406
f 4309 4437 4047
f 4025 4260 4175
f 3706 4271 4249
f 4477 4535 4413
f 4413 4567 4607
f 4462 4629 4556
f 4509 4582 4564
f 4565 4584 4563
f 4563 4584 4562
f 4584 4583 4562
f 4582 4411 4564
f 4581 4582 4503
f 4499 4470 4324
f 4408 4407 4384
f 4407 4406 4384
f 4047 4132 3961
f 4175 4271 3706
f 4249 4116 3985
f 4395 4378 4396
f 4377 4457 4375
f 4557 4629 4483
f 4462 4556 4502
f 4502 4556 4549
f 4556 4509 4549
f 4368 4385 4429
f 4429 4409 4156
f 3939 4047 3975
f 4046 4155 3986
f 4037 4155 4025
f 4273 4196 4214
f 4376 4457 4377
f 4394 4396 4418
f 4550 4548 4533
f 4533 4548 4532
f 4548 4547 4532
f 4509 4564 4411
f 4500 4460 4432
f 4368 4429 4291
f 4290 4559 4360
f 4328 4437 4309
f 4502 4549 4509
f 4411 4582 4581
f 4430 4499 4324
f 4361 4383 4005
f 4021 4214 4213
f 4225 4226 4212
f 4226 4225 4210
f 4213 4214 4196
f 4196 4239 4002
f 4376 4377 4375
f 4477 4475 4497
f 4606 4483 4595
f 4490 4670 4489
f 4291 4429 4156
f 4383 4328 4309
f 3690 3961 4228
f 3690 4228 4013
f 4198 4211 4197
f 4544 4411 4581
f 4460 4490 4489
f 3691 4047 3938
f 4047 3961 3938
f 3961 3690 3518
f 3892 4087 4075
f 4116 4227 4115
f 4021 4213 4196
f 4113 4376 4375
f 4457 4475 4477
f 4546 4545 4531
f 4269 4581 4503
f 4280 4624 4530
f 4386 4470 4352
f 4352 4470 4285
f 4054 4470 4409
f 3984 4214 4021
f 4483 4629 4462
f 4502 4509 4411
f 4411 4544 4269
f 4544 4581 4269
f 4757 4543 4461
f 4387 4500 4432
f 4251 4324 4470
f 4285 4470 4054
f 4054 4409 4291
f 4290 4360 4100
f 3984 4114 4115
f 4275 4413 4607
f 4462 4502 4501
f 4501 4502 4412
f 4470 4386 4272
f 3952 3975 4047
f 4026 4046 3986
f 4116 4115 3985
f 4457 4495 4375
f 4486 4494 4493
f 4494 4496 4493
f 4493 4496 4492
f 4492 4496 4491
f 4456 4607 4374
f 4374 4607 4433
f 4462 4501 4412
f 4443 4461 4624
f 4309 4047 4118
f 3952 4047 3691
f 4013 4087 3892
f 3892 4075 4026
f 3986 4155 4003
f 3901 4037 4025
f 3984 4115 4214
f 4493 4492 4485
f 4485 4492 4484
f 4457 4477 4495
f 4275 4607 4446
f 4455 4595 4445
f 4460 4489 4431
f 4100 4063 4290
f 4309 4005 4383
f 3922 3939 3975
f 3989 3988 3974
f 3974 3988 3973
f 3938 3961 3972
f 4155 4037 3901
f 4025 4175 3706
f 4375 4495 4477
f 4446 4607 4456
f 4503 4757 4461
f 4530 4471 4280
f 4292 4460 4431
f 4118 4047 4117
f 4047 3939 4117
f 3938 3972 3691
f 3972 3961 3691
f 4477 4413 4275
f 4445 4595 4483
f 4462 4473 4270
f 4474 4482 4472
f 4473 4462 4412
f 4387 4369 4471
f 4470 4272 4251
f 3922 3975 3953
f 3954 3962 3953
f 3953 3975 3952
f 3673 3690 3959
f 3690 4013 3959
f 3951 3960 3950
f 3892 4026 3750
f 3901 4025 3937
f 3937 4025 3706
f 4196 4002 4020
f 4113 4375 4390
f 4416 4393 4417
f 4446 4456 4434
f 4483 4462 4270
f 4270 4473 4412
f 3922 3953 3952
f 3959 4013 3673
f 4020 4002 3762
f 4415 4416 4414
f 4433 4455 4445
f 4445 4444 4195
f 4444 4445 4483
f 4412 4502 4411
f 4443 4624 4280
f 4432 4460 4292
f 4291 4156 4219
f 3691 3961 3518
f 4113 4349 4248
f 4392 4415 4391
f 4415 4414 4391
f 4390 4375 4349
f 4388 4433 4445
f 4443 4371 4461
f 4054 4291 4219
f 4290 4063 4267
f 4117 3939 4029
f 3952 3939 3922
f 4026 3986 3707
f 4114 3984 4023
f 4024 4023 4022
f 3704 4113 4248
f 4113 4390 4349
f 4294 4446 4434
f 4374 4433 4388
f 4195 4444 4483
f 4325 4503 4461
f 4272 4386 4352
f 4156 4290 4267
f 4100 4360 4133
f 3706 4249 3985
f 4114 4023 3796
f 3796 4023 3984
f 4021 4196 4020
f 4335 4248 4349
f 4503 4325 4269
f 4288 4432 4292
f 4155 3901 4003
f 3937 3706 3900
f 4115 4114 3796
f 4248 4335 4130
f 4336 4341 4334
f 4275 4446 4294
f 4373 4389 4372
f 4044 4388 4445
f 4280 4471 4274
f 4369 4387 4288
f 4387 4432 4288
f 4262 4219 4156
f 4005 4309 4118
f 4039 4038 4028
f 4059 4117 4027
f 4027 4117 4029
f 3750 4026 3756
f 4002 4113 3704
f 4340 4348 4339
f 4348 4347 4339
f 4349 4130 4335
f 4315 4375 4295
f 4374 4388 4370
f 4044 4370 4388
f 4471 4369 4274
f 4054 4219 4223
f 4219 4262 4064
f 4241 4242 4240
f 4049 4048 4040
f 4059 4027 4029
f 3466 3986 4003
f 3466 4003 3912
f 3985 4115 3796
f 3984 4021 3597
f 4375 4477 3928
f 4456 4294 4365
f 4366 4367 4364
f 4294 4434 4365
f 4365 4434 4456
f 4374 4370 4044
f 4362 4445 4195
f 4208 4483 4270
f 4461 4371 4325
f 4371 4443 4410
f 4430 4324 4251
f 4272 4352 4286
f 4262 4156 4064
f 4267 4063 4156
f 4243 4242 4236
f 4242 4241 4235
f 4235 4241 4234
f 4216 4063 4100
f 4059 4032 3947
f 4050 4049 4041
f 4041 4040 4030
f 4032 4059 4029
f 3947 4029 4004
f 4004 4029 3939
f 3921 3930 3920
f 3930 3929 3920
f 4349 4375 4315
f 4358 4367 4357
f 4357 4366 4356
f 4456 4374 4044
f 4445 4362 4044
f 4355 4363 4354
f 4272 4300 4193
f 4311 4310 4300
f 4300 4272 4286
f 4234 4233 4218
f 4218 4233 4217
f 4117 4059 4118
f 4118 4059 3947
f 4041 4030 4031
f 4013 3892 3673
f 3901 3466 3912
f 3920 3919 3911
f 3911 3919 3910
f 3912 4003 3901
f 4021 4020 3762
f 3909 3704 4099
f 4097 4086 4098
f 4099 3704 4248
f 4130 4349 4326
f 4349 4315 4326
f 4333 4338 4332
f 4332 4338 4331
f 3928 4477 4275
f 4355 4354 4346
f 4412 4411 4314
f 4443 4353 4410
f 4300 4286 4193
f 4053 4156 4063
f 4032 4029 3947
f 3673 3892 3735
f 4096 4097 4111
f 4097 4098 4111
f 4326 4315 4130
f 4209 4315 4295
f 4044 4362 4195
f 4195 4483 4208
f 4292 4431 4329
f 4102 4430 4251
f 4286 4352 4193
f 4204 4223 4065
f 4223 4219 4065
f 4063 4216 3991
f 3991 4216 4100
f 4191 4100 4133
f 3756 4026 3707
f 3985 3538 3706
f 3762 4002 3704
f 4111 4112 4110
f 4371 4410 4353
f 4016 4369 4288
f 4330 4430 4055
f 4134 4054 4223
f 4134 4223 4204
f 4222 4221 4206
f 4206 4221 4205
f 4205 4221 4203
f 4221 4220 4203
f 4065 4219 4202
f 4100 4191 4014
f 4192 4190 4178
f 4190 4189 4177
f 4191 4133 4014
f 4021 3762 3647
f 3909 4099 4248
f 4130 4315 4255
f 4314 4411 4281
f 4134 4204 4065
f 4202 4219 4064
f 3764 3690 3673
f 4149 4294 4456
f 4004 3965 3947
f 3966 3963 3964
f 3964 3963 3955
f 3777 3797 3776
f 3775 3797 3774
f 3597 4021 3647
f 4247 4248 4130
f 4281 4411 4269
f 4268 4369 4016
f 4251 4272 4066
f 4352 4285 4015
f 4064 4065 4202
f 4170 4180 4169
f 4180 4179 4169
f 4064 4156 4053
f 3966 3964 3956
f 3965 4004 3990
f 4004 3939 3990
f 3690 3764 3480
f 3777 3776 3766
f 3776 3797 3766
f 3775 3774 3765
f 3765 3774 3763
f 3367 3986 3466
f 4276 4315 4209
f 4295 4375 3928
f 4181 4443 4280
f 4352 4015 4193
f 4170 4169 4157
f 4169 4168 4157
f 4051 4118 3947
f 3947 3965 3990
f 3764 3673 3480
f 3735 3892 3750
f 3984 3597 3796
f 4315 4276 4255
f 4276 4209 4255
f 4287 4292 4329
f 4252 4055 4430
f 3904 4054 4135
f 4135 4054 4134
f 4118 4051 3967
f 4077 4076 4062
f 4061 4076 4060
f 3990 3939 3875
f 3937 3900 3454
f 4044 4195 4238
f 4353 4443 4293
f 4274 4369 4268
f 4066 4272 4193
f 4121 4137 4120
f 4137 4136 4120
f 4120 4136 4119
f 4005 4118 3967
f 4061 4060 4052
f 3735 3750 3479
f 3479 3750 3756
f 3689 3756 3455
f 4167 3909 4248
f 4269 4325 4289
f 4289 4325 4313
f 4280 4274 4224
f 3967 4051 3947
f 3756 3707 3455
f 4167 4248 4001
f 4412 4314 4034
f 4303 4312 4302
f 4302 4312 4301
f 4325 4371 4353
f 4293 4443 4207
f 4443 4181 4207
f 4016 4288 4292
f 4102 4251 4066
f 3612 3952 3691
f 3479 3756 3689
f 3248 3466 3901
f 4001 4248 4247
f 4130 4255 4256
f 4149 4456 4044
f 4163 4270 4254
f 4254 4270 4412
f 4313 4325 4244
f 4224 4033 4280
f 4292 4287 4264
f 4252 4430 4102
f 4285 4054 3905
f 3904 3905 4054
f 4135 4134 3904
f 3904 4134 4065
f 4053 4063 3991
f 3991 4100 4014
f 3913 4014 4133
f 3563 3952 3694
f 3693 3709 3692
f 3709 3708 3692
f 3495 3518 3690
f 3538 3985 3749
f 3749 3985 3796
f 3477 3704 3909
f 4258 4263 4257
f 3928 4275 4294
f 4208 4270 4163
f 4412 4034 4254
f 4034 4314 4281
f 4289 4313 4244
f 4101 4015 4285
f 3693 3692 3674
f 3694 3952 3612
f 3612 3691 3518
f 4246 4257 4245
f 4269 4289 4244
f 4325 4353 4244
f 4224 4274 4268
f 4016 4292 4253
f 4292 4264 4253
f 4065 4064 3904
f 4005 3967 3968
f 3990 3875 3931
f 3500 3875 3519
f 3875 3939 3952
f 3563 3694 3612
f 3495 3690 3480
f 3673 3735 3187
f 3479 3689 3671
f 3248 3901 3937
f 3749 3796 3597
f 4130 4256 4106
f 4256 4255 4106
f 4265 4281 4269
f 4055 4252 3837
f 3875 3902 3931
f 3875 3500 3902
f 3632 3653 3631
f 3633 3586 3576
f 3586 3875 3576
f 3576 3952 3563
f 3672 3670 3650
f 3649 3650 3648
f 3650 3670 3648
f 3670 3669 3648
f 3514 3455 3707
f 3575 3909 3908
f 4016 4253 4237
f 3968 3967 3976
f 3976 3967 3923
f 3875 3586 3519
f 3621 3634 3620
f 3875 3952 3576
f 3187 3735 3630
f 3652 3651 3628
f 3630 3735 3627
f 3650 3649 3626
f 3649 3648 3625
f 4247 4130 4036
f 4255 4209 4045
f 3980 4269 4244
f 4207 4181 4042
f 4280 4033 4181
f 3586 3633 3519
f 3519 3633 3576
f 3237 3673 3187
f 3619 3629 3618
f 3629 3628 3618
f 3630 3627 3187
f 3627 3735 3440
f 3479 3671 3455
f 3671 3689 3455
f 3707 3986 3367
f 3477 3794 3575
f 3793 3795 3815
f 3477 3909 3794
f 3909 4167 4001
f 4266 4034 4281
f 4193 3710 4066
f 3885 4193 4015
f 3993 4053 3896
f 3991 4014 3913
f 3947 3990 3967
f 3967 3990 3931
f 3957 3695 3924
f 3695 3957 3598
f 3900 3706 3538
f 3647 3762 3399
f 3575 3794 3909
f 4154 4247 4036
f 3958 4130 4106
f 4195 4208 4163
f 3890 4281 3980
f 4281 4265 3980
f 4265 4269 3980
f 4353 4293 4207
f 4016 4237 4194
f 4285 3905 4101
f 4064 4053 3993
f 3995 3992 3994
f 3695 3598 3150
f 3440 3735 3479
f 3538 3749 3705
f 3705 3749 3562
f 4001 4247 4154
f 4255 4045 4106
f 4034 4266 3890
f 4266 4281 3890
f 4181 4033 3889
f 4193 3885 3886
f 3993 3896 4064
f 3538 3705 3562
f 4153 4152 4131
f 4088 4181 3889
f 4015 4101 3940
f 3905 3904 3969
f 3904 3752 3969
f 3978 3977 3969
f 3896 4053 3991
f 4133 4360 3876
f 3967 3931 3923
f 3514 3707 3367
f 3908 3909 4001
f 4001 4154 4036
f 4036 4130 4109
f 4109 4130 3934
f 4238 4195 4163
f 4224 4268 3888
f 4268 4016 3888
f 3784 4055 3837
f 4193 3886 3710
f 3905 3969 3752
f 3737 4133 3876
f 3816 3757 3695
f 3757 3924 3695
f 3454 3900 3538
f 3762 3704 3399
f 4095 4108 4094
f 4094 4107 4093
f 4045 4209 4019
f 4209 4295 4150
f 4165 4166 4164
f 4044 4238 4035
f 4010 4238 4163
f 4042 4181 4182
f 3335 3695 3150
f 3576 3563 3207
f 3456 3612 3518
f 3627 3440 3515
f 3540 3541 3539
f 3597 3647 3562
f 3704 3477 3405
f 4094 4093 4085
f 4166 4165 4151
f 4150 4295 4018
f 4018 4295 3928
f 3928 4294 3942
f 4146 4148 4145
f 4140 4141 4139
f 4006 4089 4181
f 4006 4181 4138
f 3896 3991 3836
f 3500 3519 3334
f 3519 3576 3334
f 3612 3481 3563
f 3441 3627 3515
f 3517 3540 3516
f 3540 3539 3516
f 3260 3455 3514
f 3562 3749 3597
f 4109 3934 4036
f 4209 4150 4018
f 4035 4238 4147
f 4238 4010 4147
f 4129 4146 4128
f 4128 4146 4127
f 4057 4254 4034
f 4353 4207 4126
f 4089 4103 4171
f 4124 4140 4123
f 4140 4139 4122
f 4089 4006 4103
f 4138 4181 4088
f 3488 3499 3487
f 3486 3498 3485
f 3563 3481 3207
f 3497 3496 3482
f 3456 3518 3495
f 3515 3440 3441
f 3253 3367 3466
f 3248 3937 3454
f 3647 3422 3562
f 3399 3704 3405
f 4106 4045 3617
f 4149 4044 3941
f 4129 4128 4105
f 4035 4147 4010
f 4043 4163 4254
f 4207 4042 4174
f 3904 4064 3781
f 3991 3913 3623
f 3913 4133 3737
f 3391 3695 3335
f 3488 3487 3474
f 3487 3486 3474
f 3474 3486 3473
f 3486 3485 3473
f 3473 3484 3472
f 3484 3483 3472
f 3481 3612 3207
f 3187 3627 3441
f 3260 3514 3367
f 3454 3538 3390
f 4045 4019 4071
f 4254 4057 4043
f 4244 4353 3933
f 4207 4174 4126
f 4171 4103 4007
f 4007 4103 4006
f 4102 4066 3849
f 3679 4066 3710
f 3940 4101 3905
f 3905 3752 3656
f 3896 3836 3877
f 3877 3836 3823
f 3613 3695 3391
f 3344 3334 3576
f 3286 3495 3480
f 3617 4045 4071
f 4084 4083 4074
f 4083 4082 4073
f 4126 4174 4042
f 4162 4173 4161
f 4172 4182 4089
f 4182 4181 4089
f 4089 4171 4125
f 3894 3903 3893
f 3913 3737 3429
f 3599 3695 3613
f 3440 3479 3455
f 3413 3455 3368
f 3575 3908 3833
f 4001 4036 3624
f 3624 4036 3981
f 3981 4036 3934
f 3934 4130 3958
f 4073 4072 4058
f 4042 4182 4172
f 4161 4160 4144
f 4158 4159 4143
f 4143 4159 4142
f 3752 3904 3751
f 3823 3896 3877
f 3879 3895 3878
f 3895 3894 3878
f 3737 3876 3821
f 3834 3835 3820
f 3819 3835 3817
f 3458 3459 3457
f 3442 3207 3612
f 3538 3562 3390
f 3861 3874 3873
f 3833 3908 3907
f 3908 3788 3907
f 3908 4001 3857
f 3617 4071 4019
f 4294 4149 3941
f 4042 4172 4089
f 4125 4171 4007
f 4055 3784 3754
f 3781 4064 3823
f 4064 3896 3823
f 3863 3879 3862
f 3836 3991 3623
f 3818 3817 3798
f 3876 3429 3821
f 3444 3459 3443
f 3459 3458 3443
f 3442 3612 3456
f 3480 3673 3286
f 3575 3833 3848
f 3860 3873 3859
f 3891 3899 3898
f 3788 3908 3857
f 3999 4000 3998
f 4000 4012 3998
f 4106 3617 3569
f 3787 4126 4042
f 4125 4007 4089
f 3849 4066 3679
f 3378 3913 3429
f 3737 3821 3429
f 3876 4360 3778
f 3344 3576 3407
f 3207 3442 3456
f 3440 3455 3413
f 3368 3455 3260
f 3399 3422 3647
f 3575 3848 3773
f 3848 3833 3773
f 3833 3907 3788
f 3857 4001 3971
f 4000 3999 3983
f 3983 3999 3982
f 3941 4044 4011
f 4011 4044 4035
f 4043 4057 4034
f 4353 4126 3933
f 4091 4104 4090
f 4092 4042 4089
f 3823 3836 3779
f 3816 3695 3655
f 3424 3423 3416
f 3415 3416 3414
f 3407 3576 3207
f 3286 3673 3237
f 3253 3466 3024
f 4001 3624 3971
f 3983 3982 3970
f 3942 4294 3872
f 4035 4010 4011
f 4091 4090 4079
f 4079 4090 4078
f 3888 4016 4194
f 3800 3801 3799
f 3801 3822 3799
f 3757 3816 3545
f 3613 3391 3489
f 3416 3415 3408
f 3408 3415 3406
f 3857 3971 3624
f 3624 3981 3934
f 3958 4106 3569
f 3872 4294 3941
f 4126 4081 3933
f 4069 4070 4068
f 4068 4080 4067
f 4042 4092 3925
f 4092 4089 3925
f 4017 4007 3979
f 4033 4224 3889
f 3837 4252 4102
f 3751 3904 3781
f 3800 3799 3780
f 3695 3599 3655
f 3344 3407 3207
f 3148 3456 3495
f 3463 3477 3575
f 3575 3435 3492
f 3512 3513 3510
f 3510 3537 3509
f 3575 3646 3733
f 3770 3890 3980
f 3980 4244 3933
f 4068 4067 4056
f 4081 4126 3787
f 3997 4009 3996
f 4009 4008 3996
f 3643 3710 3886
f 3751 3781 3806
f 3807 3825 3805
f 3804 3805 3803
f 3803 3825 3802
f 3825 3824 3802
f 3823 3779 3623
f 3779 3836 3623
f 3395 3396 3392
f 3024 3466 3248
f 3463 3575 3492
f 3494 3512 3493
f 3512 3511 3493
f 3493 3511 3491
f 3511 3510 3491
f 3510 3509 3491
f 3722 3734 3721
f 3721 3734 3732
f 3734 3748 3732
f 3646 3575 3773
f 3833 3788 3773
f 4011 4163 4043
f 3890 4043 4034
f 3933 4081 3787
f 4007 4006 3914
f 3754 3784 3932
f 3885 4015 3940
f 3640 3905 3656
f 3738 3751 3806
f 3805 3804 3782
f 3738 3806 3781
f 3545 3816 3352
f 3816 3655 3736
f 3396 3395 3374
f 3374 3395 3373
f 3373 3395 3372
f 3395 3393 3372
f 3371 3372 3370
f 3370 3393 3369
f 3171 3367 3206
f 3248 3454 3247
f 3333 3562 3422
f 3463 3492 3435
f 3575 3733 3362
f 3720 3732 3719
f 3773 3788 3789
f 4019 4209 4018
f 4089 4007 3925
f 4017 3979 3914
f 3979 4007 3914
f 3768 3783 3767
f 3816 3736 3520
f 3520 3736 3655
f 3391 3394 3273
f 3372 3371 3346
f 3346 3371 3345
f 3405 3477 3463
f 3720 3719 3703
f 3772 3792 3791
f 3791 3792 3813
f 3813 3814 3812
f 3934 3958 3949
f 3946 3948 3945
f 3944 3945 3943
f 3958 3569 3949
f 3949 3569 3934
f 3568 3928 3942
f 4011 4010 4163
f 3925 4007 4017
f 3889 4224 3888
f 3940 3905 3640
f 3752 3751 3761
f 3760 3768 3759
f 3759 3767 3758
f 3464 3761 3751
f 3489 3391 3445
f 3427 3446 3426
f 3446 3425 3426
f 3336 3391 3273
f 3394 3335 3273
f 3394 3391 3335
f 3367 3171 3260
f 3206 3367 3253
f 3562 3333 3390
f 3333 3422 3478
f 3435 3575 3362
f 3362 3733 3646
f 3772 3791 3771
f 3791 3813 3790
f 3813 3812 3790
f 3788 3731 3789
f 3936 3944 3935
f 3617 4019 4018
f 3755 4043 3890
f 3914 4006 4138
f 3837 4102 3849
f 3725 3885 3881
f 3884 3897 3883
f 3883 3897 3882
f 3882 3897 3880
f 3885 3940 3881
f 3752 3761 3464
f 3913 3378 3623
f 3876 3778 3675
f 3352 3816 3520
f 3467 3639 3638
f 3636 3637 3635
f 3637 3654 3635
f 3613 3639 3599
f 3446 3427 3428
f 3426 3417 3418
f 3336 3445 3391
f 3334 3344 3149
f 3187 3441 3056
f 3056 3441 3440
f 3247 3454 3390
f 3773 3789 3731
f 4138 4088 3889
f 3866 3884 3865
f 3884 3883 3865
f 3883 3882 3864
f 3882 3880 3864
f 3464 3751 3738
f 3740 3741 3739
f 3741 3742 3739
f 3637 3636 3622
f 3489 3445 3336
f 3150 3598 3321
f 3399 3405 3412
f 3412 3405 3411
f 3857 3624 3832
f 3914 4138 3889
f 3725 3881 3940
f 3738 3723 3464
f 3741 3740 3724
f 3429 3876 3675
f 3467 3638 3613
f 3638 3639 3613
f 3110 3335 3287
f 3344 3306 3149
f 3207 3456 3148
f 3413 3368 3301
f 3319 3320 3318
f 3130 3390 3333
f 3439 3453 3438
f 3438 3453 3437
f 3453 3452 3437
f 3452 3451 3436
f 3646 3773 3731
f 3731 3788 3570
f 3770 3980 3829
f 3829 3980 3933
f 3787 4042 3925
f 3808 3837 3849
f 3464 3723 3432
f 3723 3738 3432
f 3655 3599 3520
f 3520 3599 3577
f 3308 3307 3287
f 3335 3059 3287
f 3344 3207 3306
f 3305 3319 3304
f 3319 3318 3304
f 3304 3318 3303
f 3303 3301 3302
f 3368 2867 3301
f 3478 3422 3399
f 3285 3435 3158
f 4018 3928 3568
f 3755 3890 3770
f 3747 3787 3925
f 3725 3940 3640
f 3752 3464 3656
f 3545 3352 3353
f 3273 3335 3110
f 3287 3059 3110
f 3059 3335 3150
f 3399 3411 3478
f 3411 3399 3412
f 3285 3463 3435
f 3158 3435 3362
f 3362 3646 3731
f 3702 3830 4043
f 4017 3914 3856
f 3600 3885 3725
f 3599 3639 3467
f 3148 3495 3286
f 3413 3301 2867
f 2909 3024 3248
f 3333 3478 3342
f 3388 3389 3387
f 3788 3857 3844
f 3847 3858 3846
f 3846 3858 3845
f 3872 3941 3831
f 4043 3830 4011
f 3811 3770 3829
f 3829 3933 3787
f 3828 4017 3856
f 3808 3849 3712
f 3432 3738 3781
f 3467 3613 3330
f 3261 2935 3413
f 3342 3478 3205
f 3129 3405 3383
f 3624 3934 3554
f 3340 3872 3831
f 4043 3755 3702
f 3567 3786 3332
f 3871 3889 3888
f 3754 3932 3887
f 3785 3932 3784
f 3886 3885 3600
f 3613 3489 3330
f 3056 3440 2935
f 3440 3413 2935
f 3368 3260 3044
f 3044 3260 3206
f 3206 3260 3171
f 3247 3390 3300
f 3366 3365 3343
f 3365 3364 3341
f 3333 3342 3205
f 3129 3411 3405
f 3385 3386 3384
f 3383 3405 3463
f 3788 3844 3832
f 3844 3857 3832
f 3747 3925 3916
f 4017 3828 3503
f 3888 4194 3871
f 3841 3887 3827
f 3887 3932 3827
f 3932 3746 3827
f 3852 3867 3851
f 3851 3867 3850
f 3867 3852 3850
f 3711 3679 3710
f 3475 3656 3464
f 2935 3261 2867
f 2867 3261 3413
f 3463 3129 3383
f 3385 3384 3363
f 3554 3934 3569
f 3617 4018 3568
f 3918 3927 3917
f 3927 3926 3915
f 3925 3583 3916
f 3914 3810 3856
f 3889 3871 3855
f 3842 3754 3887
f 3887 3841 3842
f 3870 3869 3854
f 3869 3868 3853
f 3932 3785 3746
f 3837 3826 3784
f 3851 3850 3839
f 3839 3850 3838
f 3640 3656 3614
f 3352 3520 3543
f 3150 3321 3159
f 3047 3286 3237
f 3237 3187 3047
f 3390 3130 3300
f 3942 3872 3340
f 3811 3829 3549
f 3747 3916 3583
f 3917 3915 3906
f 3854 3853 3840
f 3826 3837 3680
f 3564 3837 3808
f 3432 3781 3468
f 3823 3623 3546
f 3545 3353 3112
f 3544 3542 3521
f 3577 3599 3467
f 3336 3273 3277
f 3277 3273 3289
f 3291 3309 3290
f 3289 3273 3151
f 3151 3273 3189
f 3247 3300 3130
f 3317 3478 3411
f 3561 3574 3560
f 3560 3574 3573
f 3573 3574 3572
f 3362 3731 3571
f 3914 3889 3809
f 3615 3842 3827
f 3842 3841 3827
f 3712 3849 3679
f 3447 3600 3725
f 3614 3725 3640
f 3546 3623 3378
f 3352 3543 3577
f 3524 3523 3502
f 3523 3522 3502
f 3502 3522 3501
f 3520 3577 3543
f 3489 3336 3277
f 3309 3291 3292
f 3292 3291 3275
f 3291 3290 3275
f 3275 3290 3274
f 3290 3288 3274
f 3210 3209 3190
f 3190 3209 3188
f 3209 3208 3188
f 3047 3187 3056
f 3478 3317 3205
f 3536 3560 3559
f 3560 3573 3559
f 3550 3755 3504
f 3755 3770 3504
f 3827 3746 3615
f 3784 3826 3680
f 3292 3275 3276
f 3047 3148 3286
f 3206 3253 3024
f 3248 3247 2883
f 2883 3247 2953
f 3130 3333 3205
f 3317 3411 3205
f 3362 3571 3570
f 3536 3559 3535
f 3570 3788 3686
f 4011 3830 3702
f 3810 3914 3855
f 3914 3809 3855
f 3785 3784 3680
f 3677 3676 3657
f 3489 3277 3349
f 3375 3347 3376
f 3376 3347 3348
f 3277 3289 3151
f 3151 3189 2924
f 3189 3273 2924
f 2924 3273 3110
f 3150 3159 3059
f 3306 3207 3148
f 3571 3731 3570
f 3668 3688 3687
f 3624 3554 3450
f 3942 3340 3568
f 3925 4017 3843
f 3332 3786 3433
f 3809 3889 3855
f 3476 3842 3753
f 3842 3615 3753
f 3711 3710 3547
f 3643 3886 3600
f 3677 3657 3678
f 3678 3657 3658
f 3614 3656 3475
f 3468 3781 3823
f 3354 3823 3546
f 3377 3348 3350
f 3350 3348 3337
f 3277 3139 3349
f 2953 3247 3130
f 3285 3158 3272
f 3667 3668 3666
f 3666 3687 3665
f 3788 3832 3555
f 3832 3624 3555
f 3754 3842 3433
f 3678 3659 3660
f 3659 3658 3641
f 3642 3725 3614
f 3467 3330 3577
f 3139 3489 3349
f 3377 3350 3351
f 3147 3024 2909
f 2909 3248 2883
f 3463 3285 3039
f 3570 3686 3404
f 3404 3686 3788
f 3611 3554 3569
f 3831 3941 4011
f 3504 3770 3811
f 3843 4017 3503
f 3746 3785 3745
f 3680 3837 3565
f 3725 3642 3460
f 3642 3614 3460
f 3546 3378 3354
f 2851 3149 3306
f 3259 3271 3258
f 3702 3755 3604
f 3787 3747 3829
f 3925 3843 3769
f 3843 3503 3769
f 3786 3754 3433
f 3711 3547 3679
f 3547 3710 3643
f 3725 3460 3447
f 3139 3277 3151
f 2937 3159 3321
f 3259 3258 3252
f 3272 3158 3039
f 3158 3362 3128
f 3128 3362 3251
f 3470 3747 3583
f 3567 3332 3701
f 3433 3842 3476
f 3476 3753 3615
f 3744 3743 3729
f 3729 3743 3728
f 3564 3808 3699
f 3716 3727 3715
f 3714 3715 3713
f 3727 3726 3713
f 3468 3823 3354
f 3330 3489 3049
f 3040 3129 3246
f 3129 3463 3246
f 3246 3463 3040
f 3285 3272 3039
f 3604 3755 3550
f 3549 3829 3361
f 3583 3925 3769
f 3786 3567 3382
f 3718 3730 3717
f 3746 3745 3548
f 3548 3785 3680
f 3565 3837 3564
f 3698 3714 3697
f 3697 3714 3696
f 3475 3464 3238
f 3110 3059 2980
f 3070 3159 2937
f 2979 2851 3306
f 3306 3148 2979
f 3718 3717 3700
f 3548 3745 3785
f 3564 3699 3712
f 3699 3808 3712
f 2924 3110 3074
f 3074 3110 2980
f 3059 3159 3070
f 3072 3090 3071
f 3090 3089 3071
f 3089 3088 3069
f 3047 3056 2720
f 3044 3206 3024
f 3181 3182 3180
f 3182 3184 3180
f 3129 3205 3411
f 3404 3788 3284
f 3616 3831 4011
f 3829 3747 3645
f 3684 3685 3683
f 3701 3332 3461
f 3073 3072 3058
f 2867 3368 3044
f 3068 3087 3067
f 3147 2909 3086
f 3130 3168 3023
f 3170 3186 3169
f 3185 3184 3169
f 3183 3182 3167
f 3182 3181 3167
f 3130 3205 3168
f 3555 3624 3450
f 3465 3568 3340
f 3645 3361 3829
f 3769 3503 3583
f 3583 3503 3360
f 3684 3683 3663
f 3683 3682 3663
f 3662 3681 3661
f 3643 3600 3448
f 3447 3460 3469
f 2924 3074 2980
f 3059 3070 2937
f 3047 2979 3148
f 3086 2909 2634
f 3645 3747 3470
f 3567 3701 3461
f 3664 3663 3644
f 3547 3643 3448
f 3448 3600 3419
f 3419 3600 3447
f 3464 3432 3238
f 3468 3354 3431
f 3378 3429 3675
f 3049 3489 3154
f 2979 3047 3006
f 3056 2935 2893
f 2867 3044 3045
f 3045 3044 3004
f 3147 3086 2634
f 3023 3168 3109
f 3109 3168 3205
f 3039 3040 3463
f 3615 3746 3548
f 3172 3475 3238
f 3577 3330 2945
f 3154 3489 3139
f 2924 2751 3151
f 3009 3026 3008
f 3008 3026 3007
f 3007 3026 3005
f 3047 3057 2894
f 2867 3045 3004
f 3046 3045 3025
f 3004 3044 3024
f 2634 3024 3147
f 3039 3158 3128
f 3251 3362 3570
f 3284 3788 3555
f 3525 3617 3568
f 3811 3549 3504
f 3548 3680 3589
f 3432 3468 3140
f 3468 3431 3430
f 3431 3354 3430
f 3354 3378 3675
f 2894 2979 3006
f 3009 3008 2997
f 3057 3047 2720
f 3556 3284 3555
f 3450 3611 3527
f 3596 3610 3595
f 3525 3505 3609
f 3606 3608 3605
f 3583 3397 3470
f 3602 3601 3590
f 3590 3601 3588
f 3580 3588 3587
f 3589 3680 3565
f 3447 3469 3419
f 3614 3475 3172
f 3075 3151 2751
f 2894 3006 3047
f 2978 3056 2893
f 3043 2953 3130
f 3450 3284 3556
f 3558 3557 3534
f 3556 3555 3450
f 3554 3611 3450
f 3553 3552 3531
f 3531 3552 3530
f 3552 3551 3530
f 3529 3551 3528
f 3527 3611 3299
f 3569 3617 3299
f 3299 3617 3525
f 3505 3525 3568
f 3505 3568 3403
f 3402 3831 3594
f 3608 3607 3593
f 3593 3607 3592
f 3607 3606 3591
f 3397 3583 3409
f 3462 3828 3856
f 3590 3588 3581
f 3581 3580 3579
f 3580 3587 3578
f 3324 3331 3323
f 3323 3331 3322
f 2945 3330 3049
f 3151 3075 2981
f 3092 3111 3091
f 3059 2937 2750
f 3056 2978 2720
f 2996 2995 2977
f 3205 3129 3040
f 3508 3533 3507
f 3533 3532 3507
f 3529 3528 3506
f 3528 3526 3506
f 3611 3569 3299
f 3609 3505 3403
f 3403 3568 3465
f 3593 3592 3585
f 3585 3592 3584
f 3831 3616 3594
f 4011 3702 3616
f 3615 3548 3476
f 3581 3579 3566
f 3460 3614 3172
f 3238 3432 3140
f 3323 3322 3310
f 3077 3092 3076
f 2937 3321 2604
f 2851 2979 2894
f 2720 2978 2893
f 2634 2909 2883
f 3043 3130 3023
f 3527 3299 3450
f 3525 3609 3403
f 3402 3594 3616
f 3401 3433 3476
f 3548 3589 3565
f 3354 3675 2899
f 2924 2980 2750
f 3402 3340 3831
f 3360 3828 3603
f 3567 3582 3382
f 3679 3547 3448
f 3155 3112 3353
f 3075 2751 2981
f 2980 3059 2750
f 2704 2867 3004
f 3299 3525 3403
f 3645 3470 3361
f 3360 3503 3828
f 3215 3476 3548
f 3449 3564 3712
f 3449 3712 3448
f 3468 3430 3140
f 3430 3354 2899
f 2944 2943 2939
f 2751 2746 2938
f 2750 2937 2923
f 2922 2936 2921
f 2893 2935 2867
f 2743 3023 3003
f 3003 3023 3109
f 2964 3039 2821
f 3604 3550 3504
f 3471 3361 3470
f 3360 3603 3462
f 3603 3828 3462
f 3679 3448 3712
f 2751 2938 2981
f 2938 2746 2981
f 2750 2923 2604
f 2923 2937 2604
f 3022 3042 3020
f 3042 3041 3020
f 3020 3041 3019
f 3504 3549 3361
f 3565 3564 3449
f 2883 2953 3043
f 3021 3020 3002
f 3020 3019 3001
f 3205 3040 3109
f 3251 3570 3404
f 3284 3450 3157
f 3616 3702 3604
f 3504 3421 3604
f 3582 3567 3461
f 2751 2924 2750
f 2822 2634 2883
f 2743 3003 3109
f 3109 3040 3039
f 3157 3450 3179
f 3450 3434 3179
f 3490 3583 3360
f 3400 3548 3565
f 3151 2981 3139
f 2848 2893 2867
f 2883 3043 2743
f 3043 3023 2743
f 3402 3616 3421
f 3583 3490 3409
f 3401 3476 3215
f 3172 3238 3355
f 3227 3226 3211
f 3154 3139 3049
f 2745 2894 2870
f 2894 3057 2870
f 2733 2867 2704
f 3004 3024 2634
f 2743 2744 2883
f 3434 3450 3299
f 3471 3138 3361
f 3244 3565 3449
f 3214 3228 3213
f 3213 3228 3212
f 2639 2746 2831
f 2746 2751 2831
f 2869 2868 2849
f 2822 2883 2744
f 2774 2743 3109
f 2821 3039 3128
f 3421 3616 3604
f 3449 3448 3152
f 3379 3448 3419
f 3460 3279 3469
f 3172 3355 3141
f 3213 3212 3191
f 3352 3577 3353
f 2834 2853 2833
f 2853 2852 2832
f 2604 3321 2830
f 2851 2894 2735
f 2894 2850 2735
f 2828 2829 2827
f 2777 2894 2745
f 2745 2870 3057
f 3039 2964 3109
f 2882 3404 3157
f 3490 3360 3409
f 3193 3332 3401
f 3332 3433 3401
f 2899 3675 3192
f 3060 3139 2981
f 2831 2751 2639
f 2801 2828 2800
f 2828 2827 2800
f 2799 2800 2798
f 2827 2826 2798
f 2401 2720 2759
f 2720 2893 2759
f 2759 2893 2825
f 2893 2848 2825
f 2848 2867 2733
f 3403 3465 3398
f 3103 3409 3360
f 3279 3460 3172
f 3278 3355 3238
f 2760 2746 2721
f 2751 2750 2639
f 2894 2777 2850
f 2800 2799 2778
f 2799 2798 2776
f 2824 2823 2797
f 2797 2823 2796
f 2919 2920 2934
f 2933 3109 2964
f 2882 3251 3404
f 3410 3421 3504
f 3471 3470 3397
f 3400 3565 3244
f 3152 3448 3265
f 3140 3430 3051
f 3051 3430 2899
f 3048 3049 3139
f 2805 2803 2804
f 2804 2803 2779
f 2803 2802 2779
f 2850 2777 2745
f 2796 2795 2775
f 3109 2933 2774
f 2908 2919 2918
f 2919 2934 2918
f 2918 2934 2917
f 2934 2932 2917
f 2932 2931 2917
f 3157 3404 3284
f 3410 3504 3361
f 3265 3448 3379
f 3419 3469 3243
f 3263 3264 3262
f 3141 3355 3262
f 3355 3278 3262
f 2898 3139 3060
f 2746 2760 2981
f 2745 3057 2720
f 2759 2825 2848
f 2424 2743 2774
f 2774 2933 2964
f 2821 3128 2773
f 3380 3461 3332
f 3244 3449 3143
f 3379 3419 3265
f 3296 3311 3295
f 3295 3311 3294
f 3172 3141 3229
f 3141 3262 3278
f 3155 3353 2945
f 2781 2780 2761
f 2760 2721 2981
f 2704 3004 2634
f 3402 3465 3340
f 3178 3421 3054
f 3255 3421 3410
f 3295 3294 3280
f 3293 3469 3279
f 3278 3238 3140
f 2945 3353 3577
f 2945 3049 2910
f 2898 2910 3049
f 3048 3139 2898
f 2721 2746 2639
f 2735 2850 2648
f 2648 2850 2745
f 2497 2743 2424
f 3398 3465 3402
f 3200 3361 3138
f 3138 3471 3397
f 3145 3462 3420
f 3462 3856 3420
f 3548 3400 3244
f 3469 3293 3243
f 3243 3293 3279
f 3172 3229 3231
f 2821 2773 2702
f 3361 3200 2929
f 3360 3462 3145
f 3216 3380 3332
f 3332 3193 3216
f 3244 3215 3548
f 3143 3449 3152
f 3240 3242 3239
f 3112 3155 2238
f 3049 3048 2898
f 2848 2733 2705
f 2719 2734 2718
f 2704 2634 2581
f 2866 2875 2864
f 2774 2964 2865
f 2773 3251 2882
f 3434 3299 3250
f 3299 3038 3250
f 3401 3215 3028
f 2983 3172 3113
f 3094 3172 3231
f 3242 3241 3232
f 3241 3240 3230
f 2567 2981 2711
f 2711 2981 2721
f 2639 2750 2518
f 2719 2718 2709
f 2708 2718 2707
f 2707 2718 2706
f 2774 2865 2579
f 2579 2865 2964
f 2821 2846 2964
f 2862 2863 2861
f 3283 3282 3270
f 3269 3281 3268
f 3268 3281 3267
f 3166 3421 3178
f 3326 3410 3361
f 3124 3397 3409
f 3145 3103 3360
f 3461 3380 2879
f 3231 3229 3094
f 3229 3141 3094
f 3051 2899 3050
f 2899 3192 2695
f 2863 2862 2847
f 2862 2861 2845
f 2846 2821 2579
f 3269 3268 3257
f 3299 3403 3055
f 3326 3361 2929
f 3382 3582 3164
f 3380 3216 3338
f 3357 3381 3356
f 3028 3193 3401
f 3243 3279 2925
f 3279 3172 2983
f 2736 2722 2723
f 2722 2710 2723
f 2723 2710 2712
f 2721 2567 2711
f 2759 2848 2441
f 2848 2705 2441
f 2441 2705 2733
f 2733 2704 2665
f 2704 2581 2665
f 2634 2822 2484
f 2744 2743 2822
f 2964 2846 2579
f 2579 2821 2702
f 3235 3236 3245
f 3257 3256 3249
f 3054 3421 3255
f 3255 3410 3329
f 3326 2929 3410
f 2879 3380 3338
f 3359 3358 3339
f 3265 3419 3243
f 2783 2945 2910
f 2966 2982 2965
f 2957 3060 2666
f 3060 2981 2954
f 2723 2712 2724
f 2518 2750 2442
f 2745 2720 2647
f 2678 2679 2677
f 2677 2694 2676
f 2773 3128 3251
f 3157 3204 2882
f 3225 3235 3224
f 3434 3250 3038
f 3402 3421 3166
f 3255 3329 3312
f 3315 3328 3314
f 3314 3328 3313
f 3328 3327 3313
f 3254 3329 3410
f 2879 3338 3216
f 3060 2957 2898
f 2968 2967 2958
f 2958 2967 2956
f 2966 2965 2955
f 2666 3060 2725
f 2725 3060 2954
f 2637 2750 2623
f 2329 2745 2647
f 2679 2678 2664
f 2678 2677 2664
f 2677 2676 2664
f 2484 2822 2743
f 3204 3157 2663
f 3038 3179 3434
f 3316 3315 3298
f 3298 3315 3297
f 3165 3397 3124
f 3160 3143 3152
f 3141 3278 3140
f 2957 2666 2898
f 2725 2954 2981
f 2750 2637 2442
f 2650 2649 2638
f 2638 2649 2636
f 2648 2745 2635
f 2635 2745 2329
f 2733 2665 2581
f 2882 3204 2663
f 3234 3398 3402
f 3234 3402 3166
f 3312 3329 3254
f 2929 3254 3410
f 3138 3397 3165
f 3164 3582 3325
f 3113 3172 3094
f 3141 3140 3093
f 2559 2721 2518
f 2721 2639 2518
f 2604 2830 2622
f 2476 2759 2441
f 3255 3312 3254
f 2998 3103 3145
f 3582 3461 3062
f 3243 2925 3114
f 2607 2624 2606
f 2637 2623 2442
f 2750 2604 2623
f 2622 2582 2604
f 2930 3179 3038
f 3178 3054 3146
f 3054 3255 3254
f 3582 3266 3325
f 2762 2910 2898
f 2561 2567 2721
f 2585 2605 2584
f 2584 2605 2583
f 2604 2582 2623
f 2647 2720 2401
f 2425 2733 2581
f 2390 2581 2634
f 2743 2497 2484
f 2771 2773 2882
f 3403 3398 3037
f 3152 3265 3243
f 2969 2983 2900
f 3141 3093 3094
f 2640 2898 2666
f 2585 2584 2560
f 2453 2559 2518
f 2390 2634 2484
f 2702 2773 2469
f 2469 2773 2791
f 2793 2794 2819
f 2819 2820 2818
f 2818 2820 2844
f 2791 2773 2771
f 2930 3157 3179
f 3409 3103 3124
f 3132 3243 3114
f 3094 3093 2811
f 3155 2945 2783
f 2725 2981 2897
f 2885 2896 2884
f 2896 2895 2884
f 2721 2559 2453
f 2424 2774 2579
f 2579 2702 2495
f 2772 2793 2792
f 2819 2818 2792
f 3055 3403 3037
f 3066 3166 3203
f 3202 3223 3201
f 3223 3222 3201
f 3203 3166 3153
f 3215 3244 3028
f 3243 3132 3078
f 3133 3142 3131
f 2886 2885 2876
f 2897 2981 2567
f 2647 2363 2329
f 2476 2529 2410
f 2545 2558 2544
f 2529 2476 2441
f 3398 3234 3166
f 3156 3164 3325
f 2949 2879 3216
f 3175 3176 3174
f 3216 3193 3162
f 3152 3243 3078
f 3078 3132 3114
f 2925 3279 2983
f 2783 2910 2762
f 2725 2897 2567
f 2546 2545 2530
f 2545 2544 2530
f 2580 2424 2579
f 2469 2791 2771
f 3066 3203 3153
f 3146 3153 3166
f 3166 3178 3146
f 2929 3200 2974
f 3266 3582 3062
f 3176 3175 3163
f 3174 3173 3161
f 3113 2900 2983
f 2733 2425 2516
f 3038 3299 3055
f 3398 3166 3066
f 2974 3200 3138
f 3062 3461 2879
f 3217 3233 3195
f 3216 3177 3195
f 3216 3162 2840
f 3051 3050 2753
f 2651 3050 2899
f 2238 3155 2763
f 2762 2898 2640
f 2666 2725 2752
f 2410 2401 2759
f 2410 2529 2441
f 2441 2733 2516
f 2517 2515 2498
f 2892 2663 3157
f 3146 3054 3153
f 3325 3266 3198
f 2949 3216 3195
f 3218 3217 3194
f 3162 3193 2840
f 2877 3028 3244
f 2900 3113 3094
f 3140 3051 2753
f 2441 2516 2425
f 2390 2484 2328
f 2771 2882 2461
f 3138 3165 3052
f 3199 3221 3197
f 3220 3219 3196
f 3195 3177 2949
f 2687 3143 2942
f 3160 3152 2984
f 2811 3093 2810
f 2759 2476 2410
f 2495 2702 2469
f 2461 2882 2663
f 2891 3157 2930
f 3156 3325 3198
f 3156 3198 3266
f 2840 3193 3028
f 3244 3143 2687
f 3118 2942 3143
f 3143 3160 3027
f 3027 3160 3079
f 3093 3140 2753
f 2763 3155 2783
f 2837 2855 2836
f 2836 2854 2835
f 2647 2401 2363
f 2484 2497 2424
f 2907 3054 2929
f 3054 3254 2929
f 2974 3138 3052
f 3052 3165 3124
f 3099 3117 3098
f 3118 3143 3027
f 3097 3116 3096
f 3096 3115 3095
f 2651 2899 2695
f 2763 2762 2807
f 2836 2835 2809
f 2623 2582 2184
f 2424 2580 2513
f 3037 3398 2817
f 3108 3127 3107
f 3127 3125 3106
f 3106 3125 3105
f 3105 3125 3104
f 3164 3156 3063
f 3177 3216 2747
f 2942 3118 3027
f 2984 3027 3079
f 3096 3095 3080
f 3079 3160 2984
f 3152 3078 2984
f 2812 2983 2969
f 2485 2695 3192
f 2809 2808 2782
f 2808 2806 2782
f 2807 2762 2640
f 2561 2453 2426
f 2561 2721 2453
f 2453 2518 2442
f 2512 2528 2511
f 2528 2527 2511
f 2580 2579 2543
f 2543 2579 2495
f 2930 3038 2963
f 3153 3126 3066
f 3107 3106 3085
f 3126 3153 2962
f 2998 3145 3420
f 3063 3156 3266
f 3137 2949 3177
f 2925 2983 2812
f 2754 2810 3093
f 2753 3050 2651
f 2807 2640 2763
f 2424 2513 2352
f 2514 2512 2496
f 3055 2731 2994
f 2817 3398 3066
f 3066 3126 2962
f 3135 3144 3134
f 2928 3137 3177
f 2985 3216 2840
f 2687 2877 3244
f 2783 2762 2763
f 2155 2184 2582
f 2328 2484 2424
f 2352 2513 2580
f 2580 2543 2507
f 2509 2510 2508
f 2543 2404 2507
f 3055 3037 2817
f 2817 3066 2962
f 2929 2974 2989
f 3137 3121 2949
f 3123 3136 3122
f 3135 3134 3122
f 3122 3134 3120
f 3120 3134 3119
f 2928 3177 2747
f 2747 3216 2985
f 2725 2567 2610
f 2425 2581 1990
f 1990 2581 1961
f 2892 3157 2891
f 2930 2963 2976
f 3055 2994 2881
f 3052 3124 3103
f 3121 3137 2928
f 2410 2441 2154
f 2580 2507 2404
f 2771 2461 2469
f 2881 2994 2731
f 3014 2879 2949
f 3084 3102 3083
f 3101 3100 3081
f 2840 3028 2877
f 2984 2942 3027
f 2752 2725 2610
f 2444 2561 2499
f 2453 2442 2105
f 1961 2581 2390
f 2063 2390 2328
f 2081 2328 2424
f 2543 2495 2404
f 2469 2461 2403
f 2930 2976 2952
f 2976 2963 2952
f 2952 2963 3038
f 2881 3038 3055
f 3153 3054 2907
f 3053 2816 2929
f 3014 2949 2887
f 3083 3082 3061
f 2561 2426 2499
f 1818 2426 2453
f 2952 3038 2881
f 2816 3053 2989
f 3053 2929 2989
f 3064 3065 3063
f 2949 3121 2928
f 3033 3029 3032
f 3031 3029 3011
f 3011 3029 3010
f 2985 2840 3030
f 2405 3093 2753
f 2666 2752 2611
f 2442 2623 2105
f 2441 2425 1990
f 2081 2424 2352
f 2962 3153 2951
f 2951 3153 2950
f 3052 3103 3017
f 3065 3064 2788
f 3064 3063 2788
f 2788 3063 3266
f 2985 3030 2747
f 3033 3032 3013
f 3013 3032 3012
f 3032 3031 3012
f 2942 2984 2940
f 2856 3114 2925
f 2686 2925 2812
f 2969 2900 2784
f 2811 2900 3094
f 2754 3093 2405
f 2495 2168 2404
f 2732 2891 2930
f 2907 2929 2993
f 2992 3000 2991
f 3000 2999 2991
f 2991 2999 2990
f 2974 3052 2653
f 2901 2942 2940
f 2948 2960 2947
f 2947 2960 2946
f 2960 2959 2946
f 3078 3114 2984
f 2984 3114 2856
f 2871 2925 2686
f 2183 2363 2401
f 2154 2441 1962
f 2495 2469 2168
f 2731 3055 2817
f 2992 2991 2975
f 2758 2993 2929
f 3018 3036 3016
f 3036 3035 3016
f 3016 3035 3015
f 3035 3034 3015
f 2890 3017 3103
f 2998 3420 2843
f 3266 3062 2841
f 2747 3030 2840
f 2901 2687 2942
f 2940 2947 2941
f 2940 2984 2901
f 2485 3192 2667
f 2238 2763 2549
f 2567 2561 2444
f 1818 2453 2170
f 2170 2453 2301
f 2331 2332 2330
f 2301 2453 2105
f 2329 2363 1920
f 2441 1990 1962
f 1961 2390 2063
f 2580 2404 2327
f 2907 2993 2758
f 3052 3017 2890
f 2973 2890 2998
f 2890 3103 2998
f 2925 2871 2856
f 2640 2666 2612
f 2412 2666 2611
f 2547 2567 2531
f 2499 2463 2444
f 2477 2470 2471
f 2499 2426 2463
f 2300 2333 2299
f 2333 2332 2299
f 2299 2332 2298
f 2410 2154 2401
f 2856 2871 2686
f 2396 2900 2811
f 2485 2667 2473
f 2617 2763 2640
f 2354 2567 2564
f 2609 2608 2586
f 2478 2477 2463
f 2464 2462 2454
f 2463 2426 2444
f 2301 2105 2170
f 2817 2962 2749
f 2962 2951 2749
f 3153 2907 2770
f 2972 2988 2971
f 2987 2986 2970
f 2973 2998 2843
f 2784 2900 2396
f 2617 2640 2612
f 2611 2752 2610
f 2588 2587 2566
f 2566 2587 2565
f 2564 2567 2547
f 2443 2444 2426
f 2623 2231 2169
f 2282 2281 2261
f 2352 2580 2028
f 2028 2580 2327
f 2890 2973 2843
f 2972 2971 2961
f 2841 3062 2879
f 2840 2877 2688
f 2810 2754 2698
f 2549 2763 2617
f 2549 2617 2613
f 2615 2625 2614
f 2612 2613 2617
f 2612 2666 2412
f 2563 2562 2548
f 2567 2444 2531
f 2443 2426 2411
f 2237 2265 2236
f 2264 2262 2234
f 2234 2263 2233
f 2263 2262 2232
f 2231 2623 2184
f 2582 2622 1963
f 2260 2280 2259
f 2229 2063 2328
f 2168 2469 2101
f 2758 2489 2907
f 2758 2929 2816
f 2989 2974 2790
f 2812 2969 2784
f 2738 2740 2737
f 2713 2698 2754
f 2590 2616 2589
f 2354 2611 2610
f 2610 2567 2354
f 2564 2547 2354
f 2354 2547 2520
f 2534 2535 2533
f 2547 2531 2520
f 2444 2443 2411
f 2208 2209 2207
f 2237 2236 2207
f 2426 1818 2235
f 2169 2231 2184
f 2401 1931 2183
f 2063 2229 2182
f 2230 2260 2228
f 2732 2930 2952
f 2489 2770 2907
f 2816 2989 2790
f 2858 2984 2856
f 2811 2810 2698
f 2728 2739 2727
f 2727 2739 2726
f 2738 2737 2726
f 2405 2753 2651
f 2613 2612 2549
f 2524 2536 2523
f 2503 2412 2611
f 2534 2533 2519
f 2533 2532 2519
f 2064 2426 2130
f 2209 2208 2187
f 2186 2206 2185
f 1920 2363 2183
f 2469 2279 2101
f 1987 2469 2403
f 2952 2881 2557
f 2949 2928 2887
f 2887 2928 2912
f 2859 2872 2857
f 2698 2713 2413
f 2728 2727 2714
f 2504 2524 2502
f 2502 2523 2501
f 2522 2521 2500
f 2426 2235 1890
f 2186 2185 2171
f 2229 2328 2182
f 2126 2028 2327
f 2951 2950 2770
f 2653 3052 2741
f 2913 2927 2911
f 2927 2926 2911
f 2912 2928 2902
f 2715 2984 2858
f 2839 2857 2838
f 2858 2856 2838
f 2568 2811 2413
f 2713 2754 2413
f 2683 2413 2754
f 2651 2337 2405
f 2651 2695 2485
f 2503 2611 2472
f 2520 2531 2354
f 2426 2064 2411
f 1890 2235 1818
f 2155 2582 1991
f 2062 2081 2352
f 1987 2279 2469
f 2603 2663 2892
f 2731 2817 2703
f 2526 2817 2749
f 2843 3052 2890
f 2906 2916 2905
f 2905 2916 2904
f 2916 2915 2904
f 2914 2913 2903
f 2887 2912 2902
f 2858 2838 2715
f 2715 2838 2856
f 2396 2811 2568
f 2811 2698 2413
f 2681 2696 2680
f 2549 2612 2412
f 2412 2503 2472
f 2336 2531 2444
f 2391 2444 2411
f 2170 2105 1818
f 2184 2155 2169
f 2328 2081 2182
f 2062 2352 2028
f 2461 2663 2475
f 2703 2817 2526
f 2950 3153 2770
f 2843 3420 2633
f 2879 2888 2632
f 2906 2905 2889
f 2905 2904 2889
f 2888 2879 3014
f 2984 2715 2901
f 2480 2812 2784
f 2685 2697 2684
f 2684 2697 2682
f 2697 2681 2682
f 2682 2681 2668
f 2169 2155 1991
f 2076 2404 2168
f 2790 2974 2689
f 3052 2843 2880
f 2888 3014 2632
f 2748 3014 2860
f 3014 2887 2860
f 2928 2747 2902
f 2684 2682 2669
f 2388 2683 2754
f 2388 2754 2405
f 2354 2531 2336
f 2130 2031 2082
f 2107 2129 2106
f 2105 2623 2169
f 2582 1963 1991
f 1931 2401 2154
f 2126 2327 2227
f 2100 2475 2663
f 2460 2892 2891
f 2732 2952 2423
f 2874 2878 2873
f 2396 2135 2784
f 2413 2683 2388
f 2473 2667 2479
f 2130 2082 2064
f 2128 2129 2108
f 2130 2426 1890
f 1962 1990 1701
f 1961 2063 2182
f 2461 1987 2403
f 2891 2732 2423
f 2951 2770 2671
f 2741 3052 2880
f 2880 2843 2741
f 2686 2812 2480
f 2082 2031 2064
f 2126 2227 2049
f 2227 2327 2049
f 2049 2327 2404
f 2101 2279 2324
f 2279 1987 2324
f 2326 2324 2325
f 2816 2790 2756
f 2768 2769 2767
f 2767 2789 2766
f 2632 3014 2748
f 2860 2887 2748
f 2627 2840 2688
f 2877 2687 2652
f 2473 2479 2239
f 2412 2472 2428
f 2411 2375 2391
f 2391 2375 2064
f 2375 2411 2064
f 2031 2130 1890
f 1931 2154 1962
f 2062 2182 2081
f 2297 2326 2296
f 2326 2325 2296
f 2460 2891 2278
f 2731 2703 2381
f 2526 2749 2951
f 2768 2767 2757
f 2767 2766 2757
f 2756 2790 2700
f 2700 2790 2689
f 3266 2841 2699
f 2814 2815 2813
f 2815 2842 2813
f 2747 2840 2785
f 2840 2398 2785
f 2485 2473 2239
f 2387 2549 2412
f 2455 2445 2446
f 2445 2427 2429
f 2472 2611 2354
f 2336 2444 2391
f 1963 2622 2030
f 2404 2076 2049
f 2101 2324 1987
f 2952 2673 2423
f 2692 2693 2690
f 2693 2701 2690
f 2816 2756 2700
f 2974 2653 2689
f 2815 2814 2787
f 2747 2785 2398
f 2715 2856 2686
f 2550 2433 2784
f 2239 2651 2485
f 2428 2472 2161
f 2382 2391 2173
f 1968 2105 2169
f 2009 1961 2182
f 2278 2891 2661
f 2891 2423 2661
f 2691 2690 2672
f 2673 2952 2557
f 2468 2489 2758
f 2418 2741 2843
f 2788 3266 2699
f 2765 2786 2764
f 2686 2480 2486
f 2396 2568 2571
f 2161 2412 2428
f 2302 2336 2391
f 2391 2382 2302
f 2384 2392 2383
f 1924 2105 1995
f 2105 1968 1995
f 1994 1995 1993
f 1993 2011 1992
f 2011 2010 1992
f 1815 1961 2009
f 2008 2009 2007
f 2007 2029 2006
f 1919 2062 2028
f 2104 2028 2126
f 2100 2461 2475
f 2100 2663 2603
f 2675 2674 2662
f 2660 2674 2659
f 2659 2674 2658
f 2423 2673 2557
f 2490 2951 2452
f 2452 2951 2671
f 2765 2764 2755
f 2879 2632 2841
f 2877 2652 2688
f 2396 2571 2430
f 2593 2592 2572
f 2572 2592 2570
f 2570 2592 2569
f 2592 2591 2569
f 1924 1818 2105
f 1924 1995 1967
f 1995 1994 1967
f 1994 1993 1967
f 1993 1992 1966
f 1965 1966 1964
f 1966 1992 1964
f 1952 1991 1963
f 1915 1931 1962
f 1989 2008 1988
f 2008 2007 1988
f 1919 2028 2104
f 2103 2127 2102
f 2526 2951 2490
f 2770 2489 2671
f 2758 2816 2700
f 2742 2653 2741
f 2632 2748 2902
f 2687 2901 2652
f 2901 2715 2594
f 2012 2388 2405
f 2302 2382 2173
f 2064 2173 2391
f 1967 1968 1924
f 1965 1964 1953
f 2169 1924 1968
f 2169 1991 1617
f 1753 1962 1701
f 1701 1990 1939
f 1815 2009 2182
f 2080 2103 2079
f 2079 2103 2078
f 2078 2102 2077
f 2653 2742 2717
f 2748 2887 2902
f 2480 2784 2433
f 2304 2784 2135
f 2430 2571 2568
f 2238 2549 2387
f 2354 2336 2364
f 1604 1952 1933
f 1942 1943 1941
f 1933 1952 1963
f 1920 2183 1931
f 1950 1951 1939
f 1990 1961 1815
f 1919 2104 2126
f 2661 2423 2278
f 2557 2881 2731
f 2730 2729 2716
f 2398 2840 2118
f 2688 2652 2627
f 2901 2594 2652
f 2337 2651 2239
f 2378 2412 2161
f 1952 1686 1991
f 1942 1941 1934
f 1934 1941 1932
f 1939 1951 1938
f 1951 1950 1938
f 1939 1990 1815
f 2182 2062 1844
f 1919 2026 1774
f 2051 2061 2050
f 2168 2101 1949
f 1743 1987 2461
f 2758 2700 2438
f 2689 2653 2542
f 2653 2717 2542
f 2717 2742 2542
f 2902 2747 2398
f 2393 2394 2386
f 2303 2336 2302
f 1924 2169 1889
f 1933 1963 1604
f 1963 2030 1755
f 1940 1938 1930
f 2027 2051 2025
f 2051 2050 2025
f 1987 1923 2101
f 2381 2703 2526
f 2715 2686 2594
f 2238 2387 2210
f 2386 2385 2377
f 2377 2385 2376
f 2472 2354 2364
f 2336 2303 2364
f 2335 2353 2334
f 1818 1924 1889
f 1701 1939 1815
f 1774 2026 2126
f 2026 1919 2126
f 2049 2076 2168
f 1628 2101 1923
f 2460 2603 2892
f 2758 2438 2468
f 2408 2689 2645
f 2689 2542 2645
f 2656 2657 2655
f 2645 2542 2408
f 2594 2686 2486
f 2337 2239 1998
f 2387 2412 2378
f 2377 2376 2365
f 1583 2169 1617
f 1617 1991 1686
f 1920 1931 1888
f 1915 1962 1792
f 2126 2049 1774
f 1743 2461 2100
f 2646 2656 2644
f 2655 2654 2644
f 2556 2843 2633
f 2487 2699 2841
f 2619 2626 2618
f 2550 2784 2304
f 2387 2378 2161
f 2364 2303 2302
f 1585 2031 1890
f 1686 1952 1604
f 1931 1915 1888
f 1792 1962 1753
f 1815 2182 1844
f 2062 1919 1774
f 1949 2101 1628
f 2351 2671 2489
f 2700 2689 2389
f 2418 2843 2556
f 2633 3420 2670
f 2627 2652 2595
f 2620 2619 2596
f 2486 2480 2271
f 1604 1963 1755
f 1888 1915 1754
f 2100 2603 2460
f 2409 2423 2483
f 2483 2423 2557
f 2557 2731 2381
f 2389 2689 2578
f 2578 2689 2600
f 2902 2628 2311
f 2902 2398 2628
f 2840 2627 2369
f 2627 2595 2450
f 2595 2652 2450
f 2413 2388 2338
f 2173 2064 1586
f 1584 1890 1818
f 2493 2494 2492
f 2599 2621 2598
f 2689 2408 2600
f 2553 2487 2841
f 2398 2311 2628
f 2631 2643 2630
f 2643 2642 2630
f 2630 2642 2629
f 2642 2641 2629
f 2652 2594 2537
f 2271 2480 2433
f 2338 2430 2568
f 2012 2405 2337
f 1586 2064 2031
f 1755 2030 1599
f 1753 1701 1529
f 1846 1701 1815
f 1871 1887 1870
f 2492 2491 2482
f 2468 2602 2506
f 2602 2468 2438
f 2601 2599 2577
f 2577 2598 2576
f 2742 2741 2418
f 2632 2902 2434
f 2311 2459 2902
f 2369 2627 2450
f 2540 2552 2539
f 2539 2552 2538
f 2537 2594 2474
f 2433 2550 2397
f 2568 2413 2338
f 2388 2012 2189
f 2302 2173 2052
f 2172 2158 2159
f 2157 2158 2156
f 2160 2173 1969
f 1889 2169 1729
f 1872 1873 1851
f 1851 1873 1850
f 1850 1873 1849
f 1848 1871 1847
f 1871 1870 1847
f 1847 1870 1845
f 1726 2062 1774
f 2483 2557 2409
f 2506 2602 2438
f 2556 2633 2670
f 2118 2840 2369
f 2652 2537 2474
f 2539 2538 2525
f 2397 2550 2448
f 2012 2337 1998
f 2285 2239 2188
f 2210 2387 2161
f 2159 2157 2146
f 1851 1850 1817
f 1815 1752 1846
f 1844 2062 1726
f 2049 2168 1814
f 1814 2168 1949
f 2578 2600 2408
f 2408 2542 2437
f 2487 2554 2451
f 2487 2553 2554
f 2450 2652 2474
f 2449 2447 2432
f 2432 2447 2431
f 2173 2160 2052
f 2147 2146 2131
f 1890 1584 1585
f 1915 1792 1754
f 1701 1846 1752
f 1752 1815 1775
f 1815 1844 1775
f 1791 1816 1790
f 1810 2100 2075
f 2278 2423 2409
f 2381 2526 2490
f 2351 2452 2671
f 2574 2597 2573
f 2575 2554 2553
f 2594 2070 2551
f 2432 2431 2414
f 2304 2448 2550
f 2430 2338 2395
f 1998 2239 2285
f 2472 2364 2052
f 2052 2364 2302
f 2052 2160 1969
f 1778 1777 1756
f 1791 1790 1776
f 2422 2506 2438
f 2542 2541 2437
f 2541 2542 2742
f 2556 2670 2555
f 2474 2594 2551
f 2397 2448 2304
f 2430 2395 2174
f 2239 2479 1916
f 1729 1818 1889
f 1758 1757 1746
f 1757 1756 1746
f 1686 1604 1757
f 1757 1604 1617
f 1604 1755 1599
f 1754 1792 1706
f 1752 1775 1844
f 1774 2049 1869
f 1923 1987 1743
f 2075 2100 2295
f 2351 2489 2468
f 2468 2506 2481
f 2437 2541 2742
f 2554 2575 2451
f 2575 2553 2451
f 2451 2553 2841
f 2466 2467 2465
f 2271 2433 2397
f 2135 2396 2430
f 2395 2338 2174
f 2268 2284 2267
f 2284 2283 2266
f 2240 2285 2188
f 1584 1818 1707
f 1731 1732 1730
f 1686 1757 1617
f 1792 1753 1706
f 1728 1408 1752
f 1923 1743 1628
f 1810 1743 2100
f 2323 2100 2460
f 2422 2468 2481
f 2481 2506 2422
f 2594 2456 2070
f 2466 2465 2458
f 2458 2465 2457
f 2594 2486 2456
f 2456 2486 2070
f 2267 2266 2241
f 2240 2188 1998
f 2210 2161 2472
f 1710 1731 1709
f 1709 1731 1708
f 1617 1604 1245
f 1701 1752 1408
f 1745 1744 1727
f 1728 1752 1630
f 2295 2100 2323
f 2409 2557 2145
f 2145 2557 2381
f 2490 2452 2351
f 2125 2468 2422
f 2556 2555 2505
f 2201 2487 2451
f 2397 2304 2271
f 2285 2240 1998
f 2238 2210 1996
f 1713 2472 1891
f 2472 2052 1891
f 1408 1728 1630
f 1752 1844 1630
f 1644 1743 1810
f 2351 2468 2402
f 2418 2556 2488
f 2556 2505 2488
f 2434 2902 2459
f 2450 2474 2551
f 1969 2173 1712
f 2031 1711 1586
f 1584 1707 1729
f 1707 1818 1729
f 1706 1753 1409
f 1814 1949 1867
f 2381 2490 2351
f 2341 2487 2201
f 2841 2632 2400
f 2450 2551 2153
f 2245 2486 2271
f 2286 2176 2135
f 2135 2430 2174
f 1935 2174 2338
f 1729 2169 1583
f 1409 1753 1529
f 1529 1701 1408
f 1485 1726 1774
f 1868 1886 1866
f 1886 1885 1866
f 1885 1884 1866
f 1867 1949 1628
f 2323 2460 2278
f 2438 2125 2422
f 2350 2438 2700
f 1935 2338 2054
f 2053 2338 2388
f 2053 2388 2189
f 1712 2173 1733
f 1733 2173 1586
f 1599 2030 1685
f 1408 1630 1663
f 1681 1682 1680
f 1867 1628 1814
f 2278 2409 2372
f 2420 2125 2438
f 2304 2135 2176
f 2189 2012 2053
f 2188 2239 1997
f 1997 2239 1916
f 1599 1685 1355
f 1684 1683 1665
f 1665 1683 1664
f 1682 1681 1664
f 1664 1681 1662
f 1662 1681 1661
f 1596 1774 1646
f 1646 1774 1725
f 1645 1774 1869
f 2373 2374 2371
f 2402 2468 2125
f 2440 2439 2421
f 2421 2439 2419
f 2438 2350 2420
f 2250 2700 2389
f 2218 2408 2437
f 2176 2286 2242
f 2210 2472 1713
f 1408 1663 1354
f 1663 1630 1354
f 1485 1774 1596
f 1725 1774 1645
f 2049 1814 1512
f 2373 2371 2362
f 2372 2409 2258
f 2399 2459 2311
f 2245 2271 2137
f 2270 2269 2244
f 2242 2286 2175
f 1916 2479 2109
f 1891 2052 1969
f 2278 2372 2258
f 2420 2350 2125
f 2274 2451 2406
f 2273 2311 2398
f 2369 2450 2153
f 2176 2242 2175
f 2244 2243 2211
f 2286 2135 2175
f 1998 2188 1997
f 1711 2031 1585
f 1604 1602 1452
f 1603 1616 1601
f 1602 1604 1599
f 1598 1615 1597
f 1599 1452 1602
f 1869 2049 1578
f 2145 2381 2370
f 2351 2402 2181
f 2451 2274 2201
f 2436 2435 2417
f 2417 2435 2416
f 2451 2841 2406
f 2632 2434 2123
f 2118 2094 2398
f 2193 2271 2304
f 2012 1998 2065
f 1582 1603 1581
f 1603 1601 1581
f 1581 1601 1580
f 1601 1600 1580
f 1580 1600 1579
f 1451 1844 1726
f 1725 1645 1646
f 2144 2350 2700
f 2742 2418 2380
f 2416 2415 2407
f 2246 2400 2632
f 2123 2434 2273
f 2434 2459 2399
f 2551 2070 2355
f 2367 2368 2366
f 2138 2245 2137
f 1891 1969 1925
f 1416 1584 1729
f 1245 1604 1530
f 1630 1844 1354
f 1451 1726 1497
f 1596 1647 1485
f 1649 1648 1629
f 1647 1596 1646
f 1644 1810 1813
f 2341 2249 2097
f 2274 2406 2841
f 2246 2632 2179
f 2273 2434 2399
f 2358 2367 2357
f 2367 2366 2357
f 2357 2366 2356
f 2355 2070 2308
f 2070 2486 2114
f 2114 2486 2245
f 2307 2305 2288
f 2288 2305 2287
f 2306 2114 2245
f 2137 2271 2193
f 2151 1935 2054
f 2054 2338 1978
f 1921 2053 2012
f 1780 2210 1713
f 1729 1583 1239
f 1647 1646 1485
f 1814 1628 1512
f 1644 1813 1700
f 1843 1842 1812
f 1812 1842 1811
f 1813 1810 1700
f 2258 2409 1929
f 2145 2225 2099
f 2225 2145 2370
f 2370 2381 2351
f 2218 2437 2742
f 2274 2841 2400
f 2153 2551 2015
f 2212 2551 2308
f 2551 2355 2308
f 2288 2287 2272
f 2306 2245 2138
f 2163 2162 2150
f 2150 2162 2149
f 2000 2012 1999
f 1999 2012 2065
f 1997 1916 1892
f 1925 1713 1891
f 1925 1969 1712
f 1812 1811 1789
f 2257 2256 2226
f 2370 2351 2074
f 2380 2418 2379
f 2274 2400 2246
f 2310 2339 2309
f 2291 2212 2308
f 2114 2306 2138
f 2193 2165 2137
f 2192 2191 2178
f 2191 2190 2178
f 2178 2190 2177
f 2165 2193 2136
f 2152 2150 2134
f 2134 2149 2133
f 2149 2148 2133
f 2133 2148 2132
f 2323 2278 2258
f 1929 2409 2145
f 2226 2224 2205
f 2181 2074 2351
f 2251 2350 2144
f 2144 2700 2316
f 2250 2389 2578
f 2578 2408 2218
f 2218 2742 2380
f 2249 2341 2201
f 2418 2488 2379
f 2632 2123 2179
f 2273 2398 2094
f 2310 2309 2290
f 2290 2309 2289
f 2177 2164 2166
f 2165 2136 2137
f 2136 2193 2304
f 2135 2174 1910
f 2134 2133 2110
f 2151 2054 1978
f 2065 1998 1944
f 1944 1998 1970
f 1998 2083 1970
f 2083 1998 1892
f 1998 1997 1892
f 1874 1857 2210
f 1857 1996 2210
f 1354 1844 1486
f 1394 1485 1646
f 1644 1700 1510
f 1810 1724 1700
f 2099 2225 2370
f 2125 2350 2251
f 2322 2349 2321
f 2320 2348 2319
f 2318 2347 2317
f 2346 2345 2317
f 2316 2700 2250
f 2344 2361 2343
f 2343 2361 2342
f 2342 2360 2340
f 2360 2359 2340
f 2116 2369 2153
f 2212 2291 2194
f 2194 2291 2308
f 2135 2084 2175
f 1935 1910 2174
f 1935 2151 1978
f 1921 2012 2000
f 2065 1944 2083
f 1712 1733 1821
f 1586 1711 1397
f 1416 1729 1286
f 1530 1604 1452
f 1503 1502 1491
f 1502 1501 1491
f 1491 1501 1490
f 1501 1502 1490
f 1500 1499 1489
f 1488 1498 1487
f 1844 1451 1486
f 1335 1646 1645
f 1578 2049 1512
f 2295 2323 1904
f 2323 2258 1904
f 2145 2099 1937
f 2253 2255 2252
f 2125 2144 2098
f 2125 2251 2144
f 2320 2319 2294
f 2316 2250 2144
f 2315 2344 2314
f 2344 2343 2314
f 2313 2314 2312
f 2341 2097 2124
f 2195 2369 2116
f 2015 2551 2212
f 1911 2137 2111
f 2137 2136 2111
f 2112 2113 2111
f 2086 2085 2068
f 2067 2085 2066
f 2135 1910 2084
f 1978 2338 2053
f 1944 1970 2083
f 1822 1852 1820
f 1583 1617 1246
f 1245 1246 1617
f 1355 1685 1476
f 1491 1490 1475
f 1628 1743 1644
f 2075 2295 1429
f 2181 2402 2204
f 2255 2253 2223
f 2253 2254 2222
f 2222 2254 2221
f 2221 2254 2219
f 2254 2253 2219
f 2253 2252 2219
f 2293 2218 2380
f 2314 2313 2292
f 2202 2249 2201
f 2072 2118 2369
f 2308 2070 2194
f 2112 2111 2087
f 2111 2136 1911
f 1911 2304 2176
f 2175 2084 1910
f 1980 1935 2032
f 2032 1935 1978
f 1650 1925 1712
f 1712 1821 1650
f 1794 1820 1793
f 1820 1819 1793
f 1821 1733 1650
f 1368 1585 1584
f 1247 1584 1416
f 1286 1729 1239
f 1245 1530 1150
f 1211 1452 1599
f 1529 1408 1354
f 1354 1486 1451
f 1335 1394 1646
f 1645 1869 1578
f 2075 1724 1810
f 1929 2145 1937
f 2204 2220 2181
f 2222 2221 2203
f 2204 2402 2125
f 1936 2124 2097
f 2167 2201 2274
f 2123 2273 2196
f 2094 2118 2058
f 2072 2369 2195
f 2015 2212 2194
f 2089 2088 2069
f 2136 2304 1911
f 2035 2056 2034
f 2034 2056 2033
f 2056 2055 2033
f 1794 1793 1779
f 1530 1452 1415
f 1211 1599 1355
f 1450 1470 1468
f 1468 1470 1467
f 1497 1485 1469
f 1335 1645 1179
f 1578 1512 1550
f 1314 1511 1512
f 1512 1628 1314
f 2220 2204 2074
f 2144 2250 2043
f 2097 2249 2277
f 2399 2311 2273
f 2194 2070 2139
f 1911 2176 1833
f 2035 2034 2014
f 2014 2034 2013
f 1436 1585 1368
f 1150 1530 1415
f 1414 1435 1413
f 1412 1434 1411
f 1434 1433 1410
f 1450 1449 1432
f 1432 1449 1431
f 1431 1449 1430
f 1430 1449 1448
f 1645 1578 1496
f 1578 1550 1496
f 1552 1551 1528
f 1724 2075 1429
f 1922 2099 2370
f 2181 2220 2074
f 2250 2578 2218
f 2004 2218 2293
f 2202 2097 2277
f 2277 2249 2202
f 2176 2175 1833
f 1980 2032 1979
f 2032 1978 1979
f 1977 2003 1976
f 2053 2001 2002
f 1973 1975 1972
f 1921 2000 1971
f 2083 1892 1760
f 1711 1585 1436
f 1414 1413 1396
f 1413 1412 1396
f 1396 1411 1395
f 1497 1469 1394
f 1469 1485 1394
f 1550 1512 1496
f 2258 1929 1918
f 2167 2214 2180
f 2276 2275 2248
f 2167 2274 2246
f 1935 1980 1945
f 1980 1979 1945
f 2053 2002 1978
f 2002 2001 1978
f 1957 1975 1956
f 1975 1973 1956
f 1955 1974 1971
f 1971 1974 1954
f 1974 1955 1954
f 1973 1972 1954
f 1954 1971 2000
f 1999 1926 1906
f 1702 2083 1760
f 1892 1916 2109
f 1796 1874 1905
f 1905 1874 1687
f 1874 2210 1687
f 1925 1650 1558
f 1150 1415 1452
f 1336 1409 1529
f 1497 1726 1485
f 1510 1700 1595
f 1429 2295 1904
f 1904 2258 1918
f 2167 2180 2199
f 2215 2247 2213
f 2167 2246 2214
f 2090 2116 2140
f 2140 2116 2153
f 1610 2175 1764
f 1764 2175 1910
f 1971 1954 1667
f 1954 2000 1667
f 1687 1780 1737
f 1397 1711 1553
f 1368 1584 1247
f 1239 1583 1246
f 1211 1355 1053
f 1354 1451 1497
f 1645 1496 1102
f 1496 1512 1102
f 1937 2099 1922
f 1809 2204 2125
f 2167 2199 1928
f 2200 2217 2198
f 2217 2216 2198
f 2198 2216 2197
f 2214 2246 2180
f 2143 2142 2115
f 2142 2141 2115
f 1947 1959 1946
f 1959 1958 1946
f 1999 2065 2083
f 1857 1874 1781
f 1874 1796 1781
f 1713 1925 1453
f 1586 1397 1369
f 1102 1512 1511
f 1258 1314 1644
f 1314 1628 1644
f 1922 2370 1917
f 1809 2125 2098
f 2201 1982 2202
f 1928 2201 2167
f 1928 2199 2180
f 2246 2179 1928
f 1739 2273 2094
f 1807 2138 1911
f 2138 2137 1911
f 1945 1979 1935
f 1921 1971 1667
f 1877 1906 1926
f 1855 1875 1853
f 1853 1875 1823
f 1875 1855 1823
f 1855 1796 1823
f 1796 1905 1823
f 2210 1780 1687
f 1453 1925 1558
f 1529 1354 1336
f 1497 1394 1335
f 1405 1700 1724
f 2370 2074 1917
f 1809 2098 2144
f 2043 2250 2218
f 2180 2246 1928
f 2119 2094 2058
f 2090 2140 2153
f 1833 2175 1715
f 2053 1921 1667
f 1667 2000 1999
f 1481 1857 1781
f 1856 1854 1826
f 1826 1854 1825
f 1825 1853 1824
f 1493 1905 1687
f 1354 1497 1115
f 1645 1102 1179
f 1595 1700 1405
f 1917 2074 1741
f 2074 2204 1809
f 1986 2124 1936
f 2059 2016 2273
f 1572 2116 2037
f 2139 2070 2114
f 1978 1694 1979
f 1895 1999 1906
f 1876 1859 1860
f 1860 1859 1832
f 1832 1859 1831
f 1859 1858 1831
f 1831 1858 1830
f 1877 1926 1763
f 1999 2083 1926
f 1702 1760 1783
f 1829 1828 1797
f 1827 1760 1892
f 1826 1825 1795
f 1855 1823 1493
f 1823 1905 1493
f 1336 1354 1164
f 1258 1644 1510
f 1595 1407 1510
f 2073 2004 2293
f 1982 2201 1928
f 2123 2196 2096
f 2273 1739 2059
f 2058 2118 2072
f 2092 2195 2116
f 2037 2116 2090
f 2015 2194 2153
f 1910 1935 1764
f 1694 1978 2001
f 1667 1999 1655
f 1926 2083 1702
f 1801 1800 1786
f 1799 1798 1782
f 1760 1827 1759
f 1759 1827 1892
f 1747 1781 1796
f 1780 1713 1618
f 1618 1713 1453
f 1238 1452 1282
f 1285 1302 1284
f 1301 1300 1281
f 1452 1211 1282
f 1355 1476 1234
f 1809 2046 1699
f 2048 2047 2024
f 2047 2045 2024
f 2024 2045 2023
f 2045 2044 2023
f 2046 1809 2144
f 2043 2218 2018
f 2196 2273 2016
f 2195 2092 2072
f 2093 2117 2091
f 2038 2057 2036
f 2194 2139 1704
f 2001 2053 1667
f 1655 1999 1895
f 1897 1909 1896
f 1908 1907 1894
f 1907 1893 1894
f 1906 1877 1763
f 1786 1785 1762
f 1762 1784 1761
f 1747 1796 1493
f 1796 1855 1493
f 1397 1553 1417
f 1116 1247 1416
f 1054 1239 1246
f 1284 1283 1267
f 1234 1476 1280
f 1258 1510 1407
f 1751 2074 1809
f 2024 2023 2005
f 2042 2060 2041
f 1986 1936 2017
f 1936 2097 1750
f 2123 2096 1981
f 2122 2121 2095
f 2121 2120 2095
f 2096 2196 1981
f 2093 2091 2071
f 1572 2037 2090
f 1572 2090 2153
f 2139 2114 1704
f 1897 1896 1878
f 1702 1783 1759
f 1783 1760 1759
f 1436 1368 1247
f 1282 1211 1238
f 2046 2144 1699
f 2144 2043 2022
f 2022 2043 1985
f 2021 2042 2020
f 2042 2041 2020
f 2040 2039 2019
f 2094 2119 1787
f 2072 2092 2116
f 1655 1895 1906
f 1736 1734 1735
f 1735 1737 1637
f 1416 1286 1116
f 1286 1239 1116
f 1197 1355 1234
f 1115 1497 1103
f 1103 1497 1219
f 1497 1335 1219
f 1742 1429 1904
f 2144 2022 1699
f 1693 1882 1903
f 2097 2202 1750
f 1898 1982 1928
f 2179 2123 1981
f 2058 2072 1611
f 2153 2194 1862
f 1807 1543 2138
f 1667 1694 2001
f 1759 1892 1714
f 1892 2109 1714
f 1737 1735 1687
f 1735 1637 1687
f 1398 1737 1633
f 1633 1737 1506
f 1737 1780 1506
f 1558 1650 1534
f 1534 1650 1370
f 1711 1436 1337
f 1337 1436 1247
f 1246 1245 1187
f 1253 1259 1252
f 1244 1053 1355
f 1210 1234 1280
f 1429 1405 1724
f 1643 1839 1929
f 2043 1948 1985
f 1948 2043 1984
f 2043 2018 1984
f 2018 2218 1984
f 2218 2004 1983
f 2004 2073 1983
f 1739 2094 1787
f 1610 1715 2175
f 1610 1764 1672
f 1520 1481 1781
f 1506 1780 1618
f 1239 1054 995
f 1238 1150 1452
f 1238 1211 1065
f 1085 1102 1511
f 1742 1904 1883
f 1904 1723 1883
f 1882 1986 1903
f 1984 2218 1960
f 2218 1983 1960
f 2196 2016 2059
f 1655 1906 1654
f 1653 1652 1634
f 1652 1651 1634
f 1634 1631 1632
f 1506 1618 1453
f 1534 1555 1382
f 1557 1587 1554
f 1733 1586 1369
f 1053 1244 1197
f 1244 1355 1197
f 1234 1221 992
f 1236 1237 1235
f 1237 1243 1235
f 1164 1354 1115
f 1864 1865 1863
f 1904 1918 1929
f 1768 1929 1839
f 1643 1929 1660
f 1929 1937 1660
f 1948 1984 1960
f 2202 1982 1898
f 2072 2116 1838
f 1765 2138 1543
f 1764 1935 1979
f 1453 1558 1382
f 1532 1556 1531
f 1137 1417 1553
f 1104 1337 1247
f 1116 1239 981
f 995 981 1239
f 1237 1236 1224
f 1224 1236 1223
f 1223 1236 1222
f 1222 1236 1220
f 1236 1235 1220
f 1221 1234 1210
f 1085 1511 1314
f 1429 1742 1614
f 1474 1770 1742
f 1772 1773 1788
f 1865 1864 1841
f 1864 1863 1840
f 1904 1929 1768
f 1903 1986 2017
f 1672 1764 1623
f 1979 1694 1623
f 1654 1906 1763
f 1763 1926 1385
f 1702 1759 1926
f 1737 1398 1637
f 1398 1633 1506
f 1517 1518 1516
f 1516 1535 1514
f 1382 1558 1515
f 1558 1534 1515
f 1533 1532 1513
f 1555 1534 1370
f 1316 1553 1711
f 992 1221 1210
f 1163 1179 1102
f 1258 1407 1406
f 1771 1772 1769
f 1772 1788 1769
f 1742 1883 1723
f 1741 2074 1465
f 1718 1936 1750
f 2179 1927 1928
f 1766 2059 1739
f 2119 2058 1611
f 1838 2116 1572
f 2114 2138 1765
f 1807 1861 1805
f 1911 1833 1523
f 1781 1747 1493
f 1637 1620 1357
f 1620 1636 1621
f 1636 1635 1619
f 1620 1637 1398
f 1517 1516 1505
f 1516 1514 1504
f 1515 1534 1382
f 1733 1370 1650
f 1260 1733 1369
f 1337 1104 1315
f 1054 1246 1187
f 1211 1053 1065
f 1197 1234 992
f 1210 1280 992
f 1103 1219 1195
f 1428 1429 1614
f 1614 1742 1770
f 1807 1911 1861
f 1715 1523 1833
f 1623 1764 1979
f 1507 1926 1759
f 1493 1520 1781
f 1621 1619 1605
f 1453 1382 1383
f 1555 1370 1382
f 1248 1369 1397
f 1137 1553 1316
f 1238 1065 1010
f 1195 1219 1020
f 1219 1335 1179
f 1595 1405 1313
f 1614 1770 1474
f 1723 1904 1627
f 1768 1839 1643
f 1699 2022 1594
f 2017 1936 1718
f 1927 2179 1676
f 1676 2179 1981
f 1862 2194 1704
f 1837 1835 1836
f 1835 1834 1804
f 1834 1802 1803
f 1623 1694 1567
f 1666 1667 1655
f 1493 1687 1357
f 1357 1687 1637
f 1620 1398 1357
f 1197 992 1064
f 1209 1208 1196
f 1406 1407 1595
f 1313 1405 1429
f 1627 1904 1768
f 1922 1917 1741
f 1882 1693 1549
f 1903 1880 1808
f 1766 2196 2059
f 1543 1807 1805
f 1836 1804 1806
f 1543 1805 1861
f 1372 1667 1666
f 1397 1417 1137
f 1150 1238 867
f 1053 1197 1010
f 1195 1020 1103
f 1474 1742 1723
f 1914 1913 1900
f 1913 1912 1899
f 1903 2017 1719
f 1981 2196 1766
f 1572 2153 1862
f 1738 1704 2114
f 1358 1763 1541
f 1541 1763 1385
f 1520 1493 1539
f 1493 1357 1399
f 1198 1370 1733
f 1316 1711 1337
f 1187 1028 1054
f 1187 1245 1150
f 1164 1115 906
f 1085 1314 1258
f 1313 1429 1428
f 1679 1937 1922
f 1751 1809 1705
f 1693 1903 1808
f 1881 1902 1879
f 1902 1901 1879
f 1900 1899 1879
f 1750 2202 1612
f 1611 2072 1716
f 1716 2072 1838
f 1624 1572 1862
f 1610 1672 1508
f 1694 1667 1567
f 1591 1590 1566
f 1590 1589 1565
f 1564 1589 1563
f 1385 1926 1384
f 1520 1458 1481
f 1561 1562 1560
f 1562 1588 1560
f 1453 1478 1356
f 1492 1477 1480
f 1478 1453 1383
f 1104 1247 1116
f 980 1187 1150
f 1627 1768 1643
f 1679 1922 1465
f 1465 2074 1751
f 1612 2202 1898
f 1717 1928 1927
f 1571 1704 1738
f 1567 1667 1669
f 1565 1564 1540
f 1562 1561 1538
f 1561 1560 1537
f 1537 1559 1536
f 1539 1493 1458
f 1480 1479 1471
f 1198 1733 1260
f 1054 1028 943
f 1705 1809 1720
f 1484 1693 1808
f 1808 1880 1719
f 1880 1903 1719
f 1750 1698 1577
f 1612 1898 1625
f 1568 1610 1508
f 1672 1623 1508
f 1567 1669 1372
f 1671 1670 1659
f 1670 1668 1658
f 1654 1763 1593
f 1607 1622 1606
f 1542 1540 1521
f 1384 1507 1759
f 1520 1539 1458
f 1537 1536 1519
f 1356 1506 1453
f 1478 1383 1356
f 1067 1316 1337
f 1337 1315 1067
f 1315 1104 1117
f 867 1238 1010
f 1010 1197 1064
f 1313 1428 1127
f 1465 1922 1741
f 1465 1751 1351
f 1594 2022 1767
f 1625 1898 1717
f 1898 1928 1717
f 1642 1766 1739
f 1738 2114 1765
f 1861 1689 1523
f 1696 1703 1695
f 1523 1715 1610
f 1641 1657 1640
f 1639 1656 1638
f 1666 1655 1359
f 1655 1654 1459
f 1622 1607 1608
f 1608 1607 1592
f 1593 1763 1459
f 1358 1541 1385
f 1104 1116 981
f 1028 1187 1047
f 980 1150 867
f 1219 1179 1163
f 1428 1614 1474
f 1484 1808 1719
f 1750 1612 1698
f 1642 1981 1766
f 1624 1862 1704
f 1696 1695 1691
f 1690 1691 1688
f 1691 1695 1688
f 1861 1911 1689
f 1669 1667 1372
f 1507 1384 1926
f 1198 1382 1370
f 964 1054 943
f 992 1280 1086
f 1019 1219 1163
f 1136 1163 1102
f 1406 1595 1313
f 1660 1937 1679
f 1740 1705 1720
f 1809 1699 1720
f 1719 2017 1527
f 1675 1981 1642
f 1642 1739 1787
f 1691 1690 1674
f 1690 1688 1673
f 1911 1523 1689
f 1482 1623 1473
f 1666 1609 1320
f 1359 1655 1459
f 1654 1593 1459
f 1384 1759 1714
f 1458 1493 1371
f 1493 1399 1371
f 1398 1506 1356
f 1065 1053 1010
f 906 1115 1103
f 1020 1219 1019
f 1085 1258 1406
f 1474 1723 1627
f 1722 1740 1721
f 1577 1718 1750
f 1676 1981 1573
f 1320 1609 1359
f 1609 1666 1359
f 1143 1481 1458
f 1260 1369 1248
f 854 1104 981
f 1047 1187 980
f 1257 1406 1313
f 1509 1643 1660
f 1678 1751 1705
f 1705 1740 1443
f 1740 1720 1443
f 1527 2017 1718
f 1748 1927 1676
f 1473 1623 1327
f 1459 1763 1358
f 1385 1384 1317
f 1457 1472 1456
f 1455 1472 1454
f 1399 1261 1438
f 1356 1383 1382
f 1248 1397 1048
f 995 1054 703
f 703 1054 964
f 1103 1020 924
f 1019 1163 1136
f 1474 1627 1446
f 1297 1351 1751
f 1297 1751 1678
f 1577 1527 1718
f 1981 1675 1573
f 1508 1623 1482
f 1623 1567 1372
f 1143 1458 1174
f 1371 1399 1438
f 1456 1455 1437
f 1398 1356 1303
f 1397 1137 1048
f 1025 1037 1024
f 1103 1009 906
f 1009 1103 924
f 939 1020 1019
f 1019 1136 938
f 1136 1102 938
f 905 1085 1406
f 1720 1699 1443
f 1443 1699 1594
f 1625 1717 1697
f 1642 1787 1483
f 1716 1838 1362
f 1838 1572 1362
f 1571 1738 1570
f 1738 1543 1461
f 1523 1610 1157
f 1268 1482 1522
f 1623 1372 1327
f 1357 1398 1227
f 1027 1026 1015
f 1015 1026 1013
f 1026 1025 1013
f 1013 1024 1012
f 1012 1024 1011
f 1014 980 867
f 867 1010 940
f 1086 1036 1022
f 1022 1036 1021
f 1353 1428 1474
f 1627 1643 1445
f 1705 1443 1678
f 1484 1719 1613
f 1749 1717 1927
f 1749 1927 1748
f 2119 1611 1483
f 1716 1362 1611
f 1704 1571 1624
f 1738 1765 1543
f 1610 1568 1157
f 1666 1320 1372
f 1371 1438 1261
f 943 1028 1047
f 980 1014 874
f 1012 1011 994
f 940 1010 993
f 993 1010 890
f 992 1086 866
f 1022 1021 1086
f 1660 1679 1465
f 1268 1522 1473
f 1522 1482 1473
f 1384 1714 1317
f 1261 1399 1357
f 1227 1398 1287
f 1287 1398 1303
f 980 874 942
f 874 1014 867
f 890 940 977
f 975 976 974
f 940 993 977
f 938 1102 1085
f 1509 1660 1466
f 1697 1717 1692
f 1692 1717 1677
f 1717 1749 1677
f 1483 1787 2119
f 1569 1543 1861
f 1359 1459 1358
f 1356 1382 1303
f 1198 1260 1170
f 1315 1117 1067
f 1047 980 943
f 943 980 821
f 963 979 962
f 979 978 962
f 977 993 890
f 890 1010 709
f 1010 1064 709
f 992 866 1023
f 1406 1257 905
f 1127 1428 1101
f 1428 1353 1298
f 1279 1299 1278
f 1278 1299 1277
f 1277 1299 1276
f 1276 1298 1275
f 1594 1767 1626
f 1749 1748 1676
f 1572 1624 1571
f 1568 1508 1360
f 1204 1372 1440
f 1358 1385 1262
f 1303 1382 1240
f 1170 1260 1248
f 963 962 953
f 953 962 952
f 785 1313 1046
f 1046 1313 1127
f 1298 1353 1101
f 1266 1446 1627
f 1625 1697 1692
f 1360 1157 1568
f 1441 1460 1439
f 1385 1338 1262
f 1338 1385 1317
f 1227 1287 1303
f 1165 1137 1189
f 1137 1316 1189
f 1191 1192 1190
f 1117 1104 854
f 821 980 942
f 953 952 941
f 942 874 821
f 940 890 867
f 709 992 1023
f 1428 1298 1101
f 1474 1446 1367
f 1548 1612 1625
f 1625 1692 1386
f 1676 1677 1749
f 1204 1440 1304
f 1440 1372 1304
f 1319 1342 1318
f 1342 1341 1318
f 1341 1340 1318
f 1340 1339 1318
f 1261 1357 1227
f 1240 1382 1198
f 1182 1188 1181
f 1181 1188 1180
f 1316 1165 1189
f 714 995 703
f 797 1020 939
f 1257 1313 1084
f 1084 1313 785
f 1643 1509 1466
f 1463 1484 1613
f 1613 1719 1527
f 1294 1577 1698
f 1676 1573 1217
f 1363 1573 1675
f 1675 1642 1418
f 1508 1482 1268
f 1262 1338 1317
f 855 1117 841
f 854 981 995
f 964 943 748
f 1063 1127 1101
f 1353 1474 1367
f 1367 1446 1427
f 1426 1447 1425
f 1427 1446 1266
f 1266 1627 1381
f 1381 1627 1334
f 1334 1627 1445
f 1549 1693 1464
f 1463 1613 1527
f 1178 1527 1374
f 1374 1527 1577
f 1270 1362 1572
f 1038 1359 1358
f 1174 1458 1371
f 1067 1117 1088
f 854 995 714
f 709 1064 992
f 1009 924 906
f 924 1020 906
f 906 1020 797
f 1445 1643 1352
f 1352 1643 1466
f 1420 1465 1351
f 1464 1693 1484
f 1348 1577 1294
f 1461 1543 1569
f 1861 1523 1157
f 1268 1473 1327
f 1372 1320 1304
f 1142 1303 1154
f 1167 1248 1048
f 1118 1106 1107
f 1106 1105 1087
f 1088 1117 1066
f 874 867 840
f 866 1086 786
f 1086 907 786
f 1367 1427 1266
f 1625 1386 1548
f 1677 1676 1217
f 1254 1418 1642
f 1572 1571 1442
f 1570 1738 1329
f 1461 1329 1738
f 1228 1358 1262
f 1228 1262 1317
f 1185 1184 1169
f 1168 1183 1166
f 1165 1316 827
f 874 840 821
f 905 1257 1084
f 1374 1577 1348
f 1698 1612 1294
f 1571 1570 1442
f 1360 1508 1268
f 1038 1358 1229
f 1174 1371 1261
f 1226 1225 1212
f 1227 1303 1142
f 1154 1303 1202
f 1200 1201 1199
f 1303 1240 1202
f 1240 1198 1154
f 1248 1167 996
f 1152 1169 1151
f 1169 1168 1151
f 1168 1166 1151
f 1048 1137 1165
f 1316 1067 827
f 1088 1066 1067
f 748 943 821
f 756 866 786
f 1186 1101 1353
f 1266 1353 1367
f 1352 1334 1424
f 1334 1445 1424
f 1423 1444 1422
f 1422 1444 1421
f 1420 1466 1660
f 1465 1420 1660
f 1495 1443 1594
f 1463 1527 1178
f 1294 1612 1494
f 1494 1612 1548
f 1575 1576 1574
f 1419 1692 1677
f 1573 1363 1255
f 1483 1611 1544
f 1270 1572 1442
f 1345 1346 1343
f 1249 1327 1323
f 1155 1227 1215
f 1227 1142 1215
f 1214 1226 1213
f 1226 1212 1213
f 1213 1212 1203
f 1154 1202 1240
f 1167 1048 996
f 1067 1066 798
f 1066 1117 855
f 840 867 757
f 839 867 890
f 709 743 890
f 1019 938 698
f 905 1084 785
f 1445 1352 1424
f 1233 1297 1678
f 1419 1524 1692
f 1547 1575 1546
f 1575 1574 1546
f 1546 1574 1545
f 1544 1611 1362
f 1570 1329 1307
f 1268 1327 1144
f 1346 1345 1326
f 1345 1344 1325
f 1108 1359 1038
f 1261 1227 1155
f 1215 1142 1155
f 1154 1198 1170
f 1067 798 944
f 841 1117 787
f 757 867 839
f 786 907 865
f 938 1085 889
f 889 1085 905
f 1062 1353 1266
f 1334 1266 1381
f 1420 1351 1297
f 1401 1594 1626
f 1547 1546 1526
f 1526 1546 1525
f 1546 1545 1525
f 1144 1327 1249
f 1249 1323 1090
f 1325 1324 1306
f 1306 1324 1305
f 1322 1321 1305
f 1358 926 1229
f 1016 1142 1154
f 996 1170 1248
f 787 1117 714
f 714 1117 854
f 703 964 748
f 1678 1443 1233
f 1495 1594 1401
f 1295 1464 1484
f 1692 1524 1386
f 1524 1419 1386
f 1400 1544 1362
f 1329 1461 1328
f 1328 1461 1569
f 1157 1360 1077
f 748 821 840
f 839 890 757
f 709 1023 708
f 708 1023 756
f 1023 866 756
f 1352 1466 1334
f 1330 1495 1404
f 1404 1495 1388
f 1295 1484 1265
f 1265 1484 1463
f 1254 1642 1483
f 1483 1544 1400
f 1328 1569 1861
f 1861 1157 1241
f 1077 1360 1175
f 1323 1327 1090
f 926 1358 1228
f 1154 1170 1128
f 1141 1153 1140
f 1139 1153 1138
f 798 1066 855
f 757 890 743
f 797 939 838
f 923 905 785
f 1063 1101 1052
f 1443 1495 1330
f 1404 1388 1403
f 1403 1388 1402
f 1419 1677 1217
f 1328 1861 1241
f 1317 1714 1193
f 1155 1142 1016
f 1154 1128 1016
f 827 1048 1165
f 703 748 710
f 748 840 607
f 698 938 889
f 905 923 889
f 889 923 785
f 785 1046 1127
f 1466 1420 1094
f 1330 1404 1393
f 1404 1403 1393
f 1403 1402 1389
f 1387 1495 1375
f 1495 1401 1375
f 1293 1363 1675
f 1442 1570 1361
f 1090 1327 1204
f 1327 1372 1204
f 1128 1170 1016
f 607 840 757
f 873 1127 1063
f 1062 1266 1135
f 1266 1334 1135
f 1334 1466 1094
f 1233 1443 1296
f 1296 1443 1380
f 1443 1330 1380
f 1392 1391 1379
f 1393 1390 1330
f 1391 1389 1378
f 1388 1495 1390
f 1495 1387 1390
f 1387 1375 1390
f 1294 1494 1548
f 1175 1360 1268
f 1171 1261 1155
f 846 827 1067
f 757 743 607
f 838 796 773
f 796 808 795
f 838 939 796
f 1101 1186 1100
f 1186 1353 1100
f 1296 1380 1330
f 1377 1376 1366
f 1366 1376 1365
f 1365 1376 1364
f 1390 1375 1401
f 1675 1462 1293
f 1462 1675 1418
f 1270 1442 1205
f 1205 1442 1361
f 1304 1320 1359
f 1072 1143 1174
f 1261 1171 1089
f 1173 1172 1156
f 1171 1155 1089
f 1089 1155 1016
f 846 1067 944
f 756 786 707
f 666 797 838
f 796 939 773
f 1100 1353 1062
f 1420 1297 1093
f 1296 1330 1333
f 1330 1390 1401
f 1293 1462 1418
f 1483 1373 1254
f 1373 1483 1400
f 1268 1119 1175
f 1304 1359 1108
f 1016 1170 1070
f 798 855 799
f 838 773 666
f 939 1019 698
f 722 698 818
f 836 837 853
f 864 1052 1101
f 1350 1349 1331
f 1294 1548 1242
f 1217 1573 1255
f 1362 1270 1311
f 926 1228 1317
f 999 1143 1072
f 1016 1070 1049
f 1071 1069 1056
f 1056 1068 1055
f 1049 1070 1170
f 1048 827 965
f 846 944 798
f 664 714 703
f 703 644 713
f 731 732 730
f 509 708 541
f 756 729 708
f 742 747 741
f 741 747 740
f 818 836 820
f 853 852 835
f 835 852 834
f 1101 1100 864
f 1296 1333 1232
f 1332 1331 1312
f 1232 1330 1401
f 1374 1231 1178
f 1241 1091 1328
f 998 1261 966
f 966 1261 1089
f 965 1170 996
f 996 1048 965
f 841 799 855
f 664 713 644
f 703 710 701
f 732 731 712
f 708 729 541
f 741 740 728
f 541 729 756
f 666 773 939
f 807 820 819
f 820 835 819
f 819 835 817
f 835 834 817
f 818 698 889
f 1123 1334 1094
f 1122 1093 1233
f 1093 1297 1233
f 1333 1330 1232
f 1231 1374 1348
f 1242 1548 1386
f 1386 1419 1217
f 1361 1570 1288
f 1144 1249 1090
f 1090 1204 1076
f 1038 1229 946
f 1072 1174 998
f 998 1174 1261
f 787 714 664
f 713 664 703
f 712 711 702
f 657 701 710
f 748 607 710
f 743 709 564
f 709 708 564
f 722 818 889
f 785 1127 873
f 1063 1052 864
f 1295 1265 930
f 1255 1363 1130
f 1400 1362 1271
f 1271 1362 1311
f 1570 1307 1288
f 911 926 1193
f 926 1317 1193
f 1049 1170 997
f 703 701 657
f 727 739 726
f 725 726 724
f 1251 1401 1626
f 1231 1348 1274
f 1272 1348 1206
f 1363 1293 1347
f 1293 1130 1347
f 1309 1308 1289
f 1170 965 925
f 629 841 787
f 564 708 509
f 727 726 706
f 723 889 785
f 700 873 1063
f 784 1063 864
f 1135 1334 973
f 1094 1420 1093
f 1274 1348 1272
f 1363 1347 1130
f 1418 1254 1216
f 1129 1373 1400
f 1205 1361 1292
f 1291 1310 1290
f 1230 1241 1157
f 954 1157 1077
f 1119 1268 1144
f 1090 1029 1144
f 554 787 664
f 644 703 687
f 687 703 657
f 607 743 564
f 865 705 786
f 738 785 665
f 507 1100 1062
f 1206 1231 1264
f 1231 1274 1264
f 1274 1273 1264
f 1264 1273 1263
f 1263 1273 1256
f 1273 1274 1256
f 1274 1272 1256
f 1129 1254 1373
f 1205 1292 1078
f 1291 1290 1269
f 1292 1361 1078
f 1078 1361 1288
f 1329 1288 1307
f 1204 1304 1076
f 1038 1304 1108
f 846 798 799
f 678 679 677
f 677 679 676
f 687 657 667
f 606 698 722
f 722 889 723
f 723 785 738
f 665 700 1063
f 961 507 1062
f 1233 1296 1232
f 1216 1254 1194
f 1129 1400 1271
f 1091 1329 1328
f 1076 1304 1039
f 909 997 1170
f 734 846 823
f 653 644 687
f 679 678 669
f 669 678 668
f 678 677 668
f 657 653 667
f 586 756 707
f 785 873 700
f 973 1334 1123
f 1122 1233 1080
f 1265 1463 1060
f 1463 1178 1060
f 1264 1256 1272
f 1206 1348 1294
f 1217 1177 1386
f 1230 1091 1241
f 1170 925 909
f 734 827 846
f 844 845 843
f 845 856 843
f 823 846 759
f 498 787 554
f 664 644 554
f 653 687 667
f 541 756 535
f 707 786 493
f 939 698 606
f 1063 784 665
f 1112 1135 973
f 1264 1272 1206
f 1206 1294 1092
f 1311 1270 1079
f 1175 1119 897
f 1039 1304 1075
f 1058 1229 716
f 763 1016 1049
f 997 909 925
f 894 895 893
f 895 910 893
f 910 908 892
f 892 908 891
f 826 845 825
f 845 844 825
f 825 844 824
f 844 843 822
f 843 842 822
f 799 759 846
f 733 799 841
f 653 657 710
f 864 1100 990
f 990 1100 507
f 1135 1112 1035
f 1133 1134 1126
f 1005 1233 1232
f 1251 1626 1207
f 1092 1294 1242
f 1242 1386 1250
f 1293 1418 1130
f 1079 1270 1205
f 1077 1175 897
f 1076 1029 1090
f 946 1229 1058
f 1073 1074 1057
f 716 1229 926
f 966 1089 1016
f 894 893 875
f 893 892 875
f 925 965 827
f 493 786 705
f 666 939 643
f 665 785 700
f 1008 1007 991
f 990 507 864
f 1125 1124 1111
f 1080 1233 1005
f 1005 1232 1401
f 1045 1401 1207
f 1207 1401 1251
f 1178 1231 1206
f 946 1058 716
f 926 911 764
f 734 823 759
f 535 756 586
f 551 586 707
f 722 723 738
f 686 784 864
f 1114 1113 1099
f 1035 1112 973
f 1242 1250 1177
f 1250 1386 1177
f 1217 1255 1130
f 1194 1254 1129
f 1059 1205 1078
f 1039 1075 1038
f 1075 1304 1038
f 999 1072 585
f 998 966 861
f 759 799 758
f 652 722 738
f 1062 1135 1035
f 1061 973 1123
f 1080 1093 1122
f 1242 1218 1110
f 1218 1242 1177
f 913 1078 1288
f 1288 1329 1091
f 1091 1146 1030
f 1146 1091 1230
f 1144 1029 1119
f 1072 998 861
f 763 1049 997
f 759 758 658
f 790 789 775
f 789 788 774
f 787 498 629
f 620 653 710
f 1005 1401 1045
f 1092 1242 1110
f 1110 1218 1177
f 1050 1130 1418
f 1050 1418 1120
f 1418 1216 1120
f 1161 1176 1159
f 912 1038 946
f 911 1193 945
f 1016 763 966
f 609 610 608
f 644 653 592
f 653 620 592
f 551 707 493
f 1035 961 1062
f 1097 1098 1095
f 1081 1123 1094
f 1129 1271 1311
f 1079 1205 1059
f 1160 1159 1145
f 1159 1158 1145
f 585 1072 861
f 997 925 763
f 715 763 925
f 758 799 658
f 610 609 602
f 601 602 600
f 710 422 588
f 710 607 564
f 474 508 939
f 508 643 939
f 1098 1097 1083
f 1097 1096 1082
f 1096 1095 1081
f 1081 1094 989
f 1094 1093 1080
f 1129 1311 1079
f 1288 1091 913
f 1146 1230 1030
f 1230 1157 954
f 848 954 1077
f 1029 1076 1039
f 658 734 759
f 590 591 589
f 620 710 588
f 606 722 652
f 816 1061 1123
f 1123 1081 989
f 930 1265 1060
f 972 1178 1206
f 848 1077 1040
f 847 1029 1039
f 966 763 860
f 925 827 715
f 715 827 734
f 582 594 581
f 594 593 581
f 581 593 580
f 579 554 644
f 644 592 620
f 620 588 422
f 576 590 575
f 590 589 575
f 589 587 575
f 422 710 453
f 541 535 509
f 474 939 606
f 1006 1080 1005
f 1033 1206 1092
f 1109 1078 914
f 1040 1077 897
f 716 926 689
f 861 966 828
f 877 896 876
f 733 841 629
f 570 584 569
f 584 583 569
f 582 581 568
f 581 580 568
f 620 422 549
f 567 578 566
f 578 577 565
f 973 961 1035
f 972 1060 1178
f 1034 1206 1121
f 1149 1162 1148
f 1148 1162 1147
f 1217 1130 1177
f 1001 1003 1000
f 926 764 689
f 877 876 868
f 498 554 526
f 554 579 526
f 526 579 644
f 620 549 644
f 452 509 535
f 864 507 686
f 973 1061 816
f 1094 1080 1006
f 972 1206 1034
f 1132 1147 1131
f 1177 1130 958
f 1120 1216 883
f 883 1216 1194
f 1091 1030 913
f 1119 984 812
f 986 1002 985
f 985 1002 983
f 1002 1001 983
f 1001 1000 982
f 984 1119 1029
f 860 763 828
f 645 658 799
f 799 733 645
f 553 552 548
f 574 513 665
f 1121 1206 916
f 1194 1129 1041
f 1030 1230 954
f 985 983 967
f 966 860 828
f 549 422 644
f 1034 1121 916
f 958 1130 1050
f 1059 1078 1109
f 984 1029 812
f 658 715 734
f 453 710 564
f 586 551 452
f 652 738 619
f 665 784 686
f 721 507 961
f 816 1123 989
f 1110 1177 988
f 752 1038 717
f 1038 912 717
f 493 705 547
f 665 619 738
f 619 665 513
f 574 665 686
f 961 973 816
f 1094 1006 989
f 1206 1033 916
f 1033 1092 1051
f 883 1194 1041
f 1041 1129 863
f 863 1129 1079
f 912 946 716
f 660 763 659
f 733 629 555
f 452 535 586
f 551 494 452
f 473 652 619
f 656 507 721
f 746 1005 1045
f 1018 1045 1017
f 1045 1207 1017
f 898 1110 988
f 1078 913 683
f 752 1039 1038
f 805 912 716
f 777 776 760
f 763 660 750
f 763 715 659
f 960 959 950
f 950 959 949
f 949 959 948
f 948 959 947
f 1006 1005 704
f 1060 972 755
f 988 1177 958
f 762 777 761
f 777 760 761
f 761 760 749
f 453 564 509
f 551 493 494
f 937 950 936
f 950 949 936
f 815 951 989
f 951 816 989
f 1033 1051 1042
f 1050 1120 971
f 1079 1059 987
f 987 1059 1109
f 914 1078 683
f 913 1030 793
f 1119 812 862
f 812 1029 882
f 880 881 878
f 847 1039 752
f 764 911 631
f 828 763 750
f 688 658 527
f 527 658 645
f 645 733 555
f 448 526 644
f 474 606 652
f 816 951 815
f 972 1034 755
f 1032 1044 1031
f 1044 1043 1031
f 958 1050 971
f 862 897 1119
f 882 872 812
f 880 879 871
f 871 879 870
f 870 879 869
f 882 1029 847
f 631 911 945
f 750 660 828
f 645 555 630
f 448 644 429
f 461 509 419
f 419 509 452
f 815 1006 902
f 1006 704 902
f 916 1033 772
f 1033 1042 1004
f 1042 1051 1004
f 717 912 804
f 912 805 804
f 645 630 499
f 935 933 922
f 922 934 921
f 921 934 920
f 919 704 1005
f 772 1033 1004
f 1092 1110 898
f 883 1041 863
f 793 1030 927
f 927 1030 954
f 872 882 768
f 832 830 811
f 804 831 810
f 831 830 809
f 830 829 809
f 715 658 688
f 630 555 499
f 721 961 618
f 989 1006 815
f 922 921 903
f 918 932 917
f 917 932 931
f 919 1005 746
f 755 1034 916
f 772 1051 1092
f 848 1040 897
f 812 872 768
f 717 804 805
f 810 809 803
f 805 716 751
f 751 716 801
f 689 764 631
f 861 828 699
f 498 526 462
f 526 514 462
f 523 522 516
f 526 448 464
f 493 547 218
f 508 474 482
f 656 721 618
f 525 961 816
f 904 903 888
f 746 704 919
f 434 930 1060
f 772 1092 929
f 1120 883 971
f 1079 987 863
f 806 848 897
f 882 847 768
f 768 847 752
f 792 802 791
f 802 800 791
f 543 801 716
f 514 526 454
f 618 961 693
f 815 902 704
f 1045 1018 746
f 969 970 968
f 863 987 1109
f 927 954 848
f 792 791 778
f 585 861 699
f 828 660 699
f 499 527 645
f 462 514 454
f 429 644 422
f 453 509 461
f 473 619 513
f 574 686 507
f 1004 1051 772
f 928 898 988
f 859 988 958
f 971 955 958
f 970 969 957
f 957 969 956
f 955 971 859
f 971 883 718
f 863 1109 914
f 862 812 736
f 736 812 768
f 596 716 689
f 816 815 525
f 958 955 859
f 897 862 806
f 768 752 766
f 752 735 766
f 752 717 735
f 751 801 543
f 462 629 498
f 550 507 656
f 929 1092 898
f 928 988 859
f 683 913 793
f 779 765 767
f 805 751 543
f 715 688 527
f 499 555 417
f 929 898 885
f 898 915 885
f 900 901 899
f 858 914 683
f 766 735 768
f 454 526 464
f 453 461 388
f 473 513 468
f 445 574 642
f 525 815 651
f 887 900 886
f 886 899 884
f 915 898 928
f 744 718 883
f 744 883 863
f 793 753 683
f 850 857 849
f 717 805 543
f 585 699 510
f 510 659 715
f 429 422 437
f 427 494 493
f 427 493 218
f 284 482 474
f 513 421 468
f 780 863 851
f 927 848 813
f 850 849 833
f 813 848 682
f 555 629 462
f 422 453 388
f 284 474 457
f 474 652 473
f 507 445 642
f 642 574 507
f 755 916 696
f 885 915 929
f 744 863 780
f 737 927 682
f 682 927 813
f 681 670 671
f 631 945 661
f 389 429 437
f 447 446 435
f 452 494 419
f 693 961 525
f 851 863 914
f 682 848 806
f 717 543 556
f 716 596 543
f 689 631 596
f 631 672 596
f 680 681 673
f 681 671 673
f 672 631 595
f 699 660 510
f 458 510 715
f 499 524 527
f 436 435 428
f 697 704 746
f 928 859 719
f 793 927 737
f 768 735 736
f 735 717 556
f 596 672 595
f 660 659 510
f 389 437 422
f 651 815 704
f 772 929 558
f 859 971 754
f 814 851 914
f 780 914 858
f 806 862 736
f 631 661 621
f 524 499 417
f 417 555 462
f 473 468 421
f 421 513 574
f 550 656 618
f 558 929 915
f 754 971 718
f 814 914 780
f 495 458 715
f 715 527 495
f 421 574 445
f 851 814 780
f 595 631 611
f 631 621 611
f 462 454 378
f 382 464 448
f 448 429 389
f 512 550 573
f 550 467 573
f 563 572 562
f 562 572 561
f 550 618 467
f 618 693 521
f 746 1018 745
f 434 1060 720
f 1060 755 720
f 720 755 696
f 558 916 772
f 684 858 683
f 793 737 753
f 512 507 550
f 444 618 503
f 521 693 525
f 525 651 560
f 697 746 571
f 571 746 745
f 696 916 558
f 718 744 771
f 782 794 781
f 780 858 684
f 662 736 735
f 405 524 417
f 417 462 423
f 382 454 464
f 389 422 388
f 512 573 467
f 783 782 770
f 782 781 770
f 770 781 769
f 682 806 557
f 806 736 632
f 585 510 515
f 495 527 524
f 382 448 389
f 263 427 218
f 651 704 697
f 915 928 719
f 718 771 663
f 771 744 663
f 683 753 544
f 674 736 662
f 596 595 542
f 388 461 244
f 244 461 419
f 419 494 427
f 218 547 149
f 754 718 650
f 662 735 674
f 507 512 445
f 618 444 467
f 503 618 521
f 719 859 650
f 859 754 650
f 744 780 649
f 806 632 557
f 632 736 674
f 335 419 427
f 475 556 543
f 596 542 543
f 495 524 379
f 417 423 256
f 256 462 378
f 382 389 245
f 245 389 374
f 255 244 419
f 474 473 421
f 650 718 663
f 684 683 637
f 675 737 682
f 423 462 256
f 376 375 368
f 374 389 344
f 329 389 388
f 560 651 640
f 628 641 627
f 627 641 626
f 641 639 625
f 639 638 625
f 640 651 534
f 651 697 571
f 466 571 745
f 720 696 558
f 753 737 675
f 245 374 344
f 219 427 263
f 534 560 640
f 627 626 617
f 649 780 684
f 735 537 674
f 595 611 528
f 379 524 405
f 388 244 344
f 474 421 367
f 356 416 445
f 445 512 467
f 502 663 692
f 695 694 690
f 675 682 557
f 556 475 536
f 542 595 487
f 469 458 495
f 344 389 329
f 255 419 335
f 534 651 571
f 719 533 616
f 691 690 685
f 692 663 744
f 544 637 683
f 536 735 556
f 518 595 517
f 595 528 517
f 344 329 388
f 457 474 367
f 367 421 445
f 367 445 416
f 503 521 525
f 558 915 655
f 692 744 502
f 632 674 557
f 501 674 537
f 537 735 536
f 335 427 255
f 427 219 255
f 915 616 655
f 616 915 719
f 543 542 407
f 407 542 470
f 470 542 487
f 515 510 505
f 495 379 469
f 212 382 198
f 382 377 198
f 377 382 245
f 525 560 426
f 719 650 533
f 487 595 504
f 595 518 504
f 505 510 458
f 454 382 212
f 503 525 426
f 559 534 571
f 511 650 663
f 649 684 637
f 544 753 623
f 648 654 647
f 459 505 458
f 256 378 454
f 534 559 456
f 456 559 571
f 720 558 497
f 636 647 635
f 635 647 634
f 647 646 634
f 634 646 633
f 557 674 501
f 284 457 367
f 623 635 622
f 635 634 622
f 623 753 485
f 485 753 675
f 543 407 475
f 487 504 500
f 405 417 399
f 149 547 328
f 456 571 466
f 497 434 720
f 558 655 506
f 637 544 597
f 544 623 485
f 560 534 456
f 650 599 533
f 511 663 502
f 502 744 649
f 649 637 597
f 406 487 500
f 256 454 212
f 219 263 214
f 367 416 295
f 445 467 420
f 467 444 420
f 466 745 546
f 497 558 506
f 614 624 613
f 450 649 597
f 675 529 485
f 417 256 357
f 426 560 456
f 533 599 511
f 615 614 605
f 605 613 604
f 613 612 604
f 476 557 501
f 219 214 225
f 231 232 230
f 225 214 150
f 149 328 141
f 366 365 355
f 354 365 364
f 356 243 353
f 356 445 420
f 605 604 598
f 604 603 598
f 599 650 511
f 649 450 502
f 675 557 476
f 399 417 357
f 233 232 226
f 232 231 226
f 226 231 224
f 231 230 224
f 230 229 224
f 149 263 218
f 284 367 295
f 416 356 353
f 354 364 352
f 364 363 352
f 420 444 402
f 519 544 485
f 501 537 536
f 491 492 490
f 489 496 488
f 496 492 488
f 438 475 484
f 424 469 379
f 379 405 399
f 399 357 346
f 346 357 296
f 219 225 150
f 314 327 313
f 313 327 326
f 326 327 325
f 311 295 416
f 416 353 243
f 398 356 420
f 520 616 533
f 501 536 475
f 491 490 483
f 347 345 338
f 338 345 337
f 377 245 198
f 134 344 244
f 244 255 219
f 312 326 310
f 326 325 310
f 310 325 309
f 404 411 403
f 398 420 261
f 455 456 466
f 506 655 616
f 438 484 407
f 484 475 407
f 470 487 406
f 424 458 469
f 337 336 330
f 245 344 211
f 125 244 219
f 295 311 293
f 294 309 308
f 309 324 308
f 261 356 398
f 444 503 426
f 529 675 392
f 501 475 438
f 407 470 406
f 459 458 380
f 379 399 384
f 399 346 296
f 284 295 253
f 295 293 253
f 311 416 293
f 533 511 425
f 290 406 500
f 380 458 424
f 379 384 358
f 385 391 383
f 391 390 383
f 384 399 358
f 344 134 211
f 356 261 372
f 323 444 426
f 539 540 538
f 540 545 538
f 296 357 256
f 198 245 211
f 134 244 125
f 293 416 253
f 253 416 243
f 373 371 362
f 362 371 361
f 361 371 370
f 402 444 323
f 540 539 532
f 539 538 531
f 425 530 533
f 449 519 485
f 431 675 476
f 407 406 348
f 214 263 149
f 262 356 372
f 362 361 351
f 506 616 520
f 533 530 520
f 520 530 425
f 597 544 450
f 392 485 529
f 170 185 169
f 169 185 184
f 185 186 184
f 187 214 149
f 243 356 262
f 372 261 262
f 360 426 456
f 443 511 502
f 438 476 501
f 399 296 297
f 165 296 256
f 214 187 167
f 158 171 157
f 170 169 157
f 157 169 168
f 169 184 168
f 167 187 130
f 141 328 254
f 253 243 239
f 409 415 414
f 397 323 426
f 520 425 506
f 358 424 379
f 212 198 142
f 125 219 150
f 214 167 130
f 401 410 400
f 410 409 400
f 409 408 400
f 397 426 360
f 455 466 463
f 463 466 395
f 497 506 451
f 425 511 465
f 392 675 471
f 675 431 471
f 290 500 412
f 424 358 380
f 189 188 172
f 198 211 176
f 401 400 396
f 502 450 443
f 519 449 544
f 430 438 407
f 200 202 199
f 198 176 142
f 174 189 173
f 187 149 141
f 141 254 83
f 323 397 360
f 463 395 455
f 116 212 177
f 177 212 193
f 194 201 192
f 192 201 191
f 201 200 191
f 200 199 190
f 175 174 161
f 161 173 160
f 173 159 160
f 130 187 141
f 420 402 323
f 360 456 455
f 466 546 460
f 451 506 425
f 465 511 443
f 431 476 438
f 256 212 116
f 179 196 178
f 177 193 142
f 142 193 212
f 161 160 153
f 176 211 142
f 104 125 150
f 104 150 130
f 150 214 130
f 466 460 395
f 480 449 485
f 392 471 431
f 407 348 303
f 290 412 381
f 297 358 399
f 165 256 203
f 116 177 181
f 195 196 182
f 180 179 164
f 164 178 163
f 243 262 239
f 252 261 420
f 481 486 479
f 478 477 472
f 359 480 485
f 386 438 339
f 163 162 154
f 181 177 142
f 211 134 125
f 262 261 252
f 360 455 395
f 425 465 443
f 359 449 480
f 151 380 358
f 203 256 116
f 116 181 142
f 104 130 123
f 131 132 122
f 223 222 217
f 262 238 239
f 238 262 252
f 252 420 270
f 271 278 269
f 270 420 251
f 251 420 323
f 251 323 360
f 369 443 450
f 449 450 544
f 339 438 430
f 430 407 339
f 358 297 287
f 124 122 112
f 121 120 112
f 112 120 111
f 120 119 111
f 216 434 497
f 418 451 425
f 431 438 386
f 406 208 348
f 208 406 290
f 288 299 286
f 299 298 286
f 286 298 285
f 211 125 100
f 104 123 59
f 123 130 59
f 270 251 252
f 283 216 497
f 451 418 292
f 394 449 359
f 339 407 303
f 300 299 289
f 221 220 215
f 207 296 220
f 220 296 165
f 130 141 59
f 239 238 228
f 238 252 251
f 341 443 369
f 358 287 301
f 301 287 297
f 207 220 165
f 203 116 165
f 141 83 84
f 237 83 254
f 395 460 413
f 497 451 292
f 418 425 341
f 485 392 359
f 297 296 207
f 125 104 59
f 257 360 333
f 360 395 333
f 151 358 301
f 114 126 113
f 28 125 97
f 125 59 97
f 350 349 343
f 343 349 342
f 394 369 442
f 369 450 442
f 440 441 439
f 142 211 128
f 129 127 115
f 127 114 115
f 115 114 109
f 114 113 109
f 109 108 105
f 100 128 211
f 86 100 125
f 242 238 246
f 238 251 246
f 395 257 333
f 343 342 334
f 425 443 341
f 441 440 433
f 440 439 432
f 450 449 394
f 142 128 100
f 86 125 28
f 28 97 59
f 59 141 84
f 228 238 242
f 250 260 249
f 249 260 259
f 260 268 258
f 251 360 246
f 395 413 387
f 394 442 450
f 228 242 241
f 242 246 241
f 249 259 247
f 259 258 247
f 235 392 431
f 208 303 348
f 254 248 237
f 307 395 387
f 208 290 381
f 87 116 142
f 257 395 307
f 100 86 28
f 5 83 110
f 246 360 240
f 360 257 240
f 322 257 307
f 307 387 322
f 303 315 227
f 317 316 302
f 291 303 208
f 136 165 87
f 87 165 116
f 28 59 47
f 369 394 332
f 315 303 291
f 301 297 207
f 165 136 139
f 138 137 135
f 136 87 139
f 87 142 100
f 83 237 110
f 257 322 240
f 304 394 393
f 392 235 359
f 227 315 291
f 59 37 47
f 248 156 237
f 292 418 341
f 207 165 139
f 37 59 84
f 267 277 266
f 156 248 275
f 235 431 386
f 183 339 303
f 5 84 83
f 266 276 265
f 393 394 359
f 117 208 234
f 208 381 234
f 100 41 65
f 26 47 44
f 44 47 37
f 332 394 304
f 304 393 359
f 235 386 183
f 183 303 227
f 41 100 28
f 47 26 13
f 46 45 40
f 39 40 38
f 5 110 58
f 283 497 292
f 264 369 332
f 183 386 339
f 291 208 227
f 100 65 87
f 28 47 13
f 33 40 32
f 32 39 31
f 39 38 31
f 44 37 23
f 37 84 13
f 110 237 156
f 341 369 264
f 304 359 272
f 33 32 27
f 25 30 24
f 30 29 24
f 24 29 23
f 145 139 87
f 13 26 44
f 25 24 21
f 23 37 13
f 332 340 320
f 301 207 139
f 44 23 13
f 264 332 306
f 306 332 320
f 321 331 319
f 227 208 183
f 87 65 69
f 84 3 13
f 319 318 305
f 332 304 340
f 68 60 62
f 62 60 61
f 3 84 5
f 304 236 340
f 301 139 145
f 64 62 54
f 62 61 54
f 53 52 49
f 41 28 7
f 99 110 156
f 156 275 99
f 216 283 146
f 213 341 264
f 213 264 282
f 306 320 340
f 236 304 272
f 69 65 63
f 64 54 55
f 69 63 41
f 63 65 41
f 28 13 7
f 281 280 274
f 274 280 273
f 280 279 273
f 272 359 235
f 264 306 282
f 282 306 213
f 235 183 166
f 151 301 145
f 87 69 82
f 69 70 82
f 15 14 8
f 7 13 1
f 283 292 213
f 213 292 341
f 51 87 82
f 73 72 67
f 67 72 66
f 72 71 66
f 69 41 36
f 48 42 43
f 42 34 35
f 10 8 6
f 9 7 1
f 236 272 235
f 57 67 56
f 69 36 22
f 43 35 36
f 22 41 7
f 4 7 9
f 4 9 1
f 213 306 340
f 145 87 51
f 57 56 50
f 70 69 22
f 36 41 22
f 4 1 2
f 58 110 99
f 204 283 213
f 236 235 152
f 208 117 183
f 118 151 145
f 70 22 82
f 7 4 22
f 11 4 2
f 146 283 147
f 283 204 147
f 206 210 205
f 210 209 205
f 204 213 147
f 140 166 183
f 117 234 143
f 2 1 11
f 3 5 12
f 12 5 58
f 206 205 197
f 81 58 99
f 11 1 13
f 236 152 340
f 140 183 106
f 106 183 117
f 118 145 133
f 22 76 82
f 74 75 79
f 79 75 77
f 11 13 3
f 11 3 12
f 79 77 78
f 76 22 51
f 80 81 99
f 147 213 340
f 82 76 51
f 22 4 11
f 12 58 81
f 146 147 155
f 147 340 155
f 235 166 140
f 133 145 51
f 99 275 93
f 155 340 148
f 106 117 143
f 118 133 103
f 12 81 80
f 340 152 148
f 148 152 102
f 89 22 11
f 11 12 19
f 16 17 18
f 17 20 18
f 88 99 93
f 11 19 88
f 80 99 88
f 93 275 144
f 19 12 88
f 12 80 88
f 235 140 152
f 89 11 88
f 103 133 89
f 133 51 89
f 140 106 152
f 101 103 89
f 51 22 89
f 102 152 106
f 107 103 93
f 93 103 101
f 101 89 96
f 93 144 107
f 106 143 102
f 93 101 96
f 98 94 95
f 95 94 91
f 94 90 91
f 95 91 92
f 93 96 89
f 89 88 85
f 93 89 85
f 88 93 85

