# Blender 4.3.2
# www.blender.org
o model
v -0.002119 1.665363 -0.675704
v -0.002691 1.667969 -0.669986
v -0.000518 1.665554 -0.674611
v -0.000518 1.665132 -0.674622
v -0.004465 1.671848 -0.643925
v -0.000518 1.671858 -0.644632
v -0.061987 1.478402 -0.095783
v -0.000518 1.479223 -0.093236
v -0.000518 1.487089 -0.102157
v -0.064981 1.489751 -0.110837
v -0.022884 1.441385 0.294591
v -0.022154 1.431893 0.279797
v -0.000518 1.449261 0.279096
v -0.000518 1.464740 0.293777
v -0.023232 1.420756 0.266344
v -0.000518 1.435891 0.253940
v -0.005514 1.413708 0.245461
v -0.000518 1.413128 0.244418
v -0.000518 1.421935 0.240495
v -0.008825 1.420069 0.249555
v -0.791295 0.604335 0.198322
v -0.783336 0.569671 0.169222
v -0.776327 0.563820 0.189554
v -0.781210 0.599283 0.217805
v -0.782523 0.550047 0.147105
v -0.774214 0.543195 0.157183
v -0.766256 0.594902 0.232952
v -0.764112 0.565614 0.224063
v -0.765763 0.496773 0.137855
v -0.774517 0.503568 0.125447
v -0.783172 0.498866 0.110762
v -0.776233 0.500268 0.137391
v -0.785336 0.524057 0.119767
v -0.783059 0.536127 0.133926
v -0.790215 0.528371 0.129284
v -0.801606 0.532543 0.108752
v -0.779865 0.542932 0.158487
v -0.773909 0.526551 0.143625
v -0.779720 0.527697 0.151078
v -0.774713 0.513693 0.132339
v -0.786656 0.547389 0.151667
v -0.784670 0.529962 0.143307
v -0.785931 0.527147 0.139071
v -0.779265 0.518065 0.151360
v -0.784426 0.513051 0.136762
v -0.777139 0.511879 0.146652
v -0.764968 0.510529 0.146736
v -0.770268 0.502118 0.148580
v -0.784605 0.511449 0.133907
v -0.784509 0.514857 0.138462
v -0.784605 0.511449 0.133907
v -0.784845 0.515456 0.138264
v -0.780808 0.543721 0.170838
v -0.788897 0.561051 0.164973
v -0.778965 0.528393 0.160088
v -0.770046 0.488163 0.143873
v -0.765254 0.499751 0.164188
v -0.768496 0.525696 0.176913
v -0.696189 1.084222 -0.251410
v -0.704586 1.067155 -0.240470
v -0.694954 1.074708 -0.226844
v -0.689594 1.087435 -0.233471
v -0.716534 1.056380 -0.217492
v -0.703440 1.067805 -0.210501
v -0.697578 1.087632 -0.212329
v -0.698707 1.119245 -0.231829
v -0.692616 1.106118 -0.252346
v -0.685381 1.101474 -0.240563
v -0.693310 1.106626 -0.219878
v -0.728884 1.059994 -0.191318
v -0.713936 1.061675 -0.192244
v -0.724219 1.086171 -0.182232
v -0.706272 1.084443 -0.191591
v -0.734447 1.110895 -0.194237
v -0.730150 1.135780 -0.198352
v -0.718425 1.127599 -0.192840
v -0.719547 1.108209 -0.187739
v -0.704146 1.109648 -0.198949
v -0.706389 1.129784 -0.208175
v -0.719791 1.133166 -0.219748
v -0.658711 1.185017 0.219394
v -0.654394 1.194254 0.206733
v -0.652864 1.180083 0.197703
v -0.659831 1.169404 0.207232
v -0.664373 1.194324 0.190691
v -0.664304 1.176700 0.188253
v -0.670159 1.163456 0.194811
v -0.628035 0.559110 0.520004
v -0.622776 0.581037 0.540170
v -0.618408 0.569305 0.519065
v -0.634946 0.563252 0.515841
v -0.643557 0.581103 0.515212
v -0.626484 0.579628 0.523691
v -0.610828 0.534893 0.487053
v -0.624850 0.532893 0.501827
v -0.635434 0.554402 0.488154
v -0.644323 0.568490 0.496231
v -0.623534 0.525130 0.470037
v -0.616481 0.545295 0.476792
v -0.641515 0.537934 0.471543
v -0.614302 0.564019 0.475545
v -0.635154 0.557864 0.478663
v -0.598171 0.553205 0.476810
v -0.624451 0.520941 0.468554
v -0.602357 0.516714 0.545567
v -0.615703 0.556768 0.554908
v -0.619905 0.512831 0.499643
v -0.790885 1.490076 -0.003662
v -0.785215 1.490938 -0.002291
v -0.774330 1.495642 0.000404
v -0.783645 1.494765 -0.001877
v -0.789983 1.487897 -0.004807
v -0.782585 1.488279 -0.006112
v -0.772398 1.489254 -0.004030
v -0.782249 1.489190 -0.003332
v -0.735073 1.493575 -0.007136
v -0.733773 1.493865 -0.002514
v -0.029690 0.910615 0.828168
v -0.040690 0.918538 0.823980
v -0.051479 0.900383 0.819308
v -0.042419 0.897202 0.827846
v -0.052725 0.889497 0.828707
v -0.058727 0.894480 0.822658
v -0.023902 0.927201 0.831236
v -0.036157 0.926384 0.824155
v -0.042123 0.930188 0.827210
v -0.042481 0.918383 0.836158
v -0.032180 0.940104 0.829368
v -0.053245 0.907273 0.839896
v -0.073268 0.901317 0.839462
v -0.070882 0.899176 0.817340
v -0.066058 0.881714 0.840466
v -0.066712 0.885290 0.819057
v -0.039833 0.897460 0.844638
v -0.049995 0.884178 0.843041
v -0.044286 0.953874 0.827058
v -0.045680 0.940958 0.828481
v -0.027865 0.909834 0.846067
v -0.023414 0.926277 0.847130
v -0.031822 0.941040 0.845014
v -0.045891 0.950871 0.841818
v -0.050914 0.936919 0.839723
v -0.055944 0.869024 0.840815
v -0.059325 0.867326 0.823174
v -0.191494 1.497709 0.106919
v -0.162500 1.485003 0.108668
v -0.135830 1.480724 0.072640
v -0.173510 1.500518 0.073109
v -0.115516 1.480776 0.016697
v -0.131180 1.489052 0.018523
v -0.111508 1.471460 0.059951
v -0.103872 1.463370 0.084920
v -0.122242 1.468802 0.098616
v -0.161937 1.505054 0.019736
v -0.007292 1.664132 -0.681912
v -0.009324 1.664292 -0.676706
v -0.008598 1.665779 -0.677566
v -0.006416 1.665860 -0.682020
v -0.007251 1.668298 -0.667922
v -0.004225 1.665750 -0.680043
v -0.004745 1.663965 -0.681125
v -0.005947 1.661835 -0.678906
v -0.007763 1.662534 -0.679143
v -0.007991 1.660485 -0.674145
v -0.009626 1.662007 -0.674753
v -0.002761 1.657428 -0.663821
v -0.005674 1.656922 -0.663886
v -0.004198 1.659717 -0.671475
v -0.002144 1.661185 -0.672585
v -0.002720 1.663133 -0.675796
v -0.005567 1.659740 -0.673080
v -0.008139 1.657856 -0.664370
v -0.000518 1.661858 -0.671627
v -0.000518 1.664074 -0.674650
v -0.025638 1.772323 0.063841
v -0.024870 1.774116 0.052699
v -0.034042 1.772685 0.055297
v -0.037620 1.770838 0.063443
v -0.027779 1.773281 0.039854
v -0.039898 1.769697 0.048229
v -0.046276 1.765853 0.058396
v -0.011718 1.754109 0.130156
v -0.023447 1.752851 0.130906
v -0.020869 1.750012 0.137190
v -0.012120 1.749716 0.138456
v -0.033229 1.749080 0.135136
v -0.025012 1.744605 0.141811
v -0.013737 1.743026 0.145031
v -0.267543 1.425586 0.696165
v -0.267611 1.423494 0.699515
v -0.267535 1.424242 0.699159
v -0.267065 1.426413 0.696465
v -0.257072 1.429847 0.689917
v -0.257718 1.431750 0.690329
v -0.263611 1.425987 0.696724
v -0.264505 1.423980 0.697573
v -0.260234 1.432570 0.689951
v -0.264466 1.426038 0.697150
v -0.000518 1.474895 -0.086010
v -0.042979 1.471211 -0.082002
v -0.068315 1.471089 -0.077039
v -0.093270 1.479176 -0.090734
v -0.151180 1.477694 0.118201
v -0.141928 1.477939 0.130167
v -0.107815 1.470734 0.121223
v -0.143373 1.485432 0.147496
v -0.112907 1.477975 0.144821
v -0.081870 1.473158 0.146732
v -0.077192 1.468013 0.128889
v -0.070201 1.463346 0.113899
v -0.090511 1.464345 0.102315
v -0.115109 1.487211 -0.081904
v -0.085162 1.476386 -0.067741
v -0.093225 1.480021 -0.050186
v -0.113196 1.486945 -0.057497
v -0.154610 1.504906 -0.101353
v -0.147284 1.502382 -0.084164
v -0.132302 1.493768 -0.103478
v -0.138840 1.498892 -0.062048
v -0.117641 1.487449 -0.107119
v -0.025201 0.866941 0.892991
v -0.047691 0.877256 0.882897
v -0.053885 0.852474 0.881706
v -0.026265 0.839313 0.892455
v -0.050604 0.882592 0.862033
v -0.055650 0.868199 0.859875
v -0.050992 0.911367 0.858561
v -0.053661 0.926670 0.864792
v -0.064769 0.923945 0.874098
v -0.067111 0.903574 0.857070
v -0.031272 1.413594 0.253263
v -0.038044 1.410206 0.257599
v -0.018546 1.409845 0.261775
v -0.009232 1.409835 0.261988
v -0.000518 1.409893 0.261845
v -0.147458 1.436258 0.221669
v -0.152977 1.458508 0.213358
v -0.147598 1.442949 0.186944
v -0.133552 1.425620 0.208962
v -0.145258 1.435738 0.160429
v -0.134527 1.423150 0.185403
v -0.149351 1.454505 0.159245
v -0.118757 1.418616 0.207267
v -0.099178 1.483419 -0.200679
v -0.096729 1.466528 -0.187959
v -0.111883 1.477975 -0.166355
v -0.108977 1.499615 -0.186346
v -0.087905 1.458845 -0.179561
v -0.106643 1.459961 -0.166992
v -0.115477 1.517069 -0.173855
v -0.119879 1.499291 -0.152670
v -0.114328 1.460694 -0.151236
v -0.119308 1.475989 -0.145453
v -0.123990 1.492745 -0.138097
v -0.200172 1.450211 -0.063193
v -0.211630 1.459919 -0.072473
v -0.194115 1.475314 -0.091165
v -0.186684 1.453259 -0.085273
v -0.238179 1.471760 -0.073608
v -0.231148 1.491518 -0.082179
v -0.168809 1.465233 -0.098300
v -0.163470 1.484192 -0.102227
v -0.219264 1.434383 0.075919
v -0.208062 1.431571 0.101963
v -0.218109 1.446072 0.108505
v -0.233318 1.438996 0.079389
v -0.187227 1.467394 0.127894
v -0.211487 1.469323 0.120157
v -0.190406 1.449718 0.119852
v -0.190850 1.435282 0.114147
v -0.141719 1.424633 0.156601
v -0.133069 1.421140 0.175699
v -0.130229 1.414505 0.199434
v -0.119491 1.412926 0.215556
v -0.149868 1.418513 0.162573
v -0.139373 1.416134 0.184263
v -0.170633 1.451508 -0.095941
v -0.184558 1.444699 -0.080057
v -0.147455 1.472052 -0.106251
v -0.149092 1.456443 -0.103610
v -0.152903 1.448188 -0.109233
v -0.165854 1.447600 -0.102824
v -0.231269 1.428902 0.063499
v -0.225989 1.426568 0.084852
v -0.207853 1.427255 0.083833
v -0.212936 1.431798 0.070301
v -0.202295 1.429059 0.097601
v -0.205674 1.425472 0.099906
v -0.222418 1.424426 0.104603
v -0.228854 1.437409 0.041446
v -0.224712 1.432831 0.032439
v -0.176808 1.447657 -0.111298
v -0.186537 1.446456 -0.100351
v -0.198082 1.444645 -0.082991
v -0.163156 1.448892 -0.123162
v -0.239876 1.432729 0.030178
v -0.667871 1.282727 0.125972
v -0.672619 1.266868 0.139456
v -0.649841 1.260464 0.148384
v -0.651153 1.272156 0.132672
v -0.644757 1.282172 0.144129
v -0.645947 1.273079 0.160093
v -0.669434 1.265499 0.161993
v -0.651606 1.268235 0.184722
v -0.637319 1.268924 0.217253
v -0.615992 1.307286 0.184996
v -0.639960 1.288292 0.168613
v -0.647168 1.297014 0.142016
v -0.633293 1.323185 0.120514
v -0.584850 1.361837 0.102680
v -0.576876 1.355380 0.162498
v -0.612505 1.268245 0.274526
v -0.583020 1.306465 0.246338
v -0.551389 1.347951 0.226042
v -0.650523 0.570579 0.481815
v -0.651059 0.556587 0.467336
v -0.657593 0.572471 0.465770
v -0.615380 0.557122 0.485762
v -0.500817 0.188814 0.212939
v -0.528520 0.206619 0.204513
v -0.540061 0.210851 0.188596
v -0.508367 0.184343 0.179748
v -0.534358 0.211492 0.191408
v -0.535180 0.209604 0.194852
v -0.497254 0.196186 0.249368
v -0.522977 0.209922 0.233814
v -0.577215 0.233016 0.148766
v -0.549663 0.206482 0.144272
v -0.564219 0.233854 0.189215
v -0.513394 0.261017 -0.362931
v -0.493372 0.258943 -0.394528
v -0.475180 0.234080 -0.380331
v -0.481273 0.228197 -0.354004
v -0.453127 0.206385 -0.359508
v -0.456581 0.221673 -0.393398
v -0.472206 0.254601 -0.422351
v -0.626615 0.574429 0.546287
v -0.638233 0.610659 0.560199
v -0.625398 0.606305 0.585070
v -0.666415 1.249843 0.198781
v -0.681586 1.249074 0.175327
v -0.664737 1.300618 0.095409
v -0.581250 0.263633 0.231930
v -0.559129 0.239214 0.221417
v -0.558495 0.246929 0.248470
v -0.570473 0.264732 0.267228
v -0.551116 0.256104 0.297603
v -0.541676 0.234760 0.259113
v -0.540091 0.220692 0.220527
v -0.600740 0.622441 0.463860
v -0.605419 0.613618 0.454479
v -0.595867 0.602303 0.462513
v -0.593026 0.615199 0.471426
v -0.619981 0.608803 0.457453
v -0.612439 0.600831 0.468554
v -0.607253 0.614407 0.476495
v -0.613113 0.631697 0.457561
v -0.614991 0.624303 0.450831
v -0.626290 0.622410 0.452310
v -0.628564 0.634088 0.456882
v -0.625921 0.652710 0.481378
v -0.614216 0.657773 0.482509
v -0.622237 0.668755 0.484826
v -0.631785 0.664615 0.486117
v -0.609464 0.659839 0.491344
v -0.620792 0.671413 0.491558
v -0.627255 0.666934 0.497508
v -0.603383 0.623727 0.485363
v -0.594178 0.629262 0.482477
v -0.606867 0.640346 0.501588
v -0.614870 0.628437 0.493071
v -0.622459 0.616940 0.481901
v -0.634288 0.661172 0.504611
v -0.642126 0.654760 0.490916
v -0.644836 0.652218 0.514638
v -0.652258 0.650183 0.504282
v -0.634721 0.647900 0.483636
v -0.635840 0.639928 0.479585
v -0.645237 0.640134 0.486686
v -0.654680 0.640525 0.495893
v -0.602009 0.645735 0.485819
v -0.616919 0.655478 0.500341
v -0.599273 0.631930 0.475570
v -0.629450 0.629001 0.500186
v -0.625151 0.638868 0.509003
v -0.627507 0.651034 0.508519
v -0.624087 0.644186 0.475500
v -0.639590 0.637700 0.514869
v -0.638216 0.647138 0.514178
v -0.650338 0.639063 0.518171
v -0.657963 0.641323 0.515918
v -0.660244 0.634649 0.506187
v -0.655147 0.628628 0.508715
v -0.652924 0.614482 0.466362
v -0.665771 0.609241 0.479389
v -0.660911 0.607228 0.478050
v -0.647080 0.605481 0.469752
v -0.639633 0.602257 0.482229
v -0.655305 0.603341 0.485443
v -0.656389 0.586064 0.483276
v -0.662447 0.587879 0.467401
v -0.653631 0.590622 0.496250
v -0.659805 0.610235 0.489112
v -0.698109 1.257068 0.125922
v -0.695296 1.266592 0.098525
v -0.667454 0.562624 0.427883
v -0.671658 0.568532 0.413982
v -0.662917 0.553349 0.417594
v -0.662862 0.546165 0.423576
v -0.668687 0.536404 0.399421
v -0.685828 0.555121 0.378319
v -0.648404 0.617833 0.493937
v -0.664126 0.618894 0.493386
v -0.664334 0.622172 0.489985
v -0.663810 0.614135 0.488257
v -0.675201 1.192267 0.177565
v -0.682930 1.177867 0.177144
v -0.668890 1.212097 0.197155
v -0.681103 1.206870 0.180294
v -0.696739 1.191884 0.176610
v -0.541233 1.401749 0.131653
v -0.568593 1.394806 0.080614
v -0.563521 1.383220 0.101770
v -0.549330 1.385262 0.148206
v -0.590008 1.377678 0.070400
v -0.668135 0.700386 0.448447
v -0.657122 0.706234 0.434318
v -0.647932 0.697674 0.449484
v -0.656877 0.691401 0.449756
v -0.648102 0.698781 0.423815
v -0.640539 0.691936 0.439378
v -0.647229 0.683398 0.442960
v -0.639619 0.674597 0.433871
v -0.634973 0.663150 0.424162
v -0.648351 0.659894 0.432007
v -0.644171 0.668838 0.439185
v -0.635086 0.648867 0.409047
v -0.648740 0.647093 0.414602
v -0.663124 0.678239 0.446096
v -0.674815 0.688795 0.448704
v -0.675059 0.703369 0.410717
v -0.691958 0.699160 0.412599
v -0.669061 0.665045 0.446387
v -0.683014 0.671680 0.444642
v -0.667102 0.655379 0.430951
v -0.680422 0.649167 0.435219
v -0.688795 0.636644 0.448947
v -0.697690 0.661370 0.452844
v -0.640615 0.643257 0.394221
v -0.627143 0.650126 0.401583
v -0.635927 0.656091 0.392867
v -0.639502 0.671469 0.402747
v -0.628917 0.668957 0.414478
v -0.696210 0.698552 0.443698
v -0.658717 0.628576 0.488056
v -0.663490 0.618603 0.483635
v -0.688322 1.168211 0.187947
v -0.691873 1.156841 0.200107
v -0.675842 1.152796 0.201909
v -0.689000 1.157053 0.215906
v -0.671665 1.161049 0.213732
v -0.636184 0.510528 0.455446
v -0.648048 0.528454 0.446823
v -0.661060 0.515414 0.404164
v -0.554012 1.410855 0.082755
v -0.567843 1.399985 0.063262
v -0.533555 1.421484 0.055036
v -0.555084 1.408700 0.034172
v -0.521057 1.412921 0.128758
v -0.673972 0.581048 0.424233
v -0.688231 0.587211 0.400069
v -0.676407 0.626545 0.474395
v -0.664274 0.622025 0.489834
v -0.671899 0.638806 0.498263
v -0.687823 0.649571 0.471193
v -0.664738 0.619909 0.491893
v -0.656075 0.610469 0.509319
v -0.696082 0.572899 0.371176
v -0.704803 0.589247 0.365702
v -0.684792 1.188042 0.290019
v -0.656857 1.193063 0.335954
v -0.664116 1.220426 0.268599
v -0.671022 1.216782 0.248184
v -0.655959 1.240967 0.239803
v -0.668370 1.228418 0.229084
v -0.637870 1.231844 0.304268
v -0.681928 0.627493 0.397641
v -0.694515 0.619151 0.409725
v -0.684217 0.614252 0.435589
v -0.676790 0.625970 0.415655
v -0.684890 0.599624 0.417759
v -0.673816 0.593087 0.442177
v -0.678146 0.634813 0.425905
v -0.684432 0.622377 0.445272
v -0.718803 1.194443 0.182878
v -0.705601 1.178874 0.184906
v -0.702736 1.209153 0.182609
v -0.657925 0.683602 0.399146
v -0.663461 0.696809 0.405284
v -0.675800 0.691289 0.387067
v -0.671789 0.680954 0.380420
v -0.690551 0.689453 0.387477
v -0.692451 0.673272 0.377723
v -0.653037 0.644364 0.381996
v -0.658350 0.638760 0.390085
v -0.650712 0.638007 0.401851
v -0.664072 0.631015 0.408060
v -0.669282 0.634181 0.391463
v -0.668504 0.642132 0.375517
v -0.697002 1.279113 0.066408
v -0.657490 0.600226 0.261062
v -0.655458 0.582523 0.281241
v -0.658547 0.594276 0.287963
v -0.661328 0.610005 0.278971
v -0.674353 0.585979 0.303551
v -0.672278 0.595473 0.297448
v -0.683733 0.611384 0.293419
v -0.664613 0.571008 0.277006
v -0.666544 0.579600 0.253643
v -0.657199 0.615925 0.236287
v -0.659462 0.600852 0.236273
v -0.659837 0.622307 0.251241
v -0.671123 0.586296 0.230409
v -0.661060 0.631531 0.268946
v -0.677251 0.630743 0.281741
v -0.666853 0.646791 0.281567
v -0.654983 0.652125 0.278050
v -0.698250 0.598549 0.300979
v -0.657843 0.639438 0.218392
v -0.663716 0.645875 0.202761
v -0.673061 0.642692 0.206706
v -0.672211 0.637804 0.218177
v -0.676151 0.652086 0.189555
v -0.682624 0.642991 0.201642
v -0.686732 0.637216 0.216017
v -0.688950 0.635809 0.289363
v -0.672866 0.652268 0.288540
v -0.659222 0.664276 0.287496
v -0.698358 0.552857 0.274109
v -0.700632 0.570647 0.293395
v -0.686661 0.567743 0.288972
v -0.678027 0.557309 0.271475
v -0.705812 0.586724 0.302745
v -0.681357 0.575346 0.297555
v -0.682583 0.656167 0.295523
v -0.691978 0.666147 0.296539
v -0.676919 0.676832 0.299780
v -0.667277 0.670909 0.296336
v -0.699658 0.681271 0.295777
v -0.680609 0.688114 0.292429
v -0.666614 0.687268 0.285729
v -0.703726 0.621265 0.294077
v -0.716089 0.609175 0.295714
v -0.664979 0.693868 0.230455
v -0.671436 0.708014 0.242927
v -0.681430 0.713269 0.229169
v -0.677515 0.701735 0.217425
v -0.682056 0.718453 0.255062
v -0.692085 0.716912 0.233183
v -0.695140 0.706041 0.214066
v -0.688300 0.617402 0.227181
v -0.683120 0.602882 0.221820
v -0.673285 0.608907 0.224127
v -0.672613 0.618532 0.228267
v -0.726345 0.601541 0.298050
v -0.715277 0.574473 0.305095
v -0.724971 0.588030 0.305118
v -0.702578 0.630101 0.225901
v -0.714278 0.632819 0.226163
v -0.720657 0.615024 0.223830
v -0.702543 0.615302 0.225382
v -0.696522 0.596880 0.219828
v -0.714356 0.590447 0.218541
v -0.754478 0.619412 0.236193
v -0.747068 0.603355 0.223727
v -0.735347 0.628365 0.233734
v -0.727860 0.638709 0.227075
v -0.686676 1.222625 0.186180
v -0.740097 0.647153 0.224423
v -0.723736 0.644296 0.219959
v -0.729333 0.651397 0.214864
v -0.715478 0.652559 0.207758
v -0.713762 0.642437 0.217243
v -0.707757 1.159753 0.217992
v -0.697810 1.168700 0.226471
v -0.684640 1.170202 0.228085
v -0.721533 1.169798 0.221899
v -0.705428 1.176519 0.232834
v -0.690069 1.181982 0.239979
v -0.734588 1.229943 0.109622
v -0.737785 1.238564 0.078066
v -0.739712 1.245476 0.042554
v -0.691910 0.674176 0.488943
v -0.698123 0.670903 0.466963
v -0.712220 0.686688 0.444658
v -0.720926 0.695616 0.443193
v -0.711956 0.565061 0.331294
v -0.716186 0.580486 0.334851
v -0.720019 0.563109 0.300136
v -0.724049 0.548994 0.290335
v -0.713938 0.554582 0.283568
v -0.726044 0.581514 0.314660
v -0.720679 0.595468 0.336993
v -0.670876 1.145022 0.384233
v -0.697296 1.149338 0.333592
v -0.665785 1.211037 0.240320
v -0.682213 1.198056 0.250330
v -0.699813 1.185692 0.255967
v -0.704500 1.172902 0.275560
v -0.715924 1.149091 0.299921
v -0.746300 0.631854 0.249367
v -0.740053 0.623971 0.248225
v -0.746497 0.639629 0.233801
v -0.737273 0.608613 0.286125
v -0.730873 0.617990 0.286236
v -0.742212 0.613295 0.275483
v -0.740229 0.618833 0.276644
v -0.747286 0.620962 0.280827
v -0.735648 0.630826 0.287068
v -0.743605 0.624926 0.264220
v -0.753891 0.624939 0.265961
v -0.753610 0.633728 0.297325
v -0.751614 0.637613 0.289346
v -0.752930 0.620629 0.285070
v -0.761348 0.620521 0.269862
v -0.753778 0.614923 0.264372
v -0.748815 0.610830 0.277769
v -0.743630 0.604949 0.290670
v -0.744060 0.615534 0.301527
v -0.703089 1.215426 -0.325568
v -0.737436 1.181101 -0.285441
v -0.742817 1.199170 -0.261736
v -0.701103 1.234203 -0.314826
v -0.748962 1.155376 -0.271895
v -0.755383 1.165921 -0.247207
v -0.769362 1.157804 -0.209134
v -0.762323 1.189635 -0.208097
v -0.698009 1.253365 -0.306165
v -0.738772 1.230095 -0.252295
v -0.756709 1.214831 -0.197983
v -0.692452 0.643125 0.370858
v -0.710862 0.635790 0.384026
v -0.704203 0.624676 0.386255
v -0.687969 0.634852 0.378705
v -0.722262 0.631542 0.363219
v -0.717930 0.619055 0.362097
v -0.698092 0.605301 0.391189
v -0.711617 0.604194 0.363403
v -0.738123 0.441719 0.177135
v -0.739798 0.449372 0.179421
v -0.742451 0.455757 0.170007
v -0.740778 0.459323 0.176537
v -0.747120 1.119650 -0.278975
v -0.747760 1.128256 -0.291871
v -0.754306 1.103739 -0.284419
v -0.750994 1.102663 -0.282586
v -0.766339 1.072004 -0.275754
v -0.767894 1.078658 -0.265923
v -0.750962 1.096717 -0.306153
v -0.760022 0.643465 0.229076
v -0.761495 0.632388 0.248817
v -0.768222 0.659406 0.231932
v -0.772941 0.646720 0.245621
v -0.774956 0.634897 0.255225
v -0.768364 0.622068 0.257341
v -0.726859 1.208712 0.167275
v -0.747762 1.186107 0.170328
v -0.730538 1.193195 0.188152
v -0.723167 1.204546 0.183701
v -0.724661 1.180629 0.198524
v -0.742012 1.176959 0.200368
v -0.759979 1.148012 -0.242737
v -0.767181 1.142141 -0.220490
v -0.787488 1.129055 -0.167539
v -0.780201 1.162772 -0.164390
v -0.780210 1.127925 -0.195606
v -0.775155 1.185366 -0.156372
v -0.776973 1.123086 -0.206946
v -0.785748 0.564560 0.176282
v -0.731971 0.564495 0.228500
v -0.738977 0.579959 0.217449
v -0.751872 0.558827 0.231001
v -0.757044 0.543833 0.219067
v -0.768127 0.544980 0.195668
v -0.732615 0.625813 0.333968
v -0.726366 0.610734 0.336293
v -0.725285 0.645899 0.369641
v -0.735081 0.644482 0.346541
v -0.730834 0.596244 0.315419
v -0.736419 0.608442 0.312192
v -0.743251 0.630210 0.314551
v -0.744806 0.645258 0.324799
v -0.765199 0.673408 0.283433
v -0.768428 0.673033 0.299870
v -0.773942 0.671360 0.277619
v -0.771436 0.672187 0.274010
v -0.783675 0.661659 0.260371
v -0.774955 0.656374 0.262370
v -0.776862 0.684885 0.289602
v -0.793129 0.515700 0.103417
v -0.785954 0.513446 0.110609
v -0.755296 0.618922 0.250891
v -0.769901 0.616840 0.247334
v -0.783426 0.629894 0.239614
v -0.737249 0.687854 0.388909
v -0.713376 0.689190 0.408808
v -0.728795 0.671779 0.388963
v -0.739736 0.673782 0.367884
v -0.749765 0.709919 0.383199
v -0.802021 0.568012 0.135707
v -0.789167 0.561888 0.164187
v -0.817227 0.578957 0.106337
v -0.838590 0.595247 0.057219
v -0.821330 0.544141 0.062852
v -0.770556 0.665298 0.252791
v -0.794452 0.708294 0.274031
v -0.795320 0.669985 0.241413
v -0.813130 0.684621 0.215463
v -0.821010 0.726927 0.228932
v -0.830601 0.757480 0.232282
v -0.806393 0.746463 0.281050
v -0.762256 0.691887 0.333872
v -0.774138 0.715251 0.328155
v -0.784435 0.740957 0.330978
v -0.773611 0.465900 0.110352
v -0.753714 0.457131 0.152159
v -0.778322 0.481290 0.114624
v -0.815153 0.615041 0.147758
v -0.801453 0.607910 0.176119
v -0.782578 1.058080 -0.237538
v -0.788899 1.037794 -0.235815
v -0.791571 1.066346 -0.207478
v -0.788295 1.073077 -0.210048
v -0.795990 1.084415 -0.178713
v -0.788129 1.094758 -0.195627
v -0.803429 1.041239 -0.192914
v -0.780568 1.096923 -0.202199
v -0.780352 1.079362 -0.214077
v -0.769671 1.096037 -0.198692
v -0.770291 1.076455 -0.210993
v -0.763851 1.067038 -0.234265
v -0.776971 1.068452 -0.237036
v -0.753572 1.075943 -0.261679
v -0.749236 1.063361 -0.230182
v -0.737552 1.067700 -0.259217
v -0.724902 1.087895 -0.276514
v -0.740911 1.096411 -0.280350
v -0.720118 1.110681 -0.272896
v -0.734722 1.116484 -0.276745
v -0.726405 1.123741 -0.250897
v -0.740824 1.128288 -0.257070
v -0.754761 1.138829 -0.264266
v -0.748231 1.136735 -0.236150
v -0.733782 1.134966 -0.228723
v -0.743522 1.137438 -0.208928
v -0.756884 1.137090 -0.217539
v -0.749259 1.116407 -0.199724
v -0.763554 1.119173 -0.204859
v -0.756174 1.093688 -0.193709
v -0.741205 1.089068 -0.187508
v -0.743757 1.065867 -0.199001
v -0.757742 1.071995 -0.205605
v -0.733175 1.058349 -0.224110
v -0.720358 1.066016 -0.249798
v -0.709806 1.085333 -0.263336
v -0.705388 1.107594 -0.263248
v -0.712607 1.120868 -0.242261
v -0.818293 1.036197 -0.144791
v -0.809380 1.082947 -0.135924
v -0.800672 1.127848 -0.122887
v -0.827251 1.075285 -0.077440
v -0.818032 1.119706 -0.067123
v -0.812277 1.151213 -0.055613
v -0.794574 1.160919 -0.110179
v -0.809059 1.169288 -0.049004
v -0.791668 1.178536 -0.102224
v -0.802331 1.185388 -0.041780
v -0.787859 1.196731 -0.094198
v -0.772209 1.205636 -0.146142
v -0.774263 1.208683 -0.084580
v -0.760023 1.221179 -0.135262
v -0.747097 1.233524 -0.187123
v -0.744317 1.237049 -0.123214
v -0.732126 1.249401 -0.176650
v -0.712907 1.261969 -0.231070
v -0.727712 1.248581 -0.241859
v -0.679302 1.277345 -0.285189
v -0.690349 1.267237 -0.297067
v -0.636947 1.295262 -0.338730
v -0.646131 1.286613 -0.351538
v -0.652322 1.275706 -0.362421
v -0.654401 1.259686 -0.372095
v -0.601275 1.305773 -0.407320
v -0.606924 1.295981 -0.419432
v -0.607747 1.281619 -0.429589
v -0.656052 1.240636 -0.383761
v -0.608427 1.262634 -0.442810
v -0.561928 1.315310 -0.477627
v -0.561014 1.301526 -0.488182
v -0.562178 1.284324 -0.501797
v -0.609746 1.229784 -0.463949
v -0.568521 1.244117 -0.523316
v -0.523299 1.316883 -0.539624
v -0.528099 1.294549 -0.551473
v -0.538523 1.248618 -0.568230
v -0.576602 1.193943 -0.547073
v -0.549590 1.196508 -0.586354
v -0.494302 1.293889 -0.575813
v -0.501066 1.245607 -0.593284
v -0.509426 1.191807 -0.611271
v -0.560786 1.143088 -0.605560
v -0.518393 1.137086 -0.629068
v -0.446317 1.240397 -0.621674
v -0.452241 1.186186 -0.641813
v -0.459065 1.130701 -0.660487
v -0.528602 1.080934 -0.647923
v -0.467615 1.074829 -0.680254
v -0.386658 1.177290 -0.666421
v -0.396076 1.125576 -0.693011
v -0.403112 1.070602 -0.712590
v -0.474551 1.019307 -0.700044
v -0.407730 1.016468 -0.732679
v -0.331821 1.122618 -0.725591
v -0.337108 1.068665 -0.745176
v -0.338625 1.015353 -0.763630
v -0.407698 0.963954 -0.751702
v -0.336676 0.963008 -0.783047
v -0.267889 1.067001 -0.775601
v -0.269114 1.015257 -0.796732
v -0.264600 0.962359 -0.812242
v -0.328818 0.908271 -0.789616
v -0.255329 0.907189 -0.815390
v -0.197418 1.016592 -0.830403
v -0.190310 0.963266 -0.838139
v -0.181771 0.906681 -0.839922
v -0.248882 0.850459 -0.816556
v -0.176450 0.847979 -0.840329
v -0.115963 0.965192 -0.864179
v -0.108865 0.906395 -0.865248
v -0.106205 0.845738 -0.865544
v -0.174154 0.788408 -0.840611
v -0.103026 0.784501 -0.866287
v -0.049652 0.906159 -0.887435
v -0.048881 0.844056 -0.886750
v -0.048663 0.782524 -0.885793
v -0.107581 0.724332 -0.864150
v -0.048575 0.721568 -0.884741
v -0.019328 0.843404 -0.897078
v -0.021566 0.781958 -0.895044
v -0.020285 0.721547 -0.894077
v -0.050943 0.661260 -0.882968
v -0.020790 0.661158 -0.893185
v -0.000518 0.781649 -0.901520
v -0.000518 0.721315 -0.898969
v -0.000518 0.661270 -0.898837
v -0.020831 0.600332 -0.892000
v -0.000518 0.599679 -0.897507
v -0.020130 0.489492 -0.851101
v -0.019892 0.543054 -0.874183
v -0.000518 0.540254 -0.880356
v -0.000518 0.486994 -0.856258
v -0.048083 0.493475 -0.841549
v -0.050489 0.547153 -0.863193
v -0.053184 0.602399 -0.880883
v -0.107360 0.553302 -0.843722
v -0.110368 0.607645 -0.856428
v -0.108939 0.664382 -0.862706
v -0.178515 0.615874 -0.828976
v -0.178807 0.671572 -0.838507
v -0.175951 0.729507 -0.839658
v -0.248114 0.679836 -0.811087
v -0.246587 0.735808 -0.815234
v -0.246331 0.793179 -0.816396
v -0.318879 0.742565 -0.790342
v -0.318680 0.798048 -0.792035
v -0.321995 0.853221 -0.792092
v -0.393017 0.803962 -0.766059
v -0.396600 0.856849 -0.766105
v -0.402478 0.910517 -0.762186
v -0.473162 0.861371 -0.737851
v -0.478025 0.912446 -0.734484
v -0.478658 0.964151 -0.719318
v -0.551631 0.912046 -0.703576
v -0.545132 0.963790 -0.685800
v -0.538015 1.022448 -0.666374
v -0.595303 0.966504 -0.660051
v -0.582581 1.027414 -0.641515
v -0.571299 1.086708 -0.623055
v -0.607755 1.029633 -0.619857
v -0.595615 1.087267 -0.595355
v -0.585337 1.141758 -0.571820
v -0.624164 1.083480 -0.553109
v -0.618842 1.135832 -0.523343
v -0.613967 1.183814 -0.491896
v -0.660408 1.121989 -0.466420
v -0.658561 1.168002 -0.434423
v -0.657355 1.209475 -0.405062
v -0.703020 1.146334 -0.382162
v -0.703169 1.182899 -0.350762
v -0.731902 1.119857 -0.337284
v -0.733735 1.152188 -0.311672
v -0.752468 1.064970 -0.326346
v -0.729076 1.082991 -0.368252
v -0.700149 1.103758 -0.415465
v -0.728327 1.037008 -0.399740
v -0.700663 1.055563 -0.449148
v -0.661475 1.071969 -0.498546
v -0.703219 1.002192 -0.480455
v -0.667881 1.017922 -0.531927
v -0.632343 1.027284 -0.582707
v -0.676349 0.956294 -0.564544
v -0.643458 0.963761 -0.612036
v -0.622903 0.967262 -0.641659
v -0.656105 0.904385 -0.635283
v -0.635610 0.911708 -0.661397
v -0.605912 0.911213 -0.676932
v -0.643610 0.862418 -0.672778
v -0.610369 0.864423 -0.686072
v -0.550855 0.864332 -0.708461
v -0.607690 0.818763 -0.679456
v -0.548509 0.816152 -0.707839
v -0.469688 0.810275 -0.738523
v -0.540686 0.763611 -0.697249
v -0.466165 0.758310 -0.732944
v -0.392426 0.750229 -0.763981
v -0.458902 0.703561 -0.722123
v -0.389687 0.696208 -0.755333
v -0.318368 0.688204 -0.783535
v -0.381924 0.640978 -0.744880
v -0.314263 0.633818 -0.773050
v -0.246134 0.624894 -0.800483
v -0.306950 0.577281 -0.763000
v -0.241453 0.569195 -0.789960
v -0.175303 0.560602 -0.818035
v -0.232809 0.514281 -0.772449
v -0.167926 0.507467 -0.797531
v -0.102746 0.500416 -0.821975
v -0.162678 0.456280 -0.776395
v -0.099791 0.448966 -0.800057
v -0.047613 0.441655 -0.818415
v -0.098366 0.405488 -0.780358
v -0.048083 0.397880 -0.797994
v -0.019982 0.437656 -0.827769
v -0.020151 0.393004 -0.807387
v -0.048067 0.366225 -0.777947
v -0.020904 0.360533 -0.785431
v -0.000518 0.435251 -0.833141
v -0.000518 0.389925 -0.812600
v -0.000518 0.356033 -0.789602
v -0.019753 0.334382 -0.751060
v -0.000518 0.329678 -0.754484
v -0.019410 0.266349 -0.659045
v -0.019143 0.301869 -0.707241
v -0.000518 0.297601 -0.710084
v -0.000518 0.262151 -0.661858
v -0.043769 0.272086 -0.654912
v -0.045249 0.308549 -0.702303
v -0.045773 0.340833 -0.745179
v -0.087974 0.318836 -0.692273
v -0.091012 0.351102 -0.733371
v -0.096800 0.375242 -0.762088
v -0.151532 0.363701 -0.715995
v -0.157685 0.386707 -0.742279
v -0.159974 0.413809 -0.757717
v -0.219708 0.398802 -0.723283
v -0.222232 0.423611 -0.737517
v -0.225070 0.462172 -0.751536
v -0.283366 0.434071 -0.717886
v -0.286885 0.471254 -0.730356
v -0.296041 0.521150 -0.748020
v -0.348136 0.478996 -0.709839
v -0.357768 0.527117 -0.723570
v -0.371085 0.583519 -0.735659
v -0.419568 0.531230 -0.698393
v -0.433998 0.587492 -0.705743
v -0.447211 0.646387 -0.712048
v -0.498803 0.588970 -0.675918
v -0.516776 0.648091 -0.681011
v -0.529912 0.707229 -0.686711
v -0.570798 0.645946 -0.656375
v -0.585281 0.705711 -0.662975
v -0.596757 0.765340 -0.670468
v -0.612423 0.703929 -0.651294
v -0.625715 0.765401 -0.659019
v -0.635946 0.818956 -0.666497
v -0.642023 0.767195 -0.638257
v -0.654796 0.823050 -0.645448
v -0.665212 0.862097 -0.646086
v -0.678675 0.820645 -0.602125
v -0.689332 0.859739 -0.600013
v -0.686435 0.899534 -0.587918
v -0.721512 0.850112 -0.538315
v -0.717021 0.888050 -0.527920
v -0.708866 0.944604 -0.508336
v -0.746147 0.873476 -0.469818
v -0.737461 0.928232 -0.452923
v -0.731612 0.984852 -0.428686
v -0.763367 0.918216 -0.395178
v -0.754735 0.969647 -0.375728
v -0.751835 1.020406 -0.351863
v -0.778029 0.958391 -0.320077
v -0.773417 1.003688 -0.303313
v -0.770731 1.041811 -0.285891
v -0.795068 0.996063 -0.249263
v -0.822759 0.944886 -0.205454
v -0.812388 0.995285 -0.199560
v -0.802023 0.951141 -0.261366
v -0.844117 0.936657 -0.149690
v -0.831498 0.986735 -0.147045
v -0.867803 0.924685 -0.089853
v -0.851635 0.975900 -0.086634
v -0.838879 1.026337 -0.083252
v -0.870041 0.965800 -0.031876
v -0.857111 1.017121 -0.027658
v -0.845150 1.067322 -0.021435
v -0.870076 1.010814 0.011183
v -0.857499 1.062265 0.018854
v -0.847984 1.103893 0.027598
v -0.835125 1.110528 -0.011751
v -0.841706 1.131998 0.033974
v -0.829010 1.139516 -0.004730
v -0.837095 1.151982 0.038786
v -0.824765 1.158805 0.000389
v -0.824193 1.166439 0.044720
v -0.815658 1.173543 0.006087
v -0.807829 1.180900 0.051488
v -0.801305 1.187591 0.013609
v -0.789890 1.198144 -0.033827
v -0.778416 1.209949 0.024122
v -0.770177 1.216971 -0.021738
v -0.757057 1.225754 -0.071762
v -0.734477 1.249734 -0.001358
v -0.725589 1.256441 -0.050351
v -0.715279 1.265023 -0.102390
v -0.689093 1.290409 -0.025755
v -0.679004 1.298187 -0.074855
v -0.665006 1.308541 -0.125827
v -0.703245 1.275786 -0.156424
v -0.646743 1.318172 -0.176867
v -0.685223 1.285962 -0.209521
v -0.624270 1.327642 -0.229633
v -0.658306 1.296830 -0.263116
v -0.593603 1.335883 -0.285748
v -0.621437 1.308785 -0.318807
v -0.560294 1.347538 -0.342932
v -0.581533 1.326265 -0.374667
v -0.593437 1.314123 -0.393865
v -0.542163 1.342297 -0.429634
v -0.551394 1.331831 -0.448168
v -0.557863 1.323886 -0.463717
v -0.514264 1.346782 -0.500835
v -0.521158 1.339406 -0.516513
v -0.522971 1.329925 -0.527959
v -0.483811 1.347050 -0.550135
v -0.488990 1.335371 -0.559356
v -0.491198 1.319339 -0.565988
v -0.429498 1.334932 -0.580365
v -0.434517 1.318634 -0.588741
v -0.439553 1.289173 -0.602623
v -0.366748 1.319234 -0.612545
v -0.373339 1.283260 -0.631987
v -0.381476 1.233926 -0.653153
v -0.309310 1.276505 -0.659050
v -0.318053 1.228108 -0.684709
v -0.325305 1.176089 -0.705328
v -0.253485 1.221652 -0.712481
v -0.259736 1.171965 -0.736354
v -0.265054 1.120049 -0.756735
v -0.190695 1.167470 -0.767707
v -0.195440 1.117627 -0.790192
v -0.197840 1.066427 -0.809899
v -0.120170 1.116926 -0.824617
v -0.123391 1.068196 -0.845036
v -0.122927 1.019291 -0.862896
v -0.057098 1.072696 -0.872790
v -0.056885 1.022827 -0.886338
v -0.051557 0.966905 -0.887519
v -0.021232 1.024402 -0.899308
v -0.019288 0.966868 -0.899250
v -0.019722 0.905821 -0.898125
v -0.000518 0.966706 -0.904938
v -0.000518 0.905551 -0.903236
v -0.000518 0.843087 -0.902286
v -0.018841 0.193230 -0.560625
v -0.019592 0.229010 -0.611132
v -0.000518 0.224880 -0.613960
v -0.000518 0.189566 -0.562912
v -0.044786 0.199451 -0.556718
v -0.043545 0.234716 -0.607115
v -0.085772 0.208684 -0.549540
v -0.085217 0.244922 -0.598610
v -0.085667 0.282042 -0.646039
v -0.138177 0.256014 -0.586663
v -0.140612 0.295150 -0.632321
v -0.144765 0.331516 -0.677635
v -0.198773 0.306245 -0.616177
v -0.205859 0.343975 -0.660452
v -0.213767 0.377080 -0.698620
v -0.263532 0.354823 -0.643300
v -0.272973 0.388190 -0.679594
v -0.279748 0.409573 -0.702592
v -0.329278 0.394835 -0.660056
v -0.338450 0.419779 -0.683851
v -0.343799 0.443888 -0.698377
v -0.395752 0.428639 -0.663540
v -0.402349 0.452222 -0.678072
v -0.408306 0.483764 -0.687750
v -0.463816 0.460696 -0.657196
v -0.471811 0.488036 -0.662767
v -0.485432 0.532717 -0.670418
v -0.531091 0.492965 -0.641301
v -0.542568 0.533516 -0.645015
v -0.556372 0.587177 -0.650109
v -0.573480 0.532022 -0.631257
v -0.587099 0.584748 -0.636853
v -0.598727 0.643671 -0.644152
v -0.602717 0.586175 -0.617920
v -0.615218 0.644313 -0.624153
v -0.628315 0.704321 -0.631243
v -0.634479 0.645767 -0.588411
v -0.647306 0.704941 -0.595710
v -0.662294 0.767428 -0.600590
v -0.679964 0.700076 -0.537432
v -0.695046 0.760301 -0.541779
v -0.710427 0.813018 -0.541111
v -0.727476 0.746362 -0.478842
v -0.742514 0.798622 -0.480138
v -0.752757 0.837818 -0.478663
v -0.766590 0.784253 -0.416167
v -0.776280 0.825373 -0.415492
v -0.771307 0.867469 -0.408495
v -0.799272 0.817957 -0.350740
v -0.794562 0.862744 -0.344232
v -0.787308 0.910561 -0.334405
v -0.817477 0.857509 -0.281176
v -0.809710 0.904257 -0.272350
v -0.840427 0.851083 -0.220035
v -0.832601 0.897480 -0.212807
v -0.862893 0.843301 -0.160247
v -0.854479 0.888156 -0.154743
v -0.886394 0.833079 -0.099901
v -0.878759 0.874553 -0.094769
v -0.906216 0.823097 -0.048757
v -0.897713 0.860111 -0.043972
v -0.884741 0.912419 -0.037445
v -0.908865 0.854622 -0.009367
v -0.896599 0.904211 -0.002698
v -0.883451 0.957772 0.004925
v -0.894558 0.894755 0.027128
v -0.881697 0.948236 0.034845
v -0.868513 1.001868 0.043442
v -0.870160 0.934166 0.073613
v -0.856768 0.987950 0.082698
v -0.843322 1.040421 0.091530
v -0.855599 1.054350 0.050857
v -0.832205 1.084591 0.099652
v -0.844976 1.096304 0.059373
v -0.824495 1.112941 0.108277
v -0.837543 1.123674 0.066890
v -0.820006 1.132363 0.115956
v -0.832817 1.141803 0.073043
v -0.805682 1.149559 0.119707
v -0.819535 1.156866 0.078051
v -0.788691 1.166299 0.123752
v -0.802184 1.172987 0.083120
v -0.763022 1.192180 0.132623
v -0.774068 1.198408 0.093497
v -0.780186 1.204392 0.061119
v -0.732096 1.219101 0.140617
v -0.704351 1.231985 0.165607
v -0.699926 1.245406 0.148533
v -0.706478 1.223028 0.179399
v -0.688420 1.236254 0.185835
v -0.674618 1.224525 0.203461
v -0.676567 1.238249 0.205275
v -0.665603 1.220133 0.223253
v -0.660786 1.209104 0.216014
v -0.661129 1.200296 0.231306
v -0.672733 1.177118 0.224008
v -0.675200 1.190691 0.237271
v -0.772747 1.162646 0.164324
v -0.773058 1.141716 0.201070
v -0.757050 1.160198 0.200597
v -0.789131 1.144919 0.161491
v -0.756416 1.141308 0.237200
v -0.742429 1.158229 0.231845
v -0.732434 1.171073 0.226304
v -0.724040 1.162757 0.257123
v -0.716265 1.175608 0.245540
v -0.736774 1.143878 0.269890
v -0.732729 1.113878 0.319967
v -0.754477 1.116827 0.281506
v -0.773143 1.119674 0.242314
v -0.766619 1.078953 0.285706
v -0.784464 1.087093 0.242347
v -0.789274 1.123089 0.201602
v -0.797278 1.094865 0.198397
v -0.790345 1.045380 0.239058
v -0.803827 1.057828 0.193370
v -0.803833 1.126482 0.159162
v -0.810391 1.103276 0.154102
v -0.817427 1.070500 0.147273
v -0.814688 1.008430 0.187809
v -0.828911 1.024082 0.139414
v -0.806546 0.938314 0.231634
v -0.797896 0.994072 0.235142
v -0.824467 0.952883 0.182218
v -0.841649 0.970009 0.131871
v -0.833777 0.895168 0.177604
v -0.853974 0.913980 0.125206
v -0.823074 0.823904 0.228040
v -0.815440 0.879239 0.228857
v -0.841949 0.840425 0.175013
v -0.863690 0.861356 0.119265
v -0.847665 0.801013 0.175255
v -0.870075 0.819508 0.116814
v -0.884001 0.881136 0.065556
v -0.891722 0.836455 0.060929
v -0.874859 0.787373 0.117162
v -0.897252 0.801051 0.059810
v -0.905280 0.847324 0.021452
v -0.912234 0.809731 0.018751
v -0.895430 0.773682 0.059515
v -0.911700 0.778980 0.017400
v -0.918509 0.816189 -0.013368
v -0.918566 0.783523 -0.016422
v -0.901963 0.745256 0.014040
v -0.907743 0.747990 -0.016826
v -0.908150 0.791575 -0.051496
v -0.898529 0.754428 -0.049599
v -0.893631 0.698873 -0.016909
v -0.884724 0.703544 -0.048880
v -0.889466 0.797470 -0.103221
v -0.881007 0.757097 -0.100057
v -0.868663 0.707954 -0.099582
v -0.869964 0.651329 -0.049159
v -0.855001 0.656287 -0.096702
v -0.857887 0.758400 -0.162218
v -0.847609 0.710463 -0.159657
v -0.834874 0.660378 -0.155731
v -0.841965 0.603636 -0.090745
v -0.821573 0.608647 -0.151499
v -0.824643 0.713219 -0.221310
v -0.813197 0.663851 -0.217967
v -0.800480 0.613513 -0.215238
v -0.807414 0.556319 -0.148341
v -0.786920 0.562956 -0.213949
v -0.791303 0.669469 -0.282152
v -0.779405 0.620332 -0.280113
v -0.766086 0.571180 -0.278712
v -0.773263 0.513126 -0.214826
v -0.752997 0.522422 -0.278226
v -0.756019 0.626683 -0.344795
v -0.743990 0.577207 -0.341761
v -0.732045 0.528627 -0.338482
v -0.741084 0.479308 -0.278115
v -0.720899 0.484225 -0.336731
v -0.718293 0.579240 -0.401916
v -0.704869 0.530889 -0.396467
v -0.694170 0.486628 -0.393546
v -0.710770 0.453507 -0.335694
v -0.684056 0.456513 -0.390770
v -0.673089 0.532347 -0.454055
v -0.663734 0.485923 -0.450327
v -0.657885 0.458878 -0.447296
v -0.673556 0.435756 -0.386790
v -0.648144 0.441789 -0.441781
v -0.632806 0.489175 -0.510257
v -0.628415 0.465514 -0.504935
v -0.619077 0.447298 -0.496788
v -0.628114 0.413318 -0.430373
v -0.601032 0.417950 -0.481860
v -0.599641 0.469664 -0.561922
v -0.589603 0.451276 -0.550046
v -0.572188 0.420995 -0.530400
v -0.575565 0.379771 -0.461134
v -0.549073 0.380749 -0.503119
v -0.565065 0.450625 -0.587691
v -0.548993 0.420469 -0.566244
v -0.525604 0.378140 -0.535476
v -0.523683 0.336980 -0.474743
v -0.500629 0.333468 -0.502851
v -0.526647 0.418901 -0.585843
v -0.501100 0.376968 -0.555310
v -0.476066 0.332469 -0.521917
v -0.476721 0.290848 -0.471396
v -0.453502 0.289229 -0.488694
v -0.466360 0.376666 -0.572424
v -0.443020 0.332733 -0.538741
v -0.423723 0.288659 -0.503358
v -0.432180 0.247183 -0.455264
v -0.407599 0.245960 -0.466185
v -0.404041 0.329876 -0.555410
v -0.388443 0.286207 -0.517441
v -0.377550 0.243965 -0.477173
v -0.401707 0.206101 -0.427425
v -0.374703 0.204778 -0.435884
v -0.347263 0.282728 -0.530823
v -0.339100 0.241062 -0.489573
v -0.337008 0.202245 -0.446863
v -0.377662 0.179937 -0.390649
v -0.340032 0.174111 -0.399858
v -0.293899 0.237333 -0.502903
v -0.291903 0.198245 -0.458808
v -0.294006 0.167093 -0.410842
v -0.245422 0.140616 -0.367399
v -0.295216 0.149215 -0.356177
v -0.245023 0.158586 -0.422883
v -0.343242 0.157667 -0.346619
v -0.242895 0.193054 -0.470556
v -0.244263 0.232482 -0.515531
v -0.191650 0.226560 -0.527342
v -0.191512 0.187098 -0.481743
v -0.194349 0.151196 -0.433880
v -0.144821 0.123197 -0.389040
v -0.195217 0.132088 -0.378563
v -0.143416 0.142211 -0.444521
v -0.139098 0.179992 -0.492013
v -0.137058 0.218673 -0.539319
v -0.088472 0.171954 -0.500656
v -0.093515 0.134337 -0.453845
v -0.050749 0.105993 -0.404851
v -0.095582 0.114367 -0.398048
v -0.050886 0.127336 -0.459820
v -0.046266 0.163732 -0.507496
v -0.020472 0.157553 -0.511409
v -0.019047 0.122067 -0.466229
v -0.000518 0.153979 -0.513561
v -0.000518 0.127021 -0.478931
v -0.047773 0.074388 -0.291506
v -0.049233 0.088659 -0.347634
v -0.000518 0.079269 -0.351394
v -0.000518 0.065717 -0.294649
v -0.094969 0.083196 -0.286480
v -0.096243 0.097853 -0.341821
v -0.143712 0.091826 -0.278959
v -0.145146 0.106860 -0.333439
v -0.193984 0.100447 -0.269432
v -0.195290 0.115750 -0.323236
v -0.245290 0.109295 -0.259169
v -0.245777 0.124509 -0.312424
v -0.297272 0.118622 -0.249651
v -0.296534 0.133505 -0.302174
v -0.347584 0.128403 -0.242777
v -0.345782 0.142891 -0.293990
v -0.390545 0.137746 -0.239694
v -0.386125 0.151427 -0.288971
v -0.381625 0.165169 -0.339978
v -0.412159 0.157501 -0.286751
v -0.407256 0.170500 -0.335700
v -0.403410 0.184336 -0.382968
v -0.423751 0.174263 -0.332279
v -0.420057 0.187361 -0.377265
v -0.422317 0.207481 -0.419724
v -0.434163 0.192942 -0.368640
v -0.438821 0.213121 -0.407795
v -0.452840 0.249347 -0.442003
v -0.497616 0.295199 -0.447224
v -0.520665 0.297433 -0.416020
v -0.548531 0.337783 -0.438427
v -0.542646 0.298737 -0.379068
v -0.572796 0.336106 -0.396831
v -0.600648 0.376087 -0.413589
v -0.594566 0.335207 -0.350213
v -0.625406 0.371688 -0.364643
v -0.653883 0.406801 -0.378022
v -0.648905 0.370231 -0.314441
v -0.678517 0.404459 -0.325998
v -0.699434 0.429837 -0.333441
v -0.703531 0.406042 -0.272131
v -0.721748 0.426571 -0.276923
v -0.732312 0.449006 -0.278299
v -0.741793 0.422051 -0.217822
v -0.751398 0.443171 -0.217517
v -0.760037 0.471748 -0.216058
v -0.770363 0.434574 -0.153101
v -0.779137 0.463825 -0.148229
v -0.792820 0.505745 -0.146524
v -0.801841 0.458772 -0.082794
v -0.813525 0.499695 -0.082328
v -0.827833 0.550581 -0.085717
v -0.829152 0.496954 -0.040512
v -0.842075 0.547086 -0.043619
v -0.855419 0.599171 -0.047865
v -0.849008 0.545859 -0.014563
v -0.863759 0.596063 -0.018998
v -0.878783 0.646752 -0.017932
v -0.855876 0.597524 0.012095
v -0.871355 0.646884 0.012342
v -0.887363 0.697459 0.013507
v -0.854730 0.644020 0.054286
v -0.871744 0.694174 0.055484
v -0.884984 0.741417 0.056081
v -0.848365 0.682069 0.110458
v -0.862051 0.728447 0.114292
v -0.872086 0.762182 0.116354
v -0.836524 0.707598 0.170417
v -0.846419 0.745792 0.175637
v -0.851528 0.771525 0.176659
v -0.827730 0.785366 0.229640
v -0.806785 0.775703 0.280494
v -0.803287 0.814951 0.279353
v -0.784687 0.767239 0.331179
v -0.780726 0.805634 0.330441
v -0.774643 0.858001 0.330354
v -0.796989 0.868349 0.279554
v -0.767153 0.916115 0.330831
v -0.789426 0.926658 0.281826
v -0.759705 0.972286 0.332218
v -0.781075 0.982409 0.283893
v -0.752513 1.023811 0.332402
v -0.773512 1.033880 0.285206
v -0.744410 1.070952 0.329345
v -0.728097 1.013076 0.381940
v -0.720797 1.062689 0.376123
v -0.711318 1.109594 0.361822
v -0.694665 1.053809 0.428265
v -0.686122 1.102710 0.412659
v -0.665015 1.044327 0.486294
v -0.656906 1.093983 0.471299
v -0.639769 1.137447 0.445696
v -0.625522 1.085731 0.534404
v -0.607580 1.127394 0.510200
v -0.588180 1.171418 0.481000
v -0.623658 1.181399 0.412075
v -0.570093 1.216077 0.445428
v -0.605900 1.223856 0.376897
v -0.551560 1.260555 0.410897
v -0.584370 1.266215 0.343505
v -0.528351 1.304144 0.377458
v -0.554631 1.306106 0.312222
v -0.501451 1.342144 0.349207
v -0.525275 1.344595 0.287600
v -0.481997 1.369008 0.330059
v -0.503150 1.373986 0.271386
v -0.526284 1.378026 0.212711
v -0.489623 1.391556 0.261278
v -0.513117 1.396001 0.203475
v -0.472565 1.401072 0.250614
v -0.494980 1.406625 0.194883
v -0.452625 1.403715 0.238749
v -0.473835 1.409048 0.184693
v -0.495802 1.415210 0.123649
v -0.504960 1.423190 0.056443
v -0.444316 1.411969 0.172057
v -0.459964 1.417813 0.116640
v -0.464452 1.424618 0.059992
v -0.408119 1.421061 0.108773
v -0.408362 1.426876 0.061825
v -0.398550 1.433029 0.016175
v -0.452302 1.431850 0.007657
v -0.489717 1.431553 -0.002827
v -0.512677 1.431295 -0.011380
v -0.432056 1.438548 -0.040903
v -0.468923 1.438569 -0.053947
v -0.492086 1.437294 -0.064296
v -0.532568 1.419315 -0.020764
v -0.512564 1.427299 -0.075486
v -0.448545 1.445134 -0.100602
v -0.472806 1.445405 -0.112961
v -0.493690 1.435462 -0.125576
v -0.534678 1.410752 -0.089608
v -0.515946 1.418352 -0.140767
v -0.450703 1.451333 -0.157674
v -0.472074 1.443247 -0.172752
v -0.495117 1.424761 -0.190360
v -0.551328 1.389996 -0.166645
v -0.528933 1.396031 -0.218457
v -0.444355 1.445584 -0.213283
v -0.470587 1.429321 -0.235985
v -0.503688 1.402986 -0.269081
v -0.562842 1.365026 -0.251439
v -0.533291 1.374017 -0.305633
v -0.441534 1.433119 -0.274761
v -0.472136 1.410586 -0.313317
v -0.499071 1.387236 -0.355945
v -0.523300 1.362194 -0.398395
v -0.436519 1.418232 -0.348912
v -0.460508 1.396808 -0.394966
v -0.485043 1.375648 -0.443542
v -0.504832 1.356795 -0.481677
v -0.422907 1.406168 -0.427160
v -0.448057 1.383884 -0.475803
v -0.467001 1.364959 -0.515147
v -0.476733 1.355253 -0.535055
v -0.399747 1.385627 -0.500703
v -0.413111 1.368437 -0.540460
v -0.418700 1.358543 -0.558187
v -0.425065 1.349131 -0.571910
v -0.354067 1.370740 -0.560920
v -0.357679 1.360741 -0.577542
v -0.361685 1.351815 -0.592957
v -0.363964 1.336079 -0.602511
v -0.300516 1.362822 -0.598848
v -0.303542 1.353930 -0.614423
v -0.304070 1.338205 -0.624011
v -0.304725 1.317350 -0.636095
v -0.247263 1.355170 -0.634008
v -0.246659 1.338512 -0.644774
v -0.246078 1.312834 -0.660582
v -0.248466 1.270181 -0.685306
v -0.188428 1.338018 -0.665609
v -0.185836 1.308024 -0.684779
v -0.184627 1.264222 -0.711926
v -0.186262 1.216135 -0.741613
v -0.122270 1.306583 -0.707854
v -0.117428 1.262127 -0.738265
v -0.114208 1.213235 -0.768515
v -0.116277 1.165290 -0.797941
v -0.056918 1.264790 -0.756983
v -0.054373 1.217979 -0.789110
v -0.053016 1.168855 -0.817942
v -0.054583 1.121216 -0.847822
v -0.022347 1.222375 -0.798159
v -0.021634 1.173855 -0.827934
v -0.022099 1.126277 -0.857212
v -0.021814 1.076700 -0.885240
v -0.000518 1.177187 -0.833386
v -0.000518 1.129673 -0.862672
v -0.000518 1.078748 -0.889807
v -0.000518 1.024859 -0.905622
v -0.044628 0.046244 -0.178826
v -0.046401 0.060274 -0.235354
v -0.000518 0.052198 -0.237956
v -0.000518 0.037980 -0.181069
v -0.090228 0.054828 -0.175605
v -0.092854 0.068909 -0.231150
v -0.138391 0.063581 -0.171258
v -0.141112 0.077421 -0.225165
v -0.189412 0.072632 -0.165140
v -0.191562 0.086032 -0.217015
v -0.242282 0.081817 -0.157794
v -0.243874 0.095003 -0.207934
v -0.296431 0.091727 -0.150451
v -0.296920 0.104649 -0.199368
v -0.349902 0.102252 -0.145028
v -0.348887 0.114839 -0.193565
v -0.397180 0.112633 -0.142390
v -0.394011 0.124572 -0.190929
v -0.430493 0.120685 -0.142275
v -0.424954 0.131968 -0.190819
v -0.418566 0.144408 -0.238897
v -0.446675 0.138419 -0.190688
v -0.438948 0.149526 -0.238358
v -0.430489 0.162266 -0.285197
v -0.456612 0.164280 -0.234783
v -0.445925 0.173651 -0.281501
v -0.438348 0.182403 -0.327249
v -0.471371 0.194033 -0.277161
v -0.459094 0.199765 -0.320731
v -0.508053 0.222446 -0.277703
v -0.492544 0.225838 -0.319582
v -0.548322 0.259113 -0.282145
v -0.531314 0.261000 -0.324712
v -0.585123 0.295902 -0.291205
v -0.564346 0.298013 -0.336655
v -0.617063 0.333714 -0.301995
v -0.604380 0.293027 -0.244018
v -0.639282 0.331855 -0.253241
v -0.669704 0.372996 -0.262566
v -0.659612 0.329819 -0.203192
v -0.693254 0.371009 -0.210295
v -0.723744 0.403540 -0.215369
v -0.715796 0.366496 -0.155152
v -0.741926 0.395194 -0.157028
v -0.759867 0.413622 -0.156924
v -0.766912 0.388598 -0.093028
v -0.783413 0.406205 -0.090228
v -0.793062 0.428656 -0.085695
v -0.802982 0.400876 -0.037333
v -0.811105 0.425395 -0.036030
v -0.818553 0.455639 -0.037702
v -0.804654 0.424874 0.000507
v -0.815757 0.455032 -0.001643
v -0.830453 0.497089 -0.006573
v -0.794147 0.450117 0.048903
v -0.805007 0.493957 0.060374
v -0.836893 0.549337 0.020895
v -0.751037 0.403586 0.112656
v -0.764996 0.438381 0.106273
v -0.780378 0.418132 0.053305
v -0.713549 0.378477 0.185606
v -0.723713 0.406259 0.181845
v -0.740759 0.379328 0.118743
v -0.769605 0.393004 0.058672
v -0.725571 0.363936 0.119289
v -0.752408 0.373982 0.057801
v -0.795102 0.401602 0.003025
v -0.775358 0.381872 0.001185
v -0.729303 0.352241 0.055160
v -0.748180 0.357531 -0.001581
v -0.782878 0.383751 -0.040353
v -0.752698 0.358835 -0.044299
v -0.706747 0.319789 -0.003636
v -0.708491 0.321190 -0.048435
v -0.738302 0.362663 -0.095160
v -0.696149 0.325280 -0.096830
v -0.661502 0.281212 -0.050258
v -0.651401 0.286616 -0.096357
v -0.678885 0.328122 -0.150664
v -0.638316 0.289332 -0.145202
v -0.608125 0.246855 -0.095273
v -0.593579 0.252649 -0.140646
v -0.621146 0.291929 -0.194779
v -0.580007 0.254529 -0.188844
v -0.550482 0.214888 -0.138121
v -0.539422 0.216063 -0.185481
v -0.564762 0.256543 -0.236653
v -0.524302 0.219324 -0.232018
v -0.497625 0.182525 -0.185217
v -0.485454 0.187729 -0.231487
v -0.474099 0.145420 -0.139830
v -0.508905 0.176742 -0.137448
v -0.465400 0.154708 -0.187607
v -0.482555 0.137085 -0.092907
v -0.519651 0.170170 -0.092660
v -0.564660 0.208058 -0.094025
v -0.529678 0.163844 -0.050463
v -0.574385 0.204095 -0.051342
v -0.617713 0.242451 -0.051123
v -0.579321 0.201847 -0.008139
v -0.619529 0.240020 -0.005609
v -0.661390 0.278379 -0.004221
v -0.610548 0.240783 0.043485
v -0.650393 0.277437 0.046323
v -0.691464 0.316610 0.049449
v -0.633308 0.273717 0.100938
v -0.672111 0.309539 0.107210
v -0.705936 0.343453 0.115440
v -0.650483 0.303992 0.163494
v -0.682368 0.335354 0.175289
v -0.700264 0.356188 0.182348
v -0.656701 0.330259 0.226375
v -0.675573 0.350107 0.237556
v -0.684971 0.374722 0.245627
v -0.651048 0.342805 0.285836
v -0.659021 0.368484 0.296233
v -0.665899 0.405449 0.307147
v -0.695456 0.409387 0.249168
v -0.678623 0.450221 0.316511
v -0.708489 0.447044 0.251893
v -0.640221 0.396434 0.358270
v -0.649175 0.447029 0.376266
v -0.656779 0.489495 0.394865
v -0.687641 0.488968 0.326100
v -0.716077 0.476891 0.257861
v -0.694185 0.517528 0.333859
v -0.719316 0.505158 0.269340
v -0.740778 0.459323 0.176537
v -0.738236 0.489920 0.218214
v -0.700052 0.534492 0.332753
v -0.721493 0.522275 0.276664
v -0.740810 0.514071 0.231304
v -0.723285 0.536735 0.283046
v -0.742319 0.529309 0.239370
v -0.756617 0.527823 0.205025
v -0.753434 0.507256 0.195489
v -0.746161 0.480248 0.191638
v -0.750499 0.467946 0.172647
v -0.741349 0.542349 0.246925
v -0.736304 0.552251 0.253296
v -0.722065 0.554093 0.249448
v -0.703611 0.559637 0.248791
v -0.710123 0.571487 0.228326
v -0.683256 0.566067 0.249197
v -0.689353 0.577633 0.228823
v -0.707239 0.551499 0.329724
v -0.621815 0.438283 0.428474
v -0.630095 0.483082 0.448112
v -0.595031 0.424482 0.478166
v -0.608721 0.477016 0.493118
v -0.570759 0.410656 0.522574
v -0.587509 0.465290 0.536648
v -0.555582 0.402016 0.546668
v -0.570254 0.456739 0.563396
v -0.584865 0.508422 0.577012
v -0.551083 0.453385 0.578699
v -0.563159 0.503511 0.596941
v -0.574157 0.554085 0.616198
v -0.599283 0.556445 0.589449
v -0.585324 0.604329 0.636657
v -0.611855 0.605615 0.612860
v -0.595350 0.652651 0.657062
v -0.621261 0.651441 0.639792
v -0.632669 0.654978 0.616286
v -0.647566 0.658538 0.583011
v -0.627434 0.689136 0.660008
v -0.639708 0.690311 0.637044
v -0.654400 0.693516 0.602505
v -0.668141 0.665795 0.533457
v -0.677395 0.697227 0.545599
v -0.643322 0.721948 0.650899
v -0.658410 0.723963 0.615345
v -0.684473 0.728758 0.554591
v -0.701812 0.703540 0.493924
v -0.709826 0.732631 0.495686
v -0.651943 0.758893 0.620741
v -0.679553 0.763965 0.559033
v -0.707327 0.773010 0.495413
v -0.735481 0.745697 0.439758
v -0.733186 0.784469 0.437205
v -0.672313 0.813032 0.561918
v -0.701357 0.824907 0.497070
v -0.727771 0.837784 0.437188
v -0.757982 0.795407 0.382325
v -0.752413 0.848444 0.382184
v -0.692100 0.880415 0.498739
v -0.720374 0.894067 0.438135
v -0.744963 0.906164 0.381943
v -0.709980 0.948273 0.438061
v -0.737511 0.961421 0.383397
v -0.701245 1.001715 0.435301
v -0.681202 0.935957 0.498006
v -0.671415 0.991341 0.494095
v -0.647757 0.927499 0.561890
v -0.639083 0.985352 0.555051
v -0.632470 1.036849 0.547606
v -0.609958 0.984012 0.608423
v -0.602915 1.033680 0.602373
v -0.595994 1.077706 0.592870
v -0.584425 1.034212 0.635983
v -0.575812 1.075914 0.628302
v -0.554427 1.115546 0.606781
v -0.576570 1.119229 0.571621
v -0.532775 1.164701 0.572839
v -0.554536 1.166347 0.537875
v -0.510207 1.212916 0.539780
v -0.535700 1.212101 0.502279
v -0.490044 1.257364 0.509080
v -0.516848 1.256501 0.468730
v -0.468932 1.300571 0.480541
v -0.497102 1.299990 0.436236
v -0.449827 1.340437 0.454316
v -0.475941 1.339876 0.408673
v -0.438705 1.364754 0.434465
v -0.460320 1.365404 0.386329
v -0.430328 1.378326 0.420101
v -0.449014 1.382343 0.371637
v -0.468845 1.387066 0.317596
v -0.431873 1.391554 0.356775
v -0.451962 1.396352 0.304727
v -0.413012 1.393728 0.340797
v -0.432619 1.398735 0.290872
v -0.388053 1.396725 0.320701
v -0.407357 1.401687 0.274120
v -0.426247 1.406670 0.224304
v -0.371647 1.405507 0.251716
v -0.387593 1.410447 0.205430
v -0.400424 1.415575 0.157378
v -0.340858 1.414109 0.184060
v -0.350802 1.418945 0.142267
v -0.355881 1.423764 0.101151
v -0.355883 1.428816 0.061061
v -0.309238 1.421065 0.129966
v -0.316247 1.425114 0.095223
v -0.319371 1.429406 0.059728
v -0.287322 1.425689 0.091198
v -0.292030 1.429481 0.059251
v -0.291895 1.433658 0.024581
v -0.316756 1.433946 0.022791
v -0.349877 1.433874 0.020594
v -0.307917 1.438578 -0.015221
v -0.338812 1.438856 -0.019995
v -0.383430 1.438693 -0.028264
v -0.324369 1.442969 -0.055691
v -0.365594 1.443539 -0.067556
v -0.411218 1.444296 -0.084059
v -0.346540 1.447760 -0.101503
v -0.389760 1.449127 -0.121650
v -0.426268 1.450461 -0.141884
v -0.367482 1.453318 -0.154500
v -0.401330 1.454924 -0.176724
v -0.424306 1.455997 -0.195699
v -0.374090 1.459274 -0.208747
v -0.395907 1.460832 -0.228010
v -0.416040 1.450033 -0.247926
v -0.367399 1.465002 -0.260211
v -0.386642 1.455309 -0.281165
v -0.410202 1.439064 -0.309379
v -0.355718 1.460840 -0.314087
v -0.375141 1.446245 -0.342063
v -0.399083 1.426549 -0.381953
v -0.336573 1.451611 -0.370041
v -0.358206 1.430848 -0.410285
v -0.379413 1.409649 -0.453225
v -0.313550 1.432588 -0.433000
v -0.329762 1.413244 -0.473533
v -0.344746 1.390379 -0.522067
v -0.279914 1.417043 -0.490216
v -0.290417 1.395121 -0.539393
v -0.297506 1.373250 -0.580449
v -0.237763 1.399090 -0.555262
v -0.242560 1.376883 -0.595525
v -0.245183 1.365416 -0.616981
v -0.188507 1.381819 -0.608810
v -0.189847 1.369232 -0.632953
v -0.190723 1.358202 -0.652470
v -0.134524 1.372339 -0.649977
v -0.133422 1.359444 -0.670408
v -0.129182 1.339283 -0.686005
v -0.078069 1.361740 -0.689627
v -0.070782 1.342232 -0.704754
v -0.062923 1.310782 -0.727517
v -0.028363 1.346047 -0.717979
v -0.025122 1.315476 -0.737837
v -0.022471 1.270393 -0.767130
v -0.000518 1.319143 -0.743846
v -0.000518 1.273984 -0.772535
v -0.000518 1.225810 -0.804010
v -0.040036 0.018809 -0.068527
v -0.042508 0.032136 -0.122165
v -0.000518 0.024381 -0.123619
v -0.000518 0.011538 -0.068347
v -0.084909 0.027889 -0.068108
v -0.087042 0.040878 -0.120691
v -0.136055 0.038113 -0.066518
v -0.136463 0.050306 -0.118127
v -0.188547 0.048376 -0.063650
v -0.188350 0.059893 -0.113970
v -0.241876 0.058466 -0.059807
v -0.241616 0.069530 -0.108470
v -0.296443 0.079572 -0.102294
v -0.296824 0.068760 -0.055388
v -0.351367 0.090294 -0.097216
v -0.353434 0.079736 -0.051565
v -0.241984 0.051045 -0.011484
v -0.296545 0.061661 -0.009380
v -0.352062 0.072822 -0.008287
v -0.405689 0.090590 -0.049847
v -0.404223 0.083481 -0.008686
v -0.292860 0.066162 0.038160
v -0.346149 0.077577 0.037688
v -0.395518 0.088197 0.035800
v -0.443128 0.091800 -0.009575
v -0.436455 0.097918 0.033244
v -0.338118 0.082781 0.087260
v -0.385763 0.094608 0.085713
v -0.427948 0.106939 0.083366
v -0.469342 0.111226 0.031205
v -0.463194 0.121139 0.081096
v -0.376121 0.102764 0.137392
v -0.419573 0.115515 0.135099
v -0.455564 0.130184 0.132646
v -0.495083 0.144963 0.079845
v -0.487637 0.152624 0.130947
v -0.412248 0.125813 0.185235
v -0.447780 0.139153 0.181819
v -0.477367 0.161096 0.178632
v -0.517644 0.178051 0.134699
v -0.440962 0.148281 0.229685
v -0.470284 0.168399 0.222073
v -0.436892 0.158662 0.277433
v -0.466650 0.177577 0.265008
v -0.437175 0.173701 0.328326
v -0.466592 0.191661 0.312546
v -0.497325 0.208125 0.294900
v -0.522061 0.221563 0.276421
v -0.471955 0.211632 0.363841
v -0.501391 0.227617 0.344431
v -0.528922 0.242523 0.322209
v -0.514125 0.252431 0.392176
v -0.541843 0.268298 0.363550
v -0.567485 0.281506 0.329751
v -0.590020 0.291071 0.293119
v -0.559543 0.294303 0.397351
v -0.585543 0.305276 0.357165
v -0.609860 0.314909 0.314866
v -0.610265 0.296561 0.253376
v -0.633395 0.322877 0.271939
v -0.600558 0.324339 0.375473
v -0.625887 0.334558 0.331294
v -0.606773 0.348392 0.389410
v -0.633084 0.359518 0.343787
v -0.612947 0.385757 0.406556
v -0.580797 0.336902 0.436789
v -0.584589 0.372430 0.457292
v -0.554272 0.323876 0.482636
v -0.558362 0.358995 0.503010
v -0.536378 0.315839 0.514223
v -0.543322 0.351217 0.529330
v -0.512193 0.312994 0.531236
v -0.522450 0.349850 0.544185
v -0.534639 0.400453 0.561737
v -0.489732 0.349639 0.558565
v -0.503064 0.399571 0.576101
v -0.514901 0.452146 0.595202
v -0.444376 0.397152 0.600854
v -0.451131 0.448974 0.623384
v -0.458042 0.502126 0.645112
v -0.524059 0.502711 0.616820
v -0.464228 0.554412 0.666706
v -0.530810 0.555209 0.637660
v -0.468660 0.605027 0.687843
v -0.539335 0.606238 0.659059
v -0.471172 0.650200 0.708306
v -0.546601 0.653117 0.678816
v -0.470221 0.685977 0.726306
v -0.547786 0.688875 0.695275
v -0.601730 0.689714 0.673219
v -0.544311 0.718720 0.702067
v -0.600829 0.719981 0.681059
v -0.626849 0.720963 0.670629
v -0.593940 0.754591 0.681095
v -0.618985 0.757036 0.669285
v -0.635523 0.758940 0.651910
v -0.608120 0.806370 0.666782
v -0.626362 0.807486 0.648233
v -0.642836 0.807307 0.618375
v -0.615649 0.866625 0.644123
v -0.631846 0.865988 0.615252
v -0.659725 0.869342 0.562672
v -0.619845 0.926677 0.613888
v -0.603619 0.928551 0.642398
v -0.591741 0.986790 0.640524
v -0.584362 0.927123 0.661160
v -0.573355 0.985802 0.658366
v -0.565838 1.034285 0.655293
v -0.545008 0.983378 0.671102
v -0.536761 1.032019 0.668669
v -0.526712 1.071886 0.663582
v -0.557213 1.076255 0.647212
v -0.510086 1.110418 0.640746
v -0.539934 1.114449 0.623212
v -0.485537 1.159254 0.610987
v -0.515270 1.162929 0.593350
v -0.457567 1.206653 0.582812
v -0.489514 1.212509 0.562581
v -0.434065 1.251635 0.555721
v -0.468079 1.257586 0.534709
v -0.412961 1.296543 0.529094
v -0.446066 1.301615 0.507998
v -0.391967 1.336965 0.503993
v -0.426958 1.342178 0.483075
v -0.375618 1.359784 0.490940
v -0.414602 1.366227 0.469571
v -0.363707 1.373781 0.481275
v -0.403789 1.379224 0.455276
v -0.352149 1.379345 0.466120
v -0.390041 1.381810 0.439141
v -0.413511 1.385001 0.403804
v -0.372225 1.384381 0.421223
v -0.394325 1.388195 0.386066
v -0.345246 1.388180 0.393952
v -0.368258 1.391709 0.362330
v -0.308429 1.393320 0.355779
v -0.331713 1.396462 0.328449
v -0.352973 1.400728 0.293468
v -0.288768 1.401770 0.289001
v -0.308698 1.405345 0.259433
v -0.326482 1.409585 0.224258
v -0.268199 1.409451 0.228414
v -0.284004 1.413151 0.197741
v -0.298184 1.417077 0.164325
v -0.254980 1.415427 0.179671
v -0.268404 1.418842 0.150440
v -0.278765 1.422243 0.120908
v -0.245246 1.420176 0.139496
v -0.256032 1.423076 0.114251
v -0.264316 1.426002 0.088669
v -0.269871 1.429366 0.059570
v -0.238550 1.423772 0.109125
v -0.244864 1.426221 0.087033
v -0.250491 1.429174 0.060805
v -0.255548 1.432908 0.028578
v -0.272420 1.433248 0.026562
v -0.252955 1.437056 -0.006715
v -0.267794 1.437501 -0.009138
v -0.285107 1.437997 -0.011710
v -0.256386 1.440890 -0.040709
v -0.272772 1.441481 -0.043734
v -0.294869 1.442327 -0.048542
v -0.257816 1.444348 -0.071720
v -0.279476 1.445389 -0.077584
v -0.307928 1.446586 -0.086804
v -0.263525 1.448016 -0.103247
v -0.290749 1.449727 -0.114620
v -0.326437 1.451561 -0.132126
v -0.272717 1.452382 -0.140037
v -0.305350 1.454975 -0.159904
v -0.342619 1.457248 -0.184614
v -0.283377 1.457612 -0.185241
v -0.316561 1.461004 -0.213104
v -0.345914 1.463442 -0.239477
v -0.290472 1.463793 -0.240026
v -0.317779 1.467071 -0.269284
v -0.338016 1.468913 -0.292223
v -0.287796 1.469744 -0.295846
v -0.305259 1.472543 -0.319943
v -0.320690 1.466148 -0.343001
v -0.268683 1.474221 -0.341373
v -0.280782 1.466734 -0.364498
v -0.294835 1.453525 -0.392780
v -0.239875 1.468945 -0.382259
v -0.252409 1.454916 -0.411570
v -0.268388 1.436614 -0.451612
v -0.210132 1.457001 -0.426497
v -0.222297 1.439913 -0.465518
v -0.231463 1.422539 -0.507248
v -0.177612 1.445450 -0.478185
v -0.183547 1.427366 -0.522314
v -0.186193 1.403889 -0.569083
v -0.135290 1.431531 -0.534791
v -0.135176 1.407841 -0.581162
v -0.135002 1.386975 -0.621897
v -0.085504 1.412937 -0.592662
v -0.083093 1.391082 -0.635966
v -0.081035 1.374628 -0.668018
v -0.038225 1.394913 -0.646927
v -0.035341 1.378422 -0.680154
v -0.033136 1.365748 -0.703634
v -0.000518 1.382724 -0.685888
v -0.000518 1.369811 -0.709970
v -0.000518 1.348998 -0.724925
v -0.038938 0.013579 0.033422
v -0.037880 0.008277 -0.018509
v -0.000518 0.000000 -0.018668
v -0.000518 0.006083 0.032856
v -0.086224 0.023272 0.034695
v -0.085427 0.017438 -0.017850
v -0.136389 0.034268 0.036133
v -0.137187 0.028381 -0.015940
v -0.187386 0.045115 0.037188
v -0.189156 0.040051 -0.013672
v -0.239565 0.055431 0.037823
v -0.185312 0.051209 0.090173
v -0.236135 0.061022 0.089038
v -0.287706 0.071428 0.088133
v -0.231932 0.067049 0.142544
v -0.281396 0.077202 0.141339
v -0.329147 0.089583 0.139621
v -0.275369 0.085449 0.196807
v -0.322201 0.098816 0.193356
v -0.369266 0.112508 0.188990
v -0.319034 0.110370 0.248237
v -0.364434 0.123003 0.241347
v -0.406609 0.135564 0.235259
v -0.361935 0.135659 0.295348
v -0.403107 0.146341 0.286804
v -0.363840 0.149141 0.352001
v -0.404613 0.158320 0.341440
v -0.367949 0.173518 0.406581
v -0.410011 0.181391 0.395737
v -0.443842 0.194998 0.381000
v -0.421211 0.214103 0.443844
v -0.458777 0.222837 0.431455
v -0.486411 0.238596 0.414207
v -0.479777 0.255065 0.476130
v -0.507502 0.268691 0.459849
v -0.533544 0.281249 0.433822
v -0.525382 0.292120 0.491400
v -0.548948 0.303257 0.462823
v -0.574641 0.314417 0.419389
v -0.498501 0.285377 0.508974
v -0.440030 0.246562 0.487449
v -0.459520 0.279209 0.522326
v -0.475327 0.309075 0.544781
v -0.405457 0.269367 0.536264
v -0.420119 0.302054 0.562855
v -0.432295 0.347536 0.581090
v -0.360556 0.296241 0.583600
v -0.368201 0.343078 0.606036
v -0.375988 0.393167 0.627639
v -0.309306 0.336577 0.627492
v -0.313766 0.387292 0.650253
v -0.318629 0.439197 0.674113
v -0.383596 0.444578 0.651551
v -0.321546 0.490295 0.697138
v -0.388649 0.498265 0.672922
v -0.322372 0.540304 0.720666
v -0.391688 0.549516 0.695087
v -0.322238 0.589692 0.744111
v -0.393080 0.598800 0.717052
v -0.321672 0.636777 0.767257
v -0.393965 0.644399 0.739608
v -0.320137 0.676525 0.787213
v -0.392631 0.681473 0.757826
v -0.312565 0.719310 0.791232
v -0.386319 0.719052 0.762930
v -0.464623 0.719584 0.732499
v -0.380142 0.764647 0.764578
v -0.459122 0.759966 0.734015
v -0.538390 0.755013 0.703187
v -0.453190 0.808712 0.733902
v -0.528184 0.805446 0.700548
v -0.580456 0.804943 0.678925
v -0.517179 0.862142 0.697999
v -0.567518 0.864382 0.676813
v -0.595771 0.866169 0.663640
v -0.556341 0.924602 0.673657
v -0.507773 0.921281 0.694647
v -0.496105 0.980692 0.692449
v -0.437892 0.919734 0.725001
v -0.428252 0.977360 0.722490
v -0.418435 1.028869 0.720465
v -0.484836 1.029631 0.691342
v -0.408511 1.067537 0.715805
v -0.473862 1.069809 0.686974
v -0.392567 1.102204 0.696117
v -0.456571 1.106628 0.666768
v -0.372500 1.146902 0.668978
v -0.433901 1.153239 0.639073
v -0.351232 1.193787 0.641478
v -0.408890 1.200481 0.611332
v -0.328273 1.237905 0.610156
v -0.384063 1.246752 0.583899
v -0.308094 1.283872 0.583181
v -0.361154 1.289816 0.555884
v -0.290333 1.321126 0.556184
v -0.341364 1.328829 0.531403
v -0.277402 1.348332 0.535116
v -0.327348 1.353522 0.514814
v -0.269178 1.365453 0.521208
v -0.317158 1.368972 0.502052
v -0.260401 1.376777 0.503962
v -0.306690 1.377927 0.485657
v -0.249922 1.379932 0.482644
v -0.294705 1.380820 0.465828
v -0.338220 1.382100 0.447298
v -0.276022 1.384725 0.435817
v -0.314984 1.386020 0.417508
v -0.249325 1.389649 0.397462
v -0.281422 1.391180 0.378155
v -0.216514 1.395458 0.352150
v -0.243803 1.396908 0.334149
v -0.267267 1.398935 0.313715
v -0.210614 1.402170 0.294497
v -0.231739 1.403960 0.275973
v -0.250887 1.406361 0.254258
v -0.207706 1.407316 0.250332
v -0.224008 1.409568 0.229662
v -0.239601 1.412278 0.206296
v -0.204372 1.411828 0.211999
v -0.219563 1.414230 0.190740
v -0.233287 1.417104 0.166035
v -0.203195 1.415820 0.178107
v -0.217990 1.418291 0.156386
v -0.229544 1.421064 0.132472
v -0.203889 1.419396 0.147437
v -0.215173 1.421923 0.126192
v -0.189451 1.420499 0.138676
v -0.200868 1.422941 0.119929
v -0.176371 1.422762 0.127310
v -0.191398 1.424941 0.113178
v -0.171382 1.434778 0.121588
v -0.152269 1.446259 0.136670
v -0.171484 1.449398 0.126753
v -0.150713 1.431064 0.133988
v -0.162060 1.420688 0.143432
v -0.176005 1.418591 0.156366
v -0.163397 1.416696 0.174765
v -0.151790 1.414671 0.193829
v -0.189855 1.417166 0.167521
v -0.176145 1.415127 0.186250
v -0.163818 1.413190 0.204717
v -0.141487 1.412920 0.210501
v -0.151218 1.411401 0.222203
v -0.189025 1.413629 0.197905
v -0.175201 1.411690 0.216236
v -0.160589 1.409950 0.233630
v -0.136657 1.409848 0.238627
v -0.144047 1.408353 0.250597
v -0.189514 1.409759 0.231226
v -0.173005 1.408018 0.248938
v -0.154380 1.406458 0.265952
v -0.124640 1.406854 0.267076
v -0.133494 1.405024 0.282069
v -0.189404 1.405483 0.268957
v -0.168177 1.404065 0.285206
v -0.144522 1.402883 0.299600
v -0.111043 1.403872 0.295546
v -0.119909 1.401982 0.311293
v -0.186564 1.400836 0.310724
v -0.160696 1.399744 0.324924
v -0.133348 1.398899 0.336896
v -0.094808 1.401327 0.320793
v -0.105512 1.398328 0.346455
v -0.186110 1.394403 0.367443
v -0.155064 1.393530 0.381023
v -0.122617 1.392967 0.392021
v -0.078521 1.397943 0.354588
v -0.090945 1.392604 0.401229
v -0.176090 1.387816 0.427864
v -0.139084 1.387171 0.440412
v -0.102564 1.386668 0.451654
v -0.059935 1.392538 0.407975
v -0.066990 1.386402 0.460830
v -0.152536 1.382007 0.482775
v -0.112273 1.381241 0.497065
v -0.072665 1.380648 0.510080
v -0.032719 1.386391 0.467407
v -0.034991 1.380297 0.520402
v -0.119617 1.377178 0.530232
v -0.077008 1.376257 0.545218
v -0.036746 1.375639 0.558375
v -0.000518 1.380529 0.523814
v -0.000518 1.375618 0.562928
v -0.079622 1.372598 0.568401
v -0.037406 1.372367 0.582331
v -0.000518 1.372610 0.588364
v -0.036320 1.362114 0.602164
v -0.000518 1.365540 0.609852
v -0.029487 1.392665 0.412741
v -0.000518 1.386597 0.469748
v -0.000518 1.392962 0.414468
v -0.000518 1.397887 0.366811
v -0.026230 1.397742 0.365435
v -0.051751 1.397733 0.361319
v -0.022242 1.401479 0.330395
v -0.044700 1.401260 0.328940
v -0.069399 1.401154 0.326099
v -0.039981 1.403041 0.312623
v -0.062920 1.402994 0.309943
v -0.087039 1.403194 0.304861
v -0.056965 1.404577 0.296313
v -0.079796 1.404910 0.290602
v -0.102961 1.405622 0.280975
v -0.073157 1.406504 0.277465
v -0.096209 1.407178 0.268371
v -0.117818 1.408357 0.254869
v -0.089954 1.408700 0.256767
v -0.111717 1.409804 0.243689
v -0.129302 1.411304 0.227088
v -0.105807 1.411265 0.233604
v -0.081960 1.415288 0.241217
v -0.105466 1.414661 0.228577
v -0.083995 1.410480 0.245133
v -0.084286 1.418952 0.250880
v -0.114123 1.419981 0.233015
v -0.086302 1.422258 0.264542
v -0.123270 1.425782 0.243649
v -0.085539 1.426279 0.282332
v -0.128954 1.431814 0.264719
v -0.153724 1.448062 0.253112
v -0.131416 1.439298 0.298840
v -0.159124 1.458201 0.290894
v -0.165215 1.482935 0.285785
v -0.158748 1.471942 0.246738
v -0.158147 1.483535 0.206132
v -0.163751 1.495003 0.241515
v -0.173787 1.504959 0.281330
v -0.152288 1.513528 0.239702
v -0.157893 1.523584 0.281864
v -0.178612 1.490499 0.329543
v -0.185763 1.514506 0.326828
v -0.164811 1.531713 0.329628
v -0.122460 1.525068 0.287703
v -0.128306 1.539124 0.335041
v -0.197261 1.521824 0.376788
v -0.175027 1.539901 0.380922
v -0.142848 1.550703 0.387660
v -0.186289 1.539046 0.434343
v -0.157070 1.547815 0.443296
v -0.123092 1.546268 0.454318
v -0.100595 1.543590 0.401109
v -0.081140 1.530088 0.350470
v -0.077938 1.523069 0.414616
v -0.052894 1.513111 0.365764
v -0.038365 1.502700 0.314704
v -0.074171 1.517622 0.300672
v -0.043767 1.496775 0.264103
v -0.082865 1.509852 0.251234
v -0.122989 1.513065 0.244507
v -0.088426 1.496351 0.209524
v -0.123105 1.501374 0.205190
v -0.149125 1.502638 0.202480
v -0.120399 1.489276 0.172293
v -0.145751 1.493289 0.171910
v -0.154412 1.474454 0.177186
v -0.153904 1.474971 0.153591
v -0.158111 1.475873 0.140144
v -0.155440 1.461921 0.138653
v -0.165557 1.479886 0.132554
v -0.170175 1.464606 0.133692
v -0.178496 1.484766 0.128555
v -0.203676 1.490852 0.127420
v -0.230707 1.510504 0.104947
v -0.241400 1.495308 0.120983
v -0.247004 1.476627 0.111836
v -0.283464 1.508811 0.111398
v -0.287886 1.490649 0.102627
v -0.291672 1.472285 0.091859
v -0.252473 1.456770 0.100837
v -0.291403 1.459037 0.074972
v -0.258338 1.447199 0.079206
v -0.288039 1.458034 0.049705
v -0.261548 1.448309 0.050415
v -0.242768 1.442166 0.047336
v -0.263278 1.451754 0.005770
v -0.246514 1.445835 0.003332
v -0.232423 1.441180 0.001312
v -0.227589 1.436690 -0.000606
v -0.230043 1.453695 -0.042146
v -0.217586 1.447198 -0.035790
v -0.215931 1.440174 -0.031211
v -0.239215 1.436609 -0.003850
v -0.227245 1.439923 -0.034527
v -0.199220 1.442321 -0.057830
v -0.211724 1.442403 -0.060655
v -0.241209 1.440386 -0.038076
v -0.226392 1.443004 -0.064688
v -0.212379 1.445200 -0.087021
v -0.241532 1.443640 -0.068079
v -0.226800 1.445916 -0.091225
v -0.200052 1.447021 -0.104888
v -0.213831 1.447831 -0.110310
v -0.242217 1.446742 -0.095852
v -0.228046 1.448788 -0.116389
v -0.188111 1.448519 -0.119661
v -0.201203 1.449565 -0.127742
v -0.214930 1.450839 -0.136842
v -0.247452 1.450321 -0.126264
v -0.230659 1.452376 -0.147564
v -0.188215 1.451254 -0.144651
v -0.201151 1.452614 -0.155426
v -0.214514 1.454231 -0.167423
v -0.253274 1.454641 -0.162998
v -0.232858 1.456538 -0.184157
v -0.185392 1.454248 -0.173833
v -0.196268 1.455940 -0.187391
v -0.210735 1.458188 -0.204784
v -0.259930 1.459971 -0.209547
v -0.234884 1.461742 -0.231909
v -0.175848 1.457525 -0.206300
v -0.187952 1.459788 -0.224389
v -0.207700 1.463293 -0.251908
v -0.262742 1.465871 -0.264211
v -0.232325 1.467537 -0.285211
v -0.163830 1.461340 -0.242861
v -0.179445 1.464654 -0.269501
v -0.199831 1.468829 -0.303145
v -0.254215 1.471499 -0.317222
v -0.217913 1.472768 -0.335611
v -0.149818 1.465785 -0.284837
v -0.166114 1.469930 -0.319644
v -0.180972 1.473744 -0.352463
v -0.229504 1.475550 -0.358983
v -0.190784 1.476201 -0.376038
v -0.132087 1.470957 -0.335398
v -0.144366 1.474800 -0.369605
v -0.152877 1.477527 -0.393772
v -0.199785 1.470818 -0.398826
v -0.160512 1.473189 -0.415848
v -0.108320 1.476054 -0.387862
v -0.115177 1.478596 -0.412166
v -0.121393 1.475599 -0.433540
v -0.168154 1.461176 -0.440364
v -0.126218 1.465531 -0.455251
v -0.077311 1.479816 -0.431617
v -0.081518 1.478406 -0.451301
v -0.084092 1.469884 -0.471238
v -0.132527 1.451697 -0.490896
v -0.086990 1.457665 -0.502282
v -0.040410 1.482093 -0.467164
v -0.041781 1.474658 -0.485425
v -0.042450 1.462490 -0.511542
v -0.087464 1.436357 -0.545107
v -0.042444 1.441683 -0.553134
v -0.000518 1.479685 -0.493671
v -0.000518 1.466712 -0.518586
v -0.000518 1.447025 -0.558236
v -0.040870 1.418136 -0.601772
v -0.000518 1.422640 -0.606918
v -0.000518 1.398630 -0.652445
v -0.017362 0.175493 0.592725
v -0.017589 0.135259 0.527894
v -0.000518 0.131784 0.529971
v -0.000518 0.172199 0.595511
v -0.019842 0.096466 0.466165
v -0.000518 0.091805 0.469015
v -0.023896 0.063045 0.410867
v -0.000518 0.058423 0.413993
v -0.019456 0.053098 0.349354
v -0.000518 0.051642 0.364930
v -0.042774 0.102523 0.463387
v -0.049987 0.070058 0.406675
v -0.052000 0.058801 0.343769
v -0.084930 0.079352 0.400910
v -0.088786 0.065637 0.338100
v -0.090606 0.056708 0.273159
v -0.050381 0.049303 0.276424
v -0.000518 0.040193 0.279357
v -0.090574 0.048477 0.210987
v -0.046932 0.040241 0.213454
v -0.000518 0.031640 0.215349
v -0.044260 0.031648 0.151681
v -0.000518 0.023651 0.154093
v -0.041793 0.022050 0.091947
v -0.000518 0.014428 0.093026
v -0.089352 0.039976 0.150268
v -0.087789 0.031148 0.091408
v -0.135601 0.048836 0.148101
v -0.135935 0.041274 0.090994
v -0.182983 0.057784 0.145233
v -0.135348 0.056830 0.207787
v -0.181870 0.065312 0.203680
v -0.228907 0.073598 0.199716
v -0.181023 0.074332 0.264125
v -0.226732 0.085295 0.259697
v -0.271764 0.097961 0.254505
v -0.224115 0.100774 0.319346
v -0.270935 0.113910 0.312123
v -0.317373 0.124379 0.304054
v -0.272550 0.127277 0.370567
v -0.319310 0.138588 0.361806
v -0.272723 0.154610 0.424628
v -0.321670 0.164427 0.416130
v -0.275912 0.185693 0.475772
v -0.326566 0.196047 0.465675
v -0.376327 0.205485 0.455116
v -0.336477 0.227309 0.511406
v -0.390007 0.237208 0.499538
v -0.348863 0.260097 0.551596
v -0.283587 0.218674 0.523297
v -0.294268 0.252009 0.566995
v -0.304052 0.289405 0.602826
v -0.239888 0.243855 0.583723
v -0.248433 0.280355 0.620967
v -0.251082 0.328392 0.645313
v -0.192121 0.271366 0.639392
v -0.194152 0.316457 0.664013
v -0.193348 0.367512 0.688216
v -0.253212 0.379083 0.670384
v -0.193020 0.419248 0.713954
v -0.255040 0.429780 0.694939
v -0.192697 0.470855 0.739675
v -0.255616 0.480511 0.718534
v -0.191265 0.523207 0.764000
v -0.255494 0.530851 0.743133
v -0.191714 0.573515 0.791067
v -0.255011 0.580993 0.767905
v -0.189493 0.624901 0.813169
v -0.253827 0.629633 0.791695
v -0.187425 0.673093 0.835452
v -0.251459 0.673905 0.812499
v -0.178425 0.726046 0.839113
v -0.242921 0.722328 0.816503
v -0.168475 0.782740 0.842085
v -0.232533 0.775413 0.819455
v -0.305008 0.769534 0.793092
v -0.222229 0.829280 0.822333
v -0.298667 0.821132 0.794360
v -0.375669 0.814423 0.765496
v -0.294696 0.872479 0.794016
v -0.371012 0.866425 0.762147
v -0.445464 0.862563 0.728737
v -0.364903 0.921518 0.757402
v -0.283067 0.975375 0.786074
v -0.357778 0.976600 0.753687
v -0.289645 0.923546 0.790128
v -0.275997 1.024158 0.782499
v -0.349227 1.027707 0.750810
v -0.267459 1.062880 0.776590
v -0.340553 1.064581 0.745787
v -0.254013 1.096837 0.755849
v -0.325931 1.098401 0.725216
v -0.239940 1.138409 0.729155
v -0.308099 1.141433 0.698107
v -0.225972 1.183591 0.699242
v -0.289930 1.188118 0.668894
v -0.213041 1.228656 0.667997
v -0.272161 1.234049 0.639788
v -0.199163 1.271935 0.631812
v -0.254412 1.277658 0.608781
v -0.188404 1.311823 0.599179
v -0.239647 1.315387 0.578790
v -0.180597 1.342416 0.573875
v -0.228857 1.344725 0.555116
v -0.175220 1.362168 0.556310
v -0.222052 1.363525 0.539121
v -0.169349 1.374817 0.537487
v -0.214591 1.375871 0.521138
v -0.162331 1.378070 0.514400
v -0.205525 1.379009 0.498690
v -0.193052 1.382847 0.468174
v -0.234562 1.383742 0.452642
v -0.213101 1.388621 0.413699
v -0.124584 1.373689 0.553256
v -0.128385 1.361271 0.572361
v -0.081126 1.360734 0.588621
v -0.131340 1.341674 0.590283
v -0.080718 1.342892 0.606343
v -0.032159 1.344019 0.620816
v -0.000518 1.347294 0.628363
v -0.078808 1.313221 0.633900
v -0.031154 1.316812 0.645518
v -0.000518 1.320908 0.651672
v -0.032378 1.276463 0.681887
v -0.000518 1.280954 0.687447
v -0.019492 1.403217 0.314153
v -0.000518 1.401688 0.330929
v -0.000518 1.403415 0.314842
v -0.000518 1.404697 0.302433
v -0.017401 1.404548 0.301812
v -0.035659 1.404491 0.299827
v -0.014958 1.406014 0.289076
v -0.031232 1.405978 0.287143
v -0.051206 1.406141 0.283351
v -0.026051 1.407594 0.274792
v -0.045085 1.407874 0.270939
v -0.066654 1.408151 0.265368
v -0.059963 1.410192 0.251635
v -0.055132 1.415204 0.247854
v -0.052241 1.418602 0.261457
v -0.049472 1.422358 0.276596
v -0.046697 1.426794 0.294423
v -0.023494 1.461528 0.323694
v -0.045861 1.439518 0.324112
v -0.083057 1.432189 0.312630
v -0.063549 1.457681 0.368270
v -0.092503 1.443396 0.357484
v -0.137162 1.450345 0.341711
v -0.114125 1.450934 0.403067
v -0.151854 1.455171 0.388303
v -0.179347 1.471608 0.380838
v -0.166977 1.466887 0.333444
v -0.191400 1.496324 0.378282
v -0.190491 1.472240 0.429280
v -0.200259 1.497561 0.428007
v -0.206782 1.521605 0.428228
v -0.208340 1.492049 0.476278
v -0.214950 1.512951 0.477586
v -0.198846 1.527269 0.483844
v -0.226088 1.502248 0.526317
v -0.213236 1.514287 0.532612
v -0.195111 1.518922 0.540052
v -0.174823 1.534109 0.493034
v -0.175976 1.517145 0.548857
v -0.150303 1.532512 0.504335
v -0.159312 1.505920 0.555377
v -0.130982 1.517853 0.511594
v -0.101147 1.528403 0.463853
v -0.117329 1.499642 0.516371
v -0.088824 1.506150 0.471682
v -0.062910 1.507044 0.424996
v -0.100375 1.487412 0.465356
v -0.071759 1.485584 0.422366
v -0.046045 1.477445 0.373823
v -0.035547 1.499032 0.375343
v -0.016330 1.488131 0.322484
v -0.089317 1.467218 0.414121
v -0.114605 1.467689 0.457103
v -0.136426 1.453031 0.446909
v -0.138084 1.464392 0.500392
v -0.157431 1.453876 0.491576
v -0.180879 1.455313 0.482677
v -0.166479 1.455691 0.435551
v -0.199902 1.469789 0.476792
v -0.197500 1.455948 0.527859
v -0.213375 1.466700 0.522804
v -0.219996 1.484785 0.523474
v -0.226370 1.460818 0.567963
v -0.232104 1.473845 0.569557
v -0.236777 1.486763 0.573386
v -0.245916 1.457110 0.613901
v -0.249131 1.465833 0.616689
v -0.242148 1.471141 0.622076
v -0.227352 1.495357 0.579888
v -0.233206 1.472294 0.626818
v -0.214313 1.498309 0.585597
v -0.225713 1.470576 0.629783
v -0.200962 1.496047 0.591329
v -0.217373 1.465766 0.632026
v -0.189352 1.488496 0.595791
v -0.210752 1.459763 0.633290
v -0.178800 1.478968 0.599617
v -0.146660 1.490593 0.559641
v -0.181612 1.465700 0.592323
v -0.152707 1.475078 0.551778
v -0.125396 1.481441 0.508517
v -0.163003 1.461456 0.543450
v -0.189108 1.455699 0.584420
v -0.200531 1.451690 0.577307
v -0.178841 1.454151 0.535240
v -0.214157 1.454782 0.571659
v -0.223658 1.442990 0.618846
v -0.232766 1.443820 0.614613
v -0.241582 1.448617 0.612309
v -0.250860 1.433723 0.657834
v -0.255044 1.436557 0.656968
v -0.258259 1.440860 0.657229
v -0.263875 1.427707 0.685288
v -0.265336 1.429834 0.685937
v -0.265782 1.431671 0.686355
v -0.260196 1.445975 0.658624
v -0.264651 1.432727 0.687388
v -0.256378 1.448417 0.661494
v -0.262622 1.432926 0.688904
v -0.250751 1.448777 0.664450
v -0.245887 1.448494 0.666689
v -0.240523 1.447039 0.668703
v -0.237558 1.442399 0.668142
v -0.257447 1.428142 0.688828
v -0.238009 1.437427 0.665815
v -0.211925 1.452244 0.629086
v -0.241021 1.433929 0.662818
v -0.216023 1.445615 0.623961
v -0.245692 1.433279 0.660198
v -0.258289 1.426826 0.687456
v -0.260267 1.425997 0.686298
v -0.262247 1.426448 0.685748
v -0.265070 1.423705 0.695682
v -0.266292 1.423741 0.696110
v -0.266286 1.424824 0.694068
v -0.267205 1.424427 0.696310
v -0.263651 1.424340 0.694765
v -0.266705 1.422822 0.698903
v -0.264226 1.424037 0.696550
v -0.266264 1.424190 0.699209
v -0.266171 1.426232 0.697160
v -0.012562 1.407616 0.276257
v -0.000518 1.407528 0.276415
v -0.000518 1.405998 0.289617
v -0.024365 1.468043 0.178127
v -0.021789 1.475672 0.216914
v -0.000518 1.467089 0.221516
v -0.000518 1.459400 0.178394
v -0.016763 1.486098 0.275346
v -0.000518 1.479069 0.283415
v -0.053342 1.478357 0.176362
v -0.050134 1.488270 0.213628
v -0.088702 1.483249 0.173133
v -0.051472 1.470015 0.152982
v -0.022850 1.458464 0.139637
v -0.048317 1.464072 0.136140
v -0.023949 1.462598 0.155029
v -0.021684 1.454732 0.126897
v -0.045093 1.459476 0.122369
v -0.020498 1.451007 0.114515
v -0.041835 1.455441 0.110081
v -0.063715 1.459359 0.102256
v -0.071640 1.457497 0.082245
v -0.080555 1.460194 0.090407
v -0.057648 1.456202 0.091551
v -0.038910 1.452488 0.098671
v -0.052870 1.463930 0.085958
v -0.035594 1.460236 0.092986
v -0.019021 1.448709 0.103053
v -0.017707 1.458247 0.098769
v -0.033424 1.474004 0.094197
v -0.017027 1.471609 0.100029
v -0.000518 1.446183 0.104532
v -0.000518 1.458134 0.101316
v -0.000518 1.470772 0.102553
v -0.016121 1.487126 0.101548
v -0.000518 1.486308 0.104289
v -0.014109 1.531514 0.105057
v -0.015021 1.507277 0.103255
v -0.000518 1.506877 0.106052
v -0.000518 1.531050 0.108280
v -0.027541 1.533120 0.099149
v -0.028899 1.508518 0.097737
v -0.031209 1.489455 0.095828
v -0.044645 1.511269 0.090232
v -0.047711 1.492160 0.088526
v -0.050516 1.476634 0.086981
v -0.062503 1.493966 0.077956
v -0.064162 1.478970 0.077538
v -0.065791 1.465433 0.077652
v -0.071536 1.480079 0.062252
v -0.071904 1.466043 0.063233
v -0.080765 1.457146 0.067973
v -0.080039 1.468819 0.041211
v -0.087213 1.462639 0.045210
v -0.099140 1.466456 0.051979
v -0.091803 1.460125 0.075235
v -0.091176 1.467901 0.012570
v -0.103373 1.474386 0.015019
v -0.086200 1.473184 -0.020051
v -0.099115 1.480769 -0.022825
v -0.113666 1.488074 -0.025679
v -0.133092 1.496596 -0.028665
v -0.170069 1.514669 -0.060221
v -0.161862 1.511124 -0.028099
v -0.210240 1.533862 -0.055869
v -0.203731 1.532273 -0.024211
v -0.204853 1.525530 0.024287
v -0.253541 1.550227 -0.017353
v -0.255167 1.543937 0.029621
v -0.265449 1.535302 0.072798
v -0.218525 1.517080 0.073828
v -0.275075 1.524820 0.098764
v -0.314532 1.552390 0.067922
v -0.322809 1.541684 0.090689
v -0.329909 1.525618 0.102783
v -0.374070 1.558752 0.079153
v -0.380545 1.542098 0.091555
v -0.380999 1.524681 0.082077
v -0.332688 1.507918 0.093467
v -0.381967 1.507017 0.071407
v -0.335095 1.489464 0.082754
v -0.382162 1.492464 0.057260
v -0.333930 1.474497 0.067396
v -0.376796 1.490716 0.034971
v -0.328191 1.472930 0.043829
v -0.373180 1.491421 0.007325
v -0.322511 1.472741 0.007803
v -0.285372 1.459672 0.007206
v -0.323658 1.481181 -0.032281
v -0.280566 1.470030 -0.039782
v -0.249683 1.461334 -0.043879
v -0.278912 1.483430 -0.066534
v -0.324544 1.496051 -0.057909
v -0.321037 1.518319 -0.067000
v -0.274545 1.505252 -0.074394
v -0.317032 1.539838 -0.072318
v -0.269214 1.526849 -0.077882
v -0.224359 1.514282 -0.085301
v -0.187134 1.503502 -0.095612
v -0.263231 1.546635 -0.073791
v -0.216712 1.533646 -0.080401
v -0.178068 1.517532 -0.083546
v -0.258575 1.549913 -0.050533
v -0.312420 1.559202 -0.066464
v -0.308866 1.564432 -0.043131
v -0.304001 1.568139 -0.010709
v -0.359976 1.578562 -0.036449
v -0.356827 1.584696 -0.006702
v -0.357935 1.583377 0.030687
v -0.305350 1.563337 0.032580
v -0.366100 1.569966 0.058136
v -0.416796 1.587325 0.020315
v -0.421352 1.575618 0.043119
v -0.426907 1.564327 0.062837
v -0.475448 1.577222 0.032382
v -0.479266 1.566654 0.050206
v -0.483266 1.555870 0.065525
v -0.431554 1.551364 0.077424
v -0.481410 1.538835 0.056938
v -0.431536 1.533449 0.070104
v -0.478920 1.524154 0.044042
v -0.430887 1.517226 0.058811
v -0.476723 1.509241 0.032589
v -0.429060 1.502729 0.045389
v -0.473095 1.504134 0.015097
v -0.423926 1.500860 0.024481
v -0.471020 1.503362 -0.004271
v -0.420726 1.502216 0.001939
v -0.470880 1.507386 -0.023016
v -0.420853 1.504071 -0.022380
v -0.373253 1.496807 -0.025048
v -0.421243 1.519439 -0.040361
v -0.372605 1.511852 -0.048218
v -0.421034 1.539420 -0.052709
v -0.370589 1.531891 -0.061954
v -0.420294 1.559666 -0.060413
v -0.367495 1.553315 -0.067113
v -0.418156 1.576611 -0.054055
v -0.363125 1.573091 -0.060572
v -0.415405 1.583455 -0.032439
v -0.473680 1.576680 -0.049749
v -0.471835 1.584189 -0.030781
v -0.471397 1.590501 -0.010026
v -0.414499 1.590164 -0.007056
v -0.472917 1.587772 0.012659
v -0.526929 1.585056 -0.010749
v -0.526474 1.582177 0.007485
v -0.527388 1.573529 0.023710
v -0.580598 1.569060 0.004741
v -0.580558 1.564143 0.017562
v -0.581692 1.557095 0.030768
v -0.529862 1.564081 0.039152
v -0.583098 1.547694 0.040956
v -0.532254 1.553394 0.051835
v -0.580537 1.535779 0.035265
v -0.530423 1.537862 0.047023
v -0.577584 1.524763 0.026241
v -0.527671 1.525133 0.035341
v -0.575413 1.513680 0.017111
v -0.525534 1.512705 0.023939
v -0.574005 1.507694 0.005066
v -0.523718 1.505695 0.009163
v -0.573444 1.507172 -0.008598
v -0.522542 1.506104 -0.007619
v -0.573883 1.512055 -0.020750
v -0.522464 1.511119 -0.023410
v -0.574981 1.524225 -0.027983
v -0.523049 1.525452 -0.032753
v -0.471744 1.523437 -0.036299
v -0.524421 1.541402 -0.040687
v -0.472480 1.542068 -0.045729
v -0.527113 1.556566 -0.049245
v -0.474086 1.559544 -0.055470
v -0.528319 1.571641 -0.044389
v -0.580124 1.550005 -0.040130
v -0.581567 1.561030 -0.036453
v -0.580793 1.567062 -0.023083
v -0.527460 1.579174 -0.027970
v -0.580965 1.571979 -0.009331
v -0.634079 1.551281 -0.018848
v -0.634345 1.554032 -0.008482
v -0.633954 1.552488 0.001953
v -0.685931 1.532183 -0.007443
v -0.685956 1.531727 -0.000579
v -0.685740 1.530237 0.006344
v -0.633883 1.549215 0.011551
v -0.685421 1.527901 0.013635
v -0.634413 1.545327 0.021362
v -0.684169 1.522559 0.017905
v -0.633668 1.537262 0.027997
v -0.682107 1.515734 0.014146
v -0.630470 1.528203 0.023237
v -0.680558 1.510081 0.010354
v -0.627894 1.519368 0.017482
v -0.679244 1.505124 0.005838
v -0.626050 1.511048 0.011542
v -0.678231 1.501472 0.000266
v -0.625032 1.505834 0.002732
v -0.677906 1.500967 -0.007183
v -0.625004 1.505726 -0.007835
v -0.678553 1.504014 -0.013612
v -0.625509 1.509809 -0.017246
v -0.679868 1.509857 -0.016823
v -0.626687 1.518956 -0.022420
v -0.681420 1.515947 -0.019588
v -0.628820 1.528280 -0.026864
v -0.577031 1.537346 -0.034168
v -0.631836 1.538257 -0.031113
v -0.683474 1.522574 -0.021947
v -0.685396 1.528991 -0.020538
v -0.634027 1.547591 -0.028609
v -0.685694 1.531300 -0.014245
v -0.737637 1.510537 -0.014193
v -0.737916 1.512465 -0.010595
v -0.738295 1.512991 -0.006823
v -0.783696 1.495606 -0.007694
v -0.783973 1.496130 -0.006016
v -0.784145 1.495808 -0.004393
v -0.738146 1.512663 -0.002666
v -0.784366 1.495256 -0.002765
v -0.738402 1.511635 0.001624
v -0.738109 1.509132 0.005473
v -0.736790 1.506749 0.006738
v -0.735831 1.502624 0.005842
v -0.783276 1.489956 -0.002589
v -0.736600 1.499010 0.003893
v -0.735740 1.495682 0.001158
v -0.790510 1.488885 -0.004082
v -0.792123 1.489668 -0.004378
v -0.792363 1.488734 -0.004848
v -0.791242 1.487859 -0.005577
v -0.793839 1.488867 -0.005658
v -0.791357 1.488218 -0.006163
v -0.782248 1.490179 -0.007985
v -0.782748 1.488950 -0.006951
v -0.735250 1.495414 -0.010383
v -0.735763 1.499129 -0.012303
v -0.782607 1.491757 -0.008609
v -0.736609 1.502850 -0.013897
v -0.783062 1.493140 -0.008843
v -0.737016 1.506854 -0.015171
v -0.783383 1.494362 -0.008771
v -0.791119 1.489598 -0.006976
v -0.791226 1.490364 -0.007023
v -0.791647 1.490967 -0.006530
v -0.792258 1.491026 -0.005359
v -0.792470 1.490233 -0.004780
v -0.793942 1.488709 -0.006008
v -0.794066 1.488520 -0.006429
v -0.790943 1.488767 -0.006900
v -0.078434 1.473500 -0.043718
v -0.061868 1.480484 -0.054858
v -0.069058 1.471187 -0.059266
v -0.070587 1.479172 -0.039575
v -0.078299 1.476944 -0.017095
v -0.069594 1.491998 -0.037891
v -0.077182 1.489809 -0.015544
v -0.083999 1.473358 0.012004
v -0.083188 1.486673 0.012374
v -0.076130 1.504389 -0.014418
v -0.082381 1.501524 0.012498
v -0.078931 1.483101 0.040354
v -0.078227 1.498082 0.039860
v -0.081700 1.520557 0.012780
v -0.077462 1.517086 0.039372
v -0.071084 1.495300 0.061895
v -0.070008 1.515075 0.061845
v -0.075768 1.543331 0.039487
v -0.068664 1.540033 0.062060
v -0.060152 1.513710 0.078855
v -0.057141 1.537405 0.079082
v -0.065551 1.574292 0.063558
v -0.054388 1.570789 0.080059
v -0.041985 1.534956 0.091480
v -0.040696 1.568216 0.092460
v -0.053802 1.616908 0.086760
v -0.041326 1.613157 0.097308
v -0.026861 1.566519 0.099950
v -0.027263 1.610650 0.104237
v -0.041534 1.655196 0.109718
v -0.028324 1.652586 0.116337
v -0.013696 1.565176 0.106078
v -0.013955 1.608864 0.110141
v -0.014739 1.650887 0.121527
v -0.027848 1.681831 0.125118
v -0.014524 1.679989 0.130183
v -0.000518 1.608026 0.113809
v -0.000518 1.650033 0.124769
v -0.000518 1.679049 0.133726
v -0.014232 1.700722 0.135873
v -0.000518 1.699900 0.138532
v -0.014026 1.732259 0.144535
v -0.014106 1.717624 0.140583
v -0.000518 1.716937 0.142912
v -0.000518 1.731495 0.147161
v -0.026745 1.733676 0.140699
v -0.027191 1.719136 0.136581
v -0.027329 1.702255 0.131368
v -0.038947 1.721485 0.130811
v -0.038987 1.705045 0.124460
v -0.040475 1.684046 0.118568
v -0.046048 1.709685 0.113608
v -0.047834 1.687901 0.106205
v -0.050075 1.659816 0.097372
v -0.053492 1.692897 0.092652
v -0.056582 1.664929 0.082833
v -0.061420 1.621737 0.071260
v -0.063379 1.670184 0.067770
v -0.068541 1.627386 0.053486
v -0.072781 1.578826 0.042329
v -0.073127 1.633200 0.034885
v -0.078739 1.584452 0.020237
v -0.080230 1.547960 0.014489
v -0.067948 1.589580 0.000451
v -0.072871 1.552565 -0.009717
v -0.074821 1.524108 -0.013064
v -0.060127 1.555827 -0.026971
v -0.064073 1.527219 -0.033034
v -0.068280 1.506696 -0.036452
v -0.052831 1.529605 -0.047848
v -0.056241 1.508085 -0.051144
v -0.059279 1.493138 -0.053211
v -0.041319 1.509338 -0.061399
v -0.044856 1.493781 -0.062793
v -0.048561 1.481098 -0.063958
v -0.025053 1.495337 -0.070526
v -0.028750 1.482779 -0.072100
v -0.032672 1.472840 -0.074158
v -0.053723 1.470537 -0.065722
v -0.000518 1.486103 -0.079748
v -0.000518 1.477763 -0.082609
v -0.000518 1.454542 0.155943
v -0.000518 1.451635 0.141088
v -0.000518 1.449572 0.128407
v -0.000518 1.447486 0.115675
v -0.000518 1.564801 0.110460
v -0.012434 1.757942 0.121815
v -0.000518 1.754678 0.130944
v -0.000518 1.759043 0.121842
v -0.000518 1.750005 0.139487
v -0.000518 1.744244 0.149753
v -0.000518 1.762327 0.111943
v -0.013638 1.761271 0.111827
v -0.027464 1.759846 0.112885
v -0.025355 1.756082 0.123330
v -0.040471 1.757366 0.114949
v -0.037387 1.752034 0.125784
v -0.047647 1.746508 0.112867
v -0.043402 1.740976 0.124318
v -0.038312 1.735933 0.135540
v -0.044867 1.726452 0.119609
v -0.049562 1.731668 0.107392
v -0.051160 1.714902 0.101145
v -0.054694 1.736865 0.094354
v -0.056734 1.720372 0.087711
v -0.059574 1.698476 0.078685
v -0.061848 1.725780 0.073645
v -0.064996 1.704378 0.064455
v -0.068779 1.675360 0.052077
v -0.060151 1.708781 0.049918
v -0.062772 1.679148 0.036434
v -0.065536 1.637375 0.018214
v -0.053781 1.683459 0.022108
v -0.055206 1.641573 0.002159
v -0.057443 1.594459 -0.016148
v -0.044542 1.646511 -0.012291
v -0.046579 1.598714 -0.032255
v -0.049605 1.558785 -0.042168
v -0.033438 1.601433 -0.043589
v -0.035630 1.559807 -0.053772
v -0.038018 1.530932 -0.058457
v -0.018372 1.560286 -0.059520
v -0.019676 1.531734 -0.065018
v -0.022016 1.509918 -0.068564
v -0.000518 1.532588 -0.070681
v -0.000518 1.510718 -0.074750
v -0.000518 1.497220 -0.077183
v -0.014634 1.768484 0.084992
v -0.014386 1.764637 0.099815
v -0.000518 1.765436 0.099936
v -0.000518 1.769062 0.084263
v -0.029357 1.767067 0.086646
v -0.029084 1.763507 0.100352
v -0.045276 1.765252 0.087618
v -0.043704 1.761164 0.101660
v -0.057061 1.757413 0.085812
v -0.052205 1.751762 0.100020
v -0.060174 1.742630 0.080728
v -0.052938 1.762407 0.069876
v -0.055910 1.747898 0.065925
v -0.058108 1.730499 0.059429
v -0.048880 1.752638 0.053317
v -0.050799 1.735093 0.046194
v -0.052245 1.713074 0.036349
v -0.042602 1.739739 0.033145
v -0.043027 1.717702 0.023556
v -0.044261 1.688200 0.009284
v -0.031122 1.721508 0.013515
v -0.031359 1.692259 -0.000482
v -0.031735 1.650585 -0.022288
v -0.016172 1.694533 -0.005852
v -0.016574 1.652712 -0.028258
v -0.017781 1.602617 -0.049552
v -0.000518 1.654097 -0.031778
v -0.000518 1.603190 -0.052262
v -0.000518 1.561309 -0.063818
v -0.012860 1.774155 0.061768
v -0.013793 1.771392 0.073020
v -0.000518 1.772301 0.072370
v -0.000518 1.775509 0.060852
v -0.028121 1.770007 0.074204
v -0.042596 1.768286 0.073472
v -0.000518 1.776424 0.048547
v -0.013319 1.775591 0.049969
v -0.000518 1.774540 0.036205
v -0.014295 1.773673 0.037478
v -0.000518 1.764702 0.024252
v -0.015375 1.763555 0.027592
v -0.030091 1.761753 0.031490
v -0.016024 1.746374 0.018973
v -0.030873 1.743780 0.023621
v -0.041780 1.757599 0.041237
v -0.016136 1.723878 0.008560
v -0.000518 1.748110 0.015257
v -0.000518 1.725416 0.005253
v -0.000518 1.695944 -0.009051
v -0.029403 1.475601 -0.231990
v -0.030527 1.484232 -0.247337
v -0.000518 1.481212 -0.252033
v -0.000518 1.473118 -0.237780
v -0.029524 1.495260 -0.267265
v -0.000518 1.491658 -0.269784
v -0.056541 1.485848 -0.239953
v -0.055383 1.499102 -0.264438
v -0.051140 1.518860 -0.302072
v -0.027089 1.513032 -0.300270
v -0.000518 1.508792 -0.300945
v -0.024301 1.539162 -0.346124
v -0.000518 1.534838 -0.345888
v -0.040445 1.545662 -0.176312
v -0.039195 1.518891 -0.142801
v -0.000518 1.518448 -0.138941
v -0.000518 1.542278 -0.173114
v -0.030810 1.502855 -0.121887
v -0.000518 1.507294 -0.124689
v -0.067281 1.545961 -0.184556
v -0.071449 1.521764 -0.152537
v -0.072133 1.503901 -0.129873
v -0.096643 1.523297 -0.162566
v -0.101355 1.506961 -0.140448
v -0.103486 1.494596 -0.124576
v -0.105118 1.486766 -0.113837
v -0.125772 1.490741 -0.124836
v -0.132178 1.487073 -0.118485
v -0.124529 1.474691 -0.130599
v -0.132425 1.473281 -0.114997
v -0.120825 1.459199 -0.133608
v -0.130658 1.458262 -0.114097
v -0.144248 1.486574 -0.111840
v -0.127065 1.450151 -0.141183
v -0.138135 1.449298 -0.122746
v -0.150277 1.449942 -0.136576
v -0.138971 1.451261 -0.152772
v -0.162672 1.451380 -0.150194
v -0.149254 1.452751 -0.165921
v -0.118425 1.452110 -0.160614
v -0.126490 1.453063 -0.171537
v -0.133108 1.454353 -0.183340
v -0.158467 1.454299 -0.179310
v -0.139352 1.455703 -0.195675
v -0.109293 1.454477 -0.185642
v -0.113552 1.455553 -0.197479
v -0.118139 1.456888 -0.209915
v -0.146085 1.457269 -0.209042
v -0.123388 1.458386 -0.223059
v -0.092310 1.456407 -0.208003
v -0.095927 1.457759 -0.221143
v -0.099857 1.459270 -0.234656
v -0.130175 1.460376 -0.239889
v -0.105072 1.461353 -0.252462
v -0.072849 1.458488 -0.230847
v -0.075886 1.460107 -0.245350
v -0.079471 1.462081 -0.262614
v -0.111582 1.463871 -0.273757
v -0.083941 1.464555 -0.283908
v -0.051462 1.460674 -0.253499
v -0.053451 1.462443 -0.269251
v -0.056056 1.464969 -0.291520
v -0.089515 1.467552 -0.310261
v -0.059499 1.468203 -0.320674
v -0.026993 1.462577 -0.273327
v -0.028252 1.465131 -0.295922
v -0.029686 1.468613 -0.327881
v -0.064695 1.472756 -0.363396
v -0.031981 1.473389 -0.373341
v -0.000518 1.465195 -0.297943
v -0.000518 1.468747 -0.330598
v -0.000518 1.473692 -0.377815
v -0.035742 1.478114 -0.418646
v -0.000518 1.478429 -0.423837
v -0.037772 1.481087 -0.447462
v -0.000518 1.481416 -0.453053
v -0.000518 1.483309 -0.474170
v -0.071871 1.477199 -0.405365
v -0.098442 1.471881 -0.349772
v -0.119444 1.466720 -0.298039
v -0.138604 1.462781 -0.259910
v -0.153790 1.459028 -0.223866
v -0.166808 1.455812 -0.192131
v -0.174644 1.452800 -0.162177
v -0.175551 1.450063 -0.134993
v -0.019580 0.276104 0.712212
v -0.019896 0.242954 0.694775
v -0.000518 0.240080 0.699625
v -0.000518 0.274758 0.718278
v -0.017066 0.215898 0.655277
v -0.000518 0.213599 0.657538
v -0.043305 0.246898 0.687216
v -0.038399 0.219299 0.649624
v -0.036329 0.179664 0.588878
v -0.076199 0.223787 0.638190
v -0.071224 0.186383 0.580350
v -0.072137 0.147357 0.519279
v -0.037235 0.139883 0.525376
v -0.077089 0.110532 0.458839
v -0.119448 0.157689 0.509371
v -0.122796 0.120259 0.451865
v -0.129423 0.090260 0.394005
v -0.173158 0.131039 0.443557
v -0.176554 0.102023 0.386724
v -0.177818 0.089296 0.324790
v -0.132324 0.076566 0.331239
v -0.134790 0.065046 0.268950
v -0.224139 0.115148 0.378963
v -0.223225 0.141923 0.434689
v -0.171933 0.167209 0.498583
v -0.224023 0.176128 0.487263
v -0.175734 0.202957 0.552182
v -0.230231 0.210748 0.537117
v -0.184001 0.237115 0.601903
v -0.121319 0.194795 0.566873
v -0.128172 0.230489 0.620860
v -0.135265 0.262108 0.657900
v -0.083223 0.291789 0.694495
v -0.135792 0.303781 0.679677
v -0.082586 0.252867 0.674092
v -0.082394 0.343164 0.720421
v -0.134887 0.354570 0.705236
v -0.079704 0.398860 0.748548
v -0.133801 0.408637 0.731923
v -0.078358 0.454004 0.775534
v -0.132797 0.462493 0.757973
v -0.078137 0.508221 0.802149
v -0.131865 0.515647 0.784162
v -0.076021 0.562444 0.828416
v -0.130678 0.568265 0.809880
v -0.077206 0.616388 0.854020
v -0.130119 0.620183 0.835095
v -0.078814 0.667692 0.873841
v -0.128857 0.671211 0.855864
v -0.075972 0.728540 0.875365
v -0.122882 0.728139 0.858741
v -0.075478 0.797034 0.875175
v -0.117233 0.790648 0.860243
v -0.075008 0.855121 0.874066
v -0.105165 0.850280 0.863693
v -0.154637 0.839415 0.846208
v -0.090899 0.895450 0.867819
v -0.136489 0.892942 0.851792
v -0.214143 0.881104 0.824368
v -0.107855 0.941224 0.861330
v -0.204842 0.929753 0.826002
v -0.094700 0.985827 0.865545
v -0.195910 0.976398 0.824145
v -0.092321 1.023628 0.862703
v -0.190978 1.020675 0.820181
v -0.086298 1.059017 0.854826
v -0.181357 1.060749 0.813784
v -0.080441 1.089860 0.833495
v -0.170443 1.095050 0.792559
v -0.080561 1.133186 0.796732
v -0.163221 1.135181 0.763108
v -0.085330 1.182397 0.751567
v -0.156910 1.180308 0.729452
v -0.087085 1.227904 0.708759
v -0.150293 1.224869 0.691112
v -0.084366 1.271585 0.669988
v -0.142767 1.270299 0.651872
v -0.136195 1.311046 0.617113
v -0.033431 1.232986 0.721199
v -0.000518 1.237312 0.727046
v -0.031601 1.187390 0.763946
v -0.000518 1.191511 0.769397
v -0.027541 1.135563 0.812665
v -0.000518 1.138788 0.818220
v -0.020391 1.456957 -0.210474
v -0.021581 1.462259 -0.210258
v -0.000518 1.461290 -0.215379
v -0.000518 1.456917 -0.214312
v -0.026774 1.469086 -0.220996
v -0.000518 1.466866 -0.225771
v -0.042368 1.460842 -0.199212
v -0.049140 1.467765 -0.209614
v -0.054273 1.475570 -0.222229
v -0.071865 1.466276 -0.198033
v -0.077970 1.475417 -0.212577
v -0.080685 1.487953 -0.233246
v -0.095944 1.502040 -0.223737
v -0.089372 1.523392 -0.257174
v -0.077912 1.505797 -0.263529
v -0.081044 1.547040 -0.297628
v -0.072599 1.527990 -0.303765
v -0.072848 1.571860 -0.341727
v -0.066116 1.553912 -0.348351
v -0.047258 1.544742 -0.348284
v -0.055634 1.579138 -0.392703
v -0.040388 1.567475 -0.393650
v -0.020760 1.562470 -0.391233
v -0.030581 1.588586 -0.437112
v -0.016035 1.582930 -0.436065
v -0.000518 1.580159 -0.435871
v -0.000518 1.559153 -0.391019
v -0.027955 1.602185 -0.260183
v -0.035175 1.573746 -0.216235
v -0.000518 1.570586 -0.213455
v -0.000518 1.602407 -0.258451
v -0.050633 1.596639 -0.268184
v -0.059708 1.571983 -0.224297
v -0.070069 1.590856 -0.275817
v -0.079944 1.566422 -0.233049
v -0.089483 1.543992 -0.193489
v -0.097518 1.560706 -0.240082
v -0.107403 1.538553 -0.202585
v -0.097252 1.542564 -0.249212
v -0.104504 1.520757 -0.213647
v -0.087721 1.584556 -0.282234
v -0.087834 1.566355 -0.290728
v -0.078758 1.609161 -0.325274
v -0.078970 1.590603 -0.334235
v -0.071231 1.629522 -0.371765
v -0.070085 1.612509 -0.379792
v -0.063640 1.595335 -0.386518
v -0.057353 1.631840 -0.426154
v -0.049376 1.616780 -0.430315
v -0.041231 1.602364 -0.434565
v -0.039095 1.634545 -0.474440
v -0.032191 1.622329 -0.477569
v -0.024363 1.609907 -0.481868
v -0.027119 1.639164 -0.521726
v -0.020722 1.630469 -0.524279
v -0.010781 1.626475 -0.525532
v -0.012774 1.604647 -0.483466
v -0.000518 1.624472 -0.526330
v -0.000518 1.601953 -0.484278
v -0.019615 1.646986 -0.357269
v -0.022906 1.628512 -0.307388
v -0.000518 1.635640 -0.302691
v -0.000518 1.652906 -0.354813
v -0.037575 1.641832 -0.361187
v -0.042862 1.621322 -0.313138
v -0.055614 1.636656 -0.366285
v -0.061987 1.615450 -0.319232
v -0.031448 1.655649 -0.411602
v -0.046955 1.651244 -0.416054
v -0.060573 1.646533 -0.421095
v -0.038007 1.665247 -0.465164
v -0.049158 1.660200 -0.469129
v -0.045978 1.647625 -0.471932
v -0.041097 1.670126 -0.517678
v -0.037828 1.659055 -0.518817
v -0.032745 1.649120 -0.519955
v -0.029882 1.663035 -0.565134
v -0.025721 1.655471 -0.564814
v -0.021363 1.648243 -0.564839
v -0.019097 1.657120 -0.609028
v -0.015817 1.652312 -0.609054
v -0.011774 1.648543 -0.609115
v -0.016221 1.642336 -0.565297
v -0.006309 1.646280 -0.609134
v -0.008834 1.639033 -0.565614
v -0.000518 1.645212 -0.609148
v -0.000518 1.637612 -0.565794
v -0.012688 1.674896 -0.459057
v -0.016100 1.660878 -0.407891
v -0.000518 1.667075 -0.404995
v -0.000518 1.679901 -0.457437
v -0.025640 1.669894 -0.461782
v -0.011640 1.686357 -0.511950
v -0.021895 1.682598 -0.513225
v -0.032024 1.676944 -0.515120
v -0.016300 1.678829 -0.563479
v -0.024133 1.675800 -0.564219
v -0.031630 1.671228 -0.565430
v -0.017669 1.672152 -0.608848
v -0.023241 1.669118 -0.609281
v -0.022229 1.662811 -0.609161
v -0.015922 1.666398 -0.644122
v -0.015615 1.662811 -0.644167
v -0.013832 1.658909 -0.644231
v -0.011819 1.662322 -0.665280
v -0.010305 1.659877 -0.664701
v -0.011459 1.655551 -0.644317
v -0.008233 1.653042 -0.644494
v -0.004217 1.651582 -0.644599
v -0.000518 1.659018 -0.663179
v -0.000518 1.651455 -0.644561
v -0.006117 1.676401 -0.608518
v -0.008360 1.681528 -0.563000
v -0.000518 1.683382 -0.562896
v -0.000518 1.677857 -0.608584
v -0.000518 1.690357 -0.511495
v -0.012156 1.674310 -0.608636
v -0.008910 1.670599 -0.643897
v -0.012937 1.668746 -0.644021
v -0.010005 1.666926 -0.666409
v -0.011806 1.664943 -0.665939
v -0.064481 1.459412 -0.188247
v -0.086364 1.454985 -0.182796
v -0.063271 1.455130 -0.190966
v -0.040530 1.456191 -0.200739
v -0.066733 1.455931 -0.203639
v -0.044307 1.456712 -0.212524
v -0.022530 1.457312 -0.221029
v -0.047614 1.457730 -0.225236
v -0.024459 1.458314 -0.233151
v -0.000518 1.457319 -0.223253
v -0.000518 1.458260 -0.235335
v -0.025564 1.459526 -0.245690
v -0.000518 1.459403 -0.247747
v -0.026328 1.460954 -0.259028
v -0.000518 1.460845 -0.261217
v -0.000518 1.462639 -0.275708
v -0.049857 1.459125 -0.239023
v -0.069849 1.457063 -0.216913
v -0.089088 1.455462 -0.195360
v -0.105529 1.453990 -0.174176
v -0.019036 0.443947 0.794436
v -0.019711 0.387322 0.766574
v -0.000518 0.384559 0.771602
v -0.000518 0.441128 0.799612
v -0.019484 0.328696 0.738063
v -0.000518 0.325786 0.742841
v -0.039985 0.391583 0.760822
v -0.041607 0.333756 0.731927
v -0.043322 0.281678 0.705452
v -0.038588 0.447283 0.788374
v -0.018349 0.499310 0.822652
v -0.038824 0.502190 0.816184
v -0.019627 0.555750 0.847430
v -0.039942 0.558866 0.840952
v -0.020098 0.611142 0.873746
v -0.041672 0.613537 0.866655
v -0.020258 0.665756 0.894229
v -0.043883 0.666004 0.886262
v -0.019995 0.726431 0.894728
v -0.042370 0.727345 0.887088
v -0.022054 0.788092 0.894077
v -0.045651 0.793534 0.885850
v -0.000518 0.833626 0.900366
v -0.000518 0.787811 0.900489
v -0.000518 0.725894 0.900482
v -0.000518 0.664721 0.900511
v -0.000518 0.496833 0.828161
v -0.000518 0.553739 0.852758
v -0.000518 0.608989 0.879409
v -0.000518 0.863249 0.899215
v -0.020338 0.887620 0.894625
v -0.000518 0.884317 0.899004
v -0.000518 0.904715 0.900987
v -0.014327 0.906639 0.896067
v -0.025693 0.910172 0.884290
v -0.036582 0.896291 0.884730
v -0.027420 0.910112 0.865121
v -0.038820 0.897312 0.864089
v -0.024155 0.924299 0.882691
v -0.024213 0.925239 0.864621
v -0.031298 0.939591 0.878748
v -0.031974 0.940918 0.860931
v -0.039075 0.951803 0.872482
v -0.046115 0.950482 0.856596
v -0.055752 0.938478 0.864740
v -0.053136 0.937620 0.855026
v -0.061197 0.930246 0.852957
v -0.060720 0.932937 0.838088
v -0.046987 0.928150 0.851281
v -0.035893 0.957288 0.887094
v -0.020639 0.943016 0.894631
v -0.014487 0.925639 0.897198
v -0.000518 0.946734 0.902028
v -0.000518 0.926681 0.902562
v -0.000518 0.964429 0.900876
v -0.041538 0.974214 0.885583
v -0.000518 0.984530 0.900608
v -0.037548 1.003885 0.886929
v -0.000518 1.010075 0.900080
v -0.000518 1.035003 0.899886
v -0.030661 1.032476 0.888500
v -0.000518 1.061940 0.886715
v -0.029431 1.059816 0.878908
v -0.000518 1.091549 0.860684
v -0.026281 1.088912 0.854789
v -0.593169 0.263522 0.197324
v -0.629152 0.300221 0.211928
v -0.612787 0.267867 0.155025
v -0.596412 0.238640 0.095959
v -0.563479 0.207484 0.090304
v -0.573164 0.206319 0.039221
v -0.529075 0.174159 0.083028
v -0.535609 0.169442 0.033614
v -0.537998 0.162517 -0.010494
v -0.499177 0.135442 0.030567
v -0.499567 0.128065 -0.010867
v -0.491876 0.130290 -0.050065
v -0.473644 0.102593 -0.009567
v -0.468800 0.108404 -0.050815
v -0.460653 0.117211 -0.094619
v -0.441655 0.099017 -0.049961
v -0.436567 0.109587 -0.094213
v -0.452901 0.127929 -0.142210
v -0.401397 0.101127 -0.094470
v -0.761268 0.757962 0.382454
v -0.759722 0.733175 0.382890
v -0.729855 0.719303 0.442473
v -0.655821 0.629398 0.530190
v -0.636162 0.597242 0.528895
v -0.588438 1.358617 -0.197225
v -0.608986 1.350150 -0.144327
v -0.570557 1.381418 -0.114392
v -0.627799 1.341009 -0.093907
v -0.590031 1.373084 -0.062979
v -0.554914 1.402056 -0.034972
v -0.607109 1.364226 -0.015071
v -0.575174 1.391798 0.016457
v -0.618486 1.355005 0.023150
v -0.585075 1.384726 0.044865
v -0.627282 1.342650 0.064261
v -0.662719 1.316060 0.045737
v -0.653261 1.323110 -0.000937
v -0.696465 1.284548 0.021876
v -0.642716 1.331321 -0.045409
v -0.806505 0.645580 0.196625
v -0.825847 0.661719 0.161881
v -0.794497 0.637553 0.218584
v -0.833713 0.631760 0.108319
v -0.000518 0.097720 -0.412110
v -0.194694 0.265068 -0.573257
v -0.248835 0.272608 -0.558657
v -0.255151 0.313558 -0.600774
v -0.300302 0.278141 -0.544640
v -0.308618 0.319146 -0.585915
v -0.318594 0.359517 -0.625496
v -0.358737 0.324526 -0.571455
v -0.372058 0.365871 -0.608525
v -0.385430 0.401949 -0.640575
v -0.422668 0.372837 -0.590408
v -0.441756 0.412332 -0.621352
v -0.455317 0.440099 -0.644542
v -0.491686 0.418078 -0.602122
v -0.510248 0.447949 -0.624662
v -0.521770 0.466290 -0.638539
v -0.544280 0.449236 -0.607643
v -0.556967 0.468293 -0.622170
v -0.564954 0.493755 -0.626920
v -0.578011 0.470722 -0.601860
v -0.583207 0.494451 -0.608116
v -0.589945 0.532645 -0.613464
v -0.602057 0.492929 -0.568219
v -0.612077 0.533657 -0.576501
v -0.623035 0.588540 -0.582241
v -0.645029 0.532540 -0.517076
v -0.655643 0.586464 -0.524745
v -0.667866 0.641923 -0.531431
v -0.687448 0.582231 -0.461919
v -0.699528 0.635219 -0.467907
v -0.714095 0.689828 -0.475003
v -0.731012 0.630531 -0.407290
v -0.742292 0.682682 -0.411702
v -0.754269 0.734659 -0.415098
v -0.769148 0.676193 -0.347979
v -0.779497 0.725661 -0.350089
v -0.789451 0.773441 -0.350945
v -0.802307 0.718164 -0.284688
v -0.812346 0.765756 -0.286511
v -0.820838 0.811797 -0.286709
v -0.834937 0.760916 -0.223857
v -0.844811 0.806138 -0.225137
v -0.866737 0.801910 -0.163776
v -0.755091 0.675561 0.334047
v -0.760160 0.659631 0.306979
v -0.749063 0.660071 0.331320
v -0.738061 0.659864 0.356070
v -0.728508 0.659479 0.376815
v -0.710121 0.650019 0.382667
v -0.711991 0.664562 0.383383
v -0.708652 0.681236 0.390449
v -0.692441 0.658488 0.373056
v -0.666288 0.653755 0.366915
v -0.668086 0.668221 0.373392
v -0.648621 0.656462 0.380336
v -0.652105 0.670605 0.389559
v -0.643032 0.686236 0.413586
v -0.631954 0.683708 0.425743
v -0.755747 0.647095 0.304516
v -0.755494 0.651645 0.292776
v -0.759507 0.664648 0.289742
v -0.746989 0.661533 0.293294
v -0.753327 0.674614 0.285432
v -0.762770 0.682675 0.278088
v -0.745287 0.689005 0.278981
v -0.759049 0.699125 0.268550
v -0.768398 0.679399 0.265019
v -0.762653 0.693718 0.252666
v -0.743430 0.713867 0.256737
v -0.750282 0.705115 0.238480
v -0.764907 0.678521 0.240582
v -0.752495 0.685798 0.229921
v -0.732029 0.707108 0.228594
v -0.736131 0.690046 0.218736
v -0.753877 0.668304 0.221728
v -0.737453 0.674174 0.211672
v -0.716487 0.692088 0.207026
v -0.719371 0.677080 0.198671
v -0.749777 0.654496 0.216857
v -0.736274 0.660502 0.207828
v -0.718748 0.663903 0.197290
v -0.694155 0.674150 0.192021
v -0.696559 0.661224 0.191113
v -0.698622 0.649802 0.202647
v -0.700666 0.639312 0.214590
v -0.688974 0.629467 0.227715
v -0.671906 0.631127 0.230044
v -0.656099 0.630973 0.231119
v -0.648841 0.637745 0.240230
v -0.650508 0.651297 0.224074
v -0.649275 0.650161 0.251403
v -0.652614 0.666393 0.234345
v -0.660175 0.677073 0.217743
v -0.656194 0.660124 0.207412
v -0.673478 0.684176 0.205378
v -0.671588 0.667397 0.194625
v -0.693575 0.689453 0.200837
v -0.713664 0.707374 0.219812
v -0.707578 0.718208 0.240220
v -0.724752 0.716001 0.247984
v -0.699472 0.717784 0.265110
v -0.717654 0.709342 0.270779
v -0.733724 0.700278 0.274226
v -0.708249 0.694123 0.284636
v -0.723387 0.682743 0.287202
v -0.736148 0.672030 0.290779
v -0.716709 0.667707 0.296747
v -0.729830 0.656120 0.293964
v -0.741248 0.645883 0.291247
v -0.722558 0.641811 0.289716
v -0.699773 0.641450 0.289482
v -0.715318 0.628932 0.287427
v -0.709524 0.653078 0.293251
v -0.689466 0.702674 0.280041
v -0.673171 0.705575 0.271313
v -0.663034 0.695760 0.258761
v -0.656974 0.679394 0.275073
v -0.658280 0.681261 0.246692
v -0.651676 0.666553 0.263326
v -0.743124 0.618122 0.262600
v -0.737089 0.596711 0.299258
v -0.712237 1.165633 0.198592
v -0.664031 0.641308 0.420083
v -0.666403 0.575519 0.446000
v -0.659825 0.559847 0.447260
v -0.653654 0.543312 0.447857
v -0.648801 0.631417 0.479375
v -0.653673 0.624425 0.470951
v -0.638000 0.634539 0.472176
v -0.641148 0.629142 0.462638
v -0.640142 0.619056 0.456545
v -0.633198 0.607137 0.464233
v -0.626350 0.601651 0.476412
v -0.635372 0.617597 0.489029
v -0.642867 0.628306 0.505801
v -0.625792 0.638908 0.467254
v -0.610662 0.646362 0.476331
v -0.611318 0.638415 0.467443
v -0.656766 0.662738 0.448731
v -0.652320 0.672497 0.448656
v -0.604701 0.559568 0.485805
v -0.603140 0.567085 0.476785
v -0.065388 0.881379 0.859710
v -0.043307 0.918416 0.851581
v -0.742885 0.452291 0.171648
v -0.766077 0.504389 0.141110
v -0.794532 0.508892 0.091045
v -0.267261 1.423720 0.698141
v -0.073284 0.947707 0.855426
v -0.537143 0.211346 0.196877
v 0.001655 1.667969 -0.669986
v 0.001083 1.665363 -0.675704
v 0.003429 1.671848 -0.643925
v 0.063945 1.489751 -0.110837
v 0.060952 1.478402 -0.095783
v 0.021118 1.431893 0.279797
v 0.021848 1.441385 0.294591
v 0.022196 1.420756 0.266344
v 0.007789 1.420069 0.249555
v 0.004478 1.413708 0.245461
v 0.780174 0.599283 0.217805
v 0.775292 0.563820 0.189554
v 0.782300 0.569671 0.169222
v 0.790260 0.604335 0.198322
v 0.773178 0.543195 0.157183
v 0.781488 0.550047 0.147105
v 0.763077 0.565614 0.224063
v 0.765220 0.594902 0.232952
v 0.775197 0.500268 0.137391
v 0.782136 0.498866 0.110762
v 0.773481 0.503568 0.125447
v 0.764727 0.496773 0.137855
v 0.800571 0.532543 0.108752
v 0.789180 0.528371 0.129284
v 0.782023 0.536127 0.133926
v 0.784300 0.524057 0.119767
v 0.778685 0.527697 0.151078
v 0.772873 0.526551 0.143625
v 0.778829 0.542932 0.158487
v 0.773678 0.513693 0.132339
v 0.783634 0.529962 0.143307
v 0.785620 0.547389 0.151667
v 0.784895 0.527147 0.139071
v 0.783391 0.513051 0.136762
v 0.778229 0.518065 0.151360
v 0.776103 0.511879 0.146652
v 0.769233 0.502118 0.148580
v 0.763932 0.510529 0.146736
v 0.783126 0.516056 0.138353
v 0.783950 0.511488 0.133672
v 0.787861 0.561051 0.164973
v 0.779773 0.543721 0.170838
v 0.783338 0.514999 0.139043
v 0.783498 0.511623 0.133933
v 0.777929 0.528393 0.160088
v 0.764218 0.499751 0.164188
v 0.769011 0.488163 0.143873
v 0.767460 0.525696 0.176913
v 0.688558 1.087435 -0.233471
v 0.693918 1.074708 -0.226844
v 0.703550 1.067155 -0.240470
v 0.695153 1.084222 -0.251410
v 0.702404 1.067805 -0.210501
v 0.715498 1.056380 -0.217492
v 0.696542 1.087632 -0.212329
v 0.692275 1.106626 -0.219878
v 0.684346 1.101474 -0.240563
v 0.691580 1.106118 -0.252346
v 0.697672 1.119245 -0.231829
v 0.712900 1.061675 -0.192244
v 0.727849 1.059994 -0.191318
v 0.705236 1.084443 -0.191591
v 0.723183 1.086171 -0.182232
v 0.718511 1.108209 -0.187739
v 0.717390 1.127599 -0.192840
v 0.729114 1.135780 -0.198352
v 0.733411 1.110895 -0.194237
v 0.705354 1.129784 -0.208175
v 0.703110 1.109648 -0.198949
v 0.718756 1.133166 -0.219748
v 0.658796 1.169404 0.207232
v 0.651828 1.180083 0.197703
v 0.653358 1.194254 0.206733
v 0.657676 1.185017 0.219394
v 0.663268 1.176700 0.188253
v 0.663337 1.194324 0.190691
v 0.669123 1.163456 0.194811
v 0.633911 0.563252 0.515841
v 0.617373 0.569305 0.519065
v 0.621740 0.581037 0.540170
v 0.626999 0.559110 0.520004
v 0.625448 0.579628 0.523691
v 0.642521 0.581103 0.515212
v 0.634398 0.554402 0.488154
v 0.623815 0.532893 0.501827
v 0.609793 0.534893 0.487053
v 0.643288 0.568490 0.496231
v 0.640480 0.537934 0.471543
v 0.615445 0.545295 0.476792
v 0.622499 0.525130 0.470037
v 0.597135 0.553205 0.476810
v 0.634118 0.557864 0.478663
v 0.613267 0.564019 0.475545
v 0.623415 0.520941 0.468554
v 0.618869 0.512831 0.499643
v 0.614667 0.556768 0.554908
v 0.601321 0.516714 0.545567
v 0.782610 1.494765 -0.001877
v 0.773294 1.495642 0.000404
v 0.784179 1.490938 -0.002291
v 0.789849 1.490076 -0.003662
v 0.781213 1.489190 -0.003332
v 0.771362 1.489254 -0.004030
v 0.781549 1.488279 -0.006112
v 0.788947 1.487897 -0.004807
v 0.732737 1.493865 -0.002514
v 0.734038 1.493575 -0.007136
v 0.041383 0.897202 0.827846
v 0.050443 0.900383 0.819308
v 0.039654 0.918538 0.823980
v 0.028654 0.910615 0.828168
v 0.057691 0.894480 0.822658
v 0.051689 0.889497 0.828707
v 0.035122 0.926384 0.824155
v 0.022866 0.927201 0.831236
v 0.041446 0.918383 0.836158
v 0.041087 0.930188 0.827210
v 0.031144 0.940104 0.829368
v 0.069846 0.899176 0.817340
v 0.072232 0.901317 0.839462
v 0.052209 0.907273 0.839896
v 0.065676 0.885290 0.819057
v 0.065023 0.881714 0.840466
v 0.048960 0.884178 0.843041
v 0.038797 0.897460 0.844638
v 0.044644 0.940958 0.828481
v 0.043250 0.953874 0.827058
v 0.022379 0.926277 0.847130
v 0.026829 0.909834 0.846067
v 0.030786 0.941040 0.845014
v 0.044856 0.950871 0.841818
v 0.049878 0.936919 0.839723
v 0.058290 0.867326 0.823174
v 0.054908 0.869024 0.840815
v 0.172475 1.500518 0.073109
v 0.134794 1.480724 0.072640
v 0.161464 1.485003 0.108668
v 0.190458 1.497709 0.106919
v 0.110472 1.471460 0.059951
v 0.130144 1.489052 0.018523
v 0.114481 1.480776 0.016697
v 0.121206 1.468802 0.098616
v 0.102836 1.463370 0.084920
v 0.160901 1.505054 0.019736
v 0.005380 1.665860 -0.682020
v 0.007563 1.665779 -0.677566
v 0.008288 1.664292 -0.676706
v 0.006256 1.664132 -0.681912
v 0.003190 1.665750 -0.680043
v 0.006216 1.668298 -0.667922
v 0.003709 1.663965 -0.681125
v 0.006728 1.662534 -0.679143
v 0.004912 1.661835 -0.678906
v 0.008590 1.662007 -0.674753
v 0.006955 1.660485 -0.674145
v 0.001108 1.661185 -0.672585
v 0.003163 1.659717 -0.671475
v 0.004639 1.656922 -0.663886
v 0.001726 1.657428 -0.663821
v 0.004531 1.659740 -0.673080
v 0.001684 1.663133 -0.675796
v 0.007103 1.657856 -0.664370
v 0.036584 1.770838 0.063443
v 0.033007 1.772685 0.055297
v 0.023834 1.774116 0.052699
v 0.024603 1.772323 0.063841
v 0.038862 1.769697 0.048229
v 0.026743 1.773281 0.039854
v 0.045240 1.765853 0.058396
v 0.011084 1.749716 0.138456
v 0.019833 1.750012 0.137190
v 0.022411 1.752851 0.130906
v 0.010682 1.754109 0.130156
v 0.023976 1.744605 0.141811
v 0.032193 1.749080 0.135136
v 0.012701 1.743026 0.145031
v 0.266029 1.426413 0.696465
v 0.266499 1.424242 0.699159
v 0.266576 1.423494 0.699515
v 0.266508 1.425586 0.696165
v 0.263469 1.423980 0.697573
v 0.262576 1.425987 0.696724
v 0.256683 1.431750 0.690329
v 0.256036 1.429847 0.689917
v 0.263431 1.426038 0.697150
v 0.259198 1.432570 0.689951
v 0.041943 1.471211 -0.082002
v 0.092234 1.479176 -0.090734
v 0.067280 1.471089 -0.077039
v 0.106779 1.470734 0.121223
v 0.140892 1.477939 0.130167
v 0.150145 1.477694 0.118201
v 0.111871 1.477975 0.144821
v 0.142337 1.485432 0.147496
v 0.076156 1.468013 0.128889
v 0.080834 1.473158 0.146732
v 0.089475 1.464345 0.102315
v 0.069165 1.463346 0.113899
v 0.084126 1.476386 -0.067741
v 0.114074 1.487211 -0.081904
v 0.112161 1.486945 -0.057497
v 0.092189 1.480021 -0.050186
v 0.131267 1.493768 -0.103478
v 0.146248 1.502382 -0.084164
v 0.153575 1.504906 -0.101353
v 0.137804 1.498892 -0.062048
v 0.116605 1.487449 -0.107119
v 0.025229 0.839313 0.892455
v 0.052849 0.852474 0.881706
v 0.046656 0.877256 0.882897
v 0.024165 0.866941 0.892991
v 0.054614 0.868199 0.859875
v 0.049569 0.882592 0.862033
v 0.066076 0.903574 0.857070
v 0.063734 0.923945 0.874098
v 0.052625 0.926670 0.864792
v 0.049956 0.911367 0.858561
v 0.030236 1.413594 0.253263
v 0.017510 1.409845 0.261775
v 0.037008 1.410206 0.257599
v 0.008196 1.409835 0.261988
v 0.132516 1.425620 0.208962
v 0.146563 1.442949 0.186944
v 0.151941 1.458508 0.213358
v 0.146422 1.436258 0.221669
v 0.148315 1.454505 0.159245
v 0.133491 1.423150 0.185403
v 0.144222 1.435738 0.160429
v 0.117721 1.418616 0.207267
v 0.107941 1.499615 -0.186346
v 0.110848 1.477975 -0.166355
v 0.095693 1.466528 -0.187959
v 0.098142 1.483419 -0.200679
v 0.105608 1.459961 -0.166992
v 0.086869 1.458845 -0.179561
v 0.118843 1.499291 -0.152670
v 0.114442 1.517069 -0.173855
v 0.118272 1.475989 -0.145453
v 0.113293 1.460694 -0.151236
v 0.122954 1.492745 -0.138097
v 0.185648 1.453259 -0.085273
v 0.193079 1.475314 -0.091165
v 0.210594 1.459919 -0.072473
v 0.199136 1.450211 -0.063193
v 0.230113 1.491518 -0.082179
v 0.237143 1.471760 -0.073608
v 0.162435 1.484192 -0.102227
v 0.167773 1.465233 -0.098300
v 0.232283 1.438996 0.079389
v 0.217073 1.446072 0.108505
v 0.207027 1.431571 0.101963
v 0.218228 1.434383 0.075919
v 0.189370 1.449718 0.119852
v 0.210451 1.469323 0.120157
v 0.186192 1.467394 0.127894
v 0.189815 1.435282 0.114147
v 0.132033 1.421140 0.175699
v 0.140683 1.424633 0.156601
v 0.118455 1.412926 0.215556
v 0.129194 1.414505 0.199434
v 0.138337 1.416134 0.184263
v 0.148832 1.418513 0.162573
v 0.183522 1.444699 -0.080057
v 0.169597 1.451508 -0.095941
v 0.148057 1.456443 -0.103610
v 0.146420 1.472052 -0.106251
v 0.164818 1.447600 -0.102824
v 0.151867 1.448188 -0.109233
v 0.211900 1.431798 0.070301
v 0.206817 1.427255 0.083833
v 0.224953 1.426568 0.084852
v 0.230233 1.428902 0.063499
v 0.204639 1.425472 0.099906
v 0.201260 1.429059 0.097601
v 0.221383 1.424426 0.104603
v 0.223677 1.432831 0.032439
v 0.227819 1.437409 0.041446
v 0.185502 1.446456 -0.100351
v 0.175772 1.447657 -0.111298
v 0.197046 1.444645 -0.082991
v 0.162121 1.448892 -0.123162
v 0.238840 1.432729 0.030178
v 0.650118 1.272156 0.132672
v 0.648805 1.260464 0.148384
v 0.671583 1.266868 0.139456
v 0.666835 1.282727 0.125972
v 0.644911 1.273079 0.160093
v 0.643721 1.282172 0.144129
v 0.668398 1.265499 0.161993
v 0.638924 1.288292 0.168613
v 0.614957 1.307286 0.184996
v 0.636283 1.268924 0.217253
v 0.650570 1.268235 0.184722
v 0.632257 1.323185 0.120514
v 0.646132 1.297014 0.142016
v 0.575840 1.355380 0.162498
v 0.583815 1.361837 0.102680
v 0.581985 1.306465 0.246338
v 0.611469 1.268245 0.274526
v 0.550354 1.347951 0.226042
v 0.649487 0.570579 0.481815
v 0.650024 0.556587 0.467336
v 0.656558 0.572471 0.465770
v 0.614344 0.557122 0.485762
v 0.507332 0.184343 0.179748
v 0.539026 0.210851 0.188596
v 0.527484 0.206619 0.204513
v 0.499782 0.188814 0.212939
v 0.534144 0.209604 0.194852
v 0.533322 0.211492 0.191408
v 0.521941 0.209922 0.233814
v 0.496218 0.196186 0.249368
v 0.563183 0.233854 0.189215
v 0.548627 0.206482 0.144272
v 0.576179 0.233016 0.148766
v 0.480237 0.228197 -0.354004
v 0.474144 0.234080 -0.380331
v 0.492336 0.258943 -0.394528
v 0.512359 0.261017 -0.362931
v 0.455545 0.221673 -0.393398
v 0.452092 0.206385 -0.359508
v 0.471170 0.254601 -0.422351
v 0.625579 0.574429 0.546287
v 0.637197 0.610659 0.560199
v 0.624363 0.606305 0.585070
v 0.680551 1.249074 0.175327
v 0.665379 1.249843 0.198781
v 0.663701 1.300618 0.095409
v 0.569437 0.264732 0.267228
v 0.557459 0.246929 0.248470
v 0.558093 0.239214 0.221417
v 0.580215 0.263633 0.231930
v 0.540640 0.234760 0.259113
v 0.550080 0.256104 0.297603
v 0.539056 0.220692 0.220527
v 0.591990 0.615199 0.471426
v 0.594832 0.602303 0.462513
v 0.604384 0.613618 0.454479
v 0.599704 0.622441 0.463860
v 0.611403 0.600831 0.468554
v 0.618945 0.608803 0.457453
v 0.606217 0.614407 0.476495
v 0.613955 0.624303 0.450831
v 0.612077 0.631697 0.457561
v 0.625255 0.622410 0.452310
v 0.627528 0.634088 0.456882
v 0.630749 0.664615 0.486117
v 0.621202 0.668755 0.484826
v 0.613180 0.657773 0.482509
v 0.624886 0.652710 0.481378
v 0.619757 0.671413 0.491558
v 0.608429 0.659839 0.491344
v 0.626219 0.666934 0.497508
v 0.593142 0.629262 0.482477
v 0.602347 0.623727 0.485363
v 0.613835 0.628437 0.493071
v 0.605832 0.640346 0.501588
v 0.621423 0.616940 0.481901
v 0.641091 0.654760 0.490916
v 0.633252 0.661172 0.504611
v 0.651222 0.650183 0.504282
v 0.643800 0.652218 0.514638
v 0.633686 0.647900 0.483636
v 0.644201 0.640134 0.486686
v 0.634804 0.639928 0.479585
v 0.653644 0.640525 0.495893
v 0.615883 0.655478 0.500341
v 0.600973 0.645735 0.485819
v 0.598238 0.631930 0.475570
v 0.624116 0.638868 0.509003
v 0.628414 0.629001 0.500186
v 0.626471 0.651034 0.508519
v 0.623051 0.644186 0.475500
v 0.637180 0.647138 0.514178
v 0.638554 0.637700 0.514869
v 0.649303 0.639063 0.518171
v 0.656928 0.641323 0.515918
v 0.659208 0.634649 0.506187
v 0.654111 0.628628 0.508715
v 0.646044 0.605481 0.469752
v 0.659876 0.607228 0.478050
v 0.664736 0.609241 0.479389
v 0.651889 0.614482 0.466362
v 0.654269 0.603341 0.485443
v 0.638597 0.602257 0.482229
v 0.661411 0.587879 0.467401
v 0.655353 0.586064 0.483276
v 0.658769 0.610235 0.489112
v 0.652595 0.590622 0.496250
v 0.694260 1.266592 0.098525
v 0.697073 1.257068 0.125922
v 0.661827 0.546165 0.423576
v 0.661882 0.553349 0.417594
v 0.670622 0.568532 0.413982
v 0.666419 0.562624 0.427883
v 0.684792 0.555121 0.378319
v 0.667651 0.536404 0.399421
v 0.663091 0.618894 0.493386
v 0.647368 0.617833 0.493937
v 0.662774 0.614135 0.488257
v 0.663298 0.622172 0.489985
v 0.681894 1.177867 0.177144
v 0.674165 1.192267 0.177565
v 0.680067 1.206870 0.180294
v 0.667854 1.212097 0.197155
v 0.695704 1.191884 0.176610
v 0.548294 1.385262 0.148206
v 0.562485 1.383220 0.101770
v 0.567557 1.394806 0.080614
v 0.540197 1.401749 0.131653
v 0.588973 1.377678 0.070400
v 0.655841 0.691401 0.449756
v 0.646897 0.697674 0.449484
v 0.656087 0.706234 0.434318
v 0.667099 0.700386 0.448447
v 0.639504 0.691936 0.439378
v 0.647066 0.698781 0.423815
v 0.646193 0.683398 0.442960
v 0.643135 0.668838 0.439185
v 0.647316 0.659894 0.432007
v 0.633937 0.663150 0.424162
v 0.638584 0.674597 0.433871
v 0.647704 0.647093 0.414602
v 0.634050 0.648867 0.409047
v 0.673780 0.688795 0.448704
v 0.662088 0.678239 0.446096
v 0.690923 0.699160 0.412599
v 0.674023 0.703369 0.410717
v 0.681978 0.671680 0.444642
v 0.668025 0.665045 0.446387
v 0.679386 0.649167 0.435219
v 0.666067 0.655379 0.430951
v 0.696654 0.661370 0.452844
v 0.687760 0.636644 0.448947
v 0.634892 0.656091 0.392867
v 0.626107 0.650126 0.401583
v 0.639579 0.643257 0.394221
v 0.627882 0.668957 0.414478
v 0.638467 0.671469 0.402747
v 0.695174 0.698552 0.443698
v 0.662455 0.618603 0.483635
v 0.657682 0.628576 0.488056
v 0.674806 1.152796 0.201909
v 0.690837 1.156841 0.200107
v 0.687286 1.168211 0.187947
v 0.670629 1.161049 0.213732
v 0.687965 1.157053 0.215906
v 0.660024 0.515414 0.404164
v 0.647012 0.528454 0.446823
v 0.635148 0.510528 0.455446
v 0.566807 1.399985 0.063262
v 0.552976 1.410855 0.082755
v 0.554048 1.408700 0.034172
v 0.532519 1.421484 0.055036
v 0.520021 1.412921 0.128758
v 0.687195 0.587211 0.400069
v 0.672936 0.581048 0.424233
v 0.686787 0.649571 0.471193
v 0.670863 0.638806 0.498263
v 0.663239 0.622025 0.489834
v 0.675371 0.626545 0.474395
v 0.655039 0.610469 0.509319
v 0.663702 0.619909 0.491893
v 0.695047 0.572899 0.371176
v 0.703767 0.589247 0.365702
v 0.669987 1.216782 0.248184
v 0.663081 1.220426 0.268599
v 0.655821 1.193063 0.335954
v 0.683756 1.188042 0.290019
v 0.667334 1.228418 0.229084
v 0.654923 1.240967 0.239803
v 0.636835 1.231844 0.304268
v 0.675755 0.625970 0.415655
v 0.683182 0.614252 0.435589
v 0.693479 0.619151 0.409725
v 0.680892 0.627493 0.397641
v 0.672780 0.593087 0.442177
v 0.683854 0.599624 0.417759
v 0.683396 0.622377 0.445272
v 0.677111 0.634813 0.425905
v 0.701701 1.209153 0.182609
v 0.704565 1.178874 0.184906
v 0.717767 1.194443 0.182878
v 0.670753 0.680954 0.380420
v 0.674764 0.691289 0.387067
v 0.662425 0.696809 0.405284
v 0.656889 0.683602 0.399146
v 0.689515 0.689453 0.387477
v 0.691415 0.673272 0.377723
v 0.649676 0.638007 0.401851
v 0.657315 0.638760 0.390085
v 0.652001 0.644364 0.381996
v 0.668247 0.634181 0.391463
v 0.663036 0.631015 0.408060
v 0.667468 0.642132 0.375517
v 0.695966 1.279113 0.066408
v 0.660293 0.610005 0.278971
v 0.657511 0.594276 0.287963
v 0.654422 0.582523 0.281241
v 0.656454 0.600226 0.261062
v 0.671242 0.595473 0.297448
v 0.673317 0.585979 0.303551
v 0.682697 0.611384 0.293419
v 0.665509 0.579600 0.253643
v 0.663577 0.571008 0.277006
v 0.658801 0.622307 0.251241
v 0.658427 0.600852 0.236273
v 0.656164 0.615925 0.236287
v 0.670087 0.586296 0.230409
v 0.660024 0.631531 0.268946
v 0.676215 0.630743 0.281741
v 0.653947 0.652125 0.278050
v 0.665818 0.646791 0.281567
v 0.697214 0.598549 0.300979
v 0.671175 0.637804 0.218177
v 0.672025 0.642692 0.206706
v 0.662680 0.645875 0.202761
v 0.656807 0.639438 0.218392
v 0.681588 0.642991 0.201642
v 0.675115 0.652086 0.189555
v 0.685696 0.637216 0.216017
v 0.671830 0.652268 0.288540
v 0.687915 0.635809 0.289363
v 0.658187 0.664276 0.287496
v 0.676991 0.557309 0.271475
v 0.685625 0.567743 0.288972
v 0.699596 0.570647 0.293395
v 0.697322 0.552857 0.274109
v 0.680321 0.575346 0.297555
v 0.704776 0.586724 0.302745
v 0.666241 0.670909 0.296336
v 0.675883 0.676832 0.299780
v 0.690943 0.666147 0.296539
v 0.681547 0.656167 0.295523
v 0.679573 0.688114 0.292429
v 0.698623 0.681271 0.295777
v 0.665578 0.687268 0.285729
v 0.702690 0.621265 0.294077
v 0.715053 0.609175 0.295714
v 0.676479 0.701735 0.217425
v 0.680394 0.713269 0.229169
v 0.670400 0.708014 0.242927
v 0.663943 0.693868 0.230455
v 0.691050 0.716912 0.233183
v 0.681021 0.718453 0.255062
v 0.694104 0.706041 0.214066
v 0.671577 0.618532 0.228267
v 0.672250 0.608907 0.224127
v 0.682084 0.602882 0.221820
v 0.687265 0.617402 0.227181
v 0.725309 0.601541 0.298050
v 0.723935 0.588030 0.305118
v 0.714241 0.574473 0.305095
v 0.701507 0.615302 0.225382
v 0.719621 0.615024 0.223830
v 0.713242 0.632819 0.226163
v 0.701542 0.630101 0.225901
v 0.713320 0.590447 0.218541
v 0.695486 0.596880 0.219828
v 0.734312 0.628365 0.233734
v 0.746032 0.603355 0.223727
v 0.753443 0.619412 0.236193
v 0.726824 0.638709 0.227075
v 0.685640 1.222625 0.186180
v 0.728298 0.651397 0.214864
v 0.722701 0.644296 0.219959
v 0.739061 0.647153 0.224423
v 0.712726 0.642437 0.217243
v 0.714443 0.652559 0.207758
v 0.683604 1.170202 0.228085
v 0.696774 1.168700 0.226471
v 0.706722 1.159753 0.217992
v 0.704393 1.176519 0.232834
v 0.720497 1.169798 0.221899
v 0.689033 1.181982 0.239979
v 0.736750 1.238564 0.078066
v 0.733553 1.229943 0.109622
v 0.738676 1.245476 0.042554
v 0.697087 0.670903 0.466963
v 0.690874 0.674176 0.488943
v 0.711185 0.686688 0.444658
v 0.719890 0.695616 0.443193
v 0.723014 0.548994 0.290335
v 0.718983 0.563109 0.300136
v 0.715150 0.580486 0.334851
v 0.710920 0.565061 0.331294
v 0.725009 0.581514 0.314660
v 0.712902 0.554582 0.283568
v 0.719643 0.595468 0.336993
v 0.696261 1.149338 0.333592
v 0.669841 1.145022 0.384233
v 0.681177 1.198056 0.250330
v 0.664749 1.211037 0.240320
v 0.703465 1.172902 0.275560
v 0.698777 1.185692 0.255967
v 0.714888 1.149091 0.299921
v 0.745462 0.639629 0.233801
v 0.739018 0.623971 0.248225
v 0.745265 0.631854 0.249367
v 0.729837 0.617990 0.286236
v 0.736237 0.608613 0.286125
v 0.739193 0.618833 0.276644
v 0.741176 0.613295 0.275483
v 0.734612 0.630826 0.287068
v 0.746250 0.620962 0.280827
v 0.752856 0.624939 0.265961
v 0.742570 0.624926 0.264220
v 0.751894 0.620629 0.285070
v 0.750578 0.637613 0.289346
v 0.752575 0.633728 0.297325
v 0.760313 0.620521 0.269862
v 0.747779 0.610830 0.277769
v 0.752743 0.614923 0.264372
v 0.743024 0.615534 0.301527
v 0.742594 0.604949 0.290670
v 0.700067 1.234203 -0.314826
v 0.741782 1.199170 -0.261736
v 0.736400 1.181101 -0.285441
v 0.702054 1.215426 -0.325568
v 0.754348 1.165921 -0.247207
v 0.747927 1.155376 -0.271895
v 0.761287 1.189635 -0.208097
v 0.768326 1.157804 -0.209134
v 0.737736 1.230095 -0.252295
v 0.696973 1.253365 -0.306165
v 0.755673 1.214831 -0.197983
v 0.686933 0.634852 0.378705
v 0.703167 0.624676 0.386255
v 0.709827 0.635790 0.384026
v 0.691416 0.643125 0.370858
v 0.716894 0.619055 0.362097
v 0.721227 0.631542 0.363219
v 0.697056 0.605301 0.391189
v 0.710582 0.604194 0.363403
v 0.749958 1.102663 -0.282586
v 0.753271 1.103739 -0.284419
v 0.746725 1.128256 -0.291871
v 0.746084 1.119650 -0.278975
v 0.766858 1.078658 -0.265923
v 0.765304 1.072004 -0.275754
v 0.749926 1.096717 -0.306153
v 0.760459 0.632388 0.248817
v 0.758986 0.643465 0.229076
v 0.771905 0.646720 0.245621
v 0.767186 0.659406 0.231932
v 0.767328 0.622068 0.257341
v 0.773920 0.634897 0.255225
v 0.722131 1.204546 0.183701
v 0.729503 1.193195 0.188152
v 0.746727 1.186107 0.170328
v 0.725824 1.208712 0.167275
v 0.723625 1.180629 0.198524
v 0.740976 1.176959 0.200368
v 0.766145 1.142141 -0.220490
v 0.758943 1.148012 -0.242737
v 0.779175 1.127925 -0.195606
v 0.779165 1.162772 -0.164390
v 0.786452 1.129055 -0.167539
v 0.774119 1.185366 -0.156372
v 0.775937 1.123086 -0.206946
v 0.784713 0.564560 0.176282
v 0.750836 0.558827 0.231001
v 0.737942 0.579959 0.217449
v 0.730936 0.564495 0.228500
v 0.767091 0.544980 0.195668
v 0.756008 0.543833 0.219067
v 0.725330 0.610734 0.336293
v 0.731580 0.625813 0.333968
v 0.734046 0.644482 0.346541
v 0.724250 0.645899 0.369641
v 0.735383 0.608442 0.312192
v 0.729798 0.596244 0.315419
v 0.742216 0.630210 0.314551
v 0.743770 0.645258 0.324799
v 0.770400 0.672187 0.274010
v 0.772906 0.671360 0.277619
v 0.767392 0.673033 0.299870
v 0.764163 0.673408 0.283433
v 0.773920 0.656374 0.262370
v 0.782640 0.661659 0.260371
v 0.775826 0.684885 0.289602
v 0.784918 0.513446 0.110609
v 0.792093 0.515700 0.103417
v 0.768865 0.616840 0.247334
v 0.754261 0.618922 0.250891
v 0.782390 0.629894 0.239614
v 0.712340 0.689190 0.408808
v 0.736214 0.687854 0.388909
v 0.738701 0.673782 0.367884
v 0.727759 0.671779 0.388963
v 0.748729 0.709919 0.383199
v 0.788131 0.561888 0.164187
v 0.800986 0.568012 0.135707
v 0.816191 0.578957 0.106337
v 0.820295 0.544141 0.062852
v 0.837554 0.595247 0.057219
v 0.769521 0.665298 0.252791
v 0.794285 0.669985 0.241413
v 0.793417 0.708294 0.274031
v 0.819974 0.726927 0.228932
v 0.812095 0.684621 0.215463
v 0.805357 0.746463 0.281050
v 0.829565 0.757480 0.232282
v 0.773103 0.715251 0.328155
v 0.761220 0.691887 0.333872
v 0.783399 0.740957 0.330978
v 0.777286 0.481290 0.114624
v 0.752678 0.457131 0.152159
v 0.737087 0.441719 0.177135
v 0.772576 0.465900 0.110352
v 0.800417 0.607910 0.176119
v 0.814118 0.615041 0.147758
v 0.787259 1.073077 -0.210048
v 0.790535 1.066346 -0.207478
v 0.787863 1.037794 -0.235815
v 0.781542 1.058080 -0.237538
v 0.787093 1.094758 -0.195627
v 0.794954 1.084415 -0.178713
v 0.802394 1.041239 -0.192914
v 0.779532 1.096923 -0.202199
v 0.779317 1.079362 -0.214077
v 0.769255 1.076455 -0.210993
v 0.768636 1.096037 -0.198692
v 0.775936 1.068452 -0.237036
v 0.762815 1.067038 -0.234265
v 0.752536 1.075943 -0.261679
v 0.736517 1.067700 -0.259217
v 0.748201 1.063361 -0.230182
v 0.739876 1.096411 -0.280350
v 0.723866 1.087895 -0.276514
v 0.733687 1.116484 -0.276745
v 0.719083 1.110681 -0.272896
v 0.739788 1.128288 -0.257070
v 0.725369 1.123741 -0.250897
v 0.753725 1.138829 -0.264266
v 0.747196 1.136735 -0.236150
v 0.732746 1.134966 -0.228723
v 0.755848 1.137090 -0.217539
v 0.742486 1.137438 -0.208928
v 0.762518 1.119173 -0.204859
v 0.748223 1.116407 -0.199724
v 0.755138 1.093688 -0.193709
v 0.740169 1.089068 -0.187508
v 0.756707 1.071995 -0.205605
v 0.742721 1.065867 -0.199001
v 0.732139 1.058349 -0.224110
v 0.719322 1.066016 -0.249798
v 0.708770 1.085333 -0.263336
v 0.704353 1.107594 -0.263248
v 0.711571 1.120868 -0.242261
v 0.808344 1.082947 -0.135924
v 0.817257 1.036197 -0.144791
v 0.799636 1.127848 -0.122887
v 0.816996 1.119706 -0.067123
v 0.826216 1.075285 -0.077440
v 0.793539 1.160919 -0.110179
v 0.811241 1.151213 -0.055613
v 0.790632 1.178536 -0.102224
v 0.808023 1.169288 -0.049004
v 0.786823 1.196731 -0.094198
v 0.801295 1.185388 -0.041780
v 0.771173 1.205636 -0.146142
v 0.758987 1.221179 -0.135262
v 0.773227 1.208683 -0.084580
v 0.746061 1.233524 -0.187123
v 0.731091 1.249401 -0.176650
v 0.743281 1.237049 -0.123214
v 0.726677 1.248581 -0.241859
v 0.711871 1.261969 -0.231070
v 0.689313 1.267237 -0.297067
v 0.678266 1.277345 -0.285189
v 0.645095 1.286613 -0.351538
v 0.635911 1.295262 -0.338730
v 0.651286 1.275706 -0.362421
v 0.653365 1.259686 -0.372095
v 0.605888 1.295981 -0.419432
v 0.600240 1.305773 -0.407320
v 0.606712 1.281619 -0.429589
v 0.607392 1.262634 -0.442810
v 0.655016 1.240636 -0.383761
v 0.559979 1.301526 -0.488182
v 0.560892 1.315310 -0.477627
v 0.561142 1.284324 -0.501797
v 0.567485 1.244117 -0.523316
v 0.608710 1.229784 -0.463949
v 0.527063 1.294549 -0.551473
v 0.522264 1.316883 -0.539624
v 0.537487 1.248618 -0.568230
v 0.548554 1.196508 -0.586354
v 0.575566 1.193943 -0.547073
v 0.500031 1.245607 -0.593284
v 0.493266 1.293889 -0.575813
v 0.508390 1.191807 -0.611271
v 0.517357 1.137086 -0.629068
v 0.559750 1.143088 -0.605560
v 0.451205 1.186186 -0.641813
v 0.445281 1.240397 -0.621674
v 0.458029 1.130701 -0.660487
v 0.466579 1.074829 -0.680254
v 0.527567 1.080934 -0.647923
v 0.395041 1.125576 -0.693011
v 0.385623 1.177290 -0.666421
v 0.402076 1.070602 -0.712590
v 0.406695 1.016468 -0.732679
v 0.473515 1.019307 -0.700044
v 0.336073 1.068665 -0.745176
v 0.330786 1.122618 -0.725591
v 0.337590 1.015353 -0.763630
v 0.335641 0.963008 -0.783047
v 0.406663 0.963954 -0.751702
v 0.268078 1.015257 -0.796732
v 0.266853 1.067001 -0.775601
v 0.263565 0.962359 -0.812242
v 0.254293 0.907189 -0.815390
v 0.327782 0.908271 -0.789616
v 0.189275 0.963266 -0.838139
v 0.196382 1.016592 -0.830403
v 0.180735 0.906681 -0.839922
v 0.175414 0.847979 -0.840329
v 0.247846 0.850459 -0.816556
v 0.107830 0.906395 -0.865248
v 0.114927 0.965192 -0.864179
v 0.105169 0.845738 -0.865544
v 0.101991 0.784501 -0.866287
v 0.173118 0.788408 -0.840611
v 0.047846 0.844056 -0.886750
v 0.048617 0.906159 -0.887435
v 0.047628 0.782524 -0.885793
v 0.047540 0.721568 -0.884741
v 0.106546 0.724332 -0.864150
v 0.020531 0.781958 -0.895044
v 0.018293 0.843404 -0.897078
v 0.019249 0.721547 -0.894077
v 0.019754 0.661158 -0.893185
v 0.049907 0.661260 -0.882968
v 0.019795 0.600332 -0.892000
v 0.018856 0.543054 -0.874183
v 0.019094 0.489492 -0.851101
v 0.049454 0.547153 -0.863193
v 0.047047 0.493475 -0.841549
v 0.052148 0.602399 -0.880883
v 0.109332 0.607645 -0.856428
v 0.106324 0.553302 -0.843722
v 0.107903 0.664382 -0.862706
v 0.177771 0.671572 -0.838507
v 0.177479 0.615874 -0.828976
v 0.174915 0.729507 -0.839658
v 0.245551 0.735808 -0.815234
v 0.247079 0.679836 -0.811087
v 0.245295 0.793179 -0.816396
v 0.317644 0.798048 -0.792035
v 0.317844 0.742565 -0.790342
v 0.320959 0.853221 -0.792092
v 0.395564 0.856849 -0.766105
v 0.391981 0.803962 -0.766059
v 0.401442 0.910517 -0.762186
v 0.476989 0.912446 -0.734484
v 0.472126 0.861371 -0.737851
v 0.477622 0.964151 -0.719318
v 0.544096 0.963790 -0.685800
v 0.550596 0.912046 -0.703576
v 0.536979 1.022448 -0.666374
v 0.581545 1.027414 -0.641515
v 0.594268 0.966504 -0.660051
v 0.570264 1.086708 -0.623055
v 0.594579 1.087267 -0.595355
v 0.606720 1.029633 -0.619857
v 0.584302 1.141758 -0.571820
v 0.617807 1.135832 -0.523343
v 0.623129 1.083480 -0.553109
v 0.612932 1.183814 -0.491896
v 0.657526 1.168002 -0.434423
v 0.659373 1.121989 -0.466420
v 0.656319 1.209475 -0.405062
v 0.702133 1.182899 -0.350762
v 0.701985 1.146334 -0.382162
v 0.732699 1.152188 -0.311672
v 0.730867 1.119857 -0.337284
v 0.728040 1.082991 -0.368252
v 0.751433 1.064970 -0.326346
v 0.699113 1.103758 -0.415465
v 0.699627 1.055563 -0.449148
v 0.727291 1.037008 -0.399740
v 0.660439 1.071969 -0.498546
v 0.666845 1.017922 -0.531927
v 0.702183 1.002192 -0.480455
v 0.631307 1.027284 -0.582707
v 0.642423 0.963761 -0.612036
v 0.675313 0.956294 -0.564544
v 0.621867 0.967262 -0.641659
v 0.634574 0.911708 -0.661397
v 0.655069 0.904385 -0.635283
v 0.604876 0.911213 -0.676932
v 0.609334 0.864423 -0.686072
v 0.642574 0.862418 -0.672778
v 0.549819 0.864332 -0.708461
v 0.547474 0.816152 -0.707839
v 0.606654 0.818763 -0.679456
v 0.468652 0.810275 -0.738523
v 0.465129 0.758310 -0.732944
v 0.539650 0.763611 -0.697249
v 0.391391 0.750229 -0.763981
v 0.388651 0.696208 -0.755333
v 0.457867 0.703561 -0.722123
v 0.317333 0.688204 -0.783535
v 0.313227 0.633818 -0.773050
v 0.380888 0.640978 -0.744880
v 0.245098 0.624894 -0.800483
v 0.240417 0.569195 -0.789960
v 0.305915 0.577281 -0.763000
v 0.174268 0.560602 -0.818035
v 0.166890 0.507467 -0.797531
v 0.231773 0.514281 -0.772449
v 0.101711 0.500416 -0.821975
v 0.098756 0.448966 -0.800057
v 0.161643 0.456280 -0.776395
v 0.046578 0.441655 -0.818415
v 0.047048 0.397880 -0.797994
v 0.097331 0.405488 -0.780358
v 0.018947 0.437656 -0.827769
v 0.019115 0.393004 -0.807387
v 0.019868 0.360533 -0.785431
v 0.047031 0.366225 -0.777947
v 0.018717 0.334382 -0.751060
v 0.018107 0.301869 -0.707241
v 0.018374 0.266349 -0.659045
v 0.044213 0.308549 -0.702303
v 0.042733 0.272086 -0.654912
v 0.044738 0.340833 -0.745179
v 0.089976 0.351102 -0.733371
v 0.086939 0.318836 -0.692273
v 0.095765 0.375242 -0.762088
v 0.156649 0.386707 -0.742279
v 0.150496 0.363701 -0.715995
v 0.158938 0.413809 -0.757717
v 0.221196 0.423611 -0.737517
v 0.218672 0.398802 -0.723283
v 0.224034 0.462172 -0.751536
v 0.285849 0.471254 -0.730356
v 0.282330 0.434071 -0.717886
v 0.295005 0.521150 -0.748020
v 0.356733 0.527117 -0.723570
v 0.347100 0.478996 -0.709839
v 0.370049 0.583519 -0.735659
v 0.432962 0.587492 -0.705743
v 0.418532 0.531230 -0.698393
v 0.446176 0.646387 -0.712048
v 0.515740 0.648091 -0.681011
v 0.497768 0.588970 -0.675918
v 0.528876 0.707229 -0.686711
v 0.584245 0.705711 -0.662975
v 0.569762 0.645946 -0.656375
v 0.595722 0.765340 -0.670468
v 0.624680 0.765401 -0.659019
v 0.611387 0.703929 -0.651294
v 0.634910 0.818956 -0.666497
v 0.653760 0.823050 -0.645448
v 0.640988 0.767195 -0.638257
v 0.664176 0.862097 -0.646086
v 0.688296 0.859739 -0.600013
v 0.677639 0.820645 -0.602125
v 0.685400 0.899534 -0.587918
v 0.715985 0.888050 -0.527920
v 0.720477 0.850112 -0.538315
v 0.707830 0.944604 -0.508336
v 0.736425 0.928232 -0.452923
v 0.745111 0.873476 -0.469818
v 0.730576 0.984852 -0.428686
v 0.753699 0.969647 -0.375728
v 0.762331 0.918216 -0.395178
v 0.750800 1.020406 -0.351863
v 0.772381 1.003688 -0.303313
v 0.776993 0.958391 -0.320077
v 0.769696 1.041811 -0.285891
v 0.794033 0.996063 -0.249263
v 0.800987 0.951141 -0.261366
v 0.811352 0.995285 -0.199560
v 0.821723 0.944886 -0.205454
v 0.830463 0.986735 -0.147045
v 0.843081 0.936657 -0.149690
v 0.850599 0.975900 -0.086634
v 0.866767 0.924685 -0.089853
v 0.837843 1.026337 -0.083252
v 0.856075 1.017121 -0.027658
v 0.869005 0.965800 -0.031876
v 0.844114 1.067322 -0.021435
v 0.856463 1.062265 0.018854
v 0.869041 1.010814 0.011183
v 0.834090 1.110528 -0.011751
v 0.846948 1.103893 0.027598
v 0.827974 1.139516 -0.004730
v 0.840671 1.131998 0.033974
v 0.823729 1.158805 0.000389
v 0.836059 1.151982 0.038786
v 0.814622 1.173543 0.006087
v 0.823158 1.166439 0.044720
v 0.800269 1.187591 0.013609
v 0.806794 1.180900 0.051488
v 0.788854 1.198144 -0.033827
v 0.769142 1.216971 -0.021738
v 0.777381 1.209949 0.024122
v 0.756021 1.225754 -0.071762
v 0.724553 1.256441 -0.050351
v 0.733442 1.249734 -0.001358
v 0.714243 1.265023 -0.102390
v 0.677968 1.298187 -0.074855
v 0.688057 1.290409 -0.025755
v 0.702209 1.275786 -0.156424
v 0.663970 1.308541 -0.125827
v 0.684187 1.285962 -0.209521
v 0.645707 1.318172 -0.176867
v 0.657270 1.296830 -0.263116
v 0.623235 1.327642 -0.229633
v 0.620402 1.308785 -0.318807
v 0.592568 1.335883 -0.285748
v 0.580497 1.326265 -0.374667
v 0.559258 1.347538 -0.342932
v 0.592401 1.314123 -0.393865
v 0.550359 1.331831 -0.448168
v 0.541127 1.342297 -0.429634
v 0.556828 1.323886 -0.463717
v 0.520122 1.339406 -0.516513
v 0.513229 1.346782 -0.500835
v 0.521935 1.329925 -0.527959
v 0.487955 1.335371 -0.559356
v 0.482775 1.347050 -0.550135
v 0.490163 1.319339 -0.565988
v 0.433481 1.318634 -0.588741
v 0.428462 1.334932 -0.580365
v 0.438517 1.289173 -0.602623
v 0.372303 1.283260 -0.631987
v 0.365712 1.319234 -0.612545
v 0.380440 1.233926 -0.653153
v 0.317017 1.228108 -0.684709
v 0.308275 1.276505 -0.659050
v 0.324269 1.176089 -0.705328
v 0.258700 1.171965 -0.736354
v 0.252450 1.221652 -0.712481
v 0.264018 1.120049 -0.756735
v 0.194404 1.117627 -0.790192
v 0.189659 1.167470 -0.767707
v 0.196805 1.066427 -0.809899
v 0.122355 1.068196 -0.845036
v 0.119134 1.116926 -0.824617
v 0.121891 1.019291 -0.862896
v 0.055849 1.022827 -0.886338
v 0.056062 1.072696 -0.872790
v 0.050522 0.966905 -0.887519
v 0.018252 0.966868 -0.899250
v 0.020197 1.024402 -0.899308
v 0.018686 0.905821 -0.898125
v 0.018556 0.229010 -0.611132
v 0.017805 0.193230 -0.560625
v 0.042510 0.234716 -0.607115
v 0.043750 0.199451 -0.556718
v 0.084181 0.244922 -0.598610
v 0.084737 0.208684 -0.549540
v 0.084631 0.282042 -0.646039
v 0.139576 0.295150 -0.632321
v 0.137141 0.256014 -0.586663
v 0.143730 0.331516 -0.677635
v 0.204823 0.343975 -0.660452
v 0.197737 0.306245 -0.616177
v 0.212732 0.377080 -0.698620
v 0.271937 0.388190 -0.679594
v 0.262496 0.354823 -0.643300
v 0.278712 0.409573 -0.702592
v 0.337414 0.419779 -0.683851
v 0.328242 0.394835 -0.660056
v 0.342764 0.443888 -0.698377
v 0.401313 0.452222 -0.678072
v 0.394716 0.428639 -0.663540
v 0.407270 0.483764 -0.687750
v 0.470775 0.488036 -0.662767
v 0.462781 0.460696 -0.657196
v 0.484396 0.532717 -0.670418
v 0.541533 0.533516 -0.645015
v 0.530055 0.492965 -0.641301
v 0.555336 0.587177 -0.650109
v 0.586063 0.584748 -0.636853
v 0.572445 0.532022 -0.631257
v 0.597691 0.643671 -0.644152
v 0.614182 0.644313 -0.624153
v 0.601682 0.586175 -0.617920
v 0.627279 0.704321 -0.631243
v 0.646270 0.704941 -0.595710
v 0.633443 0.645767 -0.588411
v 0.661258 0.767428 -0.600590
v 0.694010 0.760301 -0.541779
v 0.678928 0.700076 -0.537432
v 0.709391 0.813018 -0.541111
v 0.741479 0.798622 -0.480138
v 0.726440 0.746362 -0.478842
v 0.751721 0.837818 -0.478663
v 0.775245 0.825373 -0.415492
v 0.765555 0.784253 -0.416167
v 0.770272 0.867469 -0.408495
v 0.793526 0.862744 -0.344232
v 0.798236 0.817957 -0.350740
v 0.786272 0.910561 -0.334405
v 0.808674 0.904257 -0.272350
v 0.816441 0.857509 -0.281176
v 0.831566 0.897480 -0.212807
v 0.839392 0.851083 -0.220035
v 0.853444 0.888156 -0.154743
v 0.861857 0.843301 -0.160247
v 0.877723 0.874553 -0.094769
v 0.885359 0.833079 -0.099901
v 0.896678 0.860111 -0.043972
v 0.905181 0.823097 -0.048757
v 0.883706 0.912419 -0.037445
v 0.895564 0.904211 -0.002698
v 0.907829 0.854622 -0.009367
v 0.882415 0.957772 0.004925
v 0.880662 0.948236 0.034845
v 0.893522 0.894755 0.027128
v 0.867477 1.001868 0.043442
v 0.855732 0.987950 0.082698
v 0.869124 0.934166 0.073613
v 0.854563 1.054350 0.050857
v 0.842287 1.040421 0.091530
v 0.843940 1.096304 0.059373
v 0.831169 1.084591 0.099652
v 0.836507 1.123674 0.066890
v 0.823459 1.112941 0.108277
v 0.831781 1.141803 0.073043
v 0.818970 1.132363 0.115956
v 0.818499 1.156866 0.078051
v 0.804646 1.149559 0.119707
v 0.801149 1.172987 0.083120
v 0.787656 1.166299 0.123752
v 0.773032 1.198408 0.093497
v 0.761986 1.192180 0.132623
v 0.779150 1.204392 0.061119
v 0.731060 1.219101 0.140617
v 0.698890 1.245406 0.148533
v 0.703315 1.231985 0.165607
v 0.705442 1.223028 0.179399
v 0.687384 1.236254 0.185835
v 0.675531 1.238249 0.205275
v 0.673582 1.224525 0.203461
v 0.664567 1.220133 0.223253
v 0.659750 1.209104 0.216014
v 0.660094 1.200296 0.231306
v 0.674164 1.190691 0.237271
v 0.671697 1.177118 0.224008
v 0.771712 1.162646 0.164324
v 0.788095 1.144919 0.161491
v 0.756014 1.160198 0.200597
v 0.772022 1.141716 0.201070
v 0.741393 1.158229 0.231845
v 0.755380 1.141308 0.237200
v 0.731399 1.171073 0.226304
v 0.715230 1.175608 0.245540
v 0.723004 1.162757 0.257123
v 0.735739 1.143878 0.269890
v 0.753441 1.116827 0.281506
v 0.731694 1.113878 0.319967
v 0.772108 1.119674 0.242314
v 0.783428 1.087093 0.242347
v 0.765583 1.078953 0.285706
v 0.788238 1.123089 0.201602
v 0.796243 1.094865 0.198397
v 0.802791 1.057828 0.193370
v 0.789309 1.045380 0.239058
v 0.809356 1.103276 0.154102
v 0.802798 1.126482 0.159162
v 0.816391 1.070500 0.147273
v 0.827875 1.024082 0.139414
v 0.813652 1.008430 0.187809
v 0.823431 0.952883 0.182218
v 0.796860 0.994072 0.235142
v 0.805511 0.938314 0.231634
v 0.840614 0.970009 0.131871
v 0.852938 0.913980 0.125206
v 0.832742 0.895168 0.177604
v 0.840914 0.840425 0.175013
v 0.814405 0.879239 0.228857
v 0.822038 0.823904 0.228040
v 0.862655 0.861356 0.119265
v 0.869039 0.819508 0.116814
v 0.846629 0.801013 0.175255
v 0.882965 0.881136 0.065556
v 0.890686 0.836455 0.060929
v 0.896216 0.801051 0.059810
v 0.873824 0.787373 0.117162
v 0.904244 0.847324 0.021452
v 0.911198 0.809731 0.018751
v 0.910664 0.778980 0.017400
v 0.894395 0.773682 0.059515
v 0.917473 0.816189 -0.013368
v 0.917531 0.783523 -0.016422
v 0.906708 0.747990 -0.016826
v 0.900927 0.745256 0.014040
v 0.907115 0.791575 -0.051496
v 0.897493 0.754428 -0.049599
v 0.883688 0.703544 -0.048880
v 0.892595 0.698873 -0.016909
v 0.879972 0.757097 -0.100057
v 0.888431 0.797470 -0.103221
v 0.867627 0.707954 -0.099582
v 0.853965 0.656287 -0.096702
v 0.868928 0.651329 -0.049159
v 0.846573 0.710463 -0.159657
v 0.856851 0.758400 -0.162218
v 0.833838 0.660378 -0.155731
v 0.820538 0.608647 -0.151499
v 0.840929 0.603636 -0.090745
v 0.812161 0.663851 -0.217967
v 0.823608 0.713219 -0.221310
v 0.799445 0.613513 -0.215238
v 0.785884 0.562956 -0.213949
v 0.806379 0.556319 -0.148341
v 0.778370 0.620332 -0.280113
v 0.790268 0.669469 -0.282152
v 0.765051 0.571180 -0.278712
v 0.751961 0.522422 -0.278226
v 0.772227 0.513126 -0.214826
v 0.742954 0.577207 -0.341761
v 0.754983 0.626683 -0.344795
v 0.731009 0.528627 -0.338482
v 0.719863 0.484225 -0.336731
v 0.740049 0.479308 -0.278115
v 0.703833 0.530889 -0.396467
v 0.717258 0.579240 -0.401916
v 0.693134 0.486628 -0.393546
v 0.683020 0.456513 -0.390770
v 0.709735 0.453507 -0.335694
v 0.662698 0.485923 -0.450327
v 0.672054 0.532347 -0.454055
v 0.656850 0.458878 -0.447296
v 0.647108 0.441789 -0.441781
v 0.672520 0.435756 -0.386790
v 0.627380 0.465514 -0.504935
v 0.631771 0.489175 -0.510257
v 0.618041 0.447298 -0.496788
v 0.599996 0.417950 -0.481860
v 0.627078 0.413318 -0.430373
v 0.588567 0.451276 -0.550046
v 0.598606 0.469664 -0.561922
v 0.571152 0.420995 -0.530400
v 0.548037 0.380749 -0.503119
v 0.574529 0.379771 -0.461134
v 0.547957 0.420469 -0.566244
v 0.564029 0.450625 -0.587691
v 0.524568 0.378140 -0.535476
v 0.499593 0.333468 -0.502851
v 0.522648 0.336980 -0.474743
v 0.500064 0.376968 -0.555310
v 0.525611 0.418901 -0.585843
v 0.475030 0.332469 -0.521917
v 0.452466 0.289229 -0.488694
v 0.475685 0.290848 -0.471396
v 0.441984 0.332733 -0.538741
v 0.465324 0.376666 -0.572424
v 0.422687 0.288659 -0.503358
v 0.406563 0.245960 -0.466185
v 0.431144 0.247183 -0.455264
v 0.387407 0.286207 -0.517441
v 0.403005 0.329876 -0.555410
v 0.376514 0.243965 -0.477173
v 0.373667 0.204778 -0.435884
v 0.400671 0.206101 -0.427425
v 0.338064 0.241062 -0.489573
v 0.346227 0.282728 -0.530823
v 0.335972 0.202245 -0.446863
v 0.338996 0.174111 -0.399858
v 0.376626 0.179937 -0.390649
v 0.290868 0.198245 -0.458808
v 0.292863 0.237333 -0.502903
v 0.292971 0.167093 -0.410842
v 0.243987 0.158586 -0.422883
v 0.294181 0.149215 -0.356177
v 0.244386 0.140616 -0.367399
v 0.342207 0.157667 -0.346619
v 0.241859 0.193054 -0.470556
v 0.243228 0.232482 -0.515531
v 0.190476 0.187098 -0.481743
v 0.190615 0.226560 -0.527342
v 0.193314 0.151196 -0.433880
v 0.142380 0.142211 -0.444521
v 0.194181 0.132088 -0.378563
v 0.143785 0.123197 -0.389040
v 0.138062 0.179992 -0.492013
v 0.136022 0.218673 -0.539319
v 0.087437 0.171954 -0.500656
v 0.092479 0.134337 -0.453845
v 0.049851 0.127336 -0.459820
v 0.094547 0.114367 -0.398048
v 0.049714 0.105993 -0.404851
v 0.045230 0.163732 -0.507496
v 0.019436 0.157553 -0.511409
v 0.018012 0.122067 -0.466229
v 0.048197 0.088659 -0.347634
v 0.046737 0.074388 -0.291506
v 0.095208 0.097853 -0.341821
v 0.093933 0.083196 -0.286480
v 0.144110 0.106860 -0.333439
v 0.142676 0.091826 -0.278959
v 0.194254 0.115750 -0.323236
v 0.192948 0.100447 -0.269432
v 0.244741 0.124509 -0.312424
v 0.244254 0.109295 -0.259169
v 0.295498 0.133505 -0.302174
v 0.296237 0.118622 -0.249651
v 0.344747 0.142891 -0.293990
v 0.346549 0.128403 -0.242777
v 0.385089 0.151427 -0.288971
v 0.389510 0.137746 -0.239694
v 0.380589 0.165169 -0.339978
v 0.406220 0.170500 -0.335700
v 0.411123 0.157501 -0.286751
v 0.402374 0.184336 -0.382968
v 0.419022 0.187361 -0.377265
v 0.422715 0.174263 -0.332279
v 0.421281 0.207481 -0.419724
v 0.437785 0.213121 -0.407795
v 0.433127 0.192942 -0.368640
v 0.451805 0.249347 -0.442003
v 0.496580 0.295199 -0.447224
v 0.519630 0.297433 -0.416020
v 0.547496 0.337783 -0.438427
v 0.571761 0.336106 -0.396831
v 0.541610 0.298737 -0.379068
v 0.599613 0.376087 -0.413589
v 0.624370 0.371688 -0.364643
v 0.593530 0.335207 -0.350213
v 0.652847 0.406801 -0.378022
v 0.677481 0.404459 -0.325998
v 0.647870 0.370231 -0.314441
v 0.698398 0.429837 -0.333441
v 0.720712 0.426571 -0.276923
v 0.702495 0.406042 -0.272131
v 0.731276 0.449006 -0.278299
v 0.750363 0.443171 -0.217517
v 0.740757 0.422051 -0.217822
v 0.759001 0.471748 -0.216058
v 0.778101 0.463825 -0.148229
v 0.769328 0.434574 -0.153101
v 0.791785 0.505745 -0.146524
v 0.812489 0.499695 -0.082328
v 0.800805 0.458772 -0.082794
v 0.826797 0.550581 -0.085717
v 0.841040 0.547086 -0.043619
v 0.828117 0.496954 -0.040512
v 0.854383 0.599171 -0.047865
v 0.862723 0.596063 -0.018998
v 0.847972 0.545859 -0.014563
v 0.877748 0.646752 -0.017932
v 0.870320 0.646884 0.012342
v 0.854840 0.597524 0.012095
v 0.886328 0.697459 0.013507
v 0.870708 0.694174 0.055484
v 0.853694 0.644020 0.054286
v 0.883948 0.741417 0.056081
v 0.861015 0.728447 0.114292
v 0.847330 0.682069 0.110458
v 0.871051 0.762182 0.116354
v 0.845383 0.745792 0.175637
v 0.835488 0.707598 0.170417
v 0.850492 0.771525 0.176659
v 0.826694 0.785366 0.229640
v 0.805750 0.775703 0.280494
v 0.802251 0.814951 0.279353
v 0.779691 0.805634 0.330441
v 0.783651 0.767239 0.331179
v 0.795953 0.868349 0.279554
v 0.773607 0.858001 0.330354
v 0.788390 0.926658 0.281826
v 0.766117 0.916115 0.330831
v 0.780039 0.982409 0.283893
v 0.758670 0.972286 0.332218
v 0.772476 1.033880 0.285206
v 0.751477 1.023811 0.332402
v 0.743374 1.070952 0.329345
v 0.719761 1.062689 0.376123
v 0.727062 1.013076 0.381940
v 0.710283 1.109594 0.361822
v 0.685087 1.102710 0.412659
v 0.693629 1.053809 0.428265
v 0.655870 1.093983 0.471299
v 0.663979 1.044327 0.486294
v 0.638733 1.137447 0.445696
v 0.606544 1.127394 0.510200
v 0.624486 1.085731 0.534404
v 0.622622 1.181399 0.412075
v 0.587145 1.171418 0.481000
v 0.604864 1.223856 0.376897
v 0.569057 1.216077 0.445428
v 0.583334 1.266215 0.343505
v 0.550524 1.260555 0.410897
v 0.553595 1.306106 0.312222
v 0.527316 1.304144 0.377458
v 0.524239 1.344595 0.287600
v 0.500415 1.342144 0.349207
v 0.502114 1.373986 0.271386
v 0.480961 1.369008 0.330059
v 0.525248 1.378026 0.212711
v 0.512082 1.396001 0.203475
v 0.488588 1.391556 0.261278
v 0.493944 1.406625 0.194883
v 0.471529 1.401072 0.250614
v 0.472799 1.409048 0.184693
v 0.451589 1.403715 0.238749
v 0.494767 1.415210 0.123649
v 0.503924 1.423190 0.056443
v 0.458929 1.417813 0.116640
v 0.443281 1.411969 0.172057
v 0.463416 1.424618 0.059992
v 0.407326 1.426876 0.061825
v 0.407083 1.421061 0.108773
v 0.451266 1.431850 0.007657
v 0.397514 1.433029 0.016175
v 0.488681 1.431553 -0.002827
v 0.511642 1.431295 -0.011380
v 0.467887 1.438569 -0.053947
v 0.431021 1.438548 -0.040903
v 0.491050 1.437294 -0.064296
v 0.511528 1.427299 -0.075486
v 0.531533 1.419315 -0.020764
v 0.471770 1.445405 -0.112961
v 0.447509 1.445134 -0.100602
v 0.492654 1.435462 -0.125576
v 0.514910 1.418352 -0.140767
v 0.533643 1.410752 -0.089608
v 0.471039 1.443247 -0.172752
v 0.449667 1.451333 -0.157674
v 0.494081 1.424761 -0.190360
v 0.527897 1.396031 -0.218457
v 0.550292 1.389996 -0.166645
v 0.469551 1.429321 -0.235985
v 0.443319 1.445584 -0.213283
v 0.502652 1.402986 -0.269081
v 0.532255 1.374017 -0.305633
v 0.561806 1.365026 -0.251439
v 0.471100 1.410586 -0.313317
v 0.440499 1.433119 -0.274761
v 0.498035 1.387236 -0.355945
v 0.522264 1.362194 -0.398395
v 0.459472 1.396808 -0.394966
v 0.435484 1.418232 -0.348912
v 0.484008 1.375648 -0.443542
v 0.503797 1.356795 -0.481677
v 0.447022 1.383884 -0.475803
v 0.421871 1.406168 -0.427160
v 0.465966 1.364959 -0.515147
v 0.475697 1.355253 -0.535055
v 0.412075 1.368437 -0.540460
v 0.398711 1.385627 -0.500703
v 0.417665 1.358543 -0.558187
v 0.424030 1.349131 -0.571910
v 0.356643 1.360741 -0.577542
v 0.353032 1.370740 -0.560920
v 0.360650 1.351815 -0.592957
v 0.362929 1.336079 -0.602511
v 0.302507 1.353930 -0.614423
v 0.299480 1.362822 -0.598848
v 0.303034 1.338205 -0.624011
v 0.303689 1.317350 -0.636095
v 0.245623 1.338512 -0.644774
v 0.246227 1.355170 -0.634008
v 0.245042 1.312834 -0.660582
v 0.247431 1.270181 -0.685306
v 0.184800 1.308024 -0.684779
v 0.187392 1.338018 -0.665609
v 0.183591 1.264222 -0.711926
v 0.185227 1.216135 -0.741613
v 0.116393 1.262127 -0.738265
v 0.121235 1.306583 -0.707854
v 0.113172 1.213235 -0.768515
v 0.115241 1.165290 -0.797941
v 0.053337 1.217979 -0.789110
v 0.055882 1.264790 -0.756983
v 0.051980 1.168855 -0.817942
v 0.053548 1.121216 -0.847822
v 0.020598 1.173855 -0.827934
v 0.021311 1.222375 -0.798159
v 0.021063 1.126277 -0.857212
v 0.020778 1.076700 -0.885240
v 0.045366 0.060274 -0.235354
v 0.043593 0.046244 -0.178826
v 0.091818 0.068909 -0.231150
v 0.089192 0.054828 -0.175605
v 0.140076 0.077421 -0.225165
v 0.137355 0.063581 -0.171258
v 0.190526 0.086032 -0.217015
v 0.188376 0.072632 -0.165140
v 0.242838 0.095003 -0.207934
v 0.241246 0.081817 -0.157794
v 0.295884 0.104649 -0.199368
v 0.295395 0.091727 -0.150451
v 0.347851 0.114839 -0.193565
v 0.348867 0.102252 -0.145028
v 0.392975 0.124572 -0.190929
v 0.396144 0.112633 -0.142390
v 0.423918 0.131968 -0.190819
v 0.429458 0.120685 -0.142275
v 0.417530 0.144408 -0.238897
v 0.437912 0.149526 -0.238358
v 0.445639 0.138419 -0.190688
v 0.429453 0.162266 -0.285197
v 0.444889 0.173651 -0.281501
v 0.455576 0.164280 -0.234783
v 0.437312 0.182403 -0.327249
v 0.458059 0.199765 -0.320731
v 0.470335 0.194033 -0.277161
v 0.491509 0.225838 -0.319582
v 0.507017 0.222446 -0.277703
v 0.530278 0.261000 -0.324712
v 0.547286 0.259113 -0.282145
v 0.563310 0.298013 -0.336655
v 0.584088 0.295902 -0.291205
v 0.616027 0.333714 -0.301995
v 0.638246 0.331855 -0.253241
v 0.603345 0.293027 -0.244018
v 0.668669 0.372996 -0.262566
v 0.692219 0.371009 -0.210295
v 0.658576 0.329819 -0.203192
v 0.722708 0.403540 -0.215369
v 0.740890 0.395194 -0.157028
v 0.714760 0.366496 -0.155152
v 0.758832 0.413622 -0.156924
v 0.782378 0.406205 -0.090228
v 0.765876 0.388598 -0.093028
v 0.792027 0.428656 -0.085695
v 0.810070 0.425395 -0.036030
v 0.801946 0.400876 -0.037333
v 0.817518 0.455639 -0.037702
v 0.814721 0.455032 -0.001643
v 0.803619 0.424874 0.000507
v 0.829418 0.497089 -0.006573
v 0.803972 0.493957 0.060374
v 0.793112 0.450117 0.048903
v 0.835857 0.549337 0.020895
v 0.779342 0.418132 0.053305
v 0.763960 0.438381 0.106273
v 0.750002 0.403586 0.112656
v 0.739723 0.379328 0.118743
v 0.722677 0.406259 0.181845
v 0.712513 0.378477 0.185606
v 0.768570 0.393004 0.058672
v 0.751372 0.373982 0.057801
v 0.724536 0.363936 0.119289
v 0.794066 0.401602 0.003025
v 0.774323 0.381872 0.001185
v 0.747144 0.357531 -0.001581
v 0.728267 0.352241 0.055160
v 0.781842 0.383751 -0.040353
v 0.751663 0.358835 -0.044299
v 0.707455 0.321190 -0.048435
v 0.705712 0.319789 -0.003636
v 0.737266 0.362663 -0.095160
v 0.695114 0.325280 -0.096830
v 0.650365 0.286616 -0.096357
v 0.660466 0.281212 -0.050258
v 0.677849 0.328122 -0.150664
v 0.637281 0.289332 -0.145202
v 0.592544 0.252649 -0.140646
v 0.607089 0.246855 -0.095273
v 0.620110 0.291929 -0.194779
v 0.578972 0.254529 -0.188844
v 0.538386 0.216063 -0.185481
v 0.549447 0.214888 -0.138121
v 0.563726 0.256543 -0.236653
v 0.523266 0.219324 -0.232018
v 0.484418 0.187729 -0.231487
v 0.496589 0.182525 -0.185217
v 0.464364 0.154708 -0.187607
v 0.507869 0.176742 -0.137448
v 0.473063 0.145420 -0.139830
v 0.518616 0.170170 -0.092660
v 0.481519 0.137085 -0.092907
v 0.563625 0.208058 -0.094025
v 0.573350 0.204095 -0.051342
v 0.528642 0.163844 -0.050463
v 0.616677 0.242451 -0.051123
v 0.618494 0.240020 -0.005609
v 0.578285 0.201847 -0.008139
v 0.660355 0.278379 -0.004221
v 0.649358 0.277437 0.046323
v 0.609512 0.240783 0.043485
v 0.690429 0.316610 0.049449
v 0.671075 0.309539 0.107210
v 0.632273 0.273717 0.100938
v 0.704901 0.343453 0.115440
v 0.681333 0.335354 0.175289
v 0.649447 0.303992 0.163494
v 0.699229 0.356188 0.182348
v 0.674538 0.350107 0.237556
v 0.655666 0.330259 0.226375
v 0.683935 0.374722 0.245627
v 0.657986 0.368484 0.296233
v 0.650012 0.342805 0.285836
v 0.694420 0.409387 0.249168
v 0.664863 0.405449 0.307147
v 0.707453 0.447044 0.251893
v 0.677587 0.450221 0.316511
v 0.648139 0.447029 0.376266
v 0.639185 0.396434 0.358270
v 0.686606 0.488968 0.326100
v 0.655743 0.489495 0.394865
v 0.715041 0.476891 0.257861
v 0.693149 0.517528 0.333859
v 0.718280 0.505158 0.269340
v 0.737200 0.489920 0.218214
v 0.739742 0.459323 0.176537
v 0.720457 0.522275 0.276664
v 0.699016 0.534492 0.332753
v 0.739775 0.514071 0.231304
v 0.741283 0.529309 0.239370
v 0.722250 0.536735 0.283046
v 0.752398 0.507256 0.195489
v 0.755581 0.527823 0.205025
v 0.745125 0.480248 0.191638
v 0.749463 0.467946 0.172647
v 0.740313 0.542349 0.246925
v 0.735268 0.552251 0.253296
v 0.721030 0.554093 0.249448
v 0.702576 0.559637 0.248791
v 0.709087 0.571487 0.228326
v 0.688317 0.577633 0.228823
v 0.682220 0.566067 0.249197
v 0.706204 0.551499 0.329724
v 0.738763 0.449372 0.179421
v 0.629060 0.483082 0.448112
v 0.620780 0.438283 0.428474
v 0.607685 0.477016 0.493118
v 0.593996 0.424482 0.478166
v 0.586474 0.465290 0.536648
v 0.569724 0.410656 0.522574
v 0.569218 0.456739 0.563396
v 0.554547 0.402016 0.546668
v 0.583830 0.508422 0.577012
v 0.562123 0.503511 0.596941
v 0.550047 0.453385 0.578699
v 0.598248 0.556445 0.589449
v 0.573121 0.554085 0.616198
v 0.610819 0.605615 0.612860
v 0.584288 0.604329 0.636657
v 0.620225 0.651441 0.639792
v 0.594314 0.652651 0.657062
v 0.631633 0.654978 0.616286
v 0.646531 0.658538 0.583011
v 0.638673 0.690311 0.637044
v 0.626398 0.689136 0.660008
v 0.653365 0.693516 0.602505
v 0.676359 0.697227 0.545599
v 0.667106 0.665795 0.533457
v 0.657374 0.723963 0.615345
v 0.642286 0.721948 0.650899
v 0.683437 0.728758 0.554591
v 0.708790 0.732631 0.495686
v 0.700776 0.703540 0.493924
v 0.678517 0.763965 0.559033
v 0.650908 0.758893 0.620741
v 0.706291 0.773010 0.495413
v 0.732150 0.784469 0.437205
v 0.734445 0.745697 0.439758
v 0.700321 0.824907 0.497070
v 0.671277 0.813032 0.561918
v 0.726735 0.837784 0.437188
v 0.751378 0.848444 0.382184
v 0.756946 0.795407 0.382325
v 0.719338 0.894067 0.438135
v 0.691064 0.880415 0.498739
v 0.743928 0.906164 0.381943
v 0.736475 0.961421 0.383397
v 0.708944 0.948273 0.438061
v 0.700209 1.001715 0.435301
v 0.670379 0.991341 0.494095
v 0.680166 0.935957 0.498006
v 0.638047 0.985352 0.555051
v 0.646721 0.927499 0.561890
v 0.631435 1.036849 0.547606
v 0.601879 1.033680 0.602373
v 0.608922 0.984012 0.608423
v 0.594958 1.077706 0.592870
v 0.574776 1.075914 0.628302
v 0.583389 1.034212 0.635983
v 0.575534 1.119229 0.571621
v 0.553391 1.115546 0.606781
v 0.553501 1.166347 0.537875
v 0.531740 1.164701 0.572839
v 0.534664 1.212101 0.502279
v 0.509172 1.212916 0.539780
v 0.515812 1.256501 0.468730
v 0.489009 1.257364 0.509080
v 0.496067 1.299990 0.436236
v 0.467896 1.300571 0.480541
v 0.474906 1.339876 0.408673
v 0.448792 1.340437 0.454316
v 0.459285 1.365404 0.386329
v 0.437670 1.364754 0.434465
v 0.447978 1.382343 0.371637
v 0.429292 1.378326 0.420101
v 0.467809 1.387066 0.317596
v 0.450927 1.396352 0.304727
v 0.430837 1.391554 0.356775
v 0.431584 1.398735 0.290872
v 0.411976 1.393728 0.340797
v 0.406322 1.401687 0.274120
v 0.387018 1.396725 0.320701
v 0.425211 1.406670 0.224304
v 0.386557 1.410447 0.205430
v 0.370611 1.405507 0.251716
v 0.399388 1.415575 0.157378
v 0.349766 1.418945 0.142267
v 0.339822 1.414109 0.184060
v 0.354845 1.423764 0.101151
v 0.354848 1.428816 0.061061
v 0.315212 1.425114 0.095223
v 0.308203 1.421065 0.129966
v 0.318336 1.429406 0.059728
v 0.290994 1.429481 0.059251
v 0.286286 1.425689 0.091198
v 0.315721 1.433946 0.022791
v 0.290859 1.433658 0.024581
v 0.348841 1.433874 0.020594
v 0.337776 1.438856 -0.019995
v 0.306882 1.438578 -0.015221
v 0.382394 1.438693 -0.028264
v 0.364558 1.443539 -0.067556
v 0.323333 1.442969 -0.055691
v 0.410183 1.444296 -0.084059
v 0.388724 1.449127 -0.121650
v 0.345504 1.447760 -0.101503
v 0.425233 1.450461 -0.141884
v 0.400294 1.454924 -0.176724
v 0.366446 1.453318 -0.154500
v 0.423270 1.455997 -0.195699
v 0.394871 1.460832 -0.228010
v 0.373055 1.459274 -0.208747
v 0.415004 1.450033 -0.247926
v 0.385606 1.455309 -0.281165
v 0.366363 1.465002 -0.260211
v 0.409166 1.439064 -0.309379
v 0.374105 1.446245 -0.342063
v 0.354682 1.460840 -0.314087
v 0.398048 1.426549 -0.381953
v 0.357171 1.430848 -0.410285
v 0.335537 1.451611 -0.370041
v 0.378377 1.409649 -0.453225
v 0.328726 1.413244 -0.473533
v 0.312514 1.432588 -0.433000
v 0.343710 1.390379 -0.522067
v 0.289382 1.395121 -0.539393
v 0.278879 1.417043 -0.490216
v 0.296471 1.373250 -0.580449
v 0.241524 1.376883 -0.595525
v 0.236727 1.399090 -0.555262
v 0.244147 1.365416 -0.616981
v 0.188811 1.369232 -0.632953
v 0.187472 1.381819 -0.608810
v 0.189687 1.358202 -0.652470
v 0.132386 1.359444 -0.670408
v 0.133488 1.372339 -0.649977
v 0.128147 1.339283 -0.686005
v 0.069746 1.342232 -0.704754
v 0.077033 1.361740 -0.689627
v 0.061888 1.310782 -0.727517
v 0.024087 1.315476 -0.737837
v 0.027328 1.346047 -0.717979
v 0.021435 1.270393 -0.767130
v 0.041472 0.032136 -0.122165
v 0.039001 0.018809 -0.068527
v 0.086006 0.040878 -0.120691
v 0.083874 0.027889 -0.068108
v 0.135428 0.050306 -0.118127
v 0.135019 0.038113 -0.066518
v 0.187314 0.059893 -0.113970
v 0.187511 0.048376 -0.063650
v 0.240580 0.069530 -0.108470
v 0.240841 0.058466 -0.059807
v 0.295407 0.079572 -0.102294
v 0.295789 0.068760 -0.055388
v 0.352399 0.079736 -0.051565
v 0.350331 0.090294 -0.097216
v 0.295510 0.061661 -0.009380
v 0.240948 0.051045 -0.011484
v 0.351026 0.072822 -0.008287
v 0.403187 0.083481 -0.008686
v 0.404653 0.090590 -0.049847
v 0.345113 0.077577 0.037688
v 0.291824 0.066162 0.038160
v 0.394482 0.088197 0.035800
v 0.435419 0.097918 0.033244
v 0.442093 0.091800 -0.009575
v 0.384727 0.094608 0.085713
v 0.337083 0.082781 0.087260
v 0.426912 0.106939 0.083366
v 0.462158 0.121139 0.081096
v 0.468306 0.111226 0.031205
v 0.418537 0.115515 0.135099
v 0.375085 0.102764 0.137392
v 0.454529 0.130184 0.132646
v 0.486602 0.152624 0.130947
v 0.494048 0.144963 0.079845
v 0.446744 0.139153 0.181819
v 0.411213 0.125813 0.185235
v 0.476331 0.161096 0.178632
v 0.516608 0.178051 0.134699
v 0.469248 0.168399 0.222073
v 0.439927 0.148281 0.229685
v 0.465614 0.177577 0.265008
v 0.435856 0.158662 0.277433
v 0.465556 0.191661 0.312546
v 0.436140 0.173701 0.328326
v 0.496290 0.208125 0.294900
v 0.521026 0.221563 0.276421
v 0.500356 0.227617 0.344431
v 0.470920 0.211632 0.363841
v 0.527886 0.242523 0.322209
v 0.540808 0.268298 0.363550
v 0.513089 0.252431 0.392176
v 0.566449 0.281506 0.329751
v 0.588985 0.291071 0.293119
v 0.584508 0.305276 0.357165
v 0.558507 0.294303 0.397351
v 0.608824 0.314909 0.314866
v 0.632359 0.322877 0.271939
v 0.609229 0.296561 0.253376
v 0.624851 0.334558 0.331294
v 0.599522 0.324339 0.375473
v 0.632048 0.359518 0.343787
v 0.605738 0.348392 0.389410
v 0.611912 0.385757 0.406556
v 0.583553 0.372430 0.457292
v 0.579761 0.336902 0.436789
v 0.557326 0.358995 0.503010
v 0.553237 0.323876 0.482636
v 0.542286 0.351217 0.529330
v 0.535342 0.315839 0.514223
v 0.521414 0.349850 0.544185
v 0.511157 0.312994 0.531236
v 0.533604 0.400453 0.561737
v 0.502029 0.399571 0.576101
v 0.488696 0.349639 0.558565
v 0.513865 0.452146 0.595202
v 0.450095 0.448974 0.623384
v 0.443341 0.397152 0.600854
v 0.523024 0.502711 0.616820
v 0.457007 0.502126 0.645112
v 0.529774 0.555209 0.637660
v 0.463192 0.554412 0.666706
v 0.538299 0.606238 0.659059
v 0.467624 0.605027 0.687843
v 0.545566 0.653117 0.678816
v 0.470137 0.650200 0.708306
v 0.546751 0.688875 0.695275
v 0.469186 0.685977 0.726306
v 0.600695 0.689714 0.673219
v 0.599794 0.719981 0.681059
v 0.543275 0.718720 0.702067
v 0.625814 0.720963 0.670629
v 0.617949 0.757036 0.669285
v 0.592905 0.754591 0.681095
v 0.634487 0.758940 0.651910
v 0.625326 0.807486 0.648233
v 0.607084 0.806370 0.666782
v 0.641800 0.807307 0.618375
v 0.630810 0.865988 0.615252
v 0.614613 0.866625 0.644123
v 0.658689 0.869342 0.562672
v 0.618810 0.926677 0.613888
v 0.602583 0.928551 0.642398
v 0.590705 0.986790 0.640524
v 0.572320 0.985802 0.658366
v 0.583327 0.927123 0.661160
v 0.564803 1.034285 0.655293
v 0.535725 1.032019 0.668669
v 0.543972 0.983378 0.671102
v 0.556178 1.076255 0.647212
v 0.525676 1.071886 0.663582
v 0.538898 1.114449 0.623212
v 0.509050 1.110418 0.640746
v 0.514235 1.162929 0.593350
v 0.484501 1.159254 0.610987
v 0.488479 1.212509 0.562581
v 0.456531 1.206653 0.582812
v 0.467043 1.257586 0.534709
v 0.433030 1.251635 0.555721
v 0.445030 1.301615 0.507998
v 0.411926 1.296543 0.529094
v 0.425923 1.342178 0.483075
v 0.390931 1.336965 0.503993
v 0.413567 1.366227 0.469571
v 0.374582 1.359784 0.490940
v 0.402753 1.379224 0.455276
v 0.362671 1.373781 0.481275
v 0.389005 1.381810 0.439141
v 0.351114 1.379345 0.466120
v 0.412476 1.385001 0.403804
v 0.393289 1.388195 0.386066
v 0.371189 1.384381 0.421223
v 0.367222 1.391709 0.362330
v 0.344210 1.388180 0.393952
v 0.330678 1.396462 0.328449
v 0.307394 1.393320 0.355779
v 0.351937 1.400728 0.293468
v 0.307663 1.405345 0.259433
v 0.287733 1.401770 0.289001
v 0.325446 1.409585 0.224258
v 0.282968 1.413151 0.197741
v 0.267163 1.409451 0.228414
v 0.297148 1.417077 0.164325
v 0.267368 1.418842 0.150440
v 0.253944 1.415427 0.179671
v 0.277729 1.422243 0.120908
v 0.254996 1.423076 0.114251
v 0.244211 1.420176 0.139496
v 0.263280 1.426002 0.088669
v 0.268835 1.429366 0.059570
v 0.243829 1.426221 0.087033
v 0.237515 1.423772 0.109125
v 0.249456 1.429174 0.060805
v 0.254513 1.432908 0.028578
v 0.271385 1.433248 0.026562
v 0.266759 1.437501 -0.009138
v 0.251920 1.437056 -0.006715
v 0.284071 1.437997 -0.011710
v 0.271737 1.441481 -0.043734
v 0.255350 1.440890 -0.040709
v 0.293834 1.442327 -0.048542
v 0.278440 1.445389 -0.077584
v 0.256781 1.444348 -0.071720
v 0.306892 1.446586 -0.086804
v 0.289713 1.449727 -0.114620
v 0.262489 1.448016 -0.103247
v 0.325401 1.451561 -0.132126
v 0.304314 1.454975 -0.159904
v 0.271681 1.452382 -0.140037
v 0.341584 1.457248 -0.184614
v 0.315526 1.461004 -0.213104
v 0.282341 1.457612 -0.185241
v 0.344879 1.463442 -0.239477
v 0.316743 1.467071 -0.269284
v 0.289436 1.463793 -0.240026
v 0.336981 1.468913 -0.292223
v 0.304223 1.472543 -0.319943
v 0.286761 1.469744 -0.295846
v 0.319655 1.466148 -0.343001
v 0.279746 1.466734 -0.364498
v 0.267647 1.474221 -0.341373
v 0.293799 1.453525 -0.392780
v 0.251374 1.454916 -0.411570
v 0.238839 1.468945 -0.382259
v 0.267352 1.436614 -0.451612
v 0.221261 1.439913 -0.465518
v 0.209096 1.457001 -0.426497
v 0.230428 1.422539 -0.507248
v 0.182512 1.427366 -0.522314
v 0.176576 1.445450 -0.478185
v 0.185157 1.403889 -0.569083
v 0.134140 1.407841 -0.581162
v 0.134254 1.431531 -0.534791
v 0.133966 1.386975 -0.621897
v 0.082058 1.391082 -0.635966
v 0.084469 1.412937 -0.592662
v 0.080000 1.374628 -0.668018
v 0.034305 1.378422 -0.680154
v 0.037189 1.394913 -0.646927
v 0.032101 1.365748 -0.703634
v 0.036844 0.008277 -0.018509
v 0.037903 0.013579 0.033422
v 0.084391 0.017438 -0.017850
v 0.085188 0.023272 0.034695
v 0.136151 0.028381 -0.015940
v 0.135353 0.034268 0.036133
v 0.188121 0.040051 -0.013672
v 0.186351 0.045115 0.037188
v 0.238529 0.055431 0.037823
v 0.235099 0.061022 0.089038
v 0.184276 0.051209 0.090173
v 0.286670 0.071428 0.088133
v 0.280360 0.077202 0.141339
v 0.230896 0.067049 0.142544
v 0.328111 0.089583 0.139621
v 0.321166 0.098816 0.193356
v 0.274334 0.085449 0.196807
v 0.368230 0.112508 0.188990
v 0.363398 0.123003 0.241347
v 0.317999 0.110370 0.248237
v 0.405574 0.135564 0.235259
v 0.402071 0.146341 0.286804
v 0.360899 0.135659 0.295348
v 0.403578 0.158320 0.341440
v 0.362805 0.149141 0.352001
v 0.408975 0.181391 0.395737
v 0.366913 0.173518 0.406581
v 0.442806 0.194998 0.381000
v 0.457741 0.222837 0.431455
v 0.420175 0.214103 0.443844
v 0.485376 0.238596 0.414207
v 0.506466 0.268691 0.459849
v 0.478741 0.255065 0.476130
v 0.532508 0.281249 0.433822
v 0.547913 0.303257 0.462823
v 0.524346 0.292120 0.491400
v 0.573605 0.314417 0.419389
v 0.497465 0.285377 0.508974
v 0.458484 0.279209 0.522326
v 0.438994 0.246562 0.487449
v 0.474291 0.309075 0.544781
v 0.419084 0.302054 0.562855
v 0.404422 0.269367 0.536264
v 0.431260 0.347536 0.581090
v 0.367165 0.343078 0.606036
v 0.359521 0.296241 0.583600
v 0.374952 0.393167 0.627639
v 0.312730 0.387292 0.650253
v 0.308270 0.336577 0.627492
v 0.382561 0.444578 0.651551
v 0.317593 0.439197 0.674113
v 0.387613 0.498265 0.672922
v 0.320510 0.490295 0.697138
v 0.390652 0.549516 0.695087
v 0.321337 0.540304 0.720666
v 0.392045 0.598800 0.717052
v 0.321202 0.589692 0.744111
v 0.392929 0.644399 0.739608
v 0.320636 0.636777 0.767257
v 0.391595 0.681473 0.757826
v 0.319101 0.676525 0.787213
v 0.385283 0.719052 0.762930
v 0.311529 0.719310 0.791232
v 0.463587 0.719584 0.732499
v 0.458086 0.759966 0.734015
v 0.379106 0.764647 0.764578
v 0.537354 0.755013 0.703187
v 0.527148 0.805446 0.700548
v 0.452154 0.808712 0.733902
v 0.579420 0.804943 0.678925
v 0.566482 0.864382 0.676813
v 0.516144 0.862142 0.697999
v 0.594735 0.866169 0.663640
v 0.555305 0.924602 0.673657
v 0.506737 0.921281 0.694647
v 0.495069 0.980692 0.692449
v 0.427216 0.977360 0.722490
v 0.436856 0.919734 0.725001
v 0.483800 1.029631 0.691342
v 0.417399 1.028869 0.720465
v 0.472826 1.069809 0.686974
v 0.407476 1.067537 0.715805
v 0.455535 1.106628 0.666768
v 0.391531 1.102204 0.696117
v 0.432865 1.153239 0.639073
v 0.371464 1.146902 0.668978
v 0.407854 1.200481 0.611332
v 0.350196 1.193787 0.641478
v 0.383027 1.246752 0.583899
v 0.327237 1.237905 0.610156
v 0.360119 1.289816 0.555884
v 0.307058 1.283872 0.583181
v 0.340328 1.328829 0.531403
v 0.289298 1.321126 0.556184
v 0.326313 1.353522 0.514814
v 0.276366 1.348332 0.535116
v 0.316123 1.368972 0.502052
v 0.268142 1.365453 0.521208
v 0.305654 1.377927 0.485657
v 0.259365 1.376777 0.503962
v 0.293669 1.380820 0.465828
v 0.248886 1.379932 0.482644
v 0.337184 1.382100 0.447298
v 0.313948 1.386020 0.417508
v 0.274986 1.384725 0.435817
v 0.280387 1.391180 0.378155
v 0.248289 1.389649 0.397462
v 0.242768 1.396908 0.334149
v 0.215478 1.395458 0.352150
v 0.266232 1.398935 0.313715
v 0.230703 1.403960 0.275973
v 0.209579 1.402170 0.294497
v 0.249852 1.406361 0.254258
v 0.222972 1.409568 0.229662
v 0.206670 1.407316 0.250332
v 0.238565 1.412278 0.206296
v 0.218527 1.414230 0.190740
v 0.203336 1.411828 0.211999
v 0.232251 1.417104 0.166035
v 0.216954 1.418291 0.156386
v 0.202159 1.415820 0.178107
v 0.228508 1.421064 0.132472
v 0.214137 1.421923 0.126192
v 0.202853 1.419396 0.147437
v 0.199833 1.422941 0.119929
v 0.188415 1.420499 0.138676
v 0.190362 1.424941 0.113178
v 0.175335 1.422762 0.127310
v 0.170346 1.434778 0.121588
v 0.149678 1.431064 0.133988
v 0.170448 1.449398 0.126753
v 0.151233 1.446259 0.136670
v 0.161024 1.420688 0.143432
v 0.174969 1.418591 0.156366
v 0.162362 1.416696 0.174765
v 0.150755 1.414671 0.193829
v 0.175109 1.415127 0.186250
v 0.188819 1.417166 0.167521
v 0.162782 1.413190 0.204717
v 0.150182 1.411401 0.222203
v 0.140452 1.412920 0.210501
v 0.174166 1.411690 0.216236
v 0.187989 1.413629 0.197905
v 0.159553 1.409950 0.233630
v 0.143011 1.408353 0.250597
v 0.135621 1.409848 0.238627
v 0.171970 1.408018 0.248938
v 0.188478 1.409759 0.231226
v 0.153344 1.406458 0.265952
v 0.132459 1.405024 0.282069
v 0.123604 1.406854 0.267076
v 0.167142 1.404065 0.285206
v 0.188369 1.405483 0.268957
v 0.143486 1.402883 0.299600
v 0.118874 1.401982 0.311293
v 0.110008 1.403872 0.295546
v 0.159660 1.399744 0.324924
v 0.185528 1.400836 0.310724
v 0.132312 1.398899 0.336896
v 0.104476 1.398328 0.346455
v 0.093772 1.401327 0.320793
v 0.154028 1.393530 0.381023
v 0.185075 1.394403 0.367443
v 0.121582 1.392967 0.392021
v 0.089910 1.392604 0.401229
v 0.077485 1.397943 0.354588
v 0.138049 1.387171 0.440412
v 0.175054 1.387816 0.427864
v 0.101528 1.386668 0.451654
v 0.065954 1.386402 0.460830
v 0.058900 1.392538 0.407975
v 0.111237 1.381241 0.497065
v 0.151501 1.382007 0.482775
v 0.071629 1.380648 0.510080
v 0.033955 1.380297 0.520402
v 0.031683 1.386391 0.467407
v 0.075972 1.376257 0.545218
v 0.118581 1.377178 0.530232
v 0.035711 1.375639 0.558375
v 0.036370 1.372367 0.582331
v 0.078586 1.372598 0.568401
v 0.035284 1.362114 0.602164
v 0.028451 1.392665 0.412741
v 0.025195 1.397742 0.365435
v 0.050715 1.397733 0.361319
v 0.043664 1.401260 0.328940
v 0.021206 1.401479 0.330395
v 0.068363 1.401154 0.326099
v 0.061884 1.402994 0.309943
v 0.038946 1.403041 0.312623
v 0.086003 1.403194 0.304861
v 0.078760 1.404910 0.290602
v 0.055929 1.404577 0.296313
v 0.101925 1.405622 0.280975
v 0.095173 1.407178 0.268371
v 0.072122 1.406504 0.277465
v 0.116783 1.408357 0.254869
v 0.110681 1.409804 0.243689
v 0.088918 1.408700 0.256767
v 0.128266 1.411304 0.227088
v 0.104771 1.411265 0.233604
v 0.082959 1.410480 0.245133
v 0.104430 1.414661 0.228577
v 0.080924 1.415288 0.241217
v 0.113087 1.419981 0.233015
v 0.083250 1.418952 0.250880
v 0.122234 1.425782 0.243649
v 0.085266 1.422258 0.264542
v 0.127918 1.431814 0.264719
v 0.084503 1.426279 0.282332
v 0.152688 1.448062 0.253112
v 0.158088 1.458201 0.290894
v 0.130380 1.439298 0.298840
v 0.157712 1.471942 0.246738
v 0.164179 1.482935 0.285785
v 0.162716 1.495003 0.241515
v 0.157111 1.483535 0.206132
v 0.172752 1.504959 0.281330
v 0.156858 1.523584 0.281864
v 0.151253 1.513528 0.239702
v 0.184727 1.514506 0.326828
v 0.177576 1.490499 0.329543
v 0.163775 1.531713 0.329628
v 0.127270 1.539124 0.335041
v 0.121425 1.525068 0.287703
v 0.173991 1.539901 0.380922
v 0.196225 1.521824 0.376788
v 0.141812 1.550703 0.387660
v 0.156034 1.547815 0.443296
v 0.185253 1.539046 0.434343
v 0.099559 1.543590 0.401109
v 0.122057 1.546268 0.454318
v 0.080104 1.530088 0.350470
v 0.051858 1.513111 0.365764
v 0.076902 1.523069 0.414616
v 0.073136 1.517622 0.300672
v 0.037329 1.502700 0.314704
v 0.081829 1.509852 0.251234
v 0.042731 1.496775 0.264103
v 0.121953 1.513065 0.244507
v 0.122069 1.501374 0.205190
v 0.087390 1.496351 0.209524
v 0.148090 1.502638 0.202480
v 0.144715 1.493289 0.171910
v 0.119364 1.489276 0.172293
v 0.153376 1.474454 0.177186
v 0.152868 1.474971 0.153591
v 0.157075 1.475873 0.140144
v 0.154404 1.461921 0.138653
v 0.169139 1.464606 0.133692
v 0.164522 1.479886 0.132554
v 0.177460 1.484766 0.128555
v 0.202641 1.490852 0.127420
v 0.240364 1.495308 0.120983
v 0.229672 1.510504 0.104947
v 0.245968 1.476627 0.111836
v 0.286850 1.490649 0.102627
v 0.282429 1.508811 0.111398
v 0.251437 1.456770 0.100837
v 0.290637 1.472285 0.091859
v 0.257302 1.447199 0.079206
v 0.290367 1.459037 0.074972
v 0.260512 1.448309 0.050415
v 0.287003 1.458034 0.049705
v 0.241732 1.442166 0.047336
v 0.245478 1.445835 0.003332
v 0.262243 1.451754 0.005770
v 0.231387 1.441180 0.001312
v 0.226553 1.436690 -0.000606
v 0.216551 1.447198 -0.035790
v 0.229007 1.453695 -0.042146
v 0.214895 1.440174 -0.031211
v 0.226209 1.439923 -0.034527
v 0.238179 1.436609 -0.003850
v 0.198184 1.442321 -0.057830
v 0.210688 1.442403 -0.060655
v 0.225356 1.443004 -0.064688
v 0.240174 1.440386 -0.038076
v 0.211343 1.445200 -0.087021
v 0.225764 1.445916 -0.091225
v 0.240496 1.443640 -0.068079
v 0.199016 1.447021 -0.104888
v 0.212796 1.447831 -0.110310
v 0.227010 1.448788 -0.116389
v 0.241182 1.446742 -0.095852
v 0.200168 1.449565 -0.127742
v 0.187075 1.448519 -0.119661
v 0.213894 1.450839 -0.136842
v 0.229623 1.452376 -0.147564
v 0.246416 1.450321 -0.126264
v 0.200116 1.452614 -0.155426
v 0.187179 1.451254 -0.144651
v 0.213478 1.454231 -0.167423
v 0.231823 1.456538 -0.184157
v 0.252238 1.454641 -0.162998
v 0.195232 1.455940 -0.187391
v 0.184356 1.454248 -0.173833
v 0.209699 1.458188 -0.204784
v 0.233848 1.461742 -0.231909
v 0.258894 1.459971 -0.209547
v 0.186916 1.459788 -0.224389
v 0.174812 1.457525 -0.206300
v 0.206665 1.463293 -0.251908
v 0.231289 1.467537 -0.285211
v 0.261706 1.465871 -0.264211
v 0.178409 1.464654 -0.269501
v 0.162794 1.461340 -0.242861
v 0.198796 1.468829 -0.303145
v 0.216877 1.472768 -0.335611
v 0.253179 1.471499 -0.317222
v 0.165078 1.469930 -0.319644
v 0.148782 1.465785 -0.284837
v 0.179937 1.473744 -0.352463
v 0.189748 1.476201 -0.376038
v 0.228469 1.475550 -0.358983
v 0.143330 1.474800 -0.369605
v 0.131052 1.470957 -0.335398
v 0.151842 1.477527 -0.393772
v 0.159476 1.473189 -0.415848
v 0.198750 1.470818 -0.398826
v 0.114141 1.478596 -0.412166
v 0.107284 1.476054 -0.387862
v 0.120357 1.475599 -0.433540
v 0.125182 1.465531 -0.455251
v 0.167118 1.461176 -0.440364
v 0.080483 1.478406 -0.451301
v 0.076275 1.479816 -0.431617
v 0.083057 1.469884 -0.471238
v 0.085955 1.457665 -0.502282
v 0.131491 1.451697 -0.490896
v 0.040745 1.474658 -0.485425
v 0.039375 1.482093 -0.467164
v 0.041414 1.462490 -0.511542
v 0.041409 1.441683 -0.553134
v 0.086428 1.436357 -0.545107
v 0.039834 1.418136 -0.601772
v 0.016554 0.135259 0.527894
v 0.016326 0.175493 0.592725
v 0.018806 0.096466 0.466165
v 0.022861 0.063045 0.410867
v 0.018421 0.053098 0.349354
v 0.048951 0.070058 0.406675
v 0.041739 0.102523 0.463387
v 0.050965 0.058801 0.343769
v 0.087750 0.065637 0.338100
v 0.083895 0.079352 0.400910
v 0.049345 0.049303 0.276424
v 0.089571 0.056708 0.273159
v 0.045896 0.040241 0.213454
v 0.089539 0.048477 0.210987
v 0.043224 0.031648 0.151681
v 0.040757 0.022050 0.091947
v 0.086753 0.031148 0.091408
v 0.088316 0.039976 0.150268
v 0.134899 0.041274 0.090994
v 0.134565 0.048836 0.148101
v 0.181947 0.057784 0.145233
v 0.180835 0.065312 0.203680
v 0.134312 0.056830 0.207787
v 0.227871 0.073598 0.199716
v 0.225696 0.085295 0.259697
v 0.179987 0.074332 0.264125
v 0.270728 0.097961 0.254505
v 0.269899 0.113910 0.312123
v 0.223079 0.100774 0.319346
v 0.316337 0.124379 0.304054
v 0.318275 0.138588 0.361806
v 0.271514 0.127277 0.370567
v 0.320634 0.164427 0.416130
v 0.271688 0.154610 0.424628
v 0.325530 0.196047 0.465675
v 0.274877 0.185693 0.475772
v 0.375291 0.205485 0.455116
v 0.388972 0.237208 0.499538
v 0.335441 0.227309 0.511406
v 0.347827 0.260097 0.551596
v 0.293233 0.252009 0.566995
v 0.282551 0.218674 0.523297
v 0.303017 0.289405 0.602826
v 0.247397 0.280355 0.620967
v 0.238853 0.243855 0.583723
v 0.250046 0.328392 0.645313
v 0.193116 0.316457 0.664013
v 0.191086 0.271366 0.639392
v 0.252177 0.379083 0.670384
v 0.192313 0.367512 0.688216
v 0.254005 0.429780 0.694939
v 0.191984 0.419248 0.713954
v 0.254580 0.480511 0.718534
v 0.191662 0.470855 0.739675
v 0.254459 0.530851 0.743133
v 0.190229 0.523207 0.764000
v 0.253975 0.580993 0.767905
v 0.190678 0.573515 0.791067
v 0.252791 0.629633 0.791695
v 0.188457 0.624901 0.813169
v 0.250423 0.673905 0.812499
v 0.186390 0.673093 0.835452
v 0.241885 0.722328 0.816503
v 0.177389 0.726046 0.839113
v 0.231497 0.775413 0.819455
v 0.167440 0.782740 0.842085
v 0.303973 0.769534 0.793092
v 0.297632 0.821132 0.794360
v 0.221193 0.829280 0.822333
v 0.374634 0.814423 0.765496
v 0.369976 0.866425 0.762147
v 0.293660 0.872479 0.794016
v 0.444428 0.862563 0.728737
v 0.363867 0.921518 0.757402
v 0.288610 0.923546 0.790128
v 0.356742 0.976600 0.753687
v 0.282032 0.975375 0.786074
v 0.348191 1.027707 0.750810
v 0.274961 1.024158 0.782499
v 0.339517 1.064581 0.745787
v 0.266423 1.062880 0.776590
v 0.324895 1.098401 0.725216
v 0.252978 1.096837 0.755849
v 0.307063 1.141433 0.698107
v 0.238905 1.138409 0.729155
v 0.288894 1.188118 0.668894
v 0.224936 1.183591 0.699242
v 0.271126 1.234049 0.639788
v 0.212006 1.228656 0.667997
v 0.253376 1.277658 0.608781
v 0.198127 1.271935 0.631812
v 0.238611 1.315387 0.578790
v 0.187368 1.311823 0.599179
v 0.227821 1.344725 0.555116
v 0.179561 1.342416 0.573875
v 0.221016 1.363525 0.539121
v 0.174185 1.362168 0.556310
v 0.213555 1.375871 0.521138
v 0.168313 1.374817 0.537487
v 0.204489 1.379009 0.498690
v 0.161295 1.378070 0.514400
v 0.192017 1.382847 0.468174
v 0.233527 1.383742 0.452642
v 0.212065 1.388621 0.413699
v 0.123549 1.373689 0.553256
v 0.127349 1.361271 0.572361
v 0.080090 1.360734 0.588621
v 0.079682 1.342892 0.606343
v 0.130305 1.341674 0.590283
v 0.031123 1.344019 0.620816
v 0.030118 1.316812 0.645518
v 0.077773 1.313221 0.633900
v 0.031343 1.276463 0.681887
v 0.018456 1.403217 0.314153
v 0.016365 1.404548 0.301812
v 0.034623 1.404491 0.299827
v 0.030197 1.405978 0.287143
v 0.013923 1.406014 0.289076
v 0.050170 1.406141 0.283351
v 0.044049 1.407874 0.270939
v 0.025016 1.407594 0.274792
v 0.065618 1.408151 0.265368
v 0.058927 1.410192 0.251635
v 0.054096 1.415204 0.247854
v 0.051206 1.418602 0.261457
v 0.048436 1.422358 0.276596
v 0.045661 1.426794 0.294423
v 0.044826 1.439518 0.324112
v 0.022458 1.461528 0.323694
v 0.082021 1.432189 0.312630
v 0.091467 1.443396 0.357484
v 0.062513 1.457681 0.368270
v 0.136126 1.450345 0.341711
v 0.150818 1.455171 0.388303
v 0.113089 1.450934 0.403067
v 0.165942 1.466887 0.333444
v 0.178312 1.471608 0.380838
v 0.190365 1.496324 0.378282
v 0.199223 1.497561 0.428007
v 0.189455 1.472240 0.429280
v 0.205747 1.521605 0.428228
v 0.213914 1.512951 0.477586
v 0.207305 1.492049 0.476278
v 0.197810 1.527269 0.483844
v 0.212200 1.514287 0.532612
v 0.225053 1.502248 0.526317
v 0.173787 1.534109 0.493034
v 0.194075 1.518922 0.540052
v 0.149268 1.532512 0.504335
v 0.174940 1.517145 0.548857
v 0.129946 1.517853 0.511594
v 0.158276 1.505920 0.555377
v 0.100111 1.528403 0.463853
v 0.087789 1.506150 0.471682
v 0.116293 1.499642 0.516371
v 0.061874 1.507044 0.424996
v 0.070723 1.485584 0.422366
v 0.099339 1.487412 0.465356
v 0.034511 1.499032 0.375343
v 0.045010 1.477445 0.373823
v 0.015294 1.488131 0.322484
v 0.088281 1.467218 0.414121
v 0.113570 1.467689 0.457103
v 0.135390 1.453031 0.446909
v 0.156395 1.453876 0.491576
v 0.137048 1.464392 0.500392
v 0.165443 1.455691 0.435551
v 0.179844 1.455313 0.482677
v 0.198866 1.469789 0.476792
v 0.212339 1.466700 0.522804
v 0.196464 1.455948 0.527859
v 0.218960 1.484785 0.523474
v 0.231068 1.473845 0.569557
v 0.225334 1.460818 0.567963
v 0.235742 1.486763 0.573386
v 0.248095 1.465833 0.616689
v 0.244880 1.457110 0.613901
v 0.226316 1.495357 0.579888
v 0.241112 1.471141 0.622076
v 0.213278 1.498309 0.585597
v 0.232171 1.472294 0.626818
v 0.199926 1.496047 0.591329
v 0.224678 1.470576 0.629783
v 0.188316 1.488496 0.595791
v 0.216337 1.465766 0.632026
v 0.177764 1.478968 0.599617
v 0.209716 1.459763 0.633290
v 0.145624 1.490593 0.559641
v 0.151672 1.475078 0.551778
v 0.180576 1.465700 0.592323
v 0.124360 1.481441 0.508517
v 0.161967 1.461456 0.543450
v 0.188072 1.455699 0.584420
v 0.177805 1.454151 0.535240
v 0.199495 1.451690 0.577307
v 0.213121 1.454782 0.571659
v 0.231730 1.443820 0.614613
v 0.222623 1.442990 0.618846
v 0.240547 1.448617 0.612309
v 0.254009 1.436557 0.656968
v 0.249824 1.433723 0.657834
v 0.257223 1.440860 0.657229
v 0.264300 1.429834 0.685937
v 0.262839 1.427707 0.685288
v 0.259160 1.445975 0.658624
v 0.264747 1.431671 0.686355
v 0.255343 1.448417 0.661494
v 0.263615 1.432727 0.687388
v 0.249715 1.448777 0.664450
v 0.261586 1.432926 0.688904
v 0.244851 1.448494 0.666689
v 0.239487 1.447039 0.668703
v 0.236522 1.442399 0.668142
v 0.236974 1.437427 0.665815
v 0.256411 1.428142 0.688828
v 0.210889 1.452244 0.629086
v 0.214987 1.445615 0.623961
v 0.239985 1.433929 0.662818
v 0.244657 1.433279 0.660198
v 0.259231 1.425997 0.686298
v 0.257253 1.426826 0.687456
v 0.261211 1.426448 0.685748
v 0.265256 1.423741 0.696110
v 0.264034 1.423705 0.695682
v 0.265251 1.424824 0.694068
v 0.266169 1.424427 0.696310
v 0.262616 1.424340 0.694765
v 0.265228 1.424190 0.699209
v 0.263190 1.424037 0.696550
v 0.265670 1.422822 0.698903
v 0.265135 1.426232 0.697160
v 0.011526 1.407616 0.276257
v 0.020753 1.475672 0.216914
v 0.023329 1.468043 0.178127
v 0.015727 1.486098 0.275346
v 0.049098 1.488270 0.213628
v 0.052306 1.478357 0.176362
v 0.087667 1.483249 0.173133
v 0.050436 1.470015 0.152982
v 0.022913 1.462598 0.155029
v 0.047281 1.464072 0.136140
v 0.021814 1.458464 0.139637
v 0.044057 1.459476 0.122369
v 0.020648 1.454732 0.126897
v 0.040799 1.455441 0.110081
v 0.019462 1.451007 0.114515
v 0.062679 1.459359 0.102256
v 0.056612 1.456202 0.091551
v 0.079520 1.460194 0.090407
v 0.070604 1.457497 0.082245
v 0.037874 1.452488 0.098671
v 0.034559 1.460236 0.092986
v 0.051834 1.463930 0.085958
v 0.017985 1.448709 0.103053
v 0.016671 1.458247 0.098769
v 0.015991 1.471609 0.100029
v 0.032388 1.474004 0.094197
v 0.015085 1.487126 0.101548
v 0.013985 1.507277 0.103255
v 0.013074 1.531514 0.105057
v 0.027863 1.508518 0.097737
v 0.026505 1.533120 0.099149
v 0.030173 1.489455 0.095828
v 0.046675 1.492160 0.088526
v 0.043609 1.511269 0.090232
v 0.049481 1.476634 0.086981
v 0.063126 1.478970 0.077538
v 0.061468 1.493966 0.077956
v 0.064755 1.465433 0.077652
v 0.070869 1.466043 0.063233
v 0.070500 1.480079 0.062252
v 0.079729 1.457146 0.067973
v 0.086177 1.462639 0.045210
v 0.079003 1.468819 0.041211
v 0.090767 1.460125 0.075235
v 0.098104 1.466456 0.051979
v 0.102337 1.474386 0.015019
v 0.090140 1.467901 0.012570
v 0.098079 1.480769 -0.022825
v 0.085165 1.473184 -0.020051
v 0.112631 1.488074 -0.025679
v 0.132056 1.496596 -0.028665
v 0.160827 1.511124 -0.028099
v 0.169033 1.514669 -0.060221
v 0.202695 1.532273 -0.024211
v 0.209205 1.533862 -0.055869
v 0.203817 1.525530 0.024287
v 0.254131 1.543937 0.029621
v 0.252505 1.550227 -0.017353
v 0.217489 1.517080 0.073828
v 0.264414 1.535302 0.072798
v 0.274039 1.524820 0.098764
v 0.321773 1.541684 0.090689
v 0.313496 1.552390 0.067922
v 0.328874 1.525618 0.102783
v 0.379510 1.542098 0.091555
v 0.373034 1.558752 0.079153
v 0.331652 1.507918 0.093467
v 0.379963 1.524681 0.082077
v 0.334060 1.489464 0.082754
v 0.380931 1.507017 0.071407
v 0.332894 1.474497 0.067396
v 0.381127 1.492464 0.057260
v 0.327155 1.472930 0.043829
v 0.375761 1.490716 0.034971
v 0.321476 1.472741 0.007803
v 0.372145 1.491421 0.007325
v 0.284336 1.459672 0.007206
v 0.279530 1.470030 -0.039782
v 0.322622 1.481181 -0.032281
v 0.248648 1.461334 -0.043879
v 0.277876 1.483430 -0.066534
v 0.323508 1.496051 -0.057909
v 0.273510 1.505252 -0.074394
v 0.320001 1.518319 -0.067000
v 0.268178 1.526849 -0.077882
v 0.315996 1.539838 -0.072318
v 0.223324 1.514282 -0.085301
v 0.186099 1.503502 -0.095612
v 0.215676 1.533646 -0.080401
v 0.262195 1.546635 -0.073791
v 0.177032 1.517532 -0.083546
v 0.257540 1.549913 -0.050533
v 0.307830 1.564432 -0.043131
v 0.311384 1.559202 -0.066464
v 0.302965 1.568139 -0.010709
v 0.355791 1.584696 -0.006702
v 0.358940 1.578562 -0.036449
v 0.304315 1.563337 0.032580
v 0.356900 1.583377 0.030687
v 0.365064 1.569966 0.058136
v 0.420316 1.575618 0.043119
v 0.415760 1.587325 0.020315
v 0.425871 1.564327 0.062837
v 0.478230 1.566654 0.050206
v 0.474412 1.577222 0.032382
v 0.430518 1.551364 0.077424
v 0.482231 1.555870 0.065525
v 0.430500 1.533449 0.070104
v 0.480374 1.538835 0.056938
v 0.429851 1.517226 0.058811
v 0.477884 1.524154 0.044042
v 0.428024 1.502729 0.045389
v 0.475688 1.509241 0.032589
v 0.422891 1.500860 0.024481
v 0.472059 1.504134 0.015097
v 0.419690 1.502216 0.001939
v 0.469984 1.503362 -0.004271
v 0.419817 1.504071 -0.022380
v 0.469844 1.507386 -0.023016
v 0.372217 1.496807 -0.025048
v 0.371569 1.511852 -0.048218
v 0.420207 1.519439 -0.040361
v 0.369554 1.531891 -0.061954
v 0.419998 1.539420 -0.052709
v 0.366459 1.553315 -0.067113
v 0.419258 1.559666 -0.060413
v 0.362090 1.573091 -0.060572
v 0.417120 1.576611 -0.054055
v 0.414369 1.583455 -0.032439
v 0.470799 1.584189 -0.030781
v 0.472645 1.576680 -0.049749
v 0.413464 1.590164 -0.007056
v 0.470361 1.590501 -0.010026
v 0.471881 1.587772 0.012659
v 0.525438 1.582177 0.007485
v 0.525893 1.585056 -0.010749
v 0.526352 1.573529 0.023710
v 0.579522 1.564143 0.017562
v 0.579562 1.569060 0.004741
v 0.528826 1.564081 0.039152
v 0.580656 1.557095 0.030768
v 0.531218 1.553394 0.051835
v 0.582063 1.547694 0.040956
v 0.529388 1.537862 0.047023
v 0.579501 1.535779 0.035265
v 0.526635 1.525133 0.035341
v 0.576549 1.524763 0.026241
v 0.524498 1.512705 0.023939
v 0.574378 1.513680 0.017111
v 0.522682 1.505695 0.009163
v 0.572969 1.507694 0.005066
v 0.521506 1.506104 -0.007619
v 0.572408 1.507172 -0.008598
v 0.521429 1.511119 -0.023410
v 0.572847 1.512055 -0.020750
v 0.522013 1.525452 -0.032753
v 0.573945 1.524225 -0.027983
v 0.470708 1.523437 -0.036299
v 0.471444 1.542068 -0.045729
v 0.523385 1.541402 -0.040687
v 0.473050 1.559544 -0.055470
v 0.526077 1.556566 -0.049245
v 0.527283 1.571641 -0.044389
v 0.580531 1.561030 -0.036453
v 0.579088 1.550005 -0.040130
v 0.526424 1.579174 -0.027970
v 0.579757 1.567062 -0.023083
v 0.579930 1.571979 -0.009331
v 0.633309 1.554032 -0.008482
v 0.633044 1.551281 -0.018848
v 0.632918 1.552488 0.001953
v 0.684921 1.531727 -0.000579
v 0.684895 1.532183 -0.007443
v 0.632848 1.549215 0.011551
v 0.684704 1.530237 0.006344
v 0.633377 1.545327 0.021362
v 0.684386 1.527901 0.013635
v 0.632632 1.537262 0.027997
v 0.683134 1.522559 0.017905
v 0.629434 1.528203 0.023237
v 0.681071 1.515734 0.014146
v 0.626859 1.519368 0.017482
v 0.679522 1.510081 0.010354
v 0.625014 1.511048 0.011542
v 0.678208 1.505124 0.005838
v 0.623997 1.505834 0.002732
v 0.677195 1.501472 0.000266
v 0.623968 1.505726 -0.007835
v 0.676871 1.500967 -0.007183
v 0.624473 1.509809 -0.017246
v 0.677517 1.504014 -0.013612
v 0.625652 1.518956 -0.022420
v 0.678832 1.509857 -0.016823
v 0.627785 1.528280 -0.026864
v 0.680385 1.515947 -0.019588
v 0.575996 1.537346 -0.034168
v 0.630800 1.538257 -0.031113
v 0.682438 1.522574 -0.021947
v 0.632991 1.547591 -0.028609
v 0.684360 1.528991 -0.020538
v 0.684659 1.531300 -0.014245
v 0.736880 1.512465 -0.010595
v 0.736601 1.510537 -0.014193
v 0.737259 1.512991 -0.006823
v 0.782937 1.496130 -0.006016
v 0.782660 1.495606 -0.007694
v 0.737110 1.512663 -0.002666
v 0.783109 1.495808 -0.004393
v 0.737366 1.511635 0.001624
v 0.783330 1.495256 -0.002765
v 0.737073 1.509132 0.005473
v 0.735754 1.506749 0.006738
v 0.734795 1.502624 0.005842
v 0.735565 1.499010 0.003893
v 0.782241 1.489956 -0.002589
v 0.734705 1.495682 0.001158
v 0.789475 1.488885 -0.004082
v 0.791328 1.488734 -0.004848
v 0.791087 1.489668 -0.004378
v 0.790206 1.487859 -0.005577
v 0.790322 1.488218 -0.006163
v 0.792803 1.488867 -0.005658
v 0.781712 1.488950 -0.006951
v 0.781212 1.490179 -0.007985
v 0.734214 1.495414 -0.010383
v 0.734727 1.499129 -0.012303
v 0.735573 1.502850 -0.013897
v 0.781571 1.491757 -0.008609
v 0.735980 1.506854 -0.015171
v 0.782026 1.493140 -0.008843
v 0.782347 1.494362 -0.008771
v 0.790190 1.490364 -0.007023
v 0.790083 1.489598 -0.006976
v 0.790612 1.490967 -0.006530
v 0.791223 1.491026 -0.005359
v 0.792906 1.488709 -0.006008
v 0.791434 1.490233 -0.004780
v 0.793030 1.488520 -0.006429
v 0.789907 1.488767 -0.006900
v 0.077398 1.473500 -0.043718
v 0.069552 1.479172 -0.039575
v 0.068022 1.471187 -0.059266
v 0.060833 1.480484 -0.054858
v 0.077264 1.476944 -0.017095
v 0.076146 1.489809 -0.015544
v 0.068558 1.491998 -0.037891
v 0.082963 1.473358 0.012004
v 0.082152 1.486673 0.012374
v 0.081345 1.501524 0.012498
v 0.075094 1.504389 -0.014418
v 0.077895 1.483101 0.040354
v 0.077192 1.498082 0.039860
v 0.076426 1.517086 0.039372
v 0.080665 1.520557 0.012780
v 0.070048 1.495300 0.061895
v 0.068972 1.515075 0.061845
v 0.067628 1.540033 0.062060
v 0.074733 1.543331 0.039487
v 0.059116 1.513710 0.078855
v 0.056105 1.537405 0.079082
v 0.053353 1.570789 0.080059
v 0.064515 1.574292 0.063558
v 0.040949 1.534956 0.091480
v 0.039660 1.568216 0.092460
v 0.040291 1.613157 0.097308
v 0.052766 1.616908 0.086760
v 0.025825 1.566519 0.099950
v 0.026228 1.610650 0.104237
v 0.027288 1.652586 0.116337
v 0.040498 1.655196 0.109718
v 0.012919 1.608864 0.110141
v 0.012660 1.565176 0.106078
v 0.013703 1.650887 0.121527
v 0.013489 1.679989 0.130183
v 0.026812 1.681831 0.125118
v 0.013197 1.700722 0.135873
v 0.013070 1.717624 0.140583
v 0.012991 1.732259 0.144535
v 0.026156 1.719136 0.136581
v 0.025709 1.733676 0.140699
v 0.026293 1.702255 0.131368
v 0.037951 1.705045 0.124460
v 0.037911 1.721485 0.130811
v 0.039440 1.684046 0.118568
v 0.046798 1.687901 0.106205
v 0.045012 1.709685 0.113608
v 0.049039 1.659816 0.097372
v 0.055546 1.664929 0.082833
v 0.052456 1.692897 0.092652
v 0.060385 1.621737 0.071260
v 0.067505 1.627386 0.053486
v 0.062343 1.670184 0.067770
v 0.071745 1.578826 0.042329
v 0.077703 1.584452 0.020237
v 0.072091 1.633200 0.034885
v 0.079194 1.547960 0.014489
v 0.071835 1.552565 -0.009717
v 0.066912 1.589580 0.000451
v 0.073785 1.524108 -0.013064
v 0.063037 1.527219 -0.033034
v 0.059092 1.555827 -0.026971
v 0.067245 1.506696 -0.036452
v 0.055205 1.508085 -0.051144
v 0.051795 1.529605 -0.047848
v 0.058243 1.493138 -0.053211
v 0.043820 1.493781 -0.062793
v 0.040283 1.509338 -0.061399
v 0.047525 1.481098 -0.063958
v 0.027715 1.482779 -0.072100
v 0.024017 1.495337 -0.070526
v 0.052687 1.470537 -0.065722
v 0.031636 1.472840 -0.074158
v 0.011398 1.757942 0.121815
v 0.012603 1.761271 0.111827
v 0.024320 1.756082 0.123330
v 0.026429 1.759846 0.112885
v 0.036351 1.752034 0.125784
v 0.039435 1.757366 0.114949
v 0.042366 1.740976 0.124318
v 0.046611 1.746508 0.112867
v 0.037276 1.735933 0.135540
v 0.043831 1.726452 0.119609
v 0.048527 1.731668 0.107392
v 0.050125 1.714902 0.101145
v 0.055698 1.720372 0.087711
v 0.053659 1.736865 0.094354
v 0.058538 1.698476 0.078685
v 0.063961 1.704378 0.064455
v 0.060812 1.725780 0.073645
v 0.067743 1.675360 0.052077
v 0.061736 1.679148 0.036434
v 0.059115 1.708781 0.049918
v 0.064500 1.637375 0.018214
v 0.054171 1.641573 0.002159
v 0.052746 1.683459 0.022108
v 0.056408 1.594459 -0.016148
v 0.045544 1.598714 -0.032255
v 0.043506 1.646511 -0.012291
v 0.048570 1.558785 -0.042168
v 0.034594 1.559807 -0.053772
v 0.032402 1.601433 -0.043589
v 0.036982 1.530932 -0.058457
v 0.018640 1.531734 -0.065018
v 0.017336 1.560286 -0.059520
v 0.020980 1.509918 -0.068564
v 0.013351 1.764637 0.099815
v 0.013598 1.768484 0.084992
v 0.028049 1.763507 0.100352
v 0.028321 1.767067 0.086646
v 0.042668 1.761164 0.101660
v 0.044241 1.765252 0.087618
v 0.051169 1.751762 0.100020
v 0.056025 1.757413 0.085812
v 0.059138 1.742630 0.080728
v 0.054874 1.747898 0.065925
v 0.051903 1.762407 0.069876
v 0.057073 1.730499 0.059429
v 0.049763 1.735093 0.046194
v 0.047844 1.752638 0.053317
v 0.051210 1.713074 0.036349
v 0.041991 1.717702 0.023556
v 0.041566 1.739739 0.033145
v 0.043226 1.688200 0.009284
v 0.030323 1.692259 -0.000482
v 0.030086 1.721508 0.013515
v 0.030699 1.650585 -0.022288
v 0.015538 1.652712 -0.028258
v 0.015137 1.694533 -0.005852
v 0.016745 1.602617 -0.049552
v 0.012757 1.771392 0.073020
v 0.011824 1.774155 0.061768
v 0.027086 1.770007 0.074204
v 0.041560 1.768286 0.073472
v 0.012283 1.775591 0.049969
v 0.013259 1.773673 0.037478
v 0.014339 1.763555 0.027592
v 0.029056 1.761753 0.031490
v 0.029837 1.743780 0.023621
v 0.014988 1.746374 0.018973
v 0.040745 1.757599 0.041237
v 0.015100 1.723878 0.008560
v 0.029492 1.484232 -0.247337
v 0.028367 1.475601 -0.231990
v 0.028488 1.495260 -0.267265
v 0.054348 1.499102 -0.264438
v 0.055505 1.485848 -0.239953
v 0.026054 1.513032 -0.300270
v 0.050105 1.518860 -0.302072
v 0.023265 1.539162 -0.346124
v 0.038159 1.518891 -0.142801
v 0.039409 1.545662 -0.176312
v 0.029774 1.502855 -0.121887
v 0.070413 1.521764 -0.152537
v 0.066245 1.545961 -0.184556
v 0.071097 1.503901 -0.129873
v 0.100319 1.506961 -0.140448
v 0.095608 1.523297 -0.162566
v 0.102451 1.494596 -0.124576
v 0.104082 1.486766 -0.113837
v 0.124737 1.490741 -0.124836
v 0.131143 1.487073 -0.118485
v 0.123493 1.474691 -0.130599
v 0.131389 1.473281 -0.114997
v 0.129623 1.458262 -0.114097
v 0.119789 1.459199 -0.133608
v 0.143213 1.486574 -0.111840
v 0.137100 1.449298 -0.122746
v 0.126029 1.450151 -0.141183
v 0.149241 1.449942 -0.136576
v 0.137936 1.451261 -0.152772
v 0.148218 1.452751 -0.165921
v 0.161636 1.451380 -0.150194
v 0.125455 1.453063 -0.171537
v 0.117389 1.452110 -0.160614
v 0.132072 1.454353 -0.183340
v 0.138316 1.455703 -0.195675
v 0.157431 1.454299 -0.179310
v 0.112517 1.455553 -0.197479
v 0.108257 1.454477 -0.185642
v 0.117103 1.456888 -0.209915
v 0.122352 1.458386 -0.223059
v 0.145050 1.457269 -0.209042
v 0.094891 1.457759 -0.221143
v 0.091275 1.456407 -0.208003
v 0.098822 1.459270 -0.234656
v 0.104036 1.461353 -0.252462
v 0.129139 1.460376 -0.239889
v 0.074850 1.460107 -0.245350
v 0.071813 1.458488 -0.230847
v 0.078435 1.462081 -0.262614
v 0.082905 1.464555 -0.283908
v 0.110546 1.463871 -0.273757
v 0.052416 1.462443 -0.269251
v 0.050426 1.460674 -0.253499
v 0.055021 1.464969 -0.291520
v 0.058463 1.468203 -0.320674
v 0.088480 1.467552 -0.310261
v 0.027216 1.465131 -0.295922
v 0.025958 1.462577 -0.273327
v 0.028650 1.468613 -0.327881
v 0.030945 1.473389 -0.373341
v 0.063659 1.472756 -0.363396
v 0.034706 1.478114 -0.418646
v 0.036736 1.481087 -0.447462
v 0.070835 1.477199 -0.405365
v 0.097407 1.471881 -0.349772
v 0.118408 1.466720 -0.298039
v 0.137568 1.462781 -0.259910
v 0.152754 1.459028 -0.223866
v 0.165772 1.455812 -0.192131
v 0.173608 1.452800 -0.162177
v 0.174515 1.450063 -0.134993
v 0.018861 0.242954 0.694775
v 0.018545 0.276104 0.712212
v 0.016030 0.215898 0.655277
v 0.037363 0.219299 0.649624
v 0.042269 0.246898 0.687216
v 0.035293 0.179664 0.588878
v 0.070188 0.186383 0.580350
v 0.075164 0.223787 0.638190
v 0.036199 0.139883 0.525376
v 0.071101 0.147357 0.519279
v 0.076053 0.110532 0.458839
v 0.121761 0.120259 0.451865
v 0.118413 0.157689 0.509371
v 0.128387 0.090260 0.394005
v 0.175518 0.102023 0.386724
v 0.172122 0.131039 0.443557
v 0.131289 0.076566 0.331239
v 0.176782 0.089296 0.324790
v 0.133754 0.065046 0.268950
v 0.223103 0.115148 0.378963
v 0.222189 0.141923 0.434689
v 0.222987 0.176128 0.487263
v 0.170897 0.167209 0.498583
v 0.229196 0.210748 0.537117
v 0.174698 0.202957 0.552182
v 0.182966 0.237115 0.601903
v 0.127136 0.230489 0.620860
v 0.120284 0.194795 0.566873
v 0.134229 0.262108 0.657900
v 0.081551 0.252867 0.674092
v 0.134757 0.303781 0.679677
v 0.082188 0.291789 0.694495
v 0.133851 0.354570 0.705236
v 0.081358 0.343164 0.720421
v 0.132765 0.408637 0.731923
v 0.078669 0.398860 0.748548
v 0.131761 0.462493 0.757973
v 0.077322 0.454004 0.775534
v 0.130829 0.515647 0.784162
v 0.077102 0.508221 0.802149
v 0.129643 0.568265 0.809880
v 0.074985 0.562444 0.828416
v 0.129083 0.620183 0.835095
v 0.076170 0.616388 0.854020
v 0.127822 0.671211 0.855864
v 0.077778 0.667692 0.873841
v 0.121846 0.728139 0.858741
v 0.074936 0.728540 0.875365
v 0.116198 0.790648 0.860243
v 0.074442 0.797034 0.875175
v 0.104129 0.850280 0.863693
v 0.073973 0.855121 0.874066
v 0.153601 0.839415 0.846208
v 0.135454 0.892942 0.851792
v 0.089864 0.895450 0.867819
v 0.213107 0.881104 0.824368
v 0.203807 0.929753 0.826002
v 0.106820 0.941224 0.861330
v 0.194874 0.976398 0.824145
v 0.093664 0.985827 0.865545
v 0.189942 1.020675 0.820181
v 0.091285 1.023628 0.862703
v 0.180321 1.060749 0.813784
v 0.085262 1.059017 0.854826
v 0.169407 1.095050 0.792559
v 0.079405 1.089860 0.833495
v 0.162185 1.135181 0.763108
v 0.079525 1.133186 0.796732
v 0.155875 1.180308 0.729452
v 0.084295 1.182397 0.751567
v 0.149258 1.224869 0.691112
v 0.086049 1.227904 0.708759
v 0.141732 1.270299 0.651872
v 0.083330 1.271585 0.669988
v 0.135159 1.311046 0.617113
v 0.032395 1.232986 0.721199
v 0.030565 1.187390 0.763946
v 0.026505 1.135563 0.812665
v 0.020546 1.462259 -0.210258
v 0.019356 1.456957 -0.210474
v 0.025739 1.469086 -0.220996
v 0.048105 1.467765 -0.209614
v 0.041332 1.460842 -0.199212
v 0.053237 1.475570 -0.222229
v 0.076934 1.475417 -0.212577
v 0.070830 1.466276 -0.198033
v 0.079649 1.487953 -0.233246
v 0.094908 1.502040 -0.223737
v 0.076876 1.505797 -0.263529
v 0.088337 1.523392 -0.257174
v 0.071564 1.527990 -0.303765
v 0.080008 1.547040 -0.297628
v 0.065080 1.553912 -0.348351
v 0.071812 1.571860 -0.341727
v 0.046223 1.544742 -0.348284
v 0.039352 1.567475 -0.393650
v 0.054599 1.579138 -0.392703
v 0.019724 1.562470 -0.391233
v 0.014999 1.582930 -0.436065
v 0.029545 1.588586 -0.437112
v 0.034140 1.573746 -0.216235
v 0.026920 1.602185 -0.260183
v 0.058672 1.571983 -0.224297
v 0.049598 1.596639 -0.268184
v 0.078908 1.566422 -0.233049
v 0.069033 1.590856 -0.275817
v 0.088447 1.543992 -0.193489
v 0.106367 1.538553 -0.202585
v 0.096482 1.560706 -0.240082
v 0.103469 1.520757 -0.213647
v 0.096217 1.542564 -0.249212
v 0.086799 1.566355 -0.290728
v 0.086685 1.584556 -0.282234
v 0.077934 1.590603 -0.334235
v 0.077722 1.609161 -0.325274
v 0.069049 1.612509 -0.379792
v 0.070195 1.629522 -0.371765
v 0.062604 1.595335 -0.386518
v 0.048340 1.616780 -0.430315
v 0.056317 1.631840 -0.426154
v 0.040195 1.602364 -0.434565
v 0.031155 1.622329 -0.477569
v 0.038060 1.634545 -0.474440
v 0.023327 1.609907 -0.481868
v 0.019687 1.630469 -0.524279
v 0.026083 1.639164 -0.521726
v 0.011739 1.604647 -0.483466
v 0.009745 1.626475 -0.525532
v 0.021871 1.628512 -0.307388
v 0.018579 1.646986 -0.357269
v 0.041826 1.621322 -0.313138
v 0.036540 1.641832 -0.361187
v 0.060951 1.615450 -0.319232
v 0.054579 1.636656 -0.366285
v 0.045919 1.651244 -0.416054
v 0.030412 1.655649 -0.411602
v 0.059537 1.646533 -0.421095
v 0.048123 1.660200 -0.469129
v 0.036971 1.665247 -0.465164
v 0.044942 1.647625 -0.471932
v 0.036792 1.659055 -0.518817
v 0.040061 1.670126 -0.517678
v 0.031709 1.649120 -0.519955
v 0.024685 1.655471 -0.564814
v 0.028846 1.663035 -0.565134
v 0.020327 1.648243 -0.564839
v 0.014781 1.652312 -0.609054
v 0.018061 1.657120 -0.609028
v 0.015185 1.642336 -0.565297
v 0.010738 1.648543 -0.609115
v 0.007798 1.639033 -0.565614
v 0.005273 1.646280 -0.609134
v 0.015065 1.660878 -0.407891
v 0.011652 1.674896 -0.459057
v 0.024604 1.669894 -0.461782
v 0.020859 1.682598 -0.513225
v 0.010604 1.686357 -0.511950
v 0.030988 1.676944 -0.515120
v 0.023098 1.675800 -0.564219
v 0.015264 1.678829 -0.563479
v 0.030594 1.671228 -0.565430
v 0.022206 1.669118 -0.609281
v 0.016633 1.672152 -0.608848
v 0.021193 1.662811 -0.609161
v 0.014579 1.662811 -0.644167
v 0.014886 1.666398 -0.644122
v 0.012796 1.658909 -0.644231
v 0.009269 1.659877 -0.664701
v 0.010784 1.662322 -0.665280
v 0.010424 1.655551 -0.644317
v 0.007198 1.653042 -0.644494
v 0.003182 1.651582 -0.644599
v 0.007324 1.681528 -0.563000
v 0.005081 1.676401 -0.608518
v 0.011121 1.674310 -0.608636
v 0.007875 1.670599 -0.643897
v 0.011901 1.668746 -0.644021
v 0.008969 1.666926 -0.666409
v 0.010771 1.664943 -0.665939
v 0.063445 1.459412 -0.188247
v 0.062236 1.455130 -0.190966
v 0.085328 1.454985 -0.182796
v 0.039494 1.456191 -0.200739
v 0.043271 1.456712 -0.212524
v 0.065698 1.455931 -0.203639
v 0.021495 1.457312 -0.221029
v 0.023423 1.458314 -0.233151
v 0.046579 1.457730 -0.225236
v 0.024529 1.459526 -0.245690
v 0.025292 1.460954 -0.259028
v 0.048822 1.459125 -0.239023
v 0.068813 1.457063 -0.216913
v 0.088052 1.455462 -0.195360
v 0.104493 1.453990 -0.174176
v 0.018675 0.387322 0.766574
v 0.018000 0.443947 0.794436
v 0.018448 0.328696 0.738063
v 0.040571 0.333756 0.731927
v 0.038949 0.391583 0.760822
v 0.042286 0.281678 0.705452
v 0.037553 0.447283 0.788374
v 0.037788 0.502190 0.816184
v 0.017314 0.499310 0.822652
v 0.038906 0.558866 0.840952
v 0.018591 0.555750 0.847430
v 0.040636 0.613537 0.866655
v 0.019062 0.611142 0.873746
v 0.042847 0.666004 0.886262
v 0.019222 0.665756 0.894229
v 0.041335 0.727345 0.887088
v 0.018959 0.726431 0.894728
v 0.044615 0.793534 0.885850
v 0.021018 0.788092 0.894077
v 0.019303 0.887620 0.894625
v 0.013291 0.906639 0.896067
v 0.035546 0.896291 0.884730
v 0.024658 0.910172 0.884290
v 0.037784 0.897312 0.864089
v 0.026385 0.910112 0.865121
v 0.023177 0.925239 0.864621
v 0.023119 0.924299 0.882691
v 0.030938 0.940918 0.860931
v 0.030262 0.939591 0.878748
v 0.045079 0.950482 0.856596
v 0.038039 0.951803 0.872482
v 0.052100 0.937620 0.855026
v 0.054717 0.938478 0.864740
v 0.060161 0.930246 0.852957
v 0.059685 0.932937 0.838088
v 0.045952 0.928150 0.851281
v 0.019604 0.943016 0.894631
v 0.034857 0.957288 0.887094
v 0.013451 0.925639 0.897198
v 0.040502 0.974214 0.885583
v 0.036512 1.003885 0.886929
v 0.029625 1.032476 0.888500
v 0.028395 1.059816 0.878908
v 0.025245 1.088912 0.854789
v 0.628116 0.300221 0.211928
v 0.592133 0.263522 0.197324
v 0.611751 0.267867 0.155025
v 0.595377 0.238640 0.095959
v 0.562444 0.207484 0.090304
v 0.572129 0.206319 0.039221
v 0.534573 0.169442 0.033614
v 0.528039 0.174159 0.083028
v 0.536962 0.162517 -0.010494
v 0.498531 0.128065 -0.010867
v 0.498141 0.135442 0.030567
v 0.490841 0.130290 -0.050065
v 0.467764 0.108404 -0.050815
v 0.472608 0.102593 -0.009567
v 0.459617 0.117211 -0.094619
v 0.435531 0.109587 -0.094213
v 0.440619 0.099017 -0.049961
v 0.451866 0.127929 -0.142210
v 0.400361 0.101127 -0.094470
v 0.760232 0.757962 0.382454
v 0.758686 0.733175 0.382890
v 0.728819 0.719303 0.442473
v 0.654786 0.629398 0.530190
v 0.635126 0.597242 0.528895
v 0.587402 1.358617 -0.197225
v 0.607950 1.350150 -0.144327
v 0.569522 1.381418 -0.114392
v 0.588996 1.373084 -0.062979
v 0.626763 1.341009 -0.093907
v 0.553879 1.402056 -0.034972
v 0.574138 1.391798 0.016457
v 0.606074 1.364226 -0.015071
v 0.584039 1.384726 0.044865
v 0.617450 1.355005 0.023150
v 0.626247 1.342650 0.064261
v 0.661684 1.316060 0.045737
v 0.652225 1.323110 -0.000937
v 0.695429 1.284548 0.021876
v 0.641680 1.331321 -0.045409
v 0.824811 0.661719 0.161881
v 0.805469 0.645580 0.196625
v 0.793461 0.637553 0.218584
v 0.832678 0.631760 0.108319
v 0.193658 0.265068 -0.573257
v 0.247799 0.272608 -0.558657
v 0.254115 0.313558 -0.600774
v 0.307583 0.319146 -0.585915
v 0.299266 0.278141 -0.544640
v 0.317559 0.359517 -0.625496
v 0.371022 0.365871 -0.608525
v 0.357701 0.324526 -0.571455
v 0.384394 0.401949 -0.640575
v 0.440721 0.412332 -0.621352
v 0.421633 0.372837 -0.590408
v 0.454281 0.440099 -0.644542
v 0.509212 0.447949 -0.624662
v 0.490650 0.418078 -0.602122
v 0.520734 0.466290 -0.638539
v 0.555931 0.468293 -0.622170
v 0.543245 0.449236 -0.607643
v 0.563918 0.493755 -0.626920
v 0.582171 0.494451 -0.608116
v 0.576976 0.470722 -0.601860
v 0.588909 0.532645 -0.613464
v 0.611041 0.533657 -0.576501
v 0.601021 0.492929 -0.568219
v 0.622000 0.588540 -0.582241
v 0.654607 0.586464 -0.524745
v 0.643993 0.532540 -0.517076
v 0.666830 0.641923 -0.531431
v 0.698492 0.635219 -0.467907
v 0.686413 0.582231 -0.461919
v 0.713060 0.689828 -0.475003
v 0.741256 0.682682 -0.411702
v 0.729977 0.630531 -0.407290
v 0.753233 0.734659 -0.415098
v 0.778461 0.725661 -0.350089
v 0.768113 0.676193 -0.347979
v 0.788415 0.773441 -0.350945
v 0.811310 0.765756 -0.286511
v 0.801271 0.718164 -0.284688
v 0.819803 0.811797 -0.286709
v 0.843776 0.806138 -0.225137
v 0.833902 0.760916 -0.223857
v 0.865701 0.801910 -0.163776
v 0.754056 0.675561 0.334047
v 0.748027 0.660071 0.331320
v 0.759124 0.659631 0.306979
v 0.737025 0.659864 0.356070
v 0.727473 0.659479 0.376815
v 0.710956 0.664562 0.383383
v 0.709085 0.650019 0.382667
v 0.707616 0.681236 0.390449
v 0.691405 0.658488 0.373056
v 0.667050 0.668221 0.373392
v 0.665253 0.653755 0.366915
v 0.651069 0.670605 0.389559
v 0.647585 0.656462 0.380336
v 0.641996 0.686236 0.413586
v 0.630918 0.683708 0.425743
v 0.754711 0.647095 0.304516
v 0.754458 0.651645 0.292776
v 0.758471 0.664648 0.289742
v 0.752291 0.674614 0.285432
v 0.745954 0.661533 0.293294
v 0.761734 0.682675 0.278088
v 0.758013 0.699125 0.268550
v 0.744251 0.689005 0.278981
v 0.767362 0.679399 0.265019
v 0.761617 0.693718 0.252666
v 0.749246 0.705115 0.238480
v 0.742394 0.713867 0.256737
v 0.763871 0.678521 0.240582
v 0.751459 0.685798 0.229921
v 0.735095 0.690046 0.218736
v 0.730994 0.707108 0.228594
v 0.752841 0.668304 0.221728
v 0.736417 0.674174 0.211672
v 0.718335 0.677080 0.198671
v 0.715451 0.692088 0.207026
v 0.735238 0.660502 0.207828
v 0.748741 0.654496 0.216857
v 0.717713 0.663903 0.197290
v 0.695524 0.661224 0.191113
v 0.693120 0.674150 0.192021
v 0.697586 0.649802 0.202647
v 0.699631 0.639312 0.214590
v 0.687938 0.629467 0.227715
v 0.670870 0.631127 0.230044
v 0.655064 0.630973 0.231119
v 0.647806 0.637745 0.240230
v 0.649473 0.651297 0.224074
v 0.651578 0.666393 0.234345
v 0.648239 0.650161 0.251403
v 0.655158 0.660124 0.207412
v 0.659139 0.677073 0.217743
v 0.670553 0.667397 0.194625
v 0.672442 0.684176 0.205378
v 0.692540 0.689453 0.200837
v 0.712629 0.707374 0.219812
v 0.706543 0.718208 0.240220
v 0.723716 0.716001 0.247984
v 0.716619 0.709342 0.270779
v 0.698436 0.717784 0.265110
v 0.732689 0.700278 0.274226
v 0.722351 0.682743 0.287202
v 0.707213 0.694123 0.284636
v 0.735112 0.672030 0.290779
v 0.728794 0.656120 0.293964
v 0.715673 0.667707 0.296747
v 0.740212 0.645883 0.291247
v 0.721522 0.641811 0.289716
v 0.708489 0.653078 0.293251
v 0.714282 0.628932 0.287427
v 0.698737 0.641450 0.289482
v 0.688430 0.702674 0.280041
v 0.672135 0.705575 0.271313
v 0.661998 0.695760 0.258761
v 0.655939 0.679394 0.275073
v 0.650640 0.666553 0.263326
v 0.657244 0.681261 0.246692
v 0.742088 0.618122 0.262600
v 0.736053 0.596711 0.299258
v 0.711202 1.165633 0.198592
v 0.662995 0.641308 0.420083
v 0.665367 0.575519 0.446000
v 0.658789 0.559847 0.447260
v 0.652619 0.543312 0.447857
v 0.647765 0.631417 0.479375
v 0.652637 0.624425 0.470951
v 0.640112 0.629142 0.462638
v 0.636965 0.634539 0.472176
v 0.639107 0.619056 0.456545
v 0.632162 0.607137 0.464233
v 0.625315 0.601651 0.476412
v 0.634336 0.617597 0.489029
v 0.641832 0.628306 0.505801
v 0.624756 0.638908 0.467254
v 0.610282 0.638415 0.467443
v 0.609626 0.646362 0.476331
v 0.655730 0.662738 0.448731
v 0.651285 0.672497 0.448656
v 0.603665 0.559568 0.485805
v 0.602104 0.567085 0.476785
v 0.064352 0.881379 0.859710
v 0.042271 0.918416 0.851581
v 0.741850 0.452291 0.171648
v 0.765041 0.504389 0.141110
v 0.741415 0.455757 0.170007
v 0.793497 0.508892 0.091045
v 0.266225 1.423720 0.698141
v 0.072249 0.947707 0.855426
v 0.536107 0.211346 0.196877
v -0.267447 1.422765 0.700044
v -0.267100 1.423026 0.698768
v -0.266705 1.422822 0.698903
v -0.784605 0.511449 0.133907
v -0.784845 0.515456 0.138264
v -0.784830 0.513336 0.134228
v -0.784605 0.511449 0.133907
v -0.784830 0.513336 0.134228
v -0.785980 0.513008 0.132962
v 0.265670 1.422822 0.698903
v 0.266064 1.423026 0.698768
v 0.266411 1.422765 0.700044
v 0.737087 0.441719 0.177135
v 0.738763 0.449372 0.179421
v 0.739742 0.459323 0.176537
v 0.783794 0.513336 0.134228
v 0.783810 0.515456 0.138264
v 0.783569 0.511449 0.133907
v 0.784944 0.513008 0.132962
v 0.783794 0.513336 0.134228
v 0.783569 0.511449 0.133907
v -0.266292 1.423741 0.696110
v -0.266705 1.422822 0.698903
v -0.267100 1.423026 0.698768
v 0.533322 0.211492 0.191408
v 0.536107 0.211346 0.196877
v 0.536007 0.211048 0.194384
v 0.602104 0.567085 0.476785
v 0.594504 0.560293 0.477421
v 0.597135 0.553205 0.476810
v 0.265670 1.422822 0.698903
v 0.266064 1.423026 0.698768
v 0.265256 1.423741 0.696110
v 0.536107 0.211346 0.196877
v 0.533322 0.211492 0.191408
v 0.537449 0.209412 0.174604
v -0.537143 0.211346 0.196877
v -0.534358 0.211492 0.191408
v -0.537042 0.211048 0.194384
v -0.598171 0.553205 0.476810
v -0.595540 0.560293 0.477421
v -0.603140 0.567085 0.476785
v -0.534358 0.211492 0.191408
v -0.537143 0.211346 0.196877
v -0.538485 0.209412 0.174604
vn 0.7402 0.3064 -0.5984
vn 0.1490 0.9694 -0.1951
vn -0.0000 0.9159 -0.4014
vn -0.0000 0.4923 -0.8704
vn -0.1067 0.9835 -0.1458
vn -0.0000 0.9868 -0.1618
vn 0.0065 0.8696 0.4937
vn -0.0000 0.8244 0.5659
vn -0.0000 0.7644 0.6448
vn -0.0869 0.7763 0.6243
vn 0.5910 -0.6537 0.4726
vn 0.4592 -0.7751 0.4340
vn -0.0000 -0.7951 0.6064
vn -0.0000 -0.5805 0.8143
vn 0.3489 -0.8200 0.4536
vn -0.0000 -0.8199 0.5725
vn 0.4405 0.6498 0.6194
vn -0.0000 0.7111 0.7031
vn -0.0000 -0.2879 0.9577
vn 0.6562 -0.0862 0.7497
vn -0.8595 -0.3596 0.3633
vn -0.7580 -0.4858 0.4353
vn -0.9071 -0.2707 0.3224
vn -0.8357 -0.3683 0.4074
vn -0.0781 -0.6770 0.7318
vn -0.9605 0.1294 -0.2463
vn -0.1866 -0.4425 0.8771
vn -0.5972 -0.1878 0.7798
vn -0.7174 0.6949 0.0491
vn -0.8243 0.2697 0.4979
vn -0.8988 -0.1276 0.4193
vn -0.8279 0.5226 0.2037
vn -0.6698 -0.5811 0.4623
vn -0.1021 -0.8473 0.5211
vn -0.5379 -0.7750 0.3317
vn -0.8199 -0.4333 0.3743
vn 0.4750 0.6034 -0.6406
vn -0.9743 -0.2161 -0.0643
vn 0.1830 0.3945 -0.9005
vn -0.8303 -0.3248 0.4529
vn 0.9986 -0.0131 0.0511
vn 0.9614 -0.0016 -0.2751
vn -0.1539 -0.8734 -0.4621
vn 0.0774 0.2891 -0.9542
vn 0.9683 -0.0352 -0.2472
vn 0.3623 0.3383 -0.8685
vn -0.8349 -0.2681 -0.4808
vn -0.0734 0.5267 -0.8469
vn -0.8504 0.5097 -0.1303
vn 0.2091 0.9544 -0.2130
vn 0.9760 -0.1875 0.1109
vn -0.8376 -0.3658 0.4058
vn -0.8504 -0.3345 0.4061
vn -0.9524 -0.1616 0.2585
vn -0.7996 -0.4002 0.4478
vn -0.8767 -0.3445 0.3358
vn -0.8601 -0.3359 0.3839
vn -0.8384 -0.3543 0.4142
vn -0.7195 0.4197 0.5534
vn -0.5305 0.7791 0.3340
vn -0.8604 0.5033 -0.0795
vn -0.9562 0.2918 -0.0221
vn -0.2238 0.9743 0.0271
vn -0.7733 0.5906 -0.2307
vn -0.9133 0.1257 -0.3875
vn -0.6692 -0.7326 0.1243
vn -0.7913 -0.3467 0.5037
vn -0.9895 -0.1186 0.0829
vn -0.9313 -0.2261 -0.2856
vn 0.0664 0.7565 -0.6507
vn -0.5412 0.6146 -0.5739
vn -0.0158 0.0201 -0.9997
vn -0.7086 0.1033 -0.6980
vn 0.3066 -0.3059 -0.9013
vn 0.0745 -0.8033 -0.5909
vn -0.2328 -0.5660 -0.7908
vn -0.1735 -0.2691 -0.9474
vn -0.7852 -0.2081 -0.5832
vn -0.6484 -0.7242 -0.2347
vn -0.3149 -0.9385 0.1415
vn -0.8249 0.2718 -0.4956
vn -0.9757 -0.1877 0.1132
vn -0.9361 0.1654 0.3103
vn -0.8104 0.5608 -0.1697
vn -0.7324 -0.2785 0.6212
vn -0.6317 0.3465 0.6935
vn -0.4553 0.7287 0.5116
vn -0.9824 -0.1547 0.1045
vn -0.9796 -0.1636 -0.1166
vn -0.8745 0.1370 0.4652
vn -0.7857 -0.4072 0.4656
vn -0.7404 -0.3503 0.5736
vn -0.6504 -0.4727 0.5946
vn -0.9791 0.1989 -0.0433
vn -0.9776 -0.1752 0.1167
vn -0.6607 -0.7228 -0.2028
vn -0.8179 -0.5302 0.2235
vn -0.8206 0.2302 0.5230
vn -0.6823 0.0493 0.7294
vn -0.6091 -0.3953 0.6876
vn 0.2090 -0.8091 0.5492
vn -0.4510 -0.7243 0.5215
vn -0.8373 0.4792 0.2632
vn -0.9058 0.1524 0.3954
vn -0.8652 -0.3392 0.3693
vn -0.8617 -0.3665 0.3510
vn -0.9268 -0.2119 0.3100
vn -0.4196 0.0558 0.9060
vn -0.1719 -0.2416 0.9550
vn -0.1791 0.0180 0.9837
vn -0.3521 0.4096 0.8416
vn -0.0808 -0.9549 0.2857
vn 0.0619 -0.9921 -0.1095
vn 0.0954 -0.9566 0.2754
vn 0.0293 -0.8231 0.5671
vn 0.1121 -0.9625 -0.2470
vn 0.1084 -0.9511 0.2892
vn -0.7455 0.3745 0.5513
vn 0.3294 -0.1474 0.9326
vn -0.0577 -0.1776 0.9824
vn -0.6135 0.5771 0.5391
vn -0.6976 0.4524 0.5556
vn -0.4022 0.3164 0.8591
vn -0.8604 -0.1447 0.4887
vn 0.0117 -0.1048 0.9944
vn 0.5302 0.0315 0.8473
vn 0.9385 -0.2729 0.2115
vn -0.6088 -0.5166 0.6021
vn 0.5233 -0.8398 0.1445
vn 0.8903 -0.4522 0.0540
vn 0.6107 -0.2832 0.7395
vn 0.9097 0.4109 -0.0591
vn 0.4140 0.4666 0.7816
vn -0.7410 0.6647 0.0947
vn -0.8676 0.4812 0.1254
vn 0.1458 -0.8022 0.5790
vn 0.5457 -0.2150 0.8099
vn -0.8717 0.4873 0.0518
vn -0.9922 -0.1242 0.0135
vn -0.7515 -0.6592 -0.0273
vn 0.3071 -0.9489 0.0733
vn 0.8020 -0.5268 0.2814
vn -0.1840 0.9767 0.1101
vn -0.0366 0.8343 0.5502
vn 0.2923 0.8874 0.3565
vn 0.3740 0.8926 0.2518
vn 0.4316 0.8821 0.1886
vn 0.4022 0.8871 0.2266
vn 0.4430 0.8824 0.1585
vn 0.4459 0.8823 0.1509
vn 0.4315 0.8884 0.1565
vn 0.2934 0.9560 -0.0055
vn 0.2929 0.9561 0.0019
vn 0.4414 0.8840 0.1541
vn -0.4537 -0.2147 -0.8649
vn -0.9414 0.1298 -0.3114
vn -0.7150 0.6478 -0.2628
vn -0.1179 0.5996 -0.7916
vn -0.2631 0.9524 -0.1539
vn 0.5118 0.7388 -0.4384
vn 0.5823 -0.3107 -0.7513
vn 0.1984 -0.8513 -0.4857
vn -0.5827 -0.6514 -0.4859
vn -0.3523 -0.8835 -0.3086
vn -0.8349 -0.4667 -0.2918
vn 0.2583 -0.9171 -0.3036
vn -0.1334 -0.9516 -0.2769
vn 0.1961 -0.9096 -0.3662
vn 0.4732 -0.7713 -0.4257
vn 0.5930 -0.6243 -0.5085
vn 0.0624 -0.9281 -0.3670
vn -0.4639 -0.8535 -0.2374
vn -0.0000 -0.8926 -0.4509
vn -0.0000 -0.4487 -0.8937
vn -0.1086 0.9781 0.1777
vn -0.1469 0.9887 0.0308
vn -0.2843 0.9580 0.0384
vn -0.3096 0.9468 0.0880
vn -0.3297 0.8362 -0.4383
vn -0.6279 0.7149 -0.3076
vn -0.7359 0.6407 -0.2191
vn -0.0708 0.8950 0.4404
vn -0.1264 0.8801 0.4576
vn -0.1029 0.8057 0.5834
vn -0.1029 0.8245 0.5565
vn -0.4832 0.5870 0.6495
vn -0.3002 0.3858 0.8724
vn -0.2362 0.3511 0.9060
vn -0.9942 0.0911 -0.0573
vn -0.6009 -0.3620 0.7127
vn -0.5520 0.4623 0.6940
vn -0.6232 0.6805 0.3854
vn 0.7734 -0.1468 0.6167
vn 0.4297 0.5008 0.7514
vn 0.5298 0.3209 0.7851
vn 0.4467 -0.7167 0.5355
vn 0.0074 0.7827 0.6223
vn 0.2862 0.5548 0.7812
vn -0.0000 0.9876 0.1573
vn -0.0384 0.9737 0.2247
vn 0.1360 0.9785 0.1550
vn 0.2235 0.9646 0.1401
vn 0.2659 0.9588 0.0996
vn 0.0422 0.9874 -0.1527
vn 0.1578 0.9617 -0.2240
vn -0.2650 0.9301 -0.2541
vn 0.1659 0.9390 -0.3013
vn 0.1652 0.9437 -0.2867
vn 0.1692 0.9564 -0.2381
vn 0.1903 0.9572 -0.2180
vn 0.1625 0.9683 -0.1899
vn 0.3804 0.9244 -0.0267
vn 0.3149 0.9491 -0.0020
vn 0.3725 0.9277 0.0234
vn 0.3883 0.9214 -0.0150
vn 0.0555 0.7109 -0.7011
vn 0.3902 0.9131 -0.1187
vn 0.2150 0.9133 -0.3459
vn 0.4346 0.9004 -0.0223
vn 0.1543 0.9874 0.0337
vn -0.3282 0.0293 0.9441
vn -0.7463 0.2613 0.6122
vn -0.4046 0.1785 0.8969
vn -0.3180 0.0127 0.9480
vn -0.8865 0.4477 0.1170
vn -0.4465 0.7591 0.4737
vn 0.6470 -0.5861 0.4878
vn 0.5083 0.4804 0.7147
vn 0.2658 0.0723 0.9613
vn 0.7031 -0.5171 0.4881
vn -0.0118 0.0348 0.9993
vn -0.0769 0.9189 0.3868
vn 0.0389 0.9305 0.3643
vn 0.1593 0.9416 0.2965
vn -0.0000 0.9829 0.1843
vn -0.7867 -0.6172 0.0121
vn -0.9533 -0.2918 -0.0780
vn -0.9107 -0.4129 -0.0135
vn -0.6490 -0.7571 0.0749
vn -0.9233 -0.3534 0.1502
vn -0.9639 -0.1462 0.2223
vn -0.9649 -0.2444 0.0965
vn -0.8620 -0.1322 0.4893
vn -0.7568 -0.4784 -0.4455
vn -0.6043 -0.6131 -0.5088
vn -0.8904 -0.2539 -0.3777
vn -0.9275 -0.1907 -0.3215
vn -0.5207 -0.0884 -0.8492
vn -0.8075 0.1557 -0.5690
vn -0.9121 0.3991 0.0938
vn -0.9321 0.3600 0.0397
vn -0.8970 0.2402 -0.3712
vn -0.9326 -0.1428 -0.3315
vn -0.8896 0.4556 0.0340
vn -0.5886 -0.6236 -0.5145
vn -0.3872 -0.6846 -0.6176
vn -0.3446 -0.2652 -0.9005
vn -0.5397 -0.4022 -0.7395
vn -0.3173 -0.6307 -0.7082
vn -0.2596 -0.2255 -0.9390
vn -0.3682 -0.1956 -0.9090
vn -0.2963 -0.0119 -0.9550
vn -0.4160 -0.9016 0.1185
vn -0.4872 -0.7217 0.4918
vn -0.3827 -0.5889 0.7119
vn -0.3705 -0.9064 0.2028
vn -0.2816 -0.1852 0.9415
vn -0.2656 -0.2978 0.9169
vn -0.3331 -0.3674 0.8684
vn -0.4672 -0.2615 0.8446
vn -0.8603 0.3410 0.3790
vn -0.9068 0.2607 0.3313
vn -0.3446 0.8844 0.3148
vn -0.2919 0.9055 0.3079
vn -0.2185 0.9461 0.2392
vn -0.3646 0.9074 0.2090
vn -0.4445 0.5213 -0.7284
vn -0.6949 0.5715 -0.4364
vn -0.4099 -0.1509 -0.8996
vn -0.4437 0.3001 -0.8444
vn -0.2518 0.9136 -0.3194
vn -0.1963 0.9238 -0.3289
vn -0.0620 0.9899 0.1274
vn -0.0465 0.9883 0.1450
vn -0.5366 0.8010 0.2656
vn -0.9052 0.0939 0.4144
vn -0.8638 -0.1031 0.4932
vn -0.2582 0.9418 0.2152
vn -0.0162 0.9930 0.1170
vn -0.4292 -0.9030 0.0166
vn -0.9224 0.3521 0.1587
vn -0.0266 0.9996 0.0116
vn -0.0716 0.9962 0.0498
vn -0.0389 0.9941 0.1015
vn -0.0088 0.9969 0.0782
vn -0.0294 0.9932 0.1126
vn -0.6053 0.6125 0.5083
vn -0.3538 0.8742 0.3326
vn -0.4575 0.8794 0.1318
vn -0.5433 0.3832 0.7469
vn -0.9153 0.0469 0.4000
vn -0.7801 0.6249 0.0297
vn -0.4702 0.8749 0.1159
vn -0.6484 0.7194 0.2493
vn -0.6632 0.6840 0.3038
vn -0.6627 0.6780 0.3181
vn -0.7795 0.5732 0.2526
vn -0.7999 0.4150 0.4335
vn -0.6536 0.7047 0.2761
vn -0.6408 0.7116 0.2881
vn -0.6439 0.7124 0.2792
vn -0.6575 0.6897 0.3034
vn -0.6535 0.6874 0.3167
vn -0.6528 0.6853 0.3229
vn -0.8083 -0.4872 0.3305
vn -0.7477 -0.3962 0.5329
vn -0.8478 -0.3726 0.3773
vn -0.1523 -0.3872 -0.9093
vn -0.5781 -0.7855 0.2209
vn -0.6021 -0.7694 0.2134
vn -0.6270 -0.7441 0.2306
vn -0.5896 -0.7738 0.2314
vn -0.2509 -0.3527 0.9015
vn 0.2421 0.1623 0.9566
vn -0.5751 -0.7890 0.2159
vn -0.6049 -0.7667 0.2151
vn -0.6658 -0.7200 0.1958
vn -0.6435 -0.7402 0.1948
vn -0.6661 -0.7112 0.2247
vn -0.6475 -0.6883 -0.3271
vn -0.6457 -0.6688 -0.3685
vn -0.6450 -0.6903 -0.3276
vn -0.6302 -0.7247 -0.2787
vn -0.6324 -0.7302 -0.2584
vn -0.6354 -0.6938 -0.3390
vn -0.6347 -0.6571 -0.4067
vn -0.9790 -0.1975 0.0499
vn -0.8771 -0.3940 0.2747
vn -0.8467 -0.3804 0.3719
vn -0.6419 0.6867 0.3411
vn -0.6206 0.7007 0.3520
vn -0.6859 0.6865 0.2411
vn -0.6625 -0.7138 0.2272
vn -0.6704 -0.7071 0.2247
vn -0.6720 -0.7050 0.2266
vn -0.6652 -0.7112 0.2275
vn -0.6700 -0.7074 0.2250
vn -0.6661 -0.7108 0.2258
vn -0.6518 -0.7259 0.2196
vn -0.7329 -0.3920 0.5561
vn -0.4123 0.1806 0.8930
vn -0.6918 0.6911 0.2095
vn -0.9654 0.2178 -0.1438
vn 0.1404 0.6609 0.7372
vn -0.1334 0.9829 -0.1267
vn -0.2946 0.6046 -0.7401
vn -0.3707 -0.6300 0.6824
vn -0.2114 -0.1732 0.9619
vn 0.2106 0.0058 0.9776
vn 0.2373 -0.6977 0.6760
vn 0.2715 -0.3621 0.8917
vn -0.3687 -0.5363 0.7592
vn -0.0392 -0.7526 0.6574
vn 0.5355 -0.6337 0.5583
vn -0.7828 -0.6085 -0.1301
vn -0.2334 -0.9628 -0.1360
vn 0.1222 -0.8675 -0.4821
vn -0.3127 0.6525 -0.6902
vn -0.9313 0.0799 -0.3555
vn -0.6670 0.0855 -0.7402
vn -0.2851 0.6932 -0.6619
vn -0.2856 0.6075 -0.7412
vn 0.1491 -0.8329 -0.5329
vn 0.6538 -0.6027 0.4576
vn 0.1575 -0.6670 -0.7282
vn 0.7311 -0.6814 0.0360
vn 0.4774 -0.3508 0.8056
vn 0.4759 -0.6249 0.6189
vn 0.5780 -0.5481 0.6046
vn 0.7701 -0.5061 0.3884
vn -0.8537 -0.5135 0.0873
vn -0.5163 -0.4215 -0.7455
vn -0.7946 -0.4886 0.3604
vn -0.2875 0.7281 -0.6223
vn -0.4053 0.3026 -0.8626
vn -0.3857 -0.3357 -0.8594
vn 0.2426 -0.6715 0.7001
vn -0.2972 0.3628 -0.8832
vn -0.3311 -0.2206 -0.9175
vn 0.2300 0.1407 -0.9630
vn 0.8275 -0.1983 -0.5252
vn 0.9706 -0.0819 -0.2264
vn 0.3402 0.6408 -0.6882
vn 0.6183 0.1459 0.7723
vn -0.3631 -0.5426 0.7575
vn -0.4368 0.3773 0.8166
vn 0.2633 0.8132 0.5189
vn -0.1230 0.9090 -0.3981
vn -0.8318 0.5348 -0.1487
vn -0.9211 -0.2522 0.2967
vn -0.8915 -0.2525 0.3761
vn -0.9293 -0.3004 0.2147
vn -0.6345 0.1135 -0.7645
vn -0.6115 0.7390 0.2827
vn -0.6530 0.7052 0.2762
vn -0.9152 -0.3539 0.1929
vn -0.8709 -0.3775 0.3147
vn -0.9265 -0.2966 0.2316
vn -0.9096 -0.3031 0.2842
vn -0.8841 -0.2409 0.4004
vn -0.8518 -0.3067 0.4247
vn -0.1143 0.6686 -0.7348
vn 0.6435 0.4791 -0.5970
vn 0.9912 -0.1324 -0.0035
vn 0.8765 0.1891 0.4428
vn -0.4519 -0.1276 0.8829
vn -0.1238 0.3607 0.9244
vn -0.7464 -0.4793 0.4617
vn -0.3387 -0.3707 0.8648
vn 0.1702 0.0464 0.9843
vn -0.6048 0.7476 0.2746
vn -0.7146 0.6377 0.2874
vn -0.7399 0.5977 0.3088
vn -0.6986 0.6587 0.2794
vn -0.6673 0.7118 0.2193
vn 0.1628 -0.6227 -0.7653
vn -0.2094 -0.9714 -0.1118
vn -0.5549 -0.4415 -0.7051
vn -0.1774 -0.1243 -0.9763
vn -0.5639 -0.7747 0.2862
vn -0.8501 -0.3264 -0.4133
vn -0.5745 0.1414 -0.8062
vn -0.7621 0.2143 -0.6110
vn -0.7002 0.4407 -0.5617
vn -0.4324 0.6887 -0.5820
vn -0.7186 0.3279 -0.6133
vn -0.6302 0.7032 -0.3292
vn -0.4191 0.7356 -0.5321
vn 0.0128 0.0352 -0.9993
vn 0.1344 0.0615 -0.9890
vn 0.0707 -0.9712 0.2276
vn 0.3000 -0.9409 0.1574
vn 0.0253 0.4645 -0.8852
vn -0.1560 0.0799 -0.9845
vn -0.2328 0.6952 -0.6801
vn -0.6110 0.2774 -0.7415
vn -0.9648 -0.2255 -0.1354
vn -0.8867 -0.3292 -0.3248
vn -0.5575 0.7711 0.3076
vn -0.9279 0.2920 0.2320
vn -0.7631 -0.0571 0.6437
vn -0.6338 -0.5378 0.5559
vn -0.9889 -0.1479 0.0107
vn 0.2247 -0.7871 -0.5745
vn 0.7420 -0.5654 0.3603
vn 0.2173 -0.6108 0.7614
vn 0.0769 0.6379 0.7663
vn 0.1538 0.9140 0.3754
vn -0.2646 0.9437 0.1983
vn -0.0046 0.8937 -0.4487
vn -0.4958 0.7456 -0.4452
vn -0.8610 -0.2227 0.4572
vn -0.8174 -0.3894 0.4245
vn -0.8735 -0.2920 0.3895
vn -0.5577 0.8100 0.1812
vn -0.6423 0.7639 0.0625
vn -0.3102 0.9481 0.0693
vn -0.5627 0.8256 -0.0421
vn -0.2373 0.9547 0.1794
vn -0.8831 -0.3672 0.2921
vn -0.8518 -0.3461 0.3931
vn -0.8342 -0.4154 0.3628
vn -0.8872 -0.3798 0.2619
vn -0.8519 -0.3959 0.3428
vn -0.8684 -0.3933 0.3021
vn -0.9249 -0.3799 -0.0158
vn -0.8518 -0.3670 0.3738
vn -0.8424 -0.3452 0.4137
vn -0.8538 -0.3229 0.4084
vn -0.6981 0.6582 0.2819
vn -0.6918 0.6207 0.3689
vn -0.7211 0.6311 0.2858
vn -0.8985 0.4367 0.0453
vn -0.7086 0.6444 0.2873
vn -0.9625 0.2005 0.1828
vn -0.6830 0.6534 0.3266
vn -0.3183 0.8903 0.3256
vn -0.8243 0.3784 0.4211
vn -0.9779 -0.0967 0.1852
vn -0.6131 0.7877 -0.0600
vn -0.8842 -0.3235 0.3370
vn -0.8903 -0.3101 0.3334
vn -0.7963 0.3189 -0.5141
vn -0.9506 -0.3091 0.0276
vn 0.3019 0.3059 0.9029
vn 0.3701 0.4539 0.8106
vn 0.0223 -0.0450 0.9987
vn -0.5648 -0.5875 0.5795
vn -0.3922 -0.7699 0.5035
vn -0.2213 -0.7183 0.6596
vn -0.2782 -0.5554 0.7837
vn 0.2293 -0.7344 0.6388
vn 0.2543 -0.3907 0.8847
vn -0.4794 0.6478 0.5921
vn -0.3146 0.8854 0.3421
vn -0.4338 0.8971 -0.0837
vn -0.4665 0.8729 -0.1425
vn -0.2979 0.8910 0.3426
vn -0.2954 0.7098 0.6395
vn -0.6749 0.7159 0.1786
vn -0.9928 0.1041 0.0599
vn -0.9311 0.2888 -0.2227
vn -0.8111 -0.2475 -0.5300
vn -0.8322 -0.3094 -0.4602
vn -0.3809 0.1378 -0.9143
vn -0.4662 -0.3383 -0.8174
vn -0.3216 -0.3606 -0.8755
vn -0.7216 0.6804 -0.1277
vn -0.7681 0.5534 0.3220
vn -0.8735 0.1144 0.4731
vn -0.8693 0.1859 0.4579
vn -0.9817 0.1482 -0.1200
vn -0.5941 0.4751 0.6491
vn -0.8656 0.1316 -0.4831
vn -0.5077 0.0097 -0.8615
vn -0.4827 0.4126 -0.7725
vn -0.8193 0.2542 -0.5139
vn -0.0230 -0.1994 -0.9796
vn -0.5638 0.6574 0.4998
vn -0.5441 0.5665 0.6189
vn -0.1343 0.8948 0.4257
vn -0.1098 0.8823 0.4577
vn -0.1926 0.3739 0.9072
vn 0.0841 0.8286 0.5536
vn 0.0022 0.8560 0.5170
vn -0.2357 0.0493 -0.9706
vn -0.3934 0.4085 -0.8236
vn -0.7645 0.1012 -0.6366
vn -0.2042 0.9645 -0.1677
vn -0.1951 0.6159 -0.7633
vn -0.2080 0.7214 -0.6606
vn -0.4601 0.8855 -0.0651
vn -0.0993 0.0426 -0.9941
vn -0.2317 0.5655 -0.7916
vn -0.1375 0.3156 -0.9389
vn 0.0300 0.0896 -0.9955
vn -0.1594 -0.2088 -0.9649
vn -0.5215 -0.0276 -0.8528
vn 0.1315 -0.3475 -0.9284
vn -0.1519 -0.5518 -0.8200
vn -0.6318 -0.5366 -0.5595
vn 0.0217 -0.2967 -0.9547
vn 0.1759 -0.3547 -0.9183
vn -0.8340 -0.4919 0.2501
vn -0.7352 -0.6674 0.1186
vn -0.4650 -0.7979 0.3836
vn -0.5195 -0.6493 0.5554
vn -0.3805 -0.9130 -0.1470
vn -0.1314 -0.9399 0.3153
vn -0.0482 -0.7436 0.6669
vn -0.0717 -0.2041 0.9763
vn -0.2149 -0.0336 0.9761
vn -0.3678 -0.0967 0.9249
vn -0.2598 -0.0940 0.9611
vn 0.1306 -0.4936 -0.8598
vn -0.5309 0.3145 -0.7869
vn -0.6077 -0.4821 -0.6311
vn 0.0202 0.3760 0.9264
vn 0.2286 0.3233 0.9183
vn 0.1133 -0.2129 0.9705
vn -0.0580 -0.1786 0.9822
vn -0.1301 0.0435 0.9905
vn -0.0808 0.0970 0.9920
vn 0.4216 -0.7340 0.5325
vn 0.3180 -0.3082 0.8966
vn 0.5306 -0.0498 0.8462
vn 0.3378 0.4401 0.8320
vn -0.5067 -0.2261 0.8320
vn 0.1894 0.6826 0.7059
vn 0.3045 0.6693 0.6778
vn 0.2569 0.7066 0.6593
vn 0.2893 0.6863 0.6673
vn 0.2906 0.6777 0.6755
vn 0.3548 0.8779 -0.3215
vn 0.0720 0.6750 -0.7343
vn -0.2420 0.6351 -0.7336
vn 0.1869 0.9779 -0.0939
vn -0.0657 0.8565 -0.5119
vn -0.3643 0.7222 -0.5879
vn -0.6523 0.7081 0.2704
vn -0.6564 0.7217 0.2198
vn -0.6684 0.7378 0.0944
vn -0.8566 -0.3825 0.3463
vn -0.8544 -0.4520 0.2564
vn -0.5723 -0.8079 -0.1405
vn -0.8463 -0.4164 0.3321
vn -0.8971 -0.2621 0.3556
vn -0.8638 -0.3360 0.3753
vn -0.9419 0.2998 -0.1513
vn -0.9242 -0.1193 0.3628
vn -0.1169 0.9337 -0.3385
vn -0.9249 -0.3790 0.0320
vn -0.8555 -0.3346 0.3952
vn -0.7060 0.5740 0.4148
vn -0.7039 0.5912 0.3936
vn -0.9372 0.0532 -0.3447
vn -0.7360 0.6070 -0.2997
vn -0.5761 0.8174 -0.0020
vn -0.6550 0.6909 0.3060
vn -0.6916 0.6170 0.3755
vn 0.4467 0.7993 0.4020
vn 0.9358 -0.3414 0.0885
vn 0.2473 0.7443 0.6204
vn 0.3588 -0.6591 -0.6610
vn 0.3948 -0.1293 -0.9096
vn 0.5762 -0.6675 -0.4716
vn 0.8019 0.3538 -0.4813
vn -0.1158 0.9292 -0.3510
vn 0.0842 0.3213 -0.9432
vn 0.6648 0.7125 0.2246
vn -0.1151 0.9258 0.3601
vn -0.9728 -0.2149 0.0861
vn -0.5906 0.1949 -0.7831
vn -0.9934 -0.0488 0.1039
vn -0.9001 0.0437 0.4335
vn -0.2016 -0.9701 -0.1355
vn -0.3742 -0.9215 -0.1040
vn -0.5557 -0.8161 -0.1585
vn -0.8609 -0.3605 0.3591
vn -0.8190 0.3441 -0.4592
vn -0.8756 0.2729 -0.3986
vn -0.8932 0.2618 -0.3655
vn -0.8137 0.3375 -0.4733
vn -0.9300 0.1681 -0.3269
vn -0.9305 0.1906 -0.3128
vn -0.9354 0.2036 -0.2890
vn -0.9344 0.2466 -0.2571
vn -0.7756 0.4869 -0.4017
vn -0.8532 0.4218 -0.3069
vn -0.8920 0.4124 -0.1850
vn 0.2421 0.2466 0.9384
vn -0.3810 -0.0264 0.9242
vn -0.6815 0.2254 0.6962
vn -0.1004 0.7530 0.6503
vn -0.8283 -0.3138 0.4642
vn -0.8469 -0.3015 0.4380
vn -0.8743 -0.2682 0.4046
vn -0.8590 -0.2873 0.4238
vn -0.8757 -0.2912 0.3851
vn 0.9523 -0.3051 0.0006
vn -0.6979 -0.3181 0.6417
vn 0.9291 -0.3271 -0.1725
vn -0.8443 -0.1997 0.4972
vn -0.9529 0.1888 -0.2373
vn -0.9517 0.3066 -0.0137
vn -0.6327 0.3541 0.6887
vn -0.9259 0.2977 -0.2327
vn -0.6478 0.7355 0.1987
vn -0.9193 0.2461 -0.3071
vn 0.4458 0.5996 0.6646
vn 0.2267 0.7630 0.6053
vn 0.8495 -0.0359 0.5264
vn 0.9015 0.1565 0.4034
vn -0.1580 -0.1175 0.9804
vn -0.6003 -0.3497 0.7192
vn -0.6620 0.6580 0.3587
vn -0.6571 0.6516 0.3791
vn -0.2875 0.6978 0.6560
vn -0.3528 0.5526 0.7551
vn 0.2328 0.7916 0.5649
vn -0.5020 0.7627 0.4079
vn -0.9271 -0.2831 -0.2457
vn -0.7911 -0.2914 -0.5379
vn -0.9346 0.2410 -0.2617
vn -0.9369 0.2498 -0.2445
vn -0.9187 0.1974 -0.3419
vn -0.9339 0.2708 -0.2332
vn -0.5764 -0.1250 -0.8075
vn -0.6392 0.7656 -0.0721
vn -0.1636 0.7114 0.6835
vn 0.0694 0.1600 0.9847
vn -0.5853 0.3174 0.7461
vn -0.8361 -0.2959 0.4620
vn -0.8525 -0.3285 0.4067
vn -0.8620 -0.3310 0.3840
vn -0.8676 -0.3091 0.3895
vn -0.7607 -0.3178 0.5660
vn -0.8471 -0.3772 0.3744
vn -0.8697 -0.4107 0.2738
vn -0.8555 -0.3632 0.3690
vn -0.8484 -0.3452 0.4012
vn -0.8406 -0.3773 0.3887
vn 0.2112 -0.8604 -0.4638
vn -0.8159 -0.5405 0.2054
vn -0.3148 -0.8642 0.3924
vn 0.6069 -0.7770 0.1671
vn -0.7210 -0.4260 0.5465
vn 0.4085 -0.5770 0.7072
vn -0.8241 -0.4052 0.3958
vn -0.7294 -0.5403 0.4196
vn -0.7933 -0.3462 0.5008
vn 0.0906 -0.9943 -0.0565
vn -0.3447 -0.7324 0.5871
vn -0.8096 -0.3572 0.4658
vn -0.7646 -0.4822 0.4277
vn 0.2553 -0.9435 0.2111
vn -0.4214 -0.5648 0.7095
vn -0.8282 -0.3938 0.3987
vn -0.8576 -0.3813 0.3451
vn -0.8852 -0.3135 0.3437
vn -0.6110 -0.4668 0.6394
vn -0.9003 -0.2947 0.3204
vn -0.9064 -0.2847 0.3121
vn -0.8937 -0.3078 0.3266
vn 0.9605 -0.2288 0.1581
vn -0.8613 -0.3353 0.3818
vn -0.8656 -0.3031 0.3986
vn -0.8819 -0.2975 0.3657
vn -0.8874 -0.2960 0.3534
vn -0.9209 -0.1025 0.3762
vn -0.9045 -0.1678 0.3922
vn -0.8587 -0.3691 0.3556
vn -0.8593 -0.3694 0.3538
vn -0.9014 -0.1926 0.3878
vn -0.8728 -0.3361 0.3539
vn -0.8698 -0.3436 0.3541
vn -0.8923 -0.2947 0.3420
vn -0.8940 -0.3091 0.3245
vn -0.8528 -0.3489 0.3885
vn -0.8882 0.3264 -0.3235
vn -0.9154 0.2411 -0.3224
vn -0.9118 0.2523 -0.3238
vn -0.8403 0.3524 -0.4119
vn -0.9274 0.2432 -0.2841
vn -0.8713 0.2620 -0.4149
vn -0.9232 0.2412 -0.2992
vn -0.3611 0.2606 -0.8954
vn -0.2758 0.7024 -0.6562
vn 0.3292 0.0951 -0.9395
vn 0.3656 0.7364 -0.5693
vn 0.2482 0.9682 0.0300
vn -0.5054 0.8326 -0.2264
vn 0.1337 0.7975 0.5884
vn 0.2874 0.9560 0.0585
vn 0.0413 0.8407 0.5399
vn -0.2837 0.3707 0.8844
vn -0.0959 0.2823 0.9545
vn -0.4948 -0.4429 0.7476
vn -0.4133 -0.5052 0.7576
vn -0.3856 -0.8550 0.3467
vn -0.4984 -0.8088 0.3122
vn -0.9466 -0.3168 -0.0598
vn -0.4197 -0.9069 0.0384
vn -0.2391 -0.9527 0.1876
vn 0.1397 -0.8833 -0.4475
vn -0.0864 -0.8447 -0.5283
vn 0.3197 -0.3831 -0.8666
vn 0.1909 -0.4264 -0.8841
vn 0.3842 0.0280 -0.9228
vn 0.3864 0.0122 -0.9222
vn 0.4502 0.7210 -0.5268
vn 0.4543 0.7123 -0.5350
vn 0.1627 0.9831 0.0840
vn -0.2136 0.8581 0.4669
vn -0.5340 0.4103 0.7392
vn -0.6059 -0.4067 0.6837
vn -0.3961 -0.8467 0.3553
vn -0.9310 0.2442 -0.2713
vn -0.9318 0.2468 -0.2663
vn -0.9322 0.2543 -0.2576
vn -0.9326 0.2523 -0.2579
vn -0.9323 0.2602 -0.2512
vn -0.9319 0.2628 -0.2499
vn -0.9309 0.2659 -0.2505
vn -0.9126 0.3494 -0.2124
vn -0.9257 0.2949 -0.2370
vn -0.7984 0.5936 -0.1004
vn -0.8290 0.5419 -0.1384
vn -0.8695 0.4668 -0.1614
vn -0.6894 0.7232 -0.0414
vn -0.7326 0.6792 -0.0450
vn -0.7645 0.6402 -0.0761
vn -0.6976 0.7164 -0.0096
vn -0.6810 0.7317 -0.0304
vn -0.6275 0.7724 -0.0985
vn -0.7247 0.6697 -0.1624
vn -0.5718 0.8060 -0.1531
vn -0.6531 0.7202 -0.2341
vn -0.5533 0.8171 -0.1619
vn -0.6216 0.7471 -0.2357
vn -0.7434 0.5361 -0.3999
vn -0.7884 0.3746 -0.4880
vn -0.6098 0.7603 -0.2239
vn -0.7342 0.5560 -0.3897
vn -0.7851 0.3789 -0.4900
vn -0.7894 0.3681 -0.4913
vn -0.7875 0.3749 -0.4892
vn -0.7432 0.5372 -0.3988
vn -0.7872 0.3884 -0.4790
vn -0.7918 0.3867 -0.4728
vn -0.7914 0.3663 -0.4894
vn -0.7967 0.3616 -0.4842
vn -0.6892 0.4263 -0.5859
vn -0.6737 0.4005 -0.6211
vn -0.6591 0.3724 -0.6533
vn -0.7886 0.3635 -0.4959
vn -0.6345 0.3694 -0.6790
vn -0.4552 0.3963 -0.7973
vn -0.4480 0.3651 -0.8161
vn -0.4339 0.3539 -0.8285
vn -0.6044 0.3651 -0.7081
vn -0.4211 0.3515 -0.8362
vn -0.3764 0.3584 -0.8543
vn -0.3764 0.3485 -0.8584
vn -0.3885 0.3672 -0.8452
vn -0.4223 0.3466 -0.8376
vn -0.4082 0.3513 -0.8426
vn -0.3936 0.3627 -0.8447
vn -0.3982 0.3843 -0.8330
vn -0.4020 0.3467 -0.8475
vn -0.4122 0.3356 -0.8470
vn -0.3945 0.3280 -0.8584
vn -0.4016 0.3691 -0.8382
vn -0.3930 0.3376 -0.8553
vn -0.3882 0.3125 -0.8670
vn -0.3817 0.2371 -0.8933
vn -0.3769 0.1790 -0.9088
vn -0.3952 0.3387 -0.8539
vn -0.3912 0.2818 -0.8761
vn -0.3620 0.1093 -0.9258
vn -0.3470 0.0323 -0.9373
vn -0.3280 -0.0031 -0.9447
vn -0.3901 0.2206 -0.8939
vn -0.3489 0.0365 -0.9364
vn -0.3247 -0.0170 -0.9456
vn -0.3181 -0.0147 -0.9479
vn -0.3256 -0.0138 -0.9454
vn -0.3439 -0.0073 -0.9390
vn -0.3394 -0.0172 -0.9405
vn -0.3411 -0.0119 -0.9399
vn -0.3294 -0.0093 -0.9441
vn -0.3386 -0.0094 -0.9409
vn -0.3417 -0.0151 -0.9397
vn -0.3380 -0.0144 -0.9410
vn -0.3305 -0.0152 -0.9437
vn -0.3340 -0.0106 -0.9425
vn -0.3248 -0.0151 -0.9457
vn -0.3007 -0.0167 -0.9536
vn -0.2994 -0.0211 -0.9539
vn -0.2896 -0.0178 -0.9570
vn -0.3342 -0.0260 -0.9422
vn -0.2904 -0.0150 -0.9568
vn -0.0000 -0.0248 -0.9997
vn -0.0000 -0.0197 -0.9998
vn -0.0000 -0.0139 -0.9999
vn -0.3086 -0.1544 -0.9386
vn -0.0000 -0.1550 -0.9879
vn -0.3225 -0.3823 -0.8660
vn -0.3235 -0.3300 -0.8868
vn -0.0000 -0.3478 -0.9376
vn -0.0000 -0.4065 -0.9136
vn -0.3496 -0.3772 -0.8576
vn -0.3526 -0.3250 -0.8775
vn -0.3527 -0.1601 -0.9219
vn -0.3642 -0.3101 -0.8782
vn -0.3691 -0.1664 -0.9144
vn -0.3477 -0.0523 -0.9362
vn -0.3833 -0.1786 -0.9062
vn -0.3596 -0.0851 -0.9292
vn -0.3364 -0.0143 -0.9416
vn -0.3699 -0.1219 -0.9210
vn -0.3375 -0.0386 -0.9405
vn -0.3203 -0.0162 -0.9472
vn -0.3441 -0.0725 -0.9361
vn -0.3273 -0.0242 -0.9446
vn -0.3279 -0.0088 -0.9447
vn -0.3449 -0.0394 -0.9378
vn -0.3392 0.0012 -0.9407
vn -0.3572 0.0845 -0.9302
vn -0.3537 0.0115 -0.9353
vn -0.3728 0.1467 -0.9162
vn -0.3999 0.2895 -0.8696
vn -0.3974 0.2131 -0.8926
vn -0.4170 0.3263 -0.8483
vn -0.4260 0.3366 -0.8398
vn -0.4649 0.3535 -0.8117
vn -0.5136 0.3569 -0.7803
vn -0.5664 0.3590 -0.7418
vn -0.6979 0.3753 -0.6100
vn -0.7424 0.3674 -0.5602
vn -0.7719 0.3646 -0.5207
vn -0.7916 0.3658 -0.4895
vn -0.7911 0.3677 -0.4889
vn -0.7897 0.3742 -0.4862
vn -0.7897 0.3618 -0.4954
vn -0.7825 0.3771 -0.4954
vn -0.7847 0.3753 -0.4934
vn -0.8282 0.3329 -0.4509
vn -0.8229 0.3448 -0.4517
vn -0.8820 0.2711 -0.3855
vn -0.8788 0.2726 -0.3917
vn -0.9115 0.2279 -0.3423
vn -0.8835 0.2565 -0.3919
vn -0.8322 0.3160 -0.4556
vn -0.8900 0.2526 -0.3797
vn -0.8379 0.3145 -0.4460
vn -0.7982 0.3557 -0.4862
vn -0.8504 0.3064 -0.4277
vn -0.8071 0.3558 -0.4711
vn -0.7888 0.3712 -0.4899
vn -0.8231 0.3351 -0.4584
vn -0.7900 0.3615 -0.4952
vn -0.6601 0.3729 -0.6521
vn -0.8002 0.3117 -0.5124
vn -0.6238 0.3225 -0.7119
vn -0.4237 0.2744 -0.8633
vn -0.6156 0.0299 -0.7875
vn -0.4003 0.0353 -0.9157
vn -0.3801 0.0228 -0.9247
vn -0.3963 -0.1788 -0.9005
vn -0.3966 -0.1323 -0.9084
vn -0.3693 -0.0771 -0.9261
vn -0.4166 -0.2169 -0.8828
vn -0.4075 -0.1737 -0.8966
vn -0.3729 -0.1139 -0.9209
vn -0.4312 -0.2187 -0.8753
vn -0.4049 -0.1968 -0.8929
vn -0.3717 -0.1599 -0.9145
vn -0.4186 -0.2171 -0.8819
vn -0.3899 -0.2072 -0.8973
vn -0.3922 -0.1937 -0.8992
vn -0.3905 -0.2577 -0.8838
vn -0.3924 -0.2711 -0.8789
vn -0.3835 -0.2895 -0.8770
vn -0.3749 -0.3630 -0.8531
vn -0.3699 -0.3783 -0.8486
vn -0.3556 -0.3805 -0.8537
vn -0.3630 -0.3849 -0.8486
vn -0.3586 -0.3892 -0.8485
vn -0.3513 -0.3883 -0.8519
vn -0.3569 -0.4451 -0.8213
vn -0.3498 -0.4496 -0.8219
vn -0.3181 -0.3912 -0.8636
vn -0.3176 -0.4597 -0.8294
vn -0.3376 -0.6397 -0.6905
vn -0.3119 -0.6505 -0.6925
vn -0.0000 -0.4115 -0.9114
vn -0.0000 -0.4881 -0.8728
vn -0.0000 -0.6904 -0.7234
vn -0.2980 -0.7666 -0.5688
vn -0.0000 -0.8041 -0.5946
vn -0.2720 -0.7658 -0.5828
vn -0.2852 -0.7708 -0.5697
vn -0.0000 -0.8064 -0.5914
vn -0.0000 -0.7969 -0.6042
vn -0.2959 -0.7575 -0.5819
vn -0.3075 -0.7606 -0.5717
vn -0.3168 -0.7598 -0.5677
vn -0.3168 -0.7548 -0.5744
vn -0.3212 -0.7556 -0.5709
vn -0.3436 -0.6344 -0.6924
vn -0.3216 -0.7512 -0.5764
vn -0.3407 -0.6303 -0.6976
vn -0.3542 -0.4383 -0.8261
vn -0.3404 -0.6300 -0.6980
vn -0.3494 -0.4300 -0.8325
vn -0.3576 -0.3690 -0.8579
vn -0.3448 -0.4313 -0.8337
vn -0.3494 -0.3491 -0.8695
vn -0.3717 -0.3357 -0.8655
vn -0.3518 -0.3290 -0.8764
vn -0.3781 -0.2992 -0.8761
vn -0.4079 -0.2404 -0.8808
vn -0.3867 -0.2591 -0.8851
vn -0.4151 -0.2123 -0.8847
vn -0.4300 -0.2121 -0.8776
vn -0.4019 -0.1936 -0.8950
vn -0.4064 -0.1968 -0.8923
vn -0.4146 -0.2120 -0.8850
vn -0.3868 -0.1899 -0.9024
vn -0.3862 -0.1962 -0.9013
vn -0.3963 -0.2142 -0.8928
vn -0.5877 -0.2222 -0.7780
vn -0.5908 -0.2283 -0.7739
vn -0.5875 -0.2182 -0.7793
vn -0.8100 -0.2460 -0.5324
vn -0.8040 -0.2354 -0.5461
vn -0.8341 0.0280 -0.5510
vn -0.8479 -0.2379 -0.4739
vn -0.8812 0.0145 -0.4725
vn -0.8488 0.2787 -0.4493
vn -0.8893 0.0083 -0.4572
vn -0.8804 0.2501 -0.4030
vn -0.8670 0.2874 -0.4070
vn -0.8999 0.2360 -0.3667
vn -0.8942 0.2568 -0.3666
vn -0.8936 0.2583 -0.3672
vn -0.9085 0.2479 -0.3364
vn -0.9087 0.2460 -0.3372
vn -0.9113 0.2173 -0.3497
vn -0.9125 0.2409 -0.3306
vn -0.9181 0.2148 -0.3330
vn -0.9229 0.2229 -0.3141
vn -0.9175 0.2280 -0.3258
vn -0.9202 0.2330 -0.3145
vn -0.9224 0.2347 -0.3067
vn -0.9163 0.2339 -0.3252
vn -0.9201 0.2465 -0.3045
vn -0.9248 0.2525 -0.2847
vn -0.9244 0.2626 -0.2766
vn -0.9256 0.2699 -0.2654
vn -0.9310 0.2516 -0.2644
vn -0.9264 0.2712 -0.2613
vn -0.9294 0.2572 -0.2648
vn -0.9304 0.2611 -0.2574
vn -0.9659 0.2465 -0.0799
vn -0.9668 0.2445 -0.0745
vn -0.9690 0.2399 -0.0597
vn -0.9311 0.2631 -0.2526
vn -0.9706 0.2361 -0.0465
vn -0.9316 0.2642 -0.2495
vn -0.9024 0.4305 0.0183
vn -0.8881 0.4200 -0.1867
vn -0.7443 0.6578 0.1157
vn -0.7612 0.6451 -0.0657
vn -0.6932 0.7040 0.1544
vn -0.6890 0.7247 0.0039
vn -0.6870 0.7261 -0.0297
vn -0.6820 0.7305 0.0353
vn -0.6803 0.7325 -0.0260
vn -0.6857 0.7272 -0.0308
vn -0.6709 0.7415 -0.0067
vn -0.6770 0.7357 -0.0212
vn -0.6762 0.7367 -0.0103
vn -0.6702 0.7420 -0.0177
vn -0.6610 0.7500 -0.0212
vn -0.6332 0.7726 -0.0469
vn -0.6494 0.7597 -0.0334
vn -0.6011 0.7940 -0.0908
vn -0.6082 0.7881 -0.0951
vn -0.5730 0.8062 -0.1473
vn -0.5697 0.8072 -0.1546
vn -0.5625 0.8079 -0.1756
vn -0.5571 0.8132 -0.1683
vn -0.5669 0.8069 -0.1661
vn -0.5638 0.8099 -0.1619
vn -0.5599 0.8120 -0.1648
vn -0.5522 0.8164 -0.1689
vn -0.5612 0.8105 -0.1682
vn -0.6140 0.7571 -0.2234
vn -0.4897 0.8476 -0.2043
vn -0.5692 0.7635 -0.3050
vn -0.6788 0.5461 -0.4910
vn -0.3797 0.7717 -0.5102
vn -0.4567 0.5573 -0.6934
vn -0.4646 0.4414 -0.7677
vn -0.2886 0.5334 -0.7951
vn -0.3150 0.4646 -0.8276
vn -0.3520 0.4161 -0.8384
vn -0.2973 0.4970 -0.8152
vn -0.3234 0.4557 -0.8293
vn -0.3716 0.3691 -0.8519
vn -0.3095 0.4815 -0.8200
vn -0.3625 0.4175 -0.8332
vn -0.4048 0.3824 -0.8306
vn -0.3217 0.4640 -0.8254
vn -0.3584 0.4084 -0.8395
vn -0.3840 0.3591 -0.8506
vn -0.3396 0.4451 -0.8286
vn -0.3809 0.3834 -0.8414
vn -0.4015 0.3447 -0.8485
vn -0.3508 0.4284 -0.8327
vn -0.3776 0.3471 -0.8585
vn -0.3700 0.1562 -0.9158
vn -0.3478 0.3479 -0.8706
vn -0.3492 0.1248 -0.9287
vn -0.3408 -0.0152 -0.9400
vn -0.3103 0.1218 -0.9428
vn -0.3111 -0.0146 -0.9503
vn -0.3024 -0.0168 -0.9530
vn -0.0000 -0.0168 -0.9999
vn -0.0000 -0.0195 -0.9998
vn -0.0000 -0.0171 -0.9999
vn -0.2512 -0.7867 -0.5639
vn -0.2632 -0.7755 -0.5739
vn -0.0000 -0.8048 -0.5935
vn -0.0000 -0.8143 -0.5804
vn -0.2743 -0.7767 -0.5670
vn -0.2867 -0.7674 -0.5735
vn -0.2686 -0.7672 -0.5824
vn -0.2949 -0.7579 -0.5819
vn -0.3103 -0.7497 -0.5846
vn -0.2827 -0.7454 -0.6038
vn -0.3074 -0.7411 -0.5969
vn -0.3174 -0.7519 -0.5778
vn -0.2914 -0.7286 -0.6198
vn -0.3110 -0.7443 -0.5910
vn -0.3235 -0.7457 -0.5825
vn -0.2908 -0.7295 -0.6191
vn -0.3117 -0.7349 -0.6023
vn -0.3356 -0.6356 -0.6953
vn -0.3043 -0.7144 -0.6301
vn -0.3320 -0.6301 -0.7019
vn -0.3458 -0.4393 -0.8291
vn -0.3397 -0.6310 -0.6974
vn -0.3510 -0.4475 -0.8225
vn -0.3605 -0.3067 -0.8809
vn -0.3424 -0.4560 -0.8215
vn -0.3584 -0.2662 -0.8948
vn -0.3871 -0.2221 -0.8949
vn -0.3776 -0.2340 -0.8959
vn -0.3876 -0.1974 -0.9005
vn -0.3900 -0.1901 -0.9010
vn -0.5660 -0.2168 -0.7953
vn -0.5830 -0.2186 -0.7825
vn -0.5838 -0.2183 -0.7820
vn -0.8031 -0.2325 -0.5486
vn -0.8109 -0.2352 -0.5358
vn -0.8134 -0.2406 -0.5296
vn -0.8472 -0.2339 -0.4770
vn -0.8471 -0.2393 -0.4745
vn -0.8439 -0.2503 -0.4745
vn -0.8381 -0.2419 -0.4889
vn -0.8370 -0.2454 -0.4891
vn -0.8439 -0.2301 -0.4847
vn -0.8594 -0.2412 -0.4508
vn -0.8672 -0.2286 -0.4424
vn -0.9114 0.0051 -0.4114
vn -0.9002 -0.2203 -0.3758
vn -0.9353 -0.0200 -0.3534
vn -0.9202 0.2052 -0.3332
vn -0.9410 -0.0291 -0.3371
vn -0.9306 0.1771 -0.3203
vn -0.9164 0.2379 -0.3219
vn -0.9304 0.1669 -0.3264
vn -0.9195 0.2259 -0.3216
vn -0.9292 0.1659 -0.3302
vn -0.9212 0.2219 -0.3196
vn -0.9298 0.1651 -0.3291
vn -0.9217 0.2215 -0.3185
vn -0.9312 0.1648 -0.3252
vn -0.9261 0.2297 -0.2991
vn -0.9401 0.1617 -0.3000
vn -0.9300 0.2480 -0.2715
vn -0.9284 0.2683 -0.2571
vn -0.9704 0.2364 -0.0495
vn -0.9673 0.2459 -0.0627
vn -0.9658 0.2491 -0.0724
vn -0.9525 0.1914 0.2366
vn -0.9522 0.2002 0.2306
vn -0.9524 0.2010 0.2290
vn -0.9222 0.1696 0.3477
vn -0.9235 0.1732 0.3423
vn -0.9244 0.1733 0.3398
vn -0.9537 0.1959 0.2281
vn -0.9287 0.1595 0.3348
vn -0.9535 0.1842 0.2387
vn -0.9344 0.1372 0.3287
vn -0.9551 0.1659 0.2457
vn -0.8713 0.3436 0.3505
vn -0.8884 0.3601 0.2847
vn -0.7292 0.5895 0.3476
vn -0.7326 0.6046 0.3128
vn -0.7059 0.6228 0.3374
vn -0.6972 0.6488 0.3051
vn -0.6867 0.6449 0.3354
vn -0.6854 0.6692 0.2869
vn -0.6823 0.7093 0.1771
vn -0.6563 0.6750 0.3371
vn -0.6461 0.6749 0.3564
vn -0.6202 0.7194 0.3127
vn -0.5271 0.4731 0.7060
vn -0.7067 0.4283 0.5632
vn -0.8324 -0.3650 0.4169
vn -0.8476 0.3044 0.4346
vn -0.9356 -0.3513 0.0358
vn -0.9302 -0.3625 0.0584
vn -0.8725 0.1180 -0.4741
vn -0.5084 0.5202 -0.6862
vn -0.5680 0.5020 -0.6522
vn -0.7046 0.6197 0.3458
vn -0.7104 0.6188 0.3353
vn -0.6908 0.6343 0.3470
vn -0.7263 0.5973 0.3401
vn -0.6874 0.6364 0.3500
vn -0.6648 0.6573 0.3550
vn -0.4353 0.8606 0.2642
vn -0.6516 0.6778 0.3405
vn -0.4904 0.8676 0.0821
vn -0.6773 0.6362 0.3694
vn -0.7718 0.4529 0.4463
vn -0.7755 0.4649 0.4272
vn -0.8041 0.4619 0.3743
vn -0.8716 0.2263 0.4348
vn -0.9089 0.2042 0.3636
vn -0.8352 0.4339 0.3379
vn -0.9298 0.1815 0.3203
vn -0.9295 0.1233 0.3476
vn -0.9371 0.1396 0.3198
vn -0.8573 0.3819 0.3451
vn -0.9331 0.1545 0.3247
vn -0.9333 0.1543 0.3244
vn -0.9274 0.1451 0.3448
vn -0.9265 0.1670 0.3372
vn -0.9254 0.1207 0.3593
vn -0.9266 0.1252 0.3546
vn -0.9212 0.1319 0.3662
vn -0.9222 0.1566 0.3536
vn -0.9171 0.1239 0.3789
vn -0.9154 0.1442 0.3759
vn -0.9202 0.1198 0.3727
vn -0.9240 0.1179 0.3638
vn -0.9156 0.1241 0.3826
vn -0.9121 0.1279 0.3895
vn -0.9138 0.1327 0.3839
vn -0.9109 0.1288 0.3920
vn -0.9218 0.1512 0.3569
vn -0.9197 0.1345 0.3689
vn -0.9277 0.0110 0.3733
vn -0.9305 0.0365 0.3645
vn -0.9501 0.1739 0.2591
vn -0.9597 0.0662 0.2730
vn -0.9242 -0.1871 0.3330
vn -0.9523 -0.1677 0.2549
vn -0.9913 0.1235 -0.0461
vn -0.9879 -0.1358 -0.0752
vn -0.9268 -0.2883 0.2407
vn -0.9566 -0.2806 -0.0784
vn -0.9415 -0.0806 -0.3271
vn -0.9134 -0.2499 -0.3213
vn -0.9586 -0.2789 -0.0572
vn -0.9169 -0.2542 -0.3078
vn -0.9360 -0.0555 -0.3475
vn -0.9133 -0.2276 -0.3378
vn -0.9132 -0.2454 -0.3252
vn -0.9161 -0.2604 -0.3048
vn -0.9109 -0.2596 -0.3208
vn -0.9139 -0.2128 -0.3456
vn -0.9110 -0.2354 -0.3387
vn -0.9089 -0.2547 -0.3302
vn -0.9093 -0.2644 -0.3212
vn -0.9096 -0.2609 -0.3232
vn -0.9124 -0.2253 -0.3417
vn -0.9114 -0.2429 -0.3322
vn -0.9119 -0.2526 -0.3235
vn -0.9110 -0.2660 -0.3153
vn -0.9134 -0.2553 -0.3171
vn -0.9125 -0.2339 -0.3356
vn -0.9091 -0.2480 -0.3347
vn -0.9090 -0.2489 -0.3344
vn -0.9132 -0.2647 -0.3098
vn -0.9095 -0.2512 -0.3313
vn -0.8982 -0.2474 -0.3633
vn -0.8950 -0.2527 -0.3676
vn -0.8927 -0.2494 -0.3753
vn -0.9068 -0.2641 -0.3285
vn -0.8845 -0.2688 -0.3814
vn -0.8652 -0.2672 -0.4243
vn -0.8621 -0.2569 -0.4369
vn -0.8605 -0.2633 -0.4361
vn -0.8469 -0.3660 -0.3858
vn -0.8205 -0.3890 -0.4189
vn -0.8571 -0.2632 -0.4428
vn -0.8586 -0.2535 -0.4457
vn -0.8049 -0.4053 -0.4334
vn -0.7340 -0.5497 -0.3988
vn -0.7096 -0.5744 -0.4081
vn -0.8531 -0.2614 -0.4515
vn -0.7927 -0.4145 -0.4470
vn -0.6826 -0.5992 -0.4184
vn -0.6602 -0.6365 -0.3987
vn -0.6506 -0.6387 -0.4108
vn -0.7824 -0.4445 -0.4363
vn -0.6638 -0.6268 -0.4079
vn -0.6456 -0.6418 -0.4140
vn -0.6454 -0.6450 -0.4093
vn -0.6372 -0.6480 -0.4172
vn -0.5895 -0.6680 -0.4542
vn -0.5809 -0.6620 -0.4736
vn -0.5639 -0.6685 -0.4848
vn -0.6298 -0.6537 -0.4195
vn -0.5517 -0.6715 -0.4947
vn -0.4240 -0.6809 -0.5972
vn -0.4070 -0.6819 -0.6078
vn -0.4015 -0.6809 -0.6125
vn -0.5457 -0.6729 -0.4994
vn -0.3976 -0.6821 -0.6138
vn -0.3294 -0.6771 -0.6580
vn -0.3286 -0.6780 -0.6575
vn -0.3206 -0.6836 -0.6557
vn -0.3986 -0.6810 -0.6143
vn -0.3006 -0.6907 -0.6577
vn -0.3172 -0.6839 -0.6570
vn -0.2960 -0.6928 -0.6576
vn -0.2714 -0.7034 -0.6570
vn -0.2691 -0.7841 -0.5593
vn -0.2459 -0.7816 -0.5733
vn -0.2710 -0.7039 -0.6566
vn -0.2550 -0.7137 -0.6524
vn -0.2388 -0.7771 -0.5824
vn -0.2321 -0.8926 -0.3866
vn -0.2262 -0.8849 -0.4071
vn -0.2444 -0.7217 -0.6477
vn -0.2389 -0.7692 -0.5926
vn -0.2340 -0.8744 -0.4251
vn -0.2229 -0.9301 -0.2920
vn -0.2234 -0.9306 -0.2899
vn -0.2327 -0.8651 -0.4443
vn -0.2239 -0.9316 -0.2864
vn -0.2330 -0.7608 -0.6057
vn -0.2379 -0.7310 -0.6395
vn -0.2406 -0.7428 -0.6248
vn -0.2325 -0.7535 -0.6149
vn -0.2314 -0.8560 -0.4623
vn -0.2218 -0.9275 -0.3008
vn -0.2214 -0.9291 -0.2963
vn -0.2319 -0.8484 -0.4759
vn -0.2374 -0.7513 -0.6158
vn -0.2532 -0.7552 -0.6047
vn -0.2409 -0.7582 -0.6058
vn -0.2242 -0.8445 -0.4863
vn -0.2090 -0.9264 -0.3132
vn -0.2159 -0.9268 -0.3071
vn -0.2284 -0.8471 -0.4799
vn -0.2549 -0.7656 -0.5906
vn -0.2381 -0.7745 -0.5860
vn -0.1686 -0.8641 -0.4743
vn -0.0000 -0.7990 -0.6014
vn -0.0000 -0.8334 -0.5526
vn -0.1979 -0.9516 -0.2352
vn -0.2053 -0.9439 -0.2586
vn -0.0000 -0.9648 -0.2629
vn -0.0000 -0.9717 -0.2363
vn -0.2056 -0.9482 -0.2421
vn -0.2142 -0.9411 -0.2615
vn -0.2084 -0.9457 -0.2493
vn -0.2170 -0.9394 -0.2654
vn -0.2118 -0.9432 -0.2559
vn -0.2188 -0.9381 -0.2686
vn -0.2151 -0.9411 -0.2610
vn -0.2199 -0.9371 -0.2710
vn -0.2177 -0.9394 -0.2647
vn -0.2210 -0.9365 -0.2724
vn -0.2213 -0.9374 -0.2688
vn -0.2253 -0.9351 -0.2735
vn -0.2275 -0.9345 -0.2739
vn -0.2332 -0.9325 -0.2757
vn -0.2347 -0.9302 -0.2821
vn -0.2480 -0.9276 -0.2795
vn -0.2540 -0.9254 -0.2813
vn -0.2496 -0.8971 -0.3646
vn -0.4065 -0.8708 -0.2767
vn -0.3867 -0.8594 -0.3346
vn -0.3935 -0.7663 -0.5079
vn -0.5721 -0.7695 -0.2838
vn -0.5682 -0.7162 -0.4053
vn -0.5526 -0.6671 -0.4996
vn -0.6255 -0.6598 -0.4163
vn -0.6372 -0.6644 -0.3904
vn -0.6410 -0.6523 -0.4046
vn -0.6521 -0.6712 -0.3524
vn -0.6550 -0.6594 -0.3691
vn -0.6529 -0.6505 -0.3881
vn -0.6616 -0.6690 -0.3386
vn -0.6552 -0.6679 -0.3531
vn -0.6674 -0.6429 -0.3757
vn -0.6705 -0.6767 -0.3041
vn -0.6731 -0.6674 -0.3187
vn -0.7547 -0.5444 -0.3663
vn -0.6689 -0.6873 -0.2830
vn -0.7741 -0.5487 -0.3157
vn -0.8787 -0.3436 -0.3315
vn -0.7833 -0.5416 -0.3052
vn -0.8941 -0.3243 -0.3089
vn -0.9150 -0.2645 -0.3048
vn -0.8986 -0.3010 -0.3194
vn -0.9148 -0.2561 -0.3122
vn -0.9108 -0.2724 -0.3101
vn -0.9074 -0.2470 -0.3400
vn -0.9040 -0.2655 -0.3352
vn -0.9064 -0.2686 -0.3261
vn -0.9367 -0.2841 -0.2048
vn -0.9222 -0.2811 -0.2655
vn -0.9159 -0.2670 -0.2998
vn -0.9530 -0.2978 0.0557
vn -0.9580 -0.2862 -0.0161
vn -0.9583 -0.2831 -0.0383
vn -0.9128 -0.2810 0.2965
vn -0.9167 -0.2895 0.2754
vn -0.9235 -0.2844 0.2573
vn -0.9033 -0.2917 0.3146
vn -0.9046 -0.2856 0.3165
vn -0.9039 -0.2898 0.3147
vn -0.9095 -0.2855 0.3021
vn -0.9082 -0.2854 0.3063
vn -0.9213 -0.2107 0.3267
vn -0.9049 -0.2818 0.3190
vn -0.9136 -0.2496 0.3209
vn -0.9320 -0.0332 0.3610
vn -0.9149 0.1115 0.3881
vn -0.9108 0.0669 0.4074
vn -0.9117 0.1068 0.3967
vn -0.9096 0.0381 0.4138
vn -0.9040 0.0986 0.4160
vn -0.9028 0.1073 0.4164
vn -0.9137 0.1104 0.3912
vn -0.9010 0.1112 0.4193
vn -0.9143 0.1148 0.3884
vn -0.8956 0.1241 0.4272
vn -0.9133 0.1199 0.3891
vn -0.8822 0.1518 0.4458
vn -0.9059 0.1293 0.4033
vn -0.8506 0.2437 0.4660
vn -0.8708 0.1680 0.4621
vn -0.8503 0.2438 0.4665
vn -0.7808 0.4375 0.4461
vn -0.8522 0.2341 0.4679
vn -0.7840 0.4254 0.4520
vn -0.8537 0.2232 0.4706
vn -0.7868 0.4160 0.4559
vn -0.7022 0.5674 0.4301
vn -0.7899 0.4091 0.4568
vn -0.6940 0.5744 0.4342
vn -0.6683 0.6039 0.4345
vn -0.6811 0.6042 0.4136
vn -0.6613 0.6163 0.4276
vn -0.6740 0.6297 0.3862
vn -0.6612 0.6351 0.3993
vn -0.6631 0.6693 0.3352
vn -0.6604 0.6667 0.3455
vn -0.6595 0.6897 0.2990
vn -0.6653 0.6805 0.3069
vn -0.6670 0.6822 0.2997
vn -0.6638 0.6858 0.2984
vn -0.6657 0.6809 0.3053
vn -0.6600 0.6810 0.3174
vn -0.5261 0.8067 0.2692
vn -0.5485 0.7870 0.2825
vn -0.2165 0.9610 0.1719
vn -0.2366 0.9542 0.1830
vn -0.0509 0.9919 0.1160
vn -0.0537 0.9914 0.1190
vn -0.0557 0.9910 0.1220
vn -0.0556 0.9905 0.1256
vn -0.0453 0.9921 0.1171
vn -0.0457 0.9917 0.1205
vn -0.0447 0.9912 0.1249
vn -0.0387 0.9919 0.1208
vn -0.0385 0.9915 0.1240
vn -0.0348 0.9921 0.1208
vn -0.0418 0.9916 0.1228
vn -0.0556 0.9916 0.1169
vn -0.2823 0.9587 0.0329
vn -0.0361 0.9924 0.1178
vn -0.0572 0.9919 0.1135
vn -0.2649 0.9636 0.0359
vn -0.5277 0.8472 -0.0624
vn -0.5060 0.8605 -0.0597
vn -0.0459 0.9923 0.1155
vn -0.2374 0.9704 0.0431
vn -0.4839 0.8726 -0.0659
vn -0.5783 0.8112 -0.0873
vn -0.5690 0.8151 -0.1088
vn -0.2005 0.9797 0.0063
vn -0.4289 0.8944 -0.1267
vn -0.5238 0.8366 -0.1606
vn -0.5771 0.8078 -0.1203
vn -0.5553 0.8156 -0.1627
vn -0.3750 0.9103 -0.1753
vn -0.4540 0.8697 -0.1939
vn -0.5164 0.8366 -0.1829
vn -0.5638 0.8080 -0.1712
vn -0.5535 0.8149 -0.1721
vn -0.4050 0.8918 -0.2018
vn -0.4488 0.8713 -0.1983
vn -0.4931 0.8501 -0.1852
vn -0.5289 0.8307 -0.1737
vn -0.3981 0.8932 -0.2089
vn -0.4173 0.8862 -0.2013
vn -0.4481 0.8717 -0.1982
vn -0.4767 0.8552 -0.2033
vn -0.3232 0.9103 -0.2586
vn -0.3107 0.9093 -0.2767
vn -0.3122 0.9016 -0.2995
vn -0.3168 0.8886 -0.3317
vn -0.2135 0.9126 -0.3488
vn -0.2016 0.9004 -0.3856
vn -0.1994 0.8765 -0.4381
vn -0.2457 0.7373 -0.6293
vn -0.1937 0.8826 -0.4284
vn -0.1934 0.8653 -0.4624
vn -0.2519 0.7188 -0.6480
vn -0.2944 0.5183 -0.8029
vn -0.1942 0.8659 -0.4610
vn -0.2568 0.7099 -0.6558
vn -0.3010 0.5042 -0.8094
vn -0.2994 0.4945 -0.8159
vn -0.2522 0.7011 -0.6669
vn -0.2936 0.5000 -0.8147
vn -0.2958 0.4939 -0.8177
vn -0.2994 0.4934 -0.8166
vn -0.2853 0.5068 -0.8134
vn -0.2908 0.4977 -0.8171
vn -0.2954 0.5008 -0.8136
vn -0.3084 0.4850 -0.8183
vn -0.2923 0.5015 -0.8143
vn -0.2926 0.5045 -0.8123
vn -0.2986 0.4977 -0.8143
vn -0.3151 0.4799 -0.8188
vn -0.2988 0.5076 -0.8081
vn -0.3059 0.5016 -0.8092
vn -0.3113 0.4941 -0.8118
vn -0.3273 0.4665 -0.8217
vn -0.3022 0.5053 -0.8083
vn -0.3050 0.4968 -0.8125
vn -0.2990 0.4820 -0.8236
vn -0.2978 0.3571 -0.8853
vn -0.0000 0.5220 -0.8530
vn -0.0000 0.5032 -0.8641
vn -0.0000 0.3780 -0.9258
vn -0.0000 0.1293 -0.9916
vn -0.1914 -0.9539 -0.2313
vn -0.1923 -0.9532 -0.2334
vn -0.0000 -0.9714 -0.2373
vn -0.0000 -0.9718 -0.2358
vn -0.1954 -0.9530 -0.2315
vn -0.1986 -0.9514 -0.2354
vn -0.1960 -0.9525 -0.2331
vn -0.2003 -0.9500 -0.2394
vn -0.1983 -0.9514 -0.2354
vn -0.2039 -0.9480 -0.2443
vn -0.2027 -0.9496 -0.2389
vn -0.2087 -0.9457 -0.2493
vn -0.2084 -0.9474 -0.2429
vn -0.2130 -0.9436 -0.2535
vn -0.2150 -0.9453 -0.2455
vn -0.2170 -0.9419 -0.2563
vn -0.2237 -0.9431 -0.2461
vn -0.2237 -0.9400 -0.2576
vn -0.2593 -0.9337 -0.2470
vn -0.2505 -0.9335 -0.2565
vn -0.2430 -0.9294 -0.2779
vn -0.4744 -0.8402 -0.2627
vn -0.4597 -0.8400 -0.2883
vn -0.4371 -0.8527 -0.2862
vn -0.6367 -0.7190 -0.2784
vn -0.6231 -0.7309 -0.2785
vn -0.6014 -0.7565 -0.2568
vn -0.6143 -0.7391 -0.2763
vn -0.6270 -0.7370 -0.2522
vn -0.6115 -0.7411 -0.2773
vn -0.6156 -0.7403 -0.2701
vn -0.6340 -0.7176 -0.2881
vn -0.6419 -0.7048 -0.3020
vn -0.6542 -0.6885 -0.3130
vn -0.6586 -0.6777 -0.3270
vn -0.6744 -0.6655 -0.3197
vn -0.6509 -0.7066 -0.2777
vn -0.6881 -0.6589 -0.3039
vn -0.6827 -0.6694 -0.2931
vn -0.6796 -0.6727 -0.2925
vn -0.6818 -0.6625 -0.3102
vn -0.6705 -0.6803 -0.2960
vn -0.6748 -0.6734 -0.3020
vn -0.6791 -0.6634 -0.3141
vn -0.7900 -0.5212 -0.3228
vn -0.6751 -0.6758 -0.2959
vn -0.8003 -0.4995 -0.3316
vn -0.8988 -0.2735 -0.3425
vn -0.8452 -0.5272 -0.0873
vn -0.9497 -0.2976 -0.0975
vn -0.9511 -0.2724 -0.1455
vn -0.9146 -0.3156 0.2527
vn -0.9309 -0.2971 0.2124
vn -0.9424 -0.3001 0.1479
vn -0.8812 -0.3082 0.3584
vn -0.8871 -0.2923 0.3573
vn -0.9029 -0.2848 0.3220
vn -0.8846 -0.2950 0.3612
vn -0.8779 -0.3123 0.3629
vn -0.8799 -0.3066 0.3630
vn -0.8432 -0.4140 0.3429
vn -0.8804 -0.2972 0.3695
vn -0.8231 -0.4857 0.2943
vn -0.8172 -0.4983 0.2895
vn -0.7169 -0.6649 0.2097
vn -0.6884 -0.7025 0.1805
vn -0.8243 -0.5176 0.2293
vn -0.6713 -0.7285 0.1363
vn -0.6693 -0.7263 0.1567
vn -0.6577 -0.7468 0.0982
vn -0.6745 -0.7321 -0.0952
vn -0.6570 -0.7470 -0.1018
vn -0.6657 -0.7426 0.0732
vn -0.6556 -0.7461 -0.1162
vn -0.6578 -0.7037 -0.2686
vn -0.6478 -0.7226 -0.2413
vn -0.6574 -0.7420 -0.1318
vn -0.6407 -0.7322 -0.2313
vn -0.6623 -0.6997 -0.2679
vn -0.6352 -0.7329 -0.2437
vn -0.6379 -0.7297 -0.2460
vn -0.6306 -0.7363 -0.2453
vn -0.6420 -0.7252 -0.2487
vn -0.6395 -0.7352 -0.2248
vn -0.6369 -0.7306 -0.2460
vn -0.6376 -0.7374 -0.2228
vn -0.6370 -0.7257 -0.2601
vn -0.6214 -0.7389 -0.2606
vn -0.6326 -0.7363 -0.2401
vn -0.6162 -0.7409 -0.2673
vn -0.6484 -0.7185 -0.2516
vn -0.6421 -0.7257 -0.2471
vn -0.6458 -0.7195 -0.2556
vn -0.6515 -0.7140 -0.2566
vn -0.6390 -0.7244 -0.2587
vn -0.6339 -0.7282 -0.2604
vn -0.6522 -0.7311 -0.2001
vn -0.6589 -0.7326 -0.1706
vn -0.6628 -0.7344 -0.1460
vn -0.6801 -0.7329 0.0179
vn -0.6736 -0.7383 0.0339
vn -0.6700 -0.7407 0.0500
vn -0.6666 -0.7312 0.1446
vn -0.6681 -0.7301 0.1432
vn -0.6698 -0.7281 0.1459
vn -0.6647 -0.7293 0.1621
vn -0.6666 -0.7280 0.1603
vn -0.6815 -0.7117 0.1702
vn -0.6541 -0.7285 0.2035
vn -0.6696 -0.7122 0.2109
vn -0.7426 -0.6165 0.2618
vn -0.6527 -0.7217 0.2304
vn -0.7516 -0.5901 0.2949
vn -0.8489 -0.3687 0.3787
vn -0.7540 -0.5830 0.3025
vn -0.8485 -0.3577 0.3900
vn -0.8613 -0.3078 0.4042
vn -0.8650 -0.3067 0.3971
vn -0.8596 -0.3126 0.4042
vn -0.8746 -0.2937 0.3857
vn -0.8605 -0.3116 0.4031
vn -0.8613 -0.3146 0.3990
vn -0.8649 -0.3083 0.3960
vn -0.8653 -0.2994 0.4021
vn -0.8731 -0.3001 0.3842
vn -0.8729 -0.2763 0.4020
vn -0.8658 -0.3001 0.4004
vn -0.7141 -0.4408 0.5438
vn -0.8561 -0.3353 0.3933
vn -0.8702 -0.2838 0.4027
vn -0.8656 -0.2921 0.4068
vn -0.8690 -0.2995 0.3938
vn -0.8729 -0.2753 0.4028
vn -0.8663 -0.2874 0.4085
vn -0.8637 -0.3219 0.3878
vn -0.8736 -0.2992 0.3838
vn -0.7709 -0.4213 0.4778
vn -0.8670 -0.3422 0.3623
vn -0.8863 -0.1307 0.4443
vn -0.6384 0.6728 0.3739
vn -0.0846 0.9643 0.2508
vn -0.2022 0.8977 0.3915
vn -0.2221 0.6381 0.7372
vn -0.4335 0.7936 0.4270
vn -0.3184 0.5983 0.7353
vn -0.8623 -0.3134 0.3978
vn -0.8629 -0.3210 0.3904
vn -0.8691 -0.3169 0.3797
vn -0.8665 -0.3322 0.3727
vn -0.8741 -0.3282 0.3581
vn -0.8543 -0.3467 0.3872
vn -0.8595 -0.3390 0.3826
vn -0.7221 -0.3794 0.5785
vn -0.7417 -0.3710 0.5588
vn -0.7663 -0.3661 0.5279
vn -0.5137 -0.3957 0.7613
vn -0.5442 -0.3932 0.7411
vn -0.5399 -0.4102 0.7350
vn -0.7642 -0.3977 0.5078
vn -0.4939 -0.4369 0.7518
vn -0.7359 -0.4245 0.5275
vn -0.4315 -0.4381 0.7886
vn -0.6932 -0.4309 0.5777
vn -0.8536 -0.3694 0.3673
vn -0.8728 -0.3532 0.3369
vn -0.6515 -0.3429 0.6767
vn -0.8591 -0.3145 0.4037
vn -0.8824 -0.3205 0.3446
vn -0.8681 -0.3561 0.3458
vn -0.8765 -0.3276 0.3526
vn -0.8560 -0.0530 0.5143
vn -0.9157 -0.0828 0.3933
vn -0.9152 -0.1042 0.3892
vn -0.8737 -0.3071 0.3772
vn -0.9107 -0.0972 0.4015
vn -0.8890 0.1428 0.4351
vn -0.9035 0.1008 0.4165
vn -0.9059 0.0820 0.4155
vn -0.9090 -0.0345 0.4154
vn -0.9026 0.0843 0.4221
vn -0.8839 0.1480 0.4437
vn -0.8953 0.1192 0.4292
vn -0.8992 0.1059 0.4245
vn -0.9027 0.0918 0.4203
vn -0.9025 0.1064 0.4173
vn -0.8782 0.1589 0.4512
vn -0.8882 0.1378 0.4382
vn -0.8975 0.1203 0.4242
vn -0.8736 0.1636 0.4583
vn -0.8846 0.1413 0.4445
vn -0.8660 0.1734 0.4690
vn -0.8670 0.1787 0.4652
vn -0.8640 0.1779 0.4709
vn -0.8625 0.1843 0.4713
vn -0.8612 0.1828 0.4742
vn -0.8553 0.2137 0.4720
vn -0.8614 0.1852 0.4730
vn -0.8549 0.2117 0.4736
vn -0.7846 0.4090 0.4660
vn -0.7805 0.2163 0.5866
vn -0.7161 0.4271 0.5521
vn -0.6176 0.6058 0.5015
vn -0.6773 0.5871 0.4434
vn -0.6118 0.6197 0.4917
vn -0.6596 0.6095 0.4398
vn -0.6224 0.6162 0.4825
vn -0.6596 0.6109 0.4378
vn -0.6347 0.6136 0.4697
vn -0.6612 0.6158 0.4285
vn -0.6473 0.6131 0.4529
vn -0.6653 0.6300 0.4006
vn -0.6588 0.6227 0.4221
vn -0.6698 0.6537 0.3522
vn -0.6231 0.6929 0.3629
vn -0.6581 0.6859 0.3105
vn -0.4300 0.8647 0.2597
vn -0.4819 0.8368 0.2598
vn -0.5119 0.8191 0.2589
vn -0.1648 0.9719 0.1678
vn -0.1977 0.9669 0.1616
vn -0.0254 0.9923 0.1214
vn -0.0417 0.9928 0.1126
vn -0.0221 0.9922 0.1225
vn -0.0350 0.9926 0.1166
vn -0.0428 0.9924 0.1158
vn -0.0244 0.9926 0.1187
vn -0.0323 0.9927 0.1163
vn -0.0366 0.9924 0.1174
vn -0.0194 0.9929 0.1178
vn -0.0231 0.9927 0.1184
vn -0.0244 0.9923 0.1211
vn -0.0231 0.9921 0.1231
vn -0.0098 0.9930 0.1176
vn -0.0089 0.9928 0.1194
vn -0.0066 0.9926 0.1214
vn -0.0015 0.9932 0.1167
vn 0.0015 0.9929 0.1187
vn 0.0052 0.9928 0.1200
vn -0.0041 0.9927 0.1206
vn -0.0200 0.9926 0.1200
vn -0.0008 0.9932 0.1160
vn -0.0162 0.9934 0.1139
vn -0.0285 0.9930 0.1146
vn -0.0110 0.9938 0.1106
vn -0.0221 0.9935 0.1119
vn -0.0288 0.9930 0.1148
vn -0.0168 0.9936 0.1121
vn -0.0236 0.9934 0.1118
vn -0.0315 0.9936 0.1082
vn -0.0215 0.9935 0.1116
vn -0.0297 0.9937 0.1082
vn -0.1899 0.9815 -0.0251
vn -0.0273 0.9935 0.1107
vn -0.1864 0.9822 -0.0245
vn -0.3603 0.9157 -0.1782
vn -0.1723 0.9848 -0.0223
vn -0.3475 0.9214 -0.1738
vn -0.3877 0.8985 -0.2059
vn -0.3149 0.9306 -0.1867
vn -0.3535 0.9038 -0.2411
vn -0.3419 0.9063 -0.2483
vn -0.2723 0.9103 -0.3118
vn -0.2552 0.9123 -0.3202
vn -0.2340 0.9131 -0.3339
vn -0.2143 0.9089 -0.3578
vn -0.2085 0.9085 -0.3620
vn -0.2000 0.9032 -0.3798
vn -0.2047 0.9057 -0.3713
vn -0.1980 0.8930 -0.4041
vn -0.1939 0.8734 -0.4468
vn -0.2009 0.8811 -0.4282
vn -0.1908 0.8716 -0.4517
vn -0.1912 0.8653 -0.4634
vn -0.1908 0.8704 -0.4539
vn -0.1929 0.8613 -0.4701
vn -0.2455 0.7008 -0.6698
vn -0.1957 0.8528 -0.4842
vn -0.2483 0.6961 -0.6736
vn -0.2884 0.5126 -0.8087
vn -0.2609 0.6924 -0.6727
vn -0.2944 0.5108 -0.8077
vn -0.2942 0.5017 -0.8135
vn -0.2721 0.5215 -0.8087
vn -0.2846 0.5064 -0.8140
vn -0.2946 0.5134 -0.8060
vn -0.0000 0.5320 -0.8467
vn -0.0000 0.5395 -0.8420
vn -0.0000 0.5315 -0.8471
vn -0.1900 -0.9580 -0.2149
vn -0.1895 -0.9550 -0.2282
vn -0.0000 -0.9729 -0.2311
vn -0.0000 -0.9754 -0.2207
vn -0.1967 -0.9573 -0.2119
vn -0.1950 -0.9537 -0.2288
vn -0.2017 -0.9577 -0.2051
vn -0.1955 -0.9539 -0.2277
vn -0.2012 -0.9602 -0.1937
vn -0.1964 -0.9540 -0.2267
vn -0.1975 -0.9624 -0.1863
vn -0.1987 -0.9533 -0.2274
vn -0.2035 -0.9515 -0.2308
vn -0.1985 -0.9624 -0.1857
vn -0.2108 -0.9484 -0.2368
vn -0.2036 -0.9603 -0.1908
vn -0.1969 -0.9801 -0.0260
vn -0.1977 -0.9801 -0.0190
vn -0.2036 -0.9790 -0.0113
vn -0.2128 -0.9561 -0.2017
vn -0.2141 -0.9768 -0.0058
vn -0.2009 -0.9725 0.1175
vn -0.2127 -0.9679 0.1340
vn -0.2308 -0.9596 0.1608
vn -0.2856 -0.9583 0.0057
vn -0.3045 -0.9321 0.1963
vn -0.2344 -0.9599 0.1540
vn -0.2583 -0.9488 0.1821
vn -0.3259 -0.9222 0.2080
vn -0.5052 -0.8374 0.2086
vn -0.4895 -0.8444 0.2178
vn -0.2799 -0.9383 0.2033
vn -0.3324 -0.9178 0.2173
vn -0.4808 -0.8468 0.2276
vn -0.6152 -0.7626 0.2000
vn -0.5942 -0.7720 0.2259
vn -0.3343 -0.9158 0.2228
vn -0.4808 -0.8450 0.2340
vn -0.5865 -0.7739 0.2391
vn -0.6168 -0.7588 0.2094
vn -0.4827 -0.8468 0.2236
vn -0.5880 -0.7774 0.2233
vn -0.4969 -0.8389 0.2223
vn -0.5837 -0.7815 0.2206
vn -0.5248 -0.8161 0.2420
vn -0.5838 -0.7772 0.2347
vn -0.5827 -0.7777 0.2359
vn -0.6246 -0.7471 0.2274
vn -0.5880 -0.7713 0.2437
vn -0.5982 -0.7624 0.2466
vn -0.6432 -0.7286 0.2355
vn -0.6134 -0.7541 0.2347
vn -0.6483 -0.7282 0.2224
vn -0.6586 -0.7205 0.2172
vn -0.6539 -0.7238 0.2204
vn -0.6514 -0.7282 0.2132
vn -0.6524 -0.7270 0.2142
vn -0.6511 -0.7273 0.2170
vn -0.6513 -0.7242 0.2266
vn -0.6493 -0.7273 0.2222
vn -0.7497 -0.5917 0.2962
vn -0.7552 -0.5811 0.3034
vn -0.8393 -0.3847 0.3841
vn -0.8440 -0.3679 0.3902
vn -0.8593 -0.3183 0.4004
vn -0.8362 -0.4034 0.3715
vn -0.8606 -0.3263 0.3909
vn -0.8173 -0.4453 0.3656
vn -0.8558 -0.3365 0.3929
vn -0.6784 -0.5215 0.5175
vn -0.7177 -0.3807 0.5831
vn -0.4394 -0.5536 0.7074
vn -0.4658 -0.4009 0.7889
vn -0.4789 -0.3917 0.7856
vn -0.3601 -0.4046 0.8406
vn -0.3780 -0.3963 0.8367
vn -0.3879 -0.4013 0.8297
vn -0.3632 -0.4119 0.8357
vn -0.3712 -0.4033 0.8364
vn -0.3681 -0.3917 0.8432
vn -0.3906 -0.3986 0.8298
vn -0.3622 -0.3911 0.8461
vn -0.3825 -0.3986 0.8336
vn -0.3579 -0.4007 0.8434
vn -0.3685 -0.4096 0.8345
vn -0.3568 -0.4073 0.8407
vn -0.3580 -0.4109 0.8384
vn -0.3667 -0.2622 0.8926
vn -0.3601 -0.2912 0.8863
vn -0.3944 -0.3293 0.8579
vn -0.3620 -0.0644 0.9300
vn -0.3831 -0.0743 0.9207
vn -0.6092 -0.0602 0.7908
vn -0.3813 0.1033 0.9187
vn -0.5664 0.1489 0.8106
vn -0.8027 0.1717 0.5712
vn -0.5571 0.1601 0.8148
vn -0.7862 0.1875 0.5889
vn -0.8685 0.1778 0.4627
vn -0.7836 0.1772 0.5954
vn -0.8617 0.1845 0.4728
vn -0.8676 0.1778 0.4644
vn -0.8613 0.1860 0.4728
vn -0.7808 0.1745 0.5999
vn -0.7816 0.1755 0.5986
vn -0.5511 0.1402 0.8226
vn -0.5524 0.1418 0.8214
vn -0.5597 0.1994 0.8044
vn -0.3958 0.1146 0.9112
vn -0.3999 0.1682 0.9010
vn -0.3704 0.4044 0.8362
vn -0.5172 0.4400 0.7341
vn -0.3281 0.5945 0.7341
vn -0.4601 0.6148 0.6406
vn -0.3337 0.6101 0.7187
vn -0.4592 0.6261 0.6302
vn -0.3384 0.6115 0.7153
vn -0.4633 0.6248 0.6285
vn -0.3390 0.6071 0.7187
vn -0.4796 0.6186 0.6223
vn -0.3301 0.6085 0.7217
vn -0.4907 0.6188 0.6134
vn -0.3131 0.6149 0.7238
vn -0.4983 0.6239 0.6020
vn -0.2738 0.6756 0.6845
vn -0.4495 0.7004 0.5544
vn -0.1655 0.8571 0.4878
vn -0.2726 0.8950 0.3531
vn -0.0509 0.9750 0.2161
vn -0.0705 0.9859 0.1518
vn -0.1278 0.9796 0.1552
vn -0.0262 0.9923 0.1208
vn -0.0223 0.9915 0.1279
vn -0.0181 0.9927 0.1191
vn -0.0156 0.9920 0.1250
vn -0.0145 0.9928 0.1192
vn -0.0110 0.9922 0.1245
vn -0.0149 0.9922 0.1236
vn -0.0086 0.9923 0.1232
vn -0.0083 0.9923 0.1235
vn -0.0134 0.9927 0.1200
vn -0.0057 0.9925 0.1221
vn -0.0067 0.9927 0.1201
vn -0.0089 0.9930 0.1181
vn -0.0035 0.9929 0.1185
vn -0.0034 0.9932 0.1166
vn -0.0031 0.9933 0.1158
vn -0.0034 0.9932 0.1163
vn -0.0032 0.9934 0.1150
vn -0.0009 0.9934 0.1145
vn 0.0030 0.9933 0.1158
vn -0.0058 0.9934 0.1146
vn -0.0035 0.9937 0.1122
vn -0.0000 0.9935 0.1138
vn 0.0038 0.9932 0.1160
vn 0.0070 0.9930 0.1180
vn 0.0082 0.9935 0.1134
vn 0.0110 0.9933 0.1154
vn 0.0094 0.9931 0.1169
vn 0.0148 0.9938 0.1103
vn 0.0141 0.9936 0.1121
vn 0.0047 0.9937 0.1117
vn 0.0177 0.9937 0.1111
vn 0.0113 0.9936 0.1120
vn -0.0037 0.9937 0.1119
vn 0.0166 0.9934 0.1131
vn 0.0048 0.9935 0.1136
vn -0.0112 0.9935 0.1129
vn 0.0130 0.9935 0.1134
vn -0.0020 0.9936 0.1133
vn -0.0171 0.9935 0.1130
vn 0.0094 0.9937 0.1118
vn -0.0052 0.9938 0.1113
vn -0.0193 0.9941 0.1069
vn 0.0095 0.9941 0.1077
vn -0.0067 0.9945 0.1046
vn -0.1492 0.9886 -0.0215
vn 0.0087 0.9943 0.1060
vn -0.1010 0.9941 -0.0402
vn -0.2369 0.9413 -0.2406
vn -0.0673 0.9959 -0.0612
vn -0.1740 0.9434 -0.2822
vn -0.2101 0.9127 -0.3504
vn -0.1599 0.9443 -0.2875
vn -0.1889 0.9153 -0.3556
vn -0.1994 0.9110 -0.3609
vn -0.1938 0.9137 -0.3573
vn -0.1962 0.9164 -0.3488
vn -0.2065 0.9029 -0.3769
vn -0.2070 0.9160 -0.3436
vn -0.1994 0.8970 -0.3944
vn -0.1927 0.8744 -0.4453
vn -0.1924 0.8870 -0.4198
vn -0.1870 0.8741 -0.4484
vn -0.1905 0.8706 -0.4537
vn -0.1893 0.8749 -0.4457
vn -0.1907 0.8703 -0.4540
vn -0.2033 0.8497 -0.4865
vn -0.1747 0.8748 -0.4519
vn -0.1912 0.8633 -0.4670
vn -0.2450 0.7041 -0.6665
vn -0.0000 0.8864 -0.4630
vn -0.0000 0.7364 -0.6765
vn -0.0000 0.5478 -0.8366
vn -0.1933 -0.9741 0.1174
vn -0.1973 -0.9790 -0.0513
vn -0.0000 -0.9986 -0.0524
vn -0.0000 -0.9926 0.1212
vn -0.1999 -0.9728 0.1170
vn -0.2006 -0.9785 -0.0476
vn -0.2058 -0.9716 0.1170
vn -0.2096 -0.9770 -0.0392
vn -0.1991 -0.9735 0.1128
vn -0.2059 -0.9781 -0.0311
vn -0.1936 -0.9748 0.1106
vn -0.1944 -0.9731 0.1235
vn -0.1948 -0.9731 0.1230
vn -0.2122 -0.9683 0.1320
vn -0.2016 -0.9707 0.1306
vn -0.2329 -0.9607 0.1512
vn -0.2608 -0.9485 0.1797
vn -0.2603 -0.9472 0.1873
vn -0.2798 -0.9381 0.2043
vn -0.2939 -0.9315 0.2141
vn -0.2810 -0.9319 0.2295
vn -0.2957 -0.9292 0.2216
vn -0.3375 -0.9153 0.2197
vn -0.2837 -0.9331 0.2210
vn -0.3490 -0.9116 0.2172
vn -0.2762 -0.9143 0.2963
vn -0.3681 -0.8897 0.2702
vn -0.2743 -0.8557 0.4387
vn -0.3599 -0.8469 0.3914
vn -0.5194 -0.8019 0.2953
vn -0.3234 -0.8252 0.4631
vn -0.4737 -0.8078 0.3509
vn -0.5861 -0.7706 0.2504
vn -0.4359 -0.7979 0.4164
vn -0.5726 -0.7711 0.2784
vn -0.6285 -0.7453 0.2226
vn -0.5993 -0.7106 0.3686
vn -0.7148 -0.6408 0.2799
vn -0.7419 -0.6077 0.2833
vn -0.4146 -0.7391 0.5309
vn -0.3012 -0.8015 0.5165
vn -0.3075 -0.7276 0.6133
vn -0.3355 -0.5506 0.7644
vn -0.2898 -0.7311 0.6177
vn -0.3235 -0.5619 0.7613
vn -0.3480 -0.4201 0.8381
vn -0.3234 -0.5736 0.7526
vn -0.3469 -0.4316 0.8327
vn -0.3498 -0.4209 0.8370
vn -0.3373 -0.4361 0.8343
vn -0.3377 -0.4202 0.8422
vn -0.3383 -0.4094 0.8474
vn -0.3526 -0.4058 0.8432
vn -0.3444 -0.3985 0.8501
vn -0.3576 -0.3893 0.8489
vn -0.3531 -0.4010 0.8453
vn -0.3613 -0.3913 0.8464
vn -0.3577 -0.4051 0.8414
vn -0.3644 -0.4008 0.8406
vn -0.3554 -0.4053 0.8423
vn -0.3658 -0.4077 0.8367
vn -0.3603 -0.2217 0.9061
vn -0.3735 -0.2379 0.8966
vn -0.3523 -0.0074 0.9359
vn -0.3646 -0.0225 0.9309
vn -0.3647 -0.0441 0.9301
vn -0.3612 0.0206 0.9323
vn -0.3706 0.0405 0.9279
vn -0.3695 0.0727 0.9264
vn -0.3884 0.0912 0.9170
vn -0.3850 0.1148 0.9157
vn -0.3893 0.1283 0.9121
vn -0.3897 0.1193 0.9132
vn -0.3931 0.1185 0.9119
vn -0.5549 0.1458 0.8191
vn -0.3939 0.1159 0.9118
vn -0.3907 0.1127 0.9136
vn -0.3942 0.1112 0.9123
vn -0.4003 0.1126 0.9094
vn -0.3992 0.1114 0.9101
vn -0.3944 0.1611 0.9047
vn -0.3923 0.1591 0.9060
vn -0.3556 0.3999 0.8448
vn -0.3593 0.3972 0.8445
vn -0.3026 0.5830 0.7540
vn -0.3140 0.5837 0.7488
vn -0.2991 0.5888 0.7509
vn -0.3168 0.5981 0.7361
vn -0.2950 0.6040 0.7404
vn -0.3166 0.6079 0.7281
vn -0.2945 0.6127 0.7334
vn -0.3068 0.6110 0.7298
vn -0.2838 0.6219 0.7298
vn -0.2968 0.6123 0.7328
vn -0.2545 0.6481 0.7178
vn -0.2761 0.6298 0.7261
vn -0.2339 0.6698 0.7047
vn -0.2447 0.6664 0.7043
vn -0.1906 0.7831 0.5919
vn -0.1745 0.8123 0.5566
vn -0.0910 0.9463 0.3103
vn -0.0734 0.9586 0.2750
vn -0.0252 0.9921 0.1227
vn -0.0242 0.9922 0.1223
vn -0.0229 0.9924 0.1210
vn -0.0216 0.9933 0.1139
vn -0.0200 0.9932 0.1151
vn -0.0212 0.9935 0.1123
vn -0.0188 0.9933 0.1142
vn -0.0213 0.9934 0.1125
vn -0.0189 0.9932 0.1145
vn -0.0135 0.9928 0.1191
vn -0.0189 0.9933 0.1142
vn -0.0139 0.9929 0.1178
vn -0.0085 0.9926 0.1211
vn -0.0136 0.9932 0.1155
vn -0.0086 0.9929 0.1184
vn -0.0049 0.9928 0.1196
vn -0.0093 0.9931 0.1165
vn -0.0056 0.9930 0.1177
vn -0.0036 0.9931 0.1173
vn -0.0070 0.9932 0.1164
vn -0.0048 0.9931 0.1172
vn -0.0052 0.9931 0.1175
vn -0.0064 0.9929 0.1191
vn -0.0099 0.9924 0.1223
vn -0.0222 0.9901 0.1384
vn -0.0606 0.9841 0.1671
vn -0.2672 0.8303 0.4892
vn -0.4495 0.6352 0.6281
vn -0.4736 0.1006 0.8750
vn -0.7820 -0.2604 0.5662
vn -0.4015 -0.3024 0.8645
vn -0.7315 0.2584 0.6310
vn -0.2309 0.9139 0.3338
vn -0.0200 0.9921 0.1241
vn -0.0206 0.9927 0.1191
vn -0.0207 0.9928 0.1178
vn -0.0094 0.9933 0.1154
vn -0.0136 0.9932 0.1154
vn -0.0162 0.9933 0.1146
vn -0.0221 0.9931 0.1156
vn -0.0184 0.9934 0.1128
vn -0.0107 0.9932 0.1155
vn -0.0144 0.9934 0.1138
vn -0.0173 0.9936 0.1120
vn -0.0199 0.9934 0.1125
vn -0.0182 0.9936 0.1114
vn -0.0135 0.9934 0.1141
vn -0.0169 0.9936 0.1117
vn -0.0177 0.9937 0.1108
vn -0.0169 0.9936 0.1120
vn -0.0166 0.9937 0.1110
vn -0.0176 0.9935 0.1125
vn -0.0186 0.9936 0.1113
vn -0.0174 0.9937 0.1111
vn -0.0155 0.9937 0.1108
vn -0.0163 0.9937 0.1105
vn -0.0205 0.9934 0.1125
vn -0.0193 0.9935 0.1120
vn -0.0182 0.9936 0.1110
vn -0.0160 0.9939 0.1090
vn -0.0181 0.9938 0.1094
vn -0.0210 0.9935 0.1121
vn -0.0202 0.9935 0.1116
vn -0.0201 0.9936 0.1109
vn -0.0187 0.9940 0.1075
vn -0.0207 0.9937 0.1103
vn -0.0210 0.9934 0.1127
vn -0.0210 0.9934 0.1130
vn -0.0217 0.9934 0.1130
vn -0.0208 0.9937 0.1098
vn -0.0218 0.9934 0.1130
vn -0.0215 0.9931 0.1154
vn -0.0222 0.9930 0.1159
vn -0.0225 0.9929 0.1167
vn -0.0188 0.9934 0.1131
vn -0.0198 0.9929 0.1176
vn -0.0250 0.9912 0.1303
vn -0.0276 0.9907 0.1331
vn -0.0252 0.9913 0.1290
vn -0.0000 0.9930 0.1180
vn -0.0000 0.9922 0.1245
vn -0.0980 0.9405 0.3254
vn -0.0900 0.9504 0.2976
vn -0.0000 0.9621 0.2728
vn -0.1864 0.7970 0.5745
vn -0.0000 0.8191 0.5736
vn -0.0177 0.9938 0.1093
vn -0.0000 0.9936 0.1131
vn -0.0000 0.9940 0.1092
vn -0.0000 0.9945 0.1046
vn -0.0155 0.9943 0.1050
vn -0.0186 0.9942 0.1060
vn -0.0145 0.9944 0.1046
vn -0.0165 0.9944 0.1048
vn -0.0163 0.9942 0.1067
vn -0.0154 0.9942 0.1060
vn -0.0148 0.9940 0.1082
vn -0.0150 0.9938 0.1099
vn -0.0141 0.9937 0.1113
vn -0.0149 0.9936 0.1121
vn -0.0158 0.9935 0.1123
vn -0.0172 0.9928 0.1186
vn -0.0182 0.9930 0.1165
vn -0.0191 0.9932 0.1146
vn -0.0242 0.9917 0.1264
vn -0.0257 0.9924 0.1204
vn -0.0249 0.9930 0.1151
vn -0.1907 0.9254 0.3274
vn -0.3708 -0.2127 0.9041
vn -0.6899 -0.1132 0.7150
vn -0.1393 0.9071 0.3971
vn -0.1561 -0.9442 0.2901
vn -0.3534 -0.9107 0.2138
vn -0.1487 -0.9603 0.2361
vn -0.3906 -0.9008 0.1899
vn -0.1236 -0.9643 0.2340
vn -0.4074 -0.8958 0.1777
vn -0.8304 -0.5565 0.0283
vn -0.3882 -0.9067 0.1649
vn -0.8049 -0.5935 -0.0009
vn -0.9385 -0.3166 -0.1379
vn -0.9630 -0.2543 -0.0896
vn -0.9829 0.0929 -0.1587
vn -0.9708 0.1346 -0.1988
vn -0.9508 0.1809 -0.2515
vn -0.4350 0.8476 -0.3038
vn -0.3986 0.8729 -0.2812
vn -0.9150 -0.3594 -0.1831
vn -0.9253 0.2666 -0.2696
vn -0.3954 0.8828 -0.2537
vn 0.0866 0.9682 -0.2348
vn 0.0500 0.9747 -0.2178
vn -0.9186 0.3305 -0.2169
vn -0.4337 0.8867 -0.1599
vn -0.0451 0.9937 -0.1025
vn -0.4772 0.8788 0.0027
vn -0.1358 0.9858 0.0991
vn 0.2848 0.9287 0.2376
vn 0.3806 0.9243 0.0295
vn 0.3916 0.9143 -0.1038
vn 0.6150 0.7654 0.1899
vn 0.5650 0.8238 0.0462
vn 0.4951 0.8649 -0.0826
vn 0.3330 0.9251 -0.1824
vn 0.4066 0.8944 -0.1864
vn 0.2495 0.9373 -0.2434
vn 0.1004 0.9590 -0.2650
vn 0.2038 0.9320 -0.2997
vn 0.1269 0.9437 -0.3054
vn -0.4811 0.8174 -0.3169
vn 0.1638 0.9338 -0.3180
vn -0.4453 0.8448 -0.2967
vn -0.9906 0.0782 -0.1120
vn -0.9615 0.2747 -0.0006
vn -0.6521 0.6308 0.4207
vn -0.7756 -0.1884 0.6024
vn -0.0621 0.7270 0.6838
vn -0.3894 -0.1187 0.9134
vn 0.0596 0.6151 0.7862
vn -0.0130 0.4188 0.9080
vn 0.2009 0.8376 0.5080
vn -0.1196 0.2136 0.9696
vn -0.2991 -0.3579 0.8845
vn -0.1453 0.1472 0.9784
vn -0.3274 -0.3892 0.8610
vn -0.3716 -0.5899 0.7169
vn -0.3513 -0.6360 0.6871
vn -0.3806 -0.8785 0.2887
vn -0.3527 -0.9023 0.2480
vn -0.3404 -0.9398 -0.0313
vn -0.3306 -0.9434 -0.0281
vn -0.3216 -0.9465 -0.0254
vn -0.3316 -0.9304 -0.1561
vn -0.3361 -0.9271 -0.1656
vn -0.5369 -0.8250 -0.1767
vn -0.8657 0.4847 -0.1250
vn -0.3406 -0.8783 -0.3354
vn -0.5570 -0.7261 -0.4031
vn -0.7870 0.5176 -0.3358
vn -0.0130 0.9940 0.1088
vn -0.0117 0.9954 0.0953
vn -0.7360 0.5334 -0.4170
vn -0.0063 0.9958 0.0917
vn 0.0117 0.9941 0.1076
vn 0.0136 0.9943 0.1058
vn 0.0128 0.9940 0.1082
vn 0.0175 0.9939 0.1092
vn 0.0180 0.9937 0.1107
vn 0.0098 0.9940 0.1087
vn 0.0168 0.9936 0.1114
vn 0.0195 0.9935 0.1121
vn 0.0197 0.9934 0.1126
vn 0.0065 0.9943 0.1065
vn 0.0150 0.9938 0.1100
vn 0.0194 0.9936 0.1111
vn 0.0197 0.9934 0.1133
vn 0.0215 0.9935 0.1121
vn 0.0161 0.9943 0.1058
vn 0.0202 0.9940 0.1077
vn 0.0234 0.9937 0.1092
vn 0.0188 0.9935 0.1121
vn 0.0233 0.9937 0.1094
vn 0.0209 0.9942 0.1057
vn 0.0235 0.9939 0.1075
vn 0.0247 0.9938 0.1082
vn 0.0191 0.9939 0.1088
vn 0.0232 0.9939 0.1079
vn 0.0210 0.9939 0.1085
vn 0.0223 0.9937 0.1099
vn 0.0222 0.9937 0.1100
vn 0.0184 0.9940 0.1076
vn 0.0207 0.9938 0.1093
vn 0.0199 0.9936 0.1112
vn 0.0206 0.9936 0.1108
vn 0.0209 0.9938 0.1092
vn 0.0175 0.9941 0.1069
vn 0.0205 0.9942 0.1057
vn 0.0188 0.9937 0.1103
vn 0.0200 0.9940 0.1077
vn 0.0202 0.9944 0.1037
vn -0.0559 0.9968 -0.0564
vn -0.0503 0.9979 -0.0418
vn 0.0183 0.9942 0.1061
vn 0.0182 0.9945 0.1035
vn -0.0487 0.9985 -0.0240
vn -0.1606 0.9466 -0.2796
vn -0.1677 0.9504 -0.2619
vn 0.0179 0.9946 0.1020
vn -0.0409 0.9992 -0.0049
vn -0.1642 0.9569 -0.2395
vn -0.2148 0.9114 -0.3509
vn -0.2199 0.9118 -0.3469
vn -0.0343 0.9991 0.0238
vn -0.1537 0.9667 -0.2047
vn -0.2153 0.9100 -0.3543
vn -0.2071 0.9093 -0.3609
vn -0.1993 0.8988 -0.3905
vn -0.1113 0.9819 -0.1535
vn -0.1805 0.9158 -0.3589
vn -0.1819 0.8879 -0.4225
vn -0.1895 0.8806 -0.4344
vn -0.1742 0.8818 -0.4382
vn -0.0000 0.9302 -0.3671
vn -0.0000 0.8964 -0.4433
vn -0.0000 0.8955 -0.4450
vn -0.1732 0.8774 -0.4475
vn -0.0000 0.8904 -0.4552
vn -0.0000 0.8912 -0.4537
vn -0.2503 -0.8167 0.5199
vn -0.2573 -0.8167 0.5165
vn -0.0000 -0.8448 0.5351
vn -0.0000 -0.8429 0.5381
vn -0.2648 -0.8155 0.5146
vn -0.0000 -0.8453 0.5343
vn -0.2486 -0.9090 0.3345
vn -0.0000 -0.9380 0.3465
vn -0.2004 -0.9698 0.1392
vn -0.0000 -0.9903 0.1390
vn -0.2745 -0.8159 0.5089
vn -0.2657 -0.9004 0.3444
vn -0.2160 -0.9637 0.1571
vn -0.2663 -0.8980 0.3503
vn -0.2346 -0.9555 0.1791
vn -0.2031 -0.9691 0.1397
vn -0.1900 -0.9730 0.1314
vn -0.0000 -0.9912 0.1326
vn -0.1907 -0.9730 0.1303
vn -0.1872 -0.9738 0.1291
vn -0.0000 -0.9914 0.1310
vn -0.1866 -0.9728 0.1374
vn -0.0000 -0.9902 0.1397
vn -0.1885 -0.9722 0.1390
vn -0.0000 -0.9897 0.1430
vn -0.1918 -0.9721 0.1353
vn -0.1975 -0.9711 0.1344
vn -0.1939 -0.9722 0.1310
vn -0.2004 -0.9713 0.1281
vn -0.1907 -0.9734 0.1268
vn -0.1937 -0.9720 0.1331
vn -0.1981 -0.9699 0.1419
vn -0.2248 -0.9609 0.1618
vn -0.2304 -0.9536 0.1937
vn -0.2584 -0.9406 0.2204
vn -0.2767 -0.9324 0.2326
vn -0.2762 -0.9325 0.2328
vn -0.2755 -0.9323 0.2345
vn -0.2715 -0.9344 0.2306
vn -0.2784 -0.9052 0.3210
vn -0.2697 -0.9108 0.3127
vn -0.2782 -0.8428 0.4608
vn -0.2664 -0.8513 0.4521
vn -0.2668 -0.8181 0.5094
vn -0.2616 -0.8233 0.5037
vn -0.2715 -0.8230 0.4990
vn -0.2649 -0.8038 0.5326
vn -0.2752 -0.8010 0.5317
vn -0.2838 -0.7394 0.6105
vn -0.2635 -0.8061 0.5299
vn -0.2867 -0.7510 0.5949
vn -0.3242 -0.5827 0.7452
vn -0.2878 -0.7645 0.5768
vn -0.3292 -0.5916 0.7359
vn -0.3393 -0.4338 0.8347
vn -0.3278 -0.6023 0.7279
vn -0.3398 -0.4310 0.8359
vn -0.3353 -0.4143 0.8461
vn -0.3358 -0.4181 0.8440
vn -0.3323 -0.4143 0.8473
vn -0.3362 -0.4125 0.8467
vn -0.3321 -0.4064 0.8512
vn -0.3377 -0.4051 0.8496
vn -0.3311 -0.4162 0.8468
vn -0.3404 -0.4119 0.8453
vn -0.3301 -0.4081 0.8512
vn -0.3433 -0.4078 0.8461
vn -0.3271 -0.3815 0.8646
vn -0.3358 -0.3940 0.8556
vn -0.3348 -0.1965 0.9216
vn -0.3390 -0.2105 0.9169
vn -0.3328 -0.0011 0.9430
vn -0.3381 -0.0018 0.9411
vn -0.3344 0.0114 0.9424
vn -0.3385 0.0143 0.9409
vn -0.3492 0.0169 0.9369
vn -0.3413 0.0182 0.9398
vn -0.3555 0.0321 0.9341
vn -0.3738 0.0590 0.9256
vn -0.3735 0.0699 0.9250
vn -0.3929 0.1033 0.9137
vn -0.3991 0.1202 0.9090
vn -0.4006 0.1151 0.9090
vn -0.3954 0.1197 0.9107
vn -0.3976 0.1155 0.9103
vn -0.3906 0.1054 0.9145
vn -0.3880 0.1723 0.9054
vn -0.3894 0.1660 0.9060
vn -0.3522 0.4098 0.8414
vn -0.3506 0.4048 0.8445
vn -0.3099 0.5858 0.7489
vn -0.3022 0.5866 0.7514
vn -0.3082 0.5912 0.7453
vn -0.3010 0.5883 0.7505
vn -0.2956 0.6015 0.7421
vn -0.3024 0.5973 0.7428
vn -0.2645 0.6330 0.7276
vn -0.2942 0.6182 0.7289
vn -0.2401 0.6546 0.7169
vn -0.2655 0.6408 0.7203
vn -0.2366 0.6561 0.7166
vn -0.2435 0.6572 0.7133
vn -0.2339 0.6683 0.7061
vn -0.2392 0.6695 0.7033
vn -0.1985 0.7662 0.6111
vn -0.2018 0.7694 0.6060
vn -0.0967 0.9382 0.3323
vn -0.0973 0.9404 0.3258
vn -0.0239 0.9918 0.1253
vn -0.0238 0.9921 0.1232
vn -0.0212 0.9932 0.1149
vn -0.0220 0.9932 0.1139
vn -0.0215 0.9935 0.1122
vn -0.0955 0.9375 0.3347
vn -0.1955 0.7688 0.6088
vn -0.1982 0.7747 0.6005
vn -0.2326 0.6679 0.7069
vn -0.2323 0.6667 0.7082
vn -0.2290 0.6652 0.7107
vn -0.0000 0.6826 0.7308
vn -0.2318 0.6544 0.7197
vn -0.2289 0.6517 0.7231
vn -0.0000 0.6676 0.7446
vn -0.2239 0.6552 0.7216
vn -0.0000 0.6715 0.7410
vn -0.0146 0.9944 0.1048
vn -0.0000 0.9944 0.1053
vn -0.0000 0.9945 0.1047
vn -0.0133 0.9942 0.1070
vn -0.0148 0.9939 0.1095
vn -0.0099 0.9933 0.1148
vn -0.0147 0.9928 0.1185
vn -0.0153 0.9926 0.1201
vn -0.0152 0.9898 0.1418
vn -0.0209 0.9900 0.1392
vn -0.0240 0.9910 0.1319
vn -0.0999 0.8969 0.4308
vn -0.2215 -0.2107 0.9521
vn -0.0402 -0.9405 0.3375
vn 0.0778 -0.9411 0.3290
vn 0.2358 -0.9125 0.3342
vn 0.7936 -0.3845 0.4715
vn 0.3871 -0.8270 0.4078
vn -0.0512 -0.9610 0.2718
vn 0.4499 -0.7870 0.4221
vn 0.0563 -0.9634 0.2621
vn -0.3525 -0.9316 0.0890
vn 0.1454 -0.9727 0.1806
vn -0.3231 -0.9459 -0.0299
vn -0.7292 -0.6696 -0.1408
vn -0.7455 -0.6623 -0.0753
vn -0.9229 -0.3394 -0.1817
vn -0.7548 -0.6327 -0.1732
vn -0.9303 -0.3167 -0.1849
vn -0.9350 0.3277 -0.1353
vn -0.9213 -0.3098 -0.2352
vn -0.9482 0.2901 -0.1296
vn -0.5018 0.8610 0.0834
vn -0.9481 0.2853 -0.1405
vn -0.5162 0.8466 0.1297
vn -0.1959 0.9398 0.2799
vn -0.1846 0.9596 0.2124
vn 0.1425 0.8857 0.4419
vn 0.1866 0.9064 0.3790
vn 0.4417 0.7105 0.5478
vn 0.5180 0.6952 0.4984
vn 0.5945 0.7140 0.3698
vn 0.8297 0.0464 0.5563
vn 0.8559 0.0779 0.5113
vn 0.8734 0.1962 0.4456
vn 0.7044 -0.5914 0.3925
vn 0.6900 -0.5638 0.4539
vn 0.7208 -0.5111 0.4682
vn 0.8929 0.2798 0.3528
vn 0.8596 0.4653 0.2111
vn 0.5046 -0.7794 0.3713
vn 0.5558 -0.7745 0.3022
vn 0.1866 -0.9758 0.1136
vn 0.5554 -0.7897 0.2606
vn 0.1782 -0.9802 0.0867
vn -0.3110 -0.9449 -0.1022
vn -0.3161 -0.9451 -0.0828
vn -0.7567 -0.6162 -0.2184
vn -0.2997 -0.9444 -0.1354
vn -0.7389 -0.6192 -0.2658
vn -0.9091 -0.3003 -0.2886
vn -0.6877 -0.6407 -0.3414
vn -0.8957 -0.2876 -0.3391
vn -0.9477 0.2952 -0.1211
vn -0.8761 -0.3063 -0.3723
vn -0.9496 0.2905 -0.1175
vn -0.5134 0.8103 0.2827
vn -0.5276 0.8189 0.2259
vn -0.1927 0.8703 0.4533
vn -0.1999 0.8966 0.3952
vn 0.0764 0.8243 0.5610
vn 0.1065 0.8362 0.5380
vn 0.3393 0.6849 0.6449
vn 0.3459 0.7000 0.6248
vn 0.7319 0.1182 0.6711
vn 0.7160 0.1430 0.6833
vn 0.7879 0.0897 0.6092
vn 0.7209 -0.5723 0.3909
vn 0.7139 -0.5895 0.3778
vn 0.7191 -0.5945 0.3597
vn 0.5209 -0.8205 0.2356
vn 0.5138 -0.8388 0.1799
vn 0.1305 -0.9895 -0.0627
vn 0.1391 -0.9893 0.0435
vn -0.2472 -0.9400 -0.2351
vn 0.1506 -0.9781 -0.1438
vn -0.2024 -0.9306 -0.3051
vn -0.6441 -0.6548 -0.3955
vn -0.2250 -0.9205 -0.3193
vn -0.6373 -0.6628 -0.3931
vn -0.8641 -0.3516 -0.3602
vn -0.6496 -0.6471 -0.3992
vn -0.8692 -0.3539 -0.3454
vn -0.9672 0.2490 -0.0511
vn -0.9520 0.2957 -0.0792
vn -0.5563 0.7607 0.3345
vn -0.4980 0.8101 0.3094
vn -0.2242 0.8313 0.5085
vn -0.2057 0.8677 0.4526
vn 0.0091 0.8409 0.5411
vn 0.3855 0.6366 0.6680
vn 0.7691 0.0307 0.6384
vn 0.7256 -0.6000 0.3370
vn 0.7571 -0.5387 0.3697
vn 0.7526 -0.5428 0.3728
vn 0.4995 -0.8627 0.0792
vn 0.5197 -0.8468 0.1134
vn 0.1467 -0.9748 -0.1678
vn 0.4988 -0.8631 0.0791
vn 0.1363 -0.9748 -0.1767
vn -0.2890 -0.8916 -0.3486
vn 0.1996 -0.9743 -0.1046
vn -0.4023 -0.8485 -0.3437
vn -0.6652 -0.6356 -0.3918
vn -0.7980 -0.5195 -0.3054
vn 0.5120 -0.8560 0.0719
vn -0.0653 -0.9471 0.3142
vn 0.6316 -0.7325 0.2542
vn 0.3829 0.0875 0.9196
vn -0.1159 0.7651 0.6334
vn -0.0065 0.9904 0.1384
vn -0.0000 0.9904 0.1382
vn 0.3460 0.9119 -0.2207
vn 0.3990 0.8951 -0.1992
vn -0.0000 0.9799 -0.1992
vn -0.0000 0.9783 -0.2072
vn 0.5638 0.8223 -0.0777
vn -0.0000 0.9084 0.4181
vn 0.2569 0.9248 -0.2805
vn 0.3278 0.9112 -0.2495
vn 0.1777 0.9312 -0.3184
vn 0.2234 0.9350 -0.2756
vn 0.2710 0.9347 -0.2300
vn 0.2189 0.9425 -0.2525
vn 0.3008 0.9251 -0.2318
vn 0.2436 0.9423 -0.2296
vn 0.2303 0.9430 -0.2403
vn 0.2135 0.9568 -0.1974
vn 0.2367 0.9496 -0.2056
vn 0.2075 0.9592 -0.1918
vn -0.1435 0.9767 0.1595
vn 0.1748 0.9704 -0.1667
vn -0.0189 0.9565 0.2911
vn 0.0560 0.9331 0.3552
vn -0.3909 0.3583 0.8478
vn -0.2680 0.3011 0.9152
vn 0.0601 0.8953 0.4413
vn -0.1816 0.1967 0.9635
vn -0.3659 -0.0382 0.9299
vn -0.2498 -0.0752 0.9654
vn -0.0000 0.8833 0.4689
vn -0.0000 0.1274 0.9918
vn -0.0000 -0.0954 0.9954
vn -0.2679 -0.0730 0.9607
vn -0.0000 -0.0899 0.9960
vn -0.3222 -0.0460 0.9455
vn -0.2883 -0.0634 0.9554
vn -0.0000 -0.0794 0.9968
vn -0.0000 -0.0626 0.9980
vn -0.4316 -0.0204 0.9018
vn -0.4062 -0.0341 0.9131
vn -0.3850 -0.0424 0.9219
vn -0.5168 0.0088 0.8561
vn -0.4964 0.0003 0.8681
vn -0.4794 0.0111 0.8775
vn -0.7489 0.0474 0.6610
vn -0.7557 0.0591 0.6523
vn -0.6611 0.4377 0.6094
vn -0.9209 0.0652 0.3843
vn -0.8047 0.4549 0.3816
vn -0.1301 0.9762 0.1736
vn -0.8295 0.4843 0.2782
vn -0.0724 0.9714 0.2259
vn 0.4146 0.9000 0.1347
vn 0.2865 0.9581 -0.0002
vn -0.0166 0.9853 0.1700
vn 0.4519 0.8774 0.1611
vn -0.0016 0.9976 0.0698
vn 0.4305 0.8939 0.1253
vn 0.4150 0.9063 0.0801
vn 0.4370 0.8979 0.0536
vn 0.4355 0.8994 -0.0372
vn 0.4495 0.8920 0.0480
vn 0.3615 0.9300 -0.0671
vn 0.3951 0.9174 0.0469
vn 0.3869 0.9045 0.1794
vn 0.3327 0.9425 0.0309
vn 0.3475 0.9149 0.2055
vn 0.3005 0.8874 0.3495
vn 0.3350 0.9005 0.2772
vn 0.1693 0.7662 0.6199
vn 0.2539 0.8712 0.4202
vn 0.1290 0.7406 0.6594
vn -0.1635 0.1178 0.9795
vn 0.0126 0.7751 0.6317
vn -0.2094 0.1589 0.9648
vn -0.3211 -0.4489 0.8339
vn -0.3360 -0.4196 0.8433
vn -0.3427 -0.5721 0.7452
vn -0.3728 -0.5650 0.7361
vn -0.3416 -0.8643 0.3691
vn -0.3888 -0.8624 0.3242
vn -0.2802 -0.9596 -0.0279
vn -0.3406 -0.9395 -0.0348
vn -0.2688 -0.9575 -0.1051
vn -0.3273 -0.9367 -0.1241
vn -0.3249 -0.9350 -0.1425
vn -0.3234 -0.8851 -0.3348
vn -0.3099 -0.8872 -0.3419
vn -0.3250 -0.8797 -0.3473
vn -0.2984 -0.6126 -0.7319
vn -0.3046 -0.6271 -0.7169
vn -0.2120 -0.2808 -0.9361
vn -0.2187 -0.2143 -0.9520
vn -0.1068 0.0504 -0.9930
vn -0.1303 0.0663 -0.9893
vn -0.1417 0.1393 -0.9801
vn -0.1302 0.3074 -0.9426
vn 0.1094 0.7240 -0.6810
vn 0.1780 0.7704 -0.6122
vn 0.2750 0.8777 -0.3924
vn 0.2796 0.9522 -0.1228
vn 0.1100 0.7168 -0.6885
vn 0.2529 0.9494 -0.1861
vn 0.3129 0.9496 -0.0172
vn 0.1566 0.9601 -0.2316
vn 0.1929 0.9792 -0.0629
vn 0.1726 0.9498 0.2610
vn 0.3225 0.9172 0.2340
vn 0.0997 0.8828 0.4590
vn -0.0013 0.9627 0.2705
vn -0.0500 0.8846 0.4637
vn -0.0801 0.8172 0.5708
vn -0.1037 0.8754 0.4722
vn -0.1232 0.8335 0.5386
vn -0.2312 0.2731 0.9338
vn -0.2305 0.2237 0.9470
vn -0.2240 -0.5259 0.8205
vn -0.2852 -0.4871 0.8255
vn -0.2210 -0.6447 0.7318
vn -0.2991 -0.6073 0.7360
vn -0.1807 -0.8434 0.5059
vn -0.2579 -0.8688 0.4227
vn -0.0788 -0.9903 0.1142
vn -0.1524 -0.9881 0.0204
vn -0.0426 -0.9940 -0.1008
vn -0.1195 -0.9890 -0.0868
vn -0.0584 -0.8642 -0.4998
vn -0.1263 -0.9072 -0.4013
vn -0.2686 -0.8973 -0.3504
vn -0.1549 -0.6364 -0.7556
vn -0.2607 -0.6503 -0.7135
vn -0.1615 -0.4277 -0.8894
vn -0.2055 -0.3583 -0.9107
vn -0.1210 0.0103 -0.9926
vn -0.1132 0.0556 -0.9920
vn -0.0342 0.7297 -0.6829
vn 0.0542 0.7417 -0.6686
vn 0.0338 0.9610 -0.2745
vn -0.0900 0.6969 -0.7115
vn -0.0503 0.9454 -0.3220
vn -0.0475 0.9951 -0.0866
vn 0.0428 0.9959 -0.0798
vn -0.0765 0.9541 0.2895
vn -0.1707 0.9819 -0.0818
vn -0.1742 0.9400 0.2933
vn -0.1751 0.8726 0.4560
vn -0.2637 0.9245 0.2752
vn -0.2466 0.8817 0.4023
vn -0.2463 0.7999 0.5473
vn -0.1848 0.8221 0.5386
vn -0.2513 0.1911 0.9489
vn -0.2411 0.2589 0.9353
vn -0.1340 -0.5338 0.8349
vn -0.1656 -0.5348 0.8286
vn -0.1017 -0.6425 0.7595
vn -0.1393 -0.6649 0.7339
vn -0.0659 -0.7830 0.6185
vn -0.1168 -0.8091 0.5760
vn -0.0187 -0.9713 0.2372
vn -0.0619 -0.9790 0.1940
vn -0.0020 -0.9840 -0.1779
vn -0.0378 -0.9882 -0.1481
vn -0.0284 -0.7641 -0.6445
vn -0.0513 -0.8006 -0.5970
vn -0.0564 -0.4787 -0.8762
vn -0.0682 -0.5063 -0.8597
vn -0.0857 -0.5639 -0.8214
vn -0.0779 -0.4666 -0.8810
vn -0.0985 -0.4634 -0.8807
vn -0.1308 -0.0934 -0.9870
vn -0.1067 -0.0665 -0.9921
vn -0.1837 0.6637 -0.7251
vn -0.1497 -0.0862 -0.9850
vn -0.2574 0.6410 -0.7231
vn -0.2643 0.9017 -0.3422
vn -0.1693 0.9216 -0.3492
vn -0.2758 0.9590 -0.0646
vn -0.3331 0.8942 -0.2991
vn -0.3473 0.9363 -0.0521
vn -0.3352 0.9153 0.2232
vn -0.3646 0.9303 -0.0402
vn -0.3581 0.9192 0.1639
vn -0.3525 0.8881 0.2949
vn -0.3207 0.8887 0.3275
vn -0.3451 0.7269 0.5937
vn -0.3173 0.7739 0.5480
vn -0.2083 0.0501 0.9768
vn -0.2381 0.1023 0.9658
vn -0.0268 -0.4925 0.8699
vn -0.0682 -0.5302 0.8451
vn 0.0061 -0.5887 0.8083
vn -0.0424 -0.6015 0.7977
vn 0.0432 -0.7502 0.6598
vn -0.0072 -0.7550 0.6557
vn 0.0898 -0.9502 0.2983
vn 0.0407 -0.9605 0.2751
vn 0.1026 -0.9743 -0.2005
vn 0.0529 -0.9805 -0.1893
vn 0.0512 -0.7214 -0.6906
vn 0.0108 -0.7419 -0.6705
vn -0.0021 -0.4485 -0.8938
vn -0.0308 -0.4645 -0.8850
vn -0.0215 -0.3863 -0.9221
vn -0.0442 -0.4170 -0.9078
vn -0.0667 -0.4447 -0.8932
vn -0.1430 -0.0921 -0.9854
vn -0.1211 -0.0912 -0.9884
vn -0.3133 0.5907 -0.7436
vn -0.3053 0.6203 -0.7225
vn -0.3597 0.8938 -0.2679
vn -0.2824 0.5430 -0.7908
vn -0.3446 0.8793 -0.3288
vn -0.3475 0.9364 -0.0482
vn -0.4106 0.7768 -0.4775
vn -0.4398 0.8971 -0.0423
vn -0.4398 0.8576 0.2666
vn -0.3444 0.9270 0.1486
vn -0.4675 0.7364 0.4890
vn -0.3456 0.8730 0.3441
vn -0.3228 0.6326 0.7040
vn -0.1945 0.0390 0.9801
vn -0.0412 -0.4260 0.9038
vn -0.0421 -0.5554 0.8305
vn 0.0031 -0.5651 0.8250
vn 0.0564 -0.7543 0.6542
vn -0.2038 -0.5655 0.7991
vn -0.5522 0.0695 0.8308
vn -0.4698 -0.6116 0.6366
vn -0.2263 -0.9741 0.0002
vn -0.9363 -0.2456 0.2511
vn -0.1787 -0.8799 -0.4402
vn -0.0036 -0.5239 -0.8518
vn 0.0270 -0.7811 -0.6238
vn 0.0586 -0.7054 -0.7063
vn 0.0062 -0.4442 -0.8959
vn -0.0565 -0.3415 -0.9382
vn -0.0198 -0.3488 -0.9370
vn -0.1478 -0.0771 -0.9860
vn -0.1097 -0.0657 -0.9918
vn -0.3027 0.3847 -0.8720
vn -0.1460 -0.2293 -0.9623
vn -0.3180 0.2125 -0.9240
vn -0.5315 0.6281 -0.5684
vn -0.6460 0.7632 0.0175
vn -0.6918 0.5107 0.5105
vn -0.7537 -0.1351 -0.6432
vn -0.4864 -0.0253 -0.8733
vn -0.0887 -0.5561 -0.8264
vn -0.0448 0.9948 -0.0914
vn -0.6201 0.4441 -0.6467
vn -0.0704 0.9642 -0.2555
vn -0.7669 0.5388 -0.3487
vn -0.8197 0.5499 -0.1604
vn -0.8900 0.1486 -0.4311
vn -0.9618 0.0942 -0.2571
vn -0.8514 0.5213 0.0582
vn -0.9972 0.0709 -0.0220
vn -0.9529 0.1006 -0.2861
vn -0.9979 0.0561 -0.0330
vn -0.9684 0.0600 0.2419
vn -0.9701 0.0468 0.2381
vn -0.9973 0.0594 -0.0438
vn -0.9696 0.0484 0.2398
vn -0.9163 0.0552 0.3966
vn -0.9072 0.0601 0.4165
vn -0.9654 0.0511 0.2558
vn -0.8978 0.0597 0.4362
vn -0.7388 0.0536 0.6718
vn -0.7390 0.0470 0.6720
vn -0.9012 0.0241 0.4328
vn -0.7619 -0.0145 0.6476
vn -0.5462 0.0107 0.8376
vn -0.5695 -0.0452 0.8207
vn -0.8132 -0.0717 0.5775
vn -0.6014 -0.1487 0.7850
vn -0.4448 -0.0528 0.8941
vn -0.4407 -0.1736 0.8807
vn -0.6564 -0.1920 0.7295
vn -0.4296 -0.2540 0.8665
vn -0.3514 -0.0577 0.9345
vn -0.3430 -0.1696 0.9239
vn -0.3168 -0.2628 0.9113
vn -0.4300 -0.2453 0.8689
vn -0.3006 -0.2590 0.9179
vn -0.0000 -0.1729 0.9849
vn -0.0000 -0.2743 0.9616
vn -0.0000 -0.2662 0.9639
vn -0.2751 -0.2527 0.9276
vn -0.0000 -0.2506 0.9681
vn -0.2619 -0.1725 0.9496
vn -0.2524 -0.2585 0.9324
vn -0.0000 -0.2640 0.9645
vn -0.0000 -0.2000 0.9798
vn -0.3895 -0.1098 0.9145
vn -0.3991 -0.2610 0.8790
vn -0.4252 -0.2554 0.8683
vn -0.7177 -0.1931 0.6690
vn -0.7135 -0.1878 0.6750
vn -0.6976 -0.1714 0.6957
vn -0.9039 -0.0813 0.4200
vn -0.8941 -0.0715 0.4421
vn -0.8674 -0.0772 0.4915
vn -0.9237 -0.0401 0.3810
vn -0.9175 -0.0251 0.3970
vn -0.9109 -0.0111 0.4125
vn -0.9366 -0.0125 0.3501
vn -0.9482 0.0094 0.3176
vn -0.9577 0.0346 0.2856
vn -0.9903 0.1249 -0.0601
vn -0.9900 0.1150 -0.0811
vn -0.9947 0.0838 -0.0602
vn -0.8752 0.2047 -0.4383
vn -0.8960 0.1612 -0.4138
vn -0.9296 0.1225 -0.3477
vn -0.8281 0.2019 -0.5229
vn -0.8373 0.1984 -0.5095
vn -0.8653 0.1748 -0.4699
vn -0.6982 0.2136 -0.6832
vn -0.6824 0.2119 -0.6996
vn -0.6978 0.2058 -0.6861
vn -0.4596 0.1954 -0.8664
vn -0.4635 0.2084 -0.8613
vn -0.4400 0.3121 -0.8420
vn -0.3200 0.1938 -0.9274
vn -0.3304 0.2635 -0.9063
vn -0.2655 0.7610 -0.5919
vn -0.2170 0.8597 -0.4624
vn -0.0000 0.2661 -0.9639
vn -0.0000 0.7431 -0.6692
vn -0.0000 0.9763 -0.2165
vn -0.0000 0.9771 -0.2126
vn -0.0000 0.9771 -0.2127
vn -0.0000 0.9833 -0.1818
vn -0.0000 -0.0657 0.9978
vn -0.0808 0.9241 0.3734
vn -0.0000 0.8925 0.4511
vn -0.0000 0.9276 0.3736
vn -0.0000 0.8475 0.5308
vn -0.0000 0.3841 0.9233
vn -0.0000 0.9567 0.2910
vn -0.0759 0.9511 0.2996
vn -0.1102 0.9361 0.3341
vn -0.1289 0.9101 0.3938
vn -0.4931 0.7570 0.4287
vn -0.5527 0.6772 0.4857
vn -0.8830 0.2386 0.4042
vn -0.8831 0.1675 0.4384
vn -0.7098 0.0210 0.7041
vn -0.9169 -0.0677 0.3934
vn -0.9352 -0.0236 0.3533
vn -0.9304 -0.0440 0.3638
vn -0.9345 -0.0063 0.3558
vn -0.9336 -0.0331 0.3567
vn -0.9314 -0.0252 0.3631
vn -0.9933 0.0903 0.0714
vn -0.9930 0.1070 0.0494
vn -0.9933 0.1154 0.0009
vn -0.9102 0.2389 -0.3382
vn -0.8925 0.2415 -0.3808
vn -0.8778 0.2272 -0.4217
vn -0.8362 0.2674 -0.4788
vn -0.8347 0.2477 -0.4919
vn -0.8331 0.2226 -0.5063
vn -0.7371 0.3011 -0.6050
vn -0.7419 0.2486 -0.6227
vn -0.7299 0.2090 -0.6508
vn -0.5048 0.2917 -0.8124
vn -0.4841 0.2111 -0.8491
vn -0.4661 0.1938 -0.8632
vn -0.2822 0.2174 -0.9344
vn -0.3035 0.1890 -0.9339
vn -0.3129 0.1800 -0.9326
vn -0.0000 0.2019 -0.9794
vn -0.0000 0.1858 -0.9826
vn -0.0000 0.1998 -0.9798
vn -0.0553 0.9691 0.2403
vn -0.0614 0.9642 0.2581
vn -0.0000 0.9682 0.2503
vn -0.0000 0.9699 0.2434
vn -0.0902 0.9672 0.2373
vn -0.0941 0.9567 0.2754
vn -0.3840 0.8895 0.2475
vn -0.4471 0.8179 0.3622
vn -0.8626 0.4729 0.1797
vn -0.8585 0.3276 0.3944
vn -0.9892 0.1144 0.0919
vn -0.7857 0.6026 -0.1401
vn -0.9239 0.2507 -0.2890
vn -0.9240 0.2280 -0.3069
vn -0.8696 0.2867 -0.4019
vn -0.8670 0.2527 -0.4295
vn -0.8500 0.2611 -0.4575
vn -0.7686 0.2879 -0.5713
vn -0.7517 0.2977 -0.5885
vn -0.7389 0.3147 -0.5958
vn -0.5108 0.3708 -0.7756
vn -0.5098 0.3926 -0.7655
vn -0.5111 0.3785 -0.7717
vn -0.2925 0.4360 -0.8511
vn -0.2886 0.4152 -0.8627
vn -0.2752 0.3081 -0.9107
vn -0.0000 0.4299 -0.9029
vn -0.0000 0.3167 -0.9485
vn -0.0000 0.2331 -0.9725
vn -0.0860 0.9807 0.1756
vn -0.0677 0.9698 0.2344
vn -0.0000 0.9684 0.2496
vn -0.0000 0.9853 0.1708
vn -0.1001 0.9732 0.2071
vn -0.3407 0.9334 0.1124
vn -0.0000 0.9994 -0.0336
vn -0.0888 0.9960 -0.0062
vn -0.0000 0.8999 -0.4361
vn -0.1448 0.8857 -0.4411
vn -0.0000 0.6075 -0.7943
vn -0.2334 0.5710 -0.7871
vn -0.4680 0.4852 -0.7386
vn -0.2838 0.4156 -0.8642
vn -0.5072 0.3687 -0.7790
vn -0.7657 0.3603 -0.5327
vn -0.2896 0.4087 -0.8655
vn -0.0000 0.4393 -0.8983
vn -0.0000 0.4256 -0.9049
vn -0.0000 0.4575 -0.8892
vn -0.1753 -0.8646 -0.4710
vn -0.1738 -0.8594 -0.4809
vn -0.0000 -0.8700 -0.4930
vn -0.0000 -0.8775 -0.4796
vn -0.1669 -0.8608 -0.4807
vn -0.0000 -0.8716 -0.4903
vn -0.2040 -0.8521 -0.4819
vn -0.2230 -0.8470 -0.4825
vn -0.2415 -0.8390 -0.4876
vn -0.1606 -0.8596 -0.4852
vn -0.0000 -0.8708 -0.4917
vn -0.1572 -0.8629 -0.4803
vn -0.0000 -0.8731 -0.4875
vn -0.0825 0.8094 0.5814
vn -0.0801 0.7865 0.6124
vn -0.0000 0.7924 0.6100
vn -0.0000 0.8086 0.5884
vn -0.0723 0.7640 0.6412
vn -0.0000 0.7671 0.6416
vn -0.2221 0.8182 0.5304
vn -0.1564 0.7923 0.5898
vn -0.1194 0.7773 0.6176
vn -0.3593 0.7842 0.5059
vn -0.3306 0.7882 0.5191
vn -0.2034 0.8430 0.4979
vn -0.0294 0.9261 0.3762
vn -0.6460 0.7629 -0.0260
vn -0.5034 0.6174 -0.6045
vn -0.9151 -0.0910 -0.3929
vn -0.6853 -0.1227 -0.7178
vn -0.8741 0.3102 -0.3739
vn -0.7040 0.3175 -0.6352
vn -0.2981 0.2389 -0.9242
vn -0.3803 0.9187 -0.1069
vn -0.3164 0.9257 -0.2071
vn 0.0031 0.9969 0.0780
vn 0.0065 0.9959 0.0902
vn 0.0151 0.9951 0.0977
vn 0.0146 0.9948 0.1012
vn -0.3535 0.9269 -0.1264
vn -0.0049 0.9955 0.0949
vn 0.0108 0.9948 0.1015
vn 0.0172 0.9944 0.1044
vn 0.0155 0.9944 0.1049
vn -0.0136 0.9969 0.0778
vn 0.0063 0.9954 0.0959
vn 0.0141 0.9944 0.1044
vn 0.0178 0.9940 0.1080
vn 0.0168 0.9939 0.1087
vn 0.0062 0.9959 0.0908
vn 0.0126 0.9945 0.1038
vn 0.0153 0.9939 0.1092
vn 0.0178 0.9937 0.1110
vn 0.0166 0.9936 0.1116
vn 0.0108 0.9946 0.1035
vn 0.0136 0.9939 0.1090
vn 0.0153 0.9937 0.1113
vn 0.0170 0.9936 0.1115
vn 0.0160 0.9937 0.1108
vn 0.0127 0.9940 0.1084
vn 0.0135 0.9937 0.1111
vn 0.0137 0.9938 0.1101
vn 0.0162 0.9941 0.1075
vn 0.0138 0.9942 0.1065
vn 0.0107 0.9935 0.1133
vn 0.0091 0.9939 0.1102
vn 0.0087 0.9943 0.1061
vn 0.0143 0.9945 0.1038
vn 0.0088 0.9946 0.1035
vn -0.0000 0.9939 0.1105
vn -0.0000 0.9944 0.1060
vn -0.0000 0.9946 0.1034
vn 0.0084 0.9948 0.1017
vn -0.0000 0.9947 0.1023
vn -0.0162 0.9978 0.0646
vn -0.0000 0.9964 0.0852
vn -0.0000 0.9924 -0.1229
vn 0.0140 0.9948 0.1007
vn 0.0169 0.9944 0.1047
vn 0.0174 0.9939 0.1090
vn 0.0182 0.9936 0.1116
vn 0.0190 0.9938 0.1099
vn 0.0194 0.9941 0.1067
vn 0.0183 0.9945 0.1030
vn 0.0097 0.9949 0.1004
vn -0.3142 -0.4307 0.8460
vn -0.2935 -0.6422 0.7081
vn -0.0000 -0.6702 0.7422
vn -0.0000 -0.4522 0.8919
vn -0.2505 -0.8097 0.5308
vn -0.0000 -0.8377 0.5461
vn -0.3223 -0.6280 0.7083
vn -0.2786 -0.7993 0.5324
vn -0.2711 -0.8128 0.5156
vn -0.2814 -0.7936 0.5394
vn -0.2733 -0.8135 0.5134
vn -0.2711 -0.8106 0.5191
vn -0.2685 -0.8137 0.5155
vn -0.2693 -0.8206 0.5040
vn -0.2666 -0.8083 0.5249
vn -0.2654 -0.8241 0.5004
vn -0.2723 -0.8988 0.3436
vn -0.2682 -0.8290 0.4908
vn -0.2794 -0.9015 0.3306
vn -0.2654 -0.9386 0.2204
vn -0.2573 -0.9455 0.1997
vn -0.2197 -0.9619 0.1627
vn -0.2869 -0.9015 0.3241
vn -0.2822 -0.8345 0.4732
vn -0.2588 -0.8088 0.5281
vn -0.2661 -0.8109 0.5212
vn -0.2613 -0.8137 0.5192
vn -0.2629 -0.8094 0.5251
vn -0.2844 -0.7766 0.5621
vn -0.2698 -0.8144 0.5137
vn -0.2863 -0.7857 0.5484
vn -0.3238 -0.6101 0.7232
vn -0.3366 -0.4295 0.8380
vn -0.3322 -0.4311 0.8389
vn -0.3222 -0.6208 0.7147
vn -0.3352 -0.4157 0.8454
vn -0.3329 -0.4140 0.8472
vn -0.3365 -0.4098 0.8478
vn -0.3326 -0.4116 0.8485
vn -0.3416 -0.4112 0.8451
vn -0.3322 -0.4084 0.8502
vn -0.3441 -0.4059 0.8467
vn -0.3307 -0.4124 0.8489
vn -0.3386 -0.4029 0.8503
vn -0.3281 -0.4072 0.8524
vn -0.3352 -0.3784 0.8628
vn -0.3320 -0.3783 0.8641
vn -0.3404 -0.1812 0.9227
vn -0.3399 -0.1846 0.9222
vn -0.3343 -0.0016 0.9425
vn -0.3345 -0.0014 0.9424
vn -0.3347 0.0121 0.9422
vn -0.3352 0.0110 0.9421
vn -0.1340 0.2198 0.9663
vn -0.2812 0.0395 0.9588
vn -0.3351 0.0147 0.9421
vn -0.0829 -0.0217 0.9963
vn -0.3326 0.0204 0.9429
vn -0.3519 0.0371 0.9353
vn -0.3019 0.0391 0.9525
vn -0.3699 0.0701 0.9264
vn -0.3709 0.0598 0.9268
vn -0.3870 0.1026 0.9164
vn -0.3886 0.1757 0.9045
vn -0.3902 0.1764 0.9037
vn -0.3536 0.4353 0.8279
vn -0.3556 0.4140 0.8379
vn -0.2913 0.6063 0.7400
vn -0.3073 0.5887 0.7477
vn -0.2645 0.6291 0.7309
vn -0.2924 0.6042 0.7412
vn -0.2428 0.6465 0.7232
vn -0.2679 0.6243 0.7338
vn -0.2315 0.6574 0.7171
vn -0.2415 0.6497 0.7208
vn -0.2311 0.6549 0.7195
vn -0.2340 0.6560 0.7176
vn -0.2362 0.6551 0.7177
vn -0.2215 0.6594 0.7184
vn -0.0000 0.6760 0.7369
vn -0.2245 0.6589 0.7179
vn -0.0000 0.6783 0.7348
vn -0.2372 0.6486 0.7232
vn -0.0000 0.6724 0.7402
vn -0.2334 0.7293 -0.6432
vn -0.2929 -0.5487 -0.7830
vn -0.0000 -0.5880 -0.8089
vn -0.0000 0.7255 -0.6883
vn -0.1728 -0.8683 -0.4650
vn -0.0000 -0.8807 -0.4736
vn -0.3765 -0.4220 -0.8247
vn -0.1819 -0.8667 -0.4644
vn -0.1883 -0.8615 -0.4715
vn -0.2389 -0.8295 -0.5048
vn -0.3770 -0.7779 -0.5028
vn -0.5036 -0.7203 -0.4770
vn -0.8328 -0.3967 -0.3860
vn -0.8792 -0.3195 -0.3535
vn -0.5885 -0.6638 -0.4616
vn -0.9107 -0.2617 -0.3196
vn -0.6543 -0.6124 -0.4437
vn -0.9211 -0.2361 -0.3096
vn -0.7117 -0.5513 -0.4354
vn -0.2876 -0.8237 -0.4886
vn -0.7476 -0.4845 -0.4543
vn -0.3864 -0.7861 -0.4825
vn -0.1707 -0.8768 -0.4495
vn -0.5232 -0.7235 -0.4504
vn -0.2258 -0.8753 -0.4276
vn -0.0000 -0.9063 -0.4227
vn -0.0000 -0.8930 -0.4500
vn -0.2119 0.8422 0.4958
vn -0.1139 0.8360 0.5367
vn -0.0000 0.8223 0.5690
vn -0.0000 0.8352 0.5500
vn -0.3641 0.8357 0.4111
vn -0.3032 0.8378 0.4541
vn -0.4120 0.8270 0.3825
vn -0.3955 0.8308 0.3915
vn -0.3692 0.8160 0.4448
vn -0.8392 0.5329 0.1086
vn -0.8656 0.4896 0.1047
vn -0.9603 -0.0868 -0.2651
vn -0.9490 -0.1290 -0.2876
vn -0.8351 0.5359 0.1240
vn -0.9679 -0.0659 -0.2426
vn -0.8343 0.5385 0.1185
vn -0.9716 -0.0694 -0.2262
vn -0.8486 0.5279 0.0347
vn -0.9555 -0.1138 -0.2720
vn -0.8944 -0.2588 -0.3647
vn -0.9265 -0.2032 -0.3166
vn -0.8632 -0.3300 -0.3821
vn -0.7975 -0.4383 -0.4147
vn -0.8640 -0.4003 -0.3053
vn -0.8403 -0.4391 -0.3178
vn -0.6229 -0.6758 -0.3942
vn -0.8384 -0.4848 -0.2491
vn -0.6369 -0.6994 -0.3244
vn -0.3041 -0.8750 -0.3767
vn -0.2897 -0.8530 -0.4341
vn -0.0000 -0.9197 -0.3926
vn -0.0000 -0.8960 -0.4441
vn -0.3473 0.8978 0.2708
vn -0.3176 0.8628 0.3933
vn -0.0000 0.8993 0.4373
vn -0.0000 0.9573 0.2891
vn -0.3474 0.8970 0.2732
vn -0.3747 0.8525 0.3645
vn -0.3930 0.8808 0.2642
vn -0.4104 0.8402 0.3544
vn -0.3472 0.9130 0.2143
vn -0.3809 0.9034 0.1971
vn -0.8601 0.5080 -0.0468
vn -0.4343 0.8855 0.1650
vn -0.8920 0.4477 -0.0615
vn -0.9174 -0.2887 -0.2739
vn -0.9091 0.4003 -0.1158
vn -0.9197 -0.3296 -0.2134
vn -0.8671 -0.4422 -0.2295
vn -0.9234 -0.3402 -0.1776
vn -0.8575 -0.4837 -0.1750
vn -0.8045 -0.5627 -0.1903
vn -0.8490 -0.5060 -0.1522
vn -0.7598 -0.6314 -0.1548
vn -0.5419 -0.8244 -0.1633
vn -0.5947 -0.7725 -0.2228
vn -0.2661 -0.9495 -0.1664
vn -0.2918 -0.9263 -0.2381
vn -0.0000 -0.9856 -0.1689
vn -0.0000 -0.9698 -0.2440
vn -0.3789 0.9029 0.2031
vn -0.3646 0.9039 0.2236
vn -0.0000 0.9690 0.2472
vn -0.0000 0.9760 0.2177
vn -0.3861 0.9011 0.1972
vn -0.3440 0.9381 0.0413
vn -0.3941 0.9182 0.0404
vn -0.4880 0.8726 0.0223
vn -0.3535 0.9284 -0.1145
vn -0.4530 0.8839 -0.1160
vn -0.8991 0.3981 -0.1819
vn -0.4345 0.8896 -0.1408
vn -0.8857 0.4196 -0.1986
vn -0.9331 -0.3174 -0.1692
vn -0.8980 0.3929 -0.1980
vn -0.9436 -0.2812 -0.1747
vn -0.8321 -0.5303 -0.1624
vn -0.9275 -0.3202 -0.1928
vn -0.7227 -0.6633 -0.1942
vn -0.6883 -0.7043 -0.1739
vn -0.4215 -0.8854 -0.1962
vn -0.0940 -0.9693 -0.2272
vn -0.0000 -0.9440 -0.3300
vn -0.0000 -0.9700 -0.2433
vn -0.2547 0.9582 -0.1301
vn -0.2920 0.9493 -0.1169
vn -0.0000 0.9924 -0.1230
vn -0.0000 0.9907 -0.1358
vn -0.0000 0.9993 0.0377
vn -0.3374 0.9325 -0.1288
vn -0.3176 0.9391 -0.1310
vn -0.5079 0.8488 -0.1468
vn -0.6185 0.7691 -0.1609
vn -0.9273 0.3143 -0.2033
vn -0.3570 -0.2860 -0.8892
vn -0.1953 0.8909 -0.4101
vn -0.2373 0.8341 -0.4980
vn -0.3146 0.7547 -0.5757
vn -0.0021 0.9977 0.0674
vn -0.0070 0.9978 0.0661
vn 0.0015 0.9981 0.0619
vn 0.0049 0.9959 0.0902
vn 0.0084 0.9961 0.0883
vn -0.0000 0.9982 0.0601
vn -0.0000 0.9962 0.0868
vn 0.0117 0.9948 0.1008
vn -0.0000 0.9950 0.1001
vn 0.0124 0.9938 0.1101
vn -0.0000 0.9937 0.1121
vn -0.0000 0.9933 0.1152
vn 0.0103 0.9947 0.1024
vn 0.0057 0.9959 0.0903
vn -0.0045 0.9978 0.0655
vn -0.2586 0.9289 -0.2653
vn -0.3167 -0.4230 0.8490
vn -0.3097 -0.4175 0.8543
vn -0.0000 -0.4400 0.8980
vn -0.0000 -0.4473 0.8944
vn -0.3099 -0.4177 0.8541
vn -0.0000 -0.4381 0.8989
vn -0.3337 -0.4120 0.8479
vn -0.3338 -0.4157 0.8460
vn -0.3384 -0.4277 0.8382
vn -0.3380 -0.4164 0.8440
vn -0.3185 -0.4065 0.8563
vn -0.3405 -0.4046 0.8488
vn -0.3132 -0.3978 0.8624
vn -0.3361 -0.3983 0.8535
vn -0.3084 -0.3749 0.8743
vn -0.3286 -0.3756 0.8666
vn -0.3114 -0.1714 0.9347
vn -0.3305 -0.1783 0.9268
vn -0.3061 -0.0020 0.9520
vn -0.3282 -0.0021 0.9446
vn -0.3100 0.0035 0.9507
vn -0.3356 0.0083 0.9420
vn -0.0000 0.0096 1.0000
vn -0.0000 0.0025 1.0000
vn -0.0000 -0.0015 1.0000
vn -0.0000 -0.1802 0.9836
vn -0.0000 -0.4280 0.9038
vn -0.0000 -0.4179 0.9085
vn -0.0000 -0.3931 0.9195
vn -0.0000 0.0058 1.0000
vn -0.3680 0.0722 0.9270
vn -0.0000 -0.0230 0.9997
vn -0.0000 -0.0546 0.9985
vn -0.4815 0.0410 0.8755
vn -0.8332 0.2916 0.4698
vn -0.7108 0.4223 0.5625
vn -0.8946 0.4447 0.0437
vn -0.7813 0.6181 0.0870
vn -0.9285 -0.1017 0.3571
vn -0.9912 -0.1326 -0.0006
vn -0.8426 -0.4408 0.3094
vn -0.7915 -0.6103 0.0334
vn -0.4941 -0.7132 0.4972
vn 0.2428 -0.9697 0.0261
vn 0.5149 -0.5665 0.6434
vn 0.7709 -0.6368 0.0149
vn 0.9297 0.2674 0.2532
vn 0.8818 0.2041 0.4252
vn 0.6687 0.6580 0.3462
vn -0.4527 -0.3554 0.8178
vn -0.5786 -0.0980 0.8097
vn -0.5684 -0.0484 0.8214
vn -0.0000 0.0543 0.9985
vn -0.0000 -0.0211 0.9998
vn -0.0000 0.0313 0.9995
vn -0.3078 -0.1667 0.9367
vn -0.0000 0.0027 1.0000
vn -0.3576 0.0327 0.9333
vn -0.0000 0.0170 0.9999
vn -0.0000 0.2118 0.9773
vn -0.3604 0.1897 0.9133
vn -0.0000 0.5257 0.8507
vn -0.3168 0.4782 0.8191
vn -0.0000 0.6621 0.7494
vn -0.2582 0.6314 0.7312
vn -0.6569 -0.7184 0.2289
vn -0.6491 -0.7249 0.2305
vn -0.6593 -0.7246 0.2006
vn -0.6669 -0.7281 0.1584
vn -0.6635 -0.7312 0.1582
vn -0.6719 -0.7256 0.1486
vn -0.6497 -0.7398 0.1750
vn -0.6672 -0.7282 0.1566
vn -0.6761 -0.7368 -0.0029
vn -0.6442 -0.7439 0.1778
vn -0.6746 -0.7382 -0.0064
vn -0.6626 -0.7174 -0.2152
vn -0.5237 -0.8518 0.0111
vn -0.5062 -0.8340 -0.2194
vn -0.4850 -0.8351 -0.2597
vn -0.2664 -0.9408 -0.2093
vn -0.2616 -0.9326 -0.2488
vn -0.4772 -0.8409 -0.2554
vn -0.2208 -0.9444 -0.2436
vn -0.9076 0.0131 0.4197
vn -0.8970 -0.2155 0.3860
vn -0.8888 -0.2560 0.3801
vn -0.8574 -0.3938 0.3313
vn -0.7926 -0.4612 0.3989
vn -0.5769 0.8058 -0.1335
vn -0.5974 0.7969 -0.0899
vn -0.5908 0.8018 -0.0902
vn -0.6224 0.7801 -0.0645
vn -0.6062 0.7914 -0.0784
vn -0.5878 0.8049 -0.0820
vn -0.6381 0.7686 -0.0454
vn -0.6192 0.7835 -0.0520
vn -0.6640 0.7476 0.0142
vn -0.6635 0.7477 0.0248
vn -0.6509 0.7431 0.1552
vn -0.6694 0.7377 0.0879
vn -0.6652 0.7466 -0.0084
vn -0.6718 0.7401 0.0293
vn -0.6535 0.7561 -0.0351
vn -0.8815 -0.3067 0.3591
vn -0.9012 -0.2919 0.3203
vn -0.8753 -0.3058 0.3746
vn -0.9075 -0.2940 0.2999
vn -0.0000 -0.9446 -0.3281
vn -0.2660 -0.7305 -0.6290
vn -0.2555 -0.7186 -0.6468
vn -0.2709 -0.7167 -0.6425
vn -0.2555 -0.7115 -0.6546
vn -0.2652 -0.7082 -0.6543
vn -0.2815 -0.7106 -0.6448
vn -0.2892 -0.6968 -0.6564
vn -0.3096 -0.6923 -0.6519
vn -0.3255 -0.6940 -0.6422
vn -0.3303 -0.6803 -0.6543
vn -0.3346 -0.6854 -0.6467
vn -0.3327 -0.6472 -0.6859
vn -0.3303 -0.6821 -0.6524
vn -0.3288 -0.6750 -0.6605
vn -0.3558 -0.4716 -0.8068
vn -0.4343 -0.6922 -0.5764
vn -0.5046 -0.5054 -0.7000
vn -0.5565 -0.2561 -0.7904
vn -0.7076 -0.4851 -0.5138
vn -0.7806 -0.2706 -0.5635
vn -0.7897 -0.2414 -0.5640
vn -0.8495 -0.2663 -0.4555
vn -0.8444 -0.2545 -0.4713
vn -0.8466 -0.2294 -0.4803
vn -0.8538 -0.2657 -0.4476
vn -0.8522 -0.2436 -0.4631
vn -0.8434 -0.2416 -0.4800
vn -0.8539 -0.2669 -0.4467
vn -0.8540 -0.2519 -0.4552
vn -0.8560 -0.2456 -0.4550
vn -0.8742 -0.2504 -0.4160
vn -0.8816 -0.2376 -0.4078
vn -0.8907 -0.2279 -0.3933
vn -0.9026 -0.2309 -0.3633
vn -0.9083 -0.2124 -0.3603
vn -0.9143 -0.2019 -0.3511
vn -0.9155 -0.2144 -0.3404
vn -0.9169 -0.1973 -0.3468
vn -0.9383 -0.0333 -0.3441
vn -0.9145 -0.2051 -0.3489
vn -0.9362 -0.0394 -0.3493
vn -0.9368 -0.0444 -0.3471
vn -0.8532 -0.3743 0.3632
vn -0.8951 -0.4106 0.1740
vn -0.8417 -0.3890 0.3746
vn -0.8373 -0.4005 0.3721
vn -0.6202 -0.4455 0.6457
vn -0.0189 -0.1943 0.9807
vn 0.1181 -0.3989 0.9094
vn 0.3244 -0.7066 0.6288
vn 0.3130 -0.2093 0.9264
vn -0.2725 0.0453 0.9611
vn -0.2441 -0.4655 0.8507
vn -0.6460 -0.0862 0.7584
vn -0.5637 -0.5552 0.6115
vn -0.6194 -0.6146 0.4885
vn -0.9380 -0.3311 -0.1025
vn -0.9310 -0.3265 0.1635
vn -0.6647 -0.1692 -0.7277
vn -0.4265 -0.5785 -0.6953
vn 0.1040 -0.1731 -0.9794
vn 0.2017 -0.4660 -0.8615
vn 0.5842 -0.5466 -0.5999
vn 0.1984 -0.5444 -0.8150
vn 0.6176 -0.6532 -0.4380
vn 0.9305 -0.3650 -0.0319
vn 0.8635 -0.4801 0.1548
vn 0.3755 -0.9069 -0.1913
vn 0.5964 -0.6743 0.4354
vn 0.8652 -0.3276 0.3796
vn 0.6575 -0.4030 0.6366
vn 0.3740 -0.7445 0.5531
vn 0.5146 -0.4646 0.7207
vn 0.6425 -0.2177 0.7347
vn 0.5686 -0.2802 0.7734
vn 0.3215 -0.5460 0.7736
vn 0.3920 -0.3082 0.8668
vn 0.4316 0.3650 0.8249
vn 0.4585 0.3074 0.8338
vn 0.3850 0.2726 0.8817
vn -0.0015 -0.3418 0.9398
vn 0.2006 0.2441 0.9488
vn 0.2922 0.7020 0.6495
vn 0.2020 0.7533 0.6259
vn -0.0993 0.4211 0.9015
vn -0.1609 0.5090 0.8456
vn -0.6955 0.4963 0.5196
vn -0.9711 0.2386 0.0021
vn -0.9624 0.0429 0.2682
vn -0.9914 0.0497 -0.1211
vn -0.9552 -0.2795 0.0974
vn -0.8383 -0.4286 0.3369
vn -0.8552 -0.1134 0.5058
vn -0.5289 -0.5354 0.6585
vn -0.4865 -0.2894 0.8244
vn -0.0736 -0.5715 0.8173
vn 0.2397 -0.7674 0.5947
vn 0.1391 -0.9761 0.1671
vn 0.2221 -0.9750 0.0092
vn 0.0179 -0.9103 -0.4135
vn 0.1570 -0.7889 -0.5941
vn 0.1741 -0.6643 -0.7269
vn 0.1633 -0.5762 -0.8008
vn 0.2186 -0.4663 -0.8572
vn 0.1724 -0.3444 -0.9228
vn 0.1292 -0.1100 -0.9855
vn 0.0529 0.0677 -0.9963
vn -0.0061 0.2071 -0.9783
vn -0.0002 0.2284 -0.9736
vn 0.0221 0.1121 -0.9935
vn 0.1316 -0.0811 -0.9880
vn 0.0122 0.2181 -0.9759
vn -0.0892 -0.7007 -0.7078
vn -0.5530 -0.7149 -0.4280
vn -0.8605 -0.5046 -0.0696
vn -0.9026 -0.3384 -0.2659
vn -0.9282 -0.3663 0.0651
vn -0.9828 -0.1415 -0.1185
vn 0.7854 -0.5652 -0.2524
vn -0.5947 -0.7632 -0.2527
vn 0.4976 0.7505 0.4348
vn -0.4641 0.6203 -0.6324
vn -0.8947 -0.3256 0.3059
vn -0.8895 -0.3293 0.3166
vn -0.8510 -0.3925 0.3490
vn 0.5584 -0.7051 0.4372
vn 0.6716 -0.5348 0.5128
vn 0.4648 -0.7950 0.3898
vn 0.5327 -0.6069 0.5898
vn 0.4494 0.1120 0.8863
vn 0.2074 0.7817 0.5882
vn -0.1517 0.9292 -0.3371
vn -0.2870 0.6287 -0.7227
vn -0.1821 0.7496 -0.6363
vn 0.2059 -0.8540 0.4778
vn -0.3724 -0.6316 0.6800
vn -0.3783 -0.7227 0.5784
vn -0.1793 0.5706 -0.8014
vn -0.3874 0.1327 -0.9123
vn -0.3469 -0.1799 -0.9205
vn -0.4177 -0.8627 0.2850
vn 0.6835 0.3860 0.6196
vn 0.9298 -0.2165 0.2976
vn -0.7857 -0.1004 0.6103
vn -0.9932 -0.0485 0.1054
vn -0.0000 1.0000 -0.0000
vn -0.8696 -0.3246 0.3721
vn -0.7856 -0.5529 -0.2779
vn -0.1205 -0.1457 0.9820
vn -0.4514 -0.8781 0.1585
vn -0.1490 0.9694 -0.1951
vn -0.7401 0.3065 -0.5985
vn 0.1067 0.9835 -0.1458
vn 0.0869 0.7763 0.6243
vn -0.0065 0.8696 0.4937
vn -0.4592 -0.7751 0.4340
vn -0.5910 -0.6537 0.4726
vn -0.3489 -0.8200 0.4536
vn -0.6562 -0.0862 0.7497
vn -0.4405 0.6498 0.6194
vn 0.8357 -0.3683 0.4074
vn 0.9071 -0.2707 0.3224
vn 0.7580 -0.4858 0.4353
vn 0.8595 -0.3596 0.3633
vn 0.9605 0.1294 -0.2463
vn 0.0780 -0.6770 0.7318
vn 0.5972 -0.1879 0.7798
vn 0.1866 -0.4425 0.8771
vn 0.8283 0.5239 0.1985
vn 0.8988 -0.1276 0.4193
vn 0.8243 0.2696 0.4979
vn 0.7174 0.6949 0.0491
vn 0.8199 -0.4333 0.3743
vn 0.5379 -0.7750 0.3317
vn 0.1022 -0.8474 0.5211
vn 0.6698 -0.5811 0.4622
vn -0.1831 0.3945 -0.9005
vn 0.9743 -0.2161 -0.0643
vn -0.4750 0.6034 -0.6406
vn 0.8303 -0.3248 0.4529
vn -0.9614 -0.0016 -0.2751
vn -0.9986 -0.0131 0.0511
vn 0.1531 -0.8824 -0.4450
vn -0.9320 0.1691 -0.3206
vn -0.0885 0.2738 -0.9577
vn -0.3887 0.3025 -0.8703
vn 0.0733 0.5267 -0.8469
vn 0.8349 -0.2681 -0.4808
vn -0.1609 0.9576 -0.2390
vn 0.4750 0.8791 -0.0398
vn 0.9513 -0.1638 0.2610
vn 0.8508 -0.3343 0.4053
vn 0.8322 -0.3650 0.4175
vn 0.7588 0.1215 0.6399
vn 0.7921 -0.4060 0.4558
vn 0.8594 -0.3368 0.3847
vn 0.8759 -0.3467 0.3355
vn 0.8381 -0.3540 0.4150
vn 0.9562 0.2918 -0.0221
vn 0.8604 0.5033 -0.0795
vn 0.5305 0.7791 0.3340
vn 0.7195 0.4197 0.5534
vn 0.7733 0.5906 -0.2307
vn 0.2238 0.9743 0.0271
vn 0.9133 0.1257 -0.3875
vn 0.9313 -0.2261 -0.2856
vn 0.9895 -0.1186 0.0829
vn 0.7913 -0.3467 0.5037
vn 0.6692 -0.7326 0.1243
vn 0.5412 0.6146 -0.5739
vn -0.0664 0.7565 -0.6507
vn 0.7086 0.1033 -0.6980
vn 0.0158 0.0201 -0.9997
vn 0.1735 -0.2691 -0.9474
vn 0.2328 -0.5660 -0.7908
vn -0.0745 -0.8033 -0.5909
vn -0.3066 -0.3059 -0.9013
vn 0.6484 -0.7242 -0.2347
vn 0.7852 -0.2081 -0.5832
vn 0.3149 -0.9385 0.1415
vn 0.8104 0.5608 -0.1697
vn 0.9361 0.1654 0.3103
vn 0.9757 -0.1877 0.1132
vn 0.8249 0.2718 -0.4956
vn 0.6317 0.3465 0.6935
vn 0.7324 -0.2785 0.6212
vn 0.4553 0.7287 0.5116
vn 0.7857 -0.4073 0.4657
vn 0.8745 0.1370 0.4652
vn 0.9796 -0.1636 -0.1166
vn 0.9824 -0.1547 0.1045
vn 0.6504 -0.4727 0.5946
vn 0.7404 -0.3503 0.5736
vn 0.6607 -0.7228 -0.2028
vn 0.9776 -0.1752 0.1167
vn 0.9791 0.1989 -0.0433
vn 0.8179 -0.5302 0.2235
vn 0.6091 -0.3953 0.6876
vn 0.6823 0.0494 0.7294
vn 0.8206 0.2301 0.5230
vn 0.8373 0.4792 0.2632
vn 0.4510 -0.7243 0.5215
vn -0.2090 -0.8091 0.5492
vn 0.9058 0.1524 0.3954
vn 0.9268 -0.2119 0.3100
vn 0.8617 -0.3665 0.3510
vn 0.8652 -0.3392 0.3693
vn 0.3522 0.4096 0.8415
vn 0.1791 0.0180 0.9837
vn 0.1719 -0.2416 0.9550
vn 0.4197 0.0560 0.9059
vn -0.0293 -0.8231 0.5671
vn -0.0954 -0.9566 0.2754
vn -0.0619 -0.9921 -0.1095
vn 0.0807 -0.9549 0.2856
vn -0.1084 -0.9511 0.2892
vn -0.1121 -0.9625 -0.2470
vn 0.6135 0.5771 0.5390
vn 0.0577 -0.1776 0.9824
vn -0.3294 -0.1474 0.9326
vn 0.7455 0.3745 0.5513
vn 0.4022 0.3165 0.8591
vn 0.6976 0.4524 0.5556
vn -0.0117 -0.1048 0.9944
vn 0.8604 -0.1447 0.4886
vn -0.9385 -0.2729 0.2115
vn -0.5301 0.0315 0.8473
vn 0.6088 -0.5166 0.6021
vn -0.6107 -0.2832 0.7395
vn -0.8902 -0.4523 0.0540
vn -0.5233 -0.8398 0.1445
vn -0.4140 0.4666 0.7816
vn -0.9097 0.4109 -0.0591
vn 0.8676 0.4812 0.1254
vn 0.7410 0.6648 0.0947
vn -0.5457 -0.2150 0.8099
vn -0.1457 -0.8022 0.5790
vn 0.9922 -0.1242 0.0135
vn 0.8717 0.4873 0.0518
vn 0.7515 -0.6592 -0.0273
vn -0.3071 -0.9488 0.0733
vn -0.8020 -0.5268 0.2814
vn 0.0366 0.8343 0.5502
vn 0.1841 0.9767 0.1101
vn -0.4022 0.8871 0.2266
vn -0.4316 0.8821 0.1886
vn -0.3740 0.8926 0.2518
vn -0.2923 0.8874 0.3565
vn -0.4315 0.8884 0.1565
vn -0.4459 0.8823 0.1509
vn -0.4430 0.8824 0.1585
vn -0.2929 0.9561 0.0019
vn -0.2934 0.9560 -0.0055
vn -0.4414 0.8840 0.1541
vn 0.1179 0.5996 -0.7916
vn 0.7151 0.6478 -0.2628
vn 0.9414 0.1298 -0.3114
vn 0.4536 -0.2147 -0.8649
vn -0.5117 0.7389 -0.4384
vn 0.2631 0.9524 -0.1539
vn -0.5823 -0.3106 -0.7513
vn 0.5829 -0.6512 -0.4859
vn -0.1982 -0.8514 -0.4856
vn 0.8349 -0.4667 -0.2918
vn 0.3522 -0.8836 -0.3086
vn -0.4731 -0.7714 -0.4256
vn -0.1961 -0.9096 -0.3662
vn 0.1334 -0.9516 -0.2770
vn -0.2583 -0.9171 -0.3036
vn -0.0625 -0.9281 -0.3670
vn -0.5929 -0.6244 -0.5085
vn 0.4639 -0.8535 -0.2374
vn 0.3096 0.9468 0.0880
vn 0.2843 0.9580 0.0384
vn 0.1469 0.9887 0.0308
vn 0.1086 0.9781 0.1777
vn 0.6279 0.7149 -0.3076
vn 0.3297 0.8362 -0.4383
vn 0.7359 0.6407 -0.2191
vn 0.1029 0.8245 0.5565
vn 0.1029 0.8057 0.5834
vn 0.1264 0.8801 0.4576
vn 0.0708 0.8950 0.4404
vn 0.3002 0.3858 0.8724
vn 0.4832 0.5870 0.6495
vn 0.2362 0.3511 0.9060
vn 0.6228 0.6807 0.3856
vn 0.5513 0.4626 0.6943
vn 0.6011 -0.3618 0.7125
vn 0.9942 0.0911 -0.0572
vn -0.4467 -0.7166 0.5356
vn -0.5297 0.3210 0.7851
vn -0.4296 0.5009 0.7514
vn -0.7734 -0.1466 0.6167
vn -0.2862 0.5549 0.7811
vn -0.0074 0.7827 0.6223
vn 0.0384 0.9737 0.2247
vn -0.2235 0.9646 0.1401
vn -0.1360 0.9785 0.1550
vn -0.1578 0.9617 -0.2240
vn -0.0422 0.9874 -0.1527
vn -0.2659 0.9588 0.0996
vn -0.1659 0.9390 -0.3013
vn 0.2650 0.9301 -0.2541
vn -0.1692 0.9564 -0.2381
vn -0.1652 0.9437 -0.2867
vn -0.1625 0.9683 -0.1899
vn -0.1903 0.9572 -0.2180
vn -0.3149 0.9491 -0.0020
vn -0.3804 0.9244 -0.0267
vn -0.3883 0.9214 -0.0150
vn -0.3725 0.9277 0.0234
vn -0.2150 0.9133 -0.3459
vn -0.3902 0.9131 -0.1187
vn -0.0555 0.7109 -0.7011
vn -0.4346 0.9004 -0.0223
vn -0.1543 0.9874 0.0337
vn 0.3180 0.0127 0.9480
vn 0.4046 0.1785 0.8969
vn 0.7463 0.2613 0.6122
vn 0.3282 0.0293 0.9441
vn 0.4466 0.7590 0.4737
vn 0.8865 0.4477 0.1170
vn -0.7031 -0.5171 0.4881
vn -0.2658 0.0723 0.9613
vn -0.5083 0.4804 0.7147
vn -0.6470 -0.5861 0.4878
vn 0.0118 0.0348 0.9993
vn -0.0389 0.9305 0.3643
vn 0.0769 0.9189 0.3868
vn -0.1593 0.9416 0.2965
vn 0.6489 -0.7571 0.0749
vn 0.9107 -0.4129 -0.0135
vn 0.9533 -0.2918 -0.0780
vn 0.7867 -0.6172 0.0121
vn 0.9649 -0.2444 0.0965
vn 0.9639 -0.1462 0.2223
vn 0.9233 -0.3534 0.1502
vn 0.8620 -0.1322 0.4893
vn 0.9275 -0.1907 -0.3215
vn 0.8904 -0.2538 -0.3777
vn 0.6043 -0.6131 -0.5088
vn 0.7568 -0.4784 -0.4455
vn 0.8075 0.1557 -0.5690
vn 0.5207 -0.0884 -0.8492
vn 0.9321 0.3600 0.0397
vn 0.9121 0.3991 0.0937
vn 0.9326 -0.1428 -0.3315
vn 0.8970 0.2402 -0.3711
vn 0.8896 0.4556 0.0340
vn 0.5397 -0.4022 -0.7395
vn 0.3446 -0.2652 -0.9005
vn 0.3872 -0.6846 -0.6176
vn 0.5886 -0.6236 -0.5145
vn 0.2596 -0.2255 -0.9390
vn 0.3173 -0.6307 -0.7082
vn 0.2964 -0.0119 -0.9550
vn 0.3682 -0.1956 -0.9090
vn 0.3705 -0.9064 0.2028
vn 0.3827 -0.5889 0.7119
vn 0.4872 -0.7217 0.4918
vn 0.4160 -0.9016 0.1185
vn 0.3331 -0.3674 0.8684
vn 0.2656 -0.2978 0.9169
vn 0.2816 -0.1852 0.9415
vn 0.4672 -0.2615 0.8446
vn 0.9068 0.2607 0.3313
vn 0.8603 0.3410 0.3790
vn 0.2919 0.9055 0.3079
vn 0.3445 0.8844 0.3148
vn 0.3646 0.9074 0.2090
vn 0.2185 0.9461 0.2392
vn 0.6949 0.5715 -0.4364
vn 0.4445 0.5213 -0.7284
vn 0.4437 0.3001 -0.8444
vn 0.4099 -0.1509 -0.8996
vn 0.1963 0.9238 -0.3289
vn 0.2519 0.9135 -0.3194
vn 0.9052 0.0939 0.4144
vn 0.5366 0.8009 0.2656
vn 0.0465 0.9883 0.1450
vn 0.0620 0.9899 0.1274
vn 0.2582 0.9418 0.2152
vn 0.8638 -0.1032 0.4932
vn 0.0162 0.9930 0.1170
vn 0.9224 0.3521 0.1587
vn 0.4292 -0.9030 0.0166
vn 0.0716 0.9962 0.0498
vn 0.0266 0.9996 0.0116
vn 0.0389 0.9941 0.1015
vn 0.0088 0.9969 0.0782
vn 0.0294 0.9932 0.1126
vn 0.5433 0.3832 0.7469
vn 0.4575 0.8794 0.1318
vn 0.3538 0.8742 0.3326
vn 0.6053 0.6125 0.5083
vn 0.7801 0.6249 0.0298
vn 0.9153 0.0469 0.4000
vn 0.4702 0.8749 0.1159
vn 0.7795 0.5732 0.2526
vn 0.6627 0.6780 0.3181
vn 0.6632 0.6840 0.3038
vn 0.6484 0.7194 0.2493
vn 0.6536 0.7047 0.2761
vn 0.7999 0.4150 0.4335
vn 0.6439 0.7124 0.2792
vn 0.6408 0.7116 0.2881
vn 0.6535 0.6874 0.3167
vn 0.6575 0.6897 0.3034
vn 0.6528 0.6853 0.3229
vn 0.8083 -0.4872 0.3305
vn 0.7477 -0.3961 0.5329
vn 0.8478 -0.3726 0.3773
vn 0.1523 -0.3872 -0.9093
vn 0.5896 -0.7738 0.2314
vn 0.6270 -0.7441 0.2306
vn 0.6021 -0.7694 0.2134
vn 0.5781 -0.7855 0.2210
vn -0.2422 0.1623 0.9566
vn 0.2508 -0.3526 0.9015
vn 0.6049 -0.7667 0.2151
vn 0.5751 -0.7890 0.2159
vn 0.6661 -0.7112 0.2247
vn 0.6435 -0.7402 0.1948
vn 0.6658 -0.7200 0.1958
vn 0.6302 -0.7247 -0.2787
vn 0.6450 -0.6903 -0.3276
vn 0.6457 -0.6688 -0.3685
vn 0.6475 -0.6883 -0.3271
vn 0.6354 -0.6938 -0.3390
vn 0.6324 -0.7302 -0.2584
vn 0.6347 -0.6571 -0.4067
vn 0.9790 -0.1975 0.0499
vn 0.8771 -0.3940 0.2747
vn 0.8467 -0.3804 0.3719
vn 0.6206 0.7007 0.3520
vn 0.6419 0.6867 0.3411
vn 0.6859 0.6865 0.2411
vn 0.6652 -0.7112 0.2275
vn 0.6720 -0.7050 0.2266
vn 0.6704 -0.7071 0.2247
vn 0.6625 -0.7138 0.2272
vn 0.6661 -0.7108 0.2258
vn 0.6700 -0.7074 0.2250
vn 0.6518 -0.7259 0.2196
vn 0.9654 0.2178 -0.1437
vn 0.6917 0.6911 0.2095
vn 0.4123 0.1806 0.8930
vn 0.7329 -0.3920 0.5561
vn 0.1334 0.9829 -0.1267
vn -0.1404 0.6609 0.7372
vn 0.2946 0.6046 -0.7401
vn 0.2114 -0.1732 0.9619
vn 0.3707 -0.6300 0.6824
vn -0.2106 0.0058 0.9776
vn -0.2373 -0.6977 0.6760
vn -0.5355 -0.6337 0.5583
vn 0.0391 -0.7526 0.6573
vn 0.3687 -0.5364 0.7592
vn -0.2715 -0.3621 0.8917
vn 0.2334 -0.9628 -0.1360
vn 0.7828 -0.6085 -0.1301
vn -0.1222 -0.8675 -0.4821
vn 0.9313 0.0799 -0.3555
vn 0.3127 0.6525 -0.6902
vn 0.2851 0.6932 -0.6619
vn 0.6670 0.0855 -0.7402
vn 0.2856 0.6075 -0.7412
vn -0.6538 -0.6027 0.4576
vn -0.1491 -0.8329 -0.5329
vn -0.7310 -0.6814 0.0360
vn -0.1575 -0.6670 -0.7282
vn -0.4774 -0.3508 0.8057
vn -0.5780 -0.5480 0.6046
vn -0.4759 -0.6249 0.6189
vn -0.7701 -0.5061 0.3884
vn 0.5163 -0.4215 -0.7455
vn 0.8537 -0.5135 0.0873
vn 0.7946 -0.4886 0.3604
vn 0.4053 0.3026 -0.8626
vn 0.2875 0.7281 -0.6223
vn 0.3857 -0.3357 -0.8594
vn -0.2426 -0.6715 0.7001
vn 0.3311 -0.2206 -0.9175
vn 0.2972 0.3628 -0.8832
vn -0.2300 0.1407 -0.9630
vn -0.8275 -0.1983 -0.5252
vn -0.9706 -0.0819 -0.2264
vn -0.3402 0.6408 -0.6882
vn -0.2633 0.8132 0.5189
vn 0.4368 0.3773 0.8166
vn 0.3631 -0.5426 0.7575
vn -0.6183 0.1459 0.7723
vn 0.8318 0.5348 -0.1487
vn 0.1230 0.9090 -0.3981
vn 0.8915 -0.2525 0.3761
vn 0.9211 -0.2522 0.2967
vn 0.6345 0.1134 -0.7645
vn 0.9293 -0.3004 0.2147
vn 0.6530 0.7052 0.2762
vn 0.6115 0.7390 0.2827
vn 0.9096 -0.3031 0.2842
vn 0.9265 -0.2966 0.2315
vn 0.8709 -0.3775 0.3147
vn 0.9152 -0.3539 0.1929
vn 0.8518 -0.3067 0.4247
vn 0.8841 -0.2410 0.4003
vn -0.6435 0.4791 -0.5969
vn 0.1143 0.6686 -0.7348
vn -0.8764 0.1889 0.4430
vn -0.9912 -0.1324 -0.0036
vn 0.1238 0.3607 0.9244
vn 0.4519 -0.1276 0.8829
vn 0.3387 -0.3707 0.8648
vn 0.7464 -0.4793 0.4617
vn -0.1702 0.0464 0.9843
vn 0.6986 0.6587 0.2794
vn 0.7399 0.5977 0.3088
vn 0.7146 0.6378 0.2874
vn 0.6048 0.7476 0.2746
vn 0.6673 0.7118 0.2193
vn 0.1774 -0.1243 -0.9763
vn 0.5549 -0.4415 -0.7051
vn 0.2094 -0.9714 -0.1118
vn -0.1628 -0.6227 -0.7653
vn 0.8501 -0.3264 -0.4133
vn 0.5639 -0.7747 0.2862
vn 0.5745 0.1414 -0.8062
vn 0.7186 0.3279 -0.6133
vn 0.4324 0.6887 -0.5820
vn 0.7002 0.4407 -0.5617
vn 0.7621 0.2143 -0.6110
vn 0.4191 0.7356 -0.5321
vn 0.6302 0.7032 -0.3292
vn -0.1344 0.0615 -0.9890
vn -0.0128 0.0352 -0.9993
vn -0.3000 -0.9409 0.1574
vn -0.0707 -0.9712 0.2276
vn 0.1560 0.0799 -0.9845
vn -0.0253 0.4645 -0.8852
vn 0.6110 0.2774 -0.7415
vn 0.2328 0.6952 -0.6801
vn 0.8867 -0.3292 -0.3248
vn 0.9648 -0.2255 -0.1354
vn 0.7631 -0.0571 0.6437
vn 0.9279 0.2920 0.2320
vn 0.5575 0.7711 0.3076
vn 0.9889 -0.1479 0.0107
vn 0.6338 -0.5378 0.5559
vn -0.2247 -0.7871 -0.5745
vn -0.2173 -0.6109 0.7613
vn -0.7420 -0.5654 0.3602
vn 0.2646 0.9437 0.1983
vn -0.1538 0.9140 0.3754
vn -0.0769 0.6379 0.7663
vn 0.4958 0.7456 -0.4452
vn 0.0046 0.8937 -0.4487
vn 0.8735 -0.2920 0.3895
vn 0.8174 -0.3894 0.4245
vn 0.8610 -0.2227 0.4572
vn 0.6422 0.7639 0.0625
vn 0.5577 0.8100 0.1812
vn 0.5627 0.8256 -0.0421
vn 0.3102 0.9481 0.0693
vn 0.2373 0.9547 0.1794
vn 0.8518 -0.3461 0.3931
vn 0.8831 -0.3672 0.2921
vn 0.8684 -0.3933 0.3021
vn 0.8519 -0.3959 0.3428
vn 0.8872 -0.3798 0.2619
vn 0.8342 -0.4154 0.3628
vn 0.8518 -0.3670 0.3738
vn 0.9249 -0.3799 -0.0158
vn 0.8424 -0.3452 0.4137
vn 0.8538 -0.3229 0.4084
vn 0.8985 0.4367 0.0453
vn 0.7211 0.6311 0.2858
vn 0.6918 0.6207 0.3689
vn 0.6981 0.6582 0.2819
vn 0.9625 0.2005 0.1828
vn 0.7086 0.6444 0.2873
vn 0.6830 0.6534 0.3266
vn 0.6131 0.7877 -0.0600
vn 0.9779 -0.0967 0.1852
vn 0.8243 0.3784 0.4211
vn 0.3183 0.8903 0.3256
vn 0.8903 -0.3101 0.3334
vn 0.8842 -0.3235 0.3370
vn 0.9506 -0.3091 0.0276
vn 0.7963 0.3189 -0.5141
vn -0.0223 -0.0450 0.9987
vn -0.3701 0.4539 0.8106
vn -0.3019 0.3059 0.9029
vn 0.2782 -0.5554 0.7837
vn 0.2213 -0.7183 0.6596
vn 0.3922 -0.7699 0.5035
vn 0.5648 -0.5875 0.5795
vn -0.2293 -0.7344 0.6388
vn -0.2543 -0.3907 0.8847
vn 0.4338 0.8971 -0.0837
vn 0.3146 0.8854 0.3421
vn 0.4794 0.6478 0.5921
vn 0.2979 0.8910 0.3426
vn 0.4665 0.8730 -0.1425
vn 0.2954 0.7098 0.6395
vn 0.6749 0.7159 0.1786
vn 0.8322 -0.3094 -0.4602
vn 0.8111 -0.2475 -0.5300
vn 0.9311 0.2888 -0.2227
vn 0.9928 0.1041 0.0599
vn 0.4662 -0.3383 -0.8174
vn 0.3809 0.1378 -0.9143
vn 0.3216 -0.3606 -0.8755
vn 0.7681 0.5534 0.3220
vn 0.7216 0.6804 -0.1277
vn 0.9817 0.1482 -0.1200
vn 0.8693 0.1859 0.4579
vn 0.8735 0.1144 0.4731
vn 0.5941 0.4751 0.6491
vn 0.8656 0.1316 -0.4831
vn 0.5077 0.0097 -0.8615
vn 0.8193 0.2542 -0.5139
vn 0.4827 0.4126 -0.7725
vn 0.0230 -0.1994 -0.9796
vn 0.1098 0.8823 0.4577
vn 0.1343 0.8948 0.4257
vn 0.5441 0.5665 0.6189
vn 0.5639 0.6574 0.4998
vn -0.0841 0.8286 0.5536
vn 0.1926 0.3739 0.9072
vn -0.0022 0.8560 0.5170
vn 0.3934 0.4085 -0.8236
vn 0.2357 0.0493 -0.9706
vn 0.7645 0.1012 -0.6366
vn 0.4601 0.8855 -0.0651
vn 0.2080 0.7214 -0.6606
vn 0.1951 0.6159 -0.7633
vn 0.2042 0.9645 -0.1677
vn 0.2317 0.5655 -0.7916
vn 0.0993 0.0426 -0.9941
vn 0.5215 -0.0276 -0.8528
vn 0.1594 -0.2088 -0.9649
vn -0.0300 0.0896 -0.9955
vn 0.1375 0.3156 -0.9389
vn 0.1519 -0.5518 -0.8200
vn -0.1315 -0.3476 -0.9284
vn 0.6318 -0.5365 -0.5595
vn -0.0217 -0.2967 -0.9547
vn -0.1759 -0.3547 -0.9183
vn 0.5195 -0.6493 0.5554
vn 0.4650 -0.7979 0.3836
vn 0.7352 -0.6674 0.1186
vn 0.8340 -0.4919 0.2501
vn 0.1313 -0.9399 0.3153
vn 0.3805 -0.9130 -0.1470
vn 0.0482 -0.7436 0.6669
vn 0.2598 -0.0940 0.9611
vn 0.3678 -0.0968 0.9249
vn 0.2149 -0.0336 0.9761
vn 0.0717 -0.2041 0.9763
vn -0.1306 -0.4936 -0.8598
vn 0.6077 -0.4820 -0.6311
vn 0.5309 0.3145 -0.7869
vn 0.0580 -0.1786 0.9822
vn -0.1133 -0.2129 0.9705
vn -0.2286 0.3233 0.9183
vn -0.0202 0.3760 0.9264
vn 0.0808 0.0971 0.9920
vn 0.1301 0.0435 0.9905
vn -0.5305 -0.0498 0.8462
vn -0.3180 -0.3082 0.8966
vn -0.4216 -0.7340 0.5325
vn -0.3378 0.4401 0.8320
vn 0.5067 -0.2261 0.8320
vn -0.2569 0.7066 0.6593
vn -0.3045 0.6693 0.6777
vn -0.1894 0.6825 0.7059
vn -0.2905 0.6777 0.6755
vn -0.2893 0.6863 0.6673
vn 0.2420 0.6351 -0.7336
vn -0.0720 0.6750 -0.7343
vn -0.3548 0.8779 -0.3215
vn 0.0657 0.8566 -0.5119
vn -0.1869 0.9779 -0.0939
vn 0.3643 0.7222 -0.5879
vn 0.6564 0.7217 0.2198
vn 0.6523 0.7081 0.2704
vn 0.6684 0.7378 0.0944
vn 0.8544 -0.4520 0.2564
vn 0.8566 -0.3825 0.3463
vn 0.5723 -0.8079 -0.1405
vn 0.8463 -0.4164 0.3321
vn 0.9242 -0.1192 0.3628
vn 0.9419 0.2998 -0.1513
vn 0.8638 -0.3360 0.3753
vn 0.8971 -0.2621 0.3556
vn 0.9249 -0.3790 0.0320
vn 0.1169 0.9337 -0.3385
vn 0.8555 -0.3346 0.3952
vn 0.7039 0.5912 0.3936
vn 0.7060 0.5740 0.4148
vn 0.7361 0.6070 -0.2997
vn 0.9372 0.0532 -0.3447
vn 0.6550 0.6909 0.3060
vn 0.5761 0.8174 -0.0021
vn 0.6916 0.6170 0.3755
vn -0.2473 0.7443 0.6204
vn -0.9358 -0.3414 0.0885
vn -0.4467 0.7993 0.4020
vn -0.3948 -0.1293 -0.9096
vn -0.3588 -0.6591 -0.6610
vn -0.8019 0.3539 -0.4813
vn -0.5762 -0.6675 -0.4717
vn -0.0842 0.3213 -0.9432
vn 0.1158 0.9292 -0.3510
vn 0.1151 0.9258 0.3601
vn -0.6647 0.7125 0.2246
vn 0.9934 -0.0488 0.1039
vn 0.5906 0.1949 -0.7831
vn 0.9728 -0.2149 0.0861
vn 0.9001 0.0437 0.4335
vn 0.3742 -0.9215 -0.1040
vn 0.2016 -0.9701 -0.1355
vn 0.8609 -0.3605 0.3591
vn 0.5557 -0.8161 -0.1586
vn 0.8137 0.3375 -0.4733
vn 0.8932 0.2618 -0.3655
vn 0.8756 0.2729 -0.3986
vn 0.8190 0.3441 -0.4592
vn 0.9305 0.1906 -0.3128
vn 0.9300 0.1681 -0.3269
vn 0.9344 0.2466 -0.2571
vn 0.9354 0.2036 -0.2890
vn 0.8532 0.4218 -0.3069
vn 0.7756 0.4869 -0.4017
vn 0.8920 0.4124 -0.1850
vn 0.1004 0.7530 0.6503
vn 0.6815 0.2255 0.6962
vn 0.3810 -0.0264 0.9242
vn -0.2421 0.2466 0.9384
vn 0.8469 -0.3015 0.4380
vn 0.8283 -0.3138 0.4642
vn 0.8743 -0.2682 0.4046
vn 0.8590 -0.2873 0.4238
vn 0.6326 0.3541 0.6888
vn 0.9517 0.3066 -0.0137
vn 0.9529 0.1888 -0.2373
vn 0.8443 -0.1997 0.4973
vn 0.6478 0.7355 0.1988
vn 0.9259 0.2977 -0.2327
vn 0.9193 0.2461 -0.3071
vn -0.2267 0.7630 0.6053
vn -0.4458 0.5996 0.6646
vn -0.9015 0.1565 0.4034
vn -0.8495 -0.0359 0.5264
vn 0.6004 -0.3497 0.7192
vn 0.1579 -0.1175 0.9804
vn 0.3527 0.5526 0.7551
vn 0.2876 0.6978 0.6560
vn 0.6571 0.6516 0.3791
vn 0.6620 0.6580 0.3587
vn -0.2328 0.7916 0.5649
vn 0.5020 0.7627 0.4079
vn 0.7911 -0.2914 -0.5379
vn 0.9271 -0.2831 -0.2457
vn 0.9187 0.1974 -0.3420
vn 0.9369 0.2498 -0.2445
vn 0.9346 0.2410 -0.2617
vn 0.9339 0.2708 -0.2332
vn 0.5764 -0.1250 -0.8075
vn 0.6392 0.7656 -0.0721
vn 0.5853 0.3174 0.7461
vn -0.0694 0.1599 0.9847
vn 0.1636 0.7114 0.6835
vn 0.8524 -0.3285 0.4067
vn 0.8361 -0.2959 0.4620
vn 0.8676 -0.3091 0.3895
vn 0.8619 -0.3310 0.3840
vn 0.8471 -0.3772 0.3744
vn 0.7607 -0.3178 0.5660
vn 0.8555 -0.3632 0.3690
vn 0.8697 -0.4107 0.2738
vn 0.8484 -0.3452 0.4012
vn 0.8406 -0.3773 0.3887
vn -0.6069 -0.7770 0.1671
vn 0.3148 -0.8642 0.3924
vn 0.8159 -0.5405 0.2054
vn -0.2112 -0.8604 -0.4638
vn -0.4085 -0.5771 0.7072
vn 0.7210 -0.4260 0.5465
vn 0.8241 -0.4052 0.3958
vn 0.7933 -0.3462 0.5008
vn 0.7294 -0.5403 0.4196
vn 0.3447 -0.7324 0.5871
vn -0.0906 -0.9943 -0.0565
vn 0.8096 -0.3572 0.4658
vn -0.2553 -0.9435 0.2111
vn 0.7646 -0.4822 0.4277
vn 0.8282 -0.3938 0.3987
vn 0.4214 -0.5649 0.7095
vn 0.8576 -0.3813 0.3451
vn 0.6081 -0.4681 0.6411
vn 0.8852 -0.3135 0.3437
vn 0.9003 -0.2947 0.3204
vn 0.8937 -0.3078 0.3266
vn 0.9064 -0.2847 0.3121
vn -0.9605 -0.2289 0.1581
vn 0.8656 -0.3031 0.3986
vn 0.8613 -0.3353 0.3818
vn 0.8874 -0.2960 0.3534
vn 0.8819 -0.2975 0.3657
vn 0.9045 -0.1678 0.3922
vn 0.9209 -0.1025 0.3762
vn 0.8593 -0.3694 0.3538
vn 0.8587 -0.3691 0.3556
vn 0.9014 -0.1926 0.3878
vn 0.8923 -0.2947 0.3420
vn 0.8698 -0.3436 0.3541
vn 0.8868 -0.2672 0.3770
vn 0.8728 -0.3361 0.3539
vn 0.8528 -0.3489 0.3885
vn 0.8940 -0.3090 0.3245
vn 0.8403 0.3524 -0.4119
vn 0.9118 0.2523 -0.3239
vn 0.9154 0.2411 -0.3224
vn 0.8882 0.3264 -0.3234
vn 0.8713 0.2620 -0.4149
vn 0.9274 0.2432 -0.2841
vn 0.9232 0.2412 -0.2992
vn 0.3611 0.2606 -0.8954
vn 0.2758 0.7024 -0.6562
vn -0.3656 0.7364 -0.5693
vn -0.3292 0.0951 -0.9395
vn 0.5055 0.8326 -0.2264
vn -0.2482 0.9682 0.0300
vn -0.1337 0.7975 0.5884
vn -0.0413 0.8407 0.5399
vn -0.2874 0.9560 0.0585
vn 0.0959 0.2823 0.9545
vn 0.2837 0.3707 0.8844
vn 0.4133 -0.5052 0.7576
vn 0.4948 -0.4429 0.7477
vn 0.4984 -0.8088 0.3122
vn 0.3856 -0.8550 0.3467
vn 0.9466 -0.3168 -0.0598
vn 0.4197 -0.9068 0.0384
vn 0.2391 -0.9527 0.1876
vn 0.0864 -0.8447 -0.5283
vn -0.1397 -0.8833 -0.4475
vn -0.1909 -0.4264 -0.8841
vn -0.3197 -0.3831 -0.8666
vn -0.3842 0.0280 -0.9228
vn -0.3864 0.0122 -0.9223
vn -0.4543 0.7123 -0.5350
vn -0.4501 0.7210 -0.5268
vn -0.1627 0.9831 0.0840
vn 0.2136 0.8581 0.4669
vn 0.5340 0.4103 0.7392
vn 0.6059 -0.4067 0.6837
vn 0.3961 -0.8467 0.3553
vn 0.9318 0.2468 -0.2663
vn 0.9310 0.2443 -0.2713
vn 0.9322 0.2542 -0.2576
vn 0.9323 0.2602 -0.2512
vn 0.9326 0.2523 -0.2579
vn 0.9309 0.2659 -0.2504
vn 0.9319 0.2628 -0.2499
vn 0.9257 0.2949 -0.2370
vn 0.9126 0.3494 -0.2124
vn 0.8290 0.5419 -0.1384
vn 0.7984 0.5936 -0.1004
vn 0.8695 0.4668 -0.1614
vn 0.7326 0.6792 -0.0450
vn 0.6894 0.7232 -0.0414
vn 0.7645 0.6402 -0.0761
vn 0.6810 0.7317 -0.0304
vn 0.6976 0.7164 -0.0096
vn 0.7247 0.6697 -0.1624
vn 0.6274 0.7724 -0.0985
vn 0.6531 0.7202 -0.2341
vn 0.5718 0.8060 -0.1531
vn 0.6216 0.7471 -0.2357
vn 0.5533 0.8171 -0.1619
vn 0.7434 0.5361 -0.3999
vn 0.7884 0.3746 -0.4880
vn 0.7342 0.5560 -0.3897
vn 0.6098 0.7603 -0.2239
vn 0.7851 0.3790 -0.4900
vn 0.7875 0.3749 -0.4892
vn 0.7894 0.3681 -0.4913
vn 0.7872 0.3884 -0.4790
vn 0.7432 0.5372 -0.3988
vn 0.7918 0.3867 -0.4728
vn 0.7967 0.3616 -0.4842
vn 0.7914 0.3663 -0.4894
vn 0.6737 0.4005 -0.6211
vn 0.6892 0.4263 -0.5859
vn 0.6591 0.3724 -0.6533
vn 0.6345 0.3694 -0.6790
vn 0.7886 0.3635 -0.4959
vn 0.4480 0.3651 -0.8161
vn 0.4552 0.3963 -0.7973
vn 0.4339 0.3539 -0.8285
vn 0.4211 0.3515 -0.8362
vn 0.6044 0.3651 -0.7081
vn 0.3764 0.3485 -0.8584
vn 0.3764 0.3584 -0.8543
vn 0.3885 0.3672 -0.8452
vn 0.4082 0.3513 -0.8426
vn 0.4223 0.3466 -0.8376
vn 0.3982 0.3843 -0.8330
vn 0.3936 0.3627 -0.8447
vn 0.4020 0.3467 -0.8475
vn 0.3945 0.3280 -0.8584
vn 0.4122 0.3356 -0.8470
vn 0.3930 0.3376 -0.8553
vn 0.4015 0.3691 -0.8382
vn 0.3882 0.3125 -0.8670
vn 0.3769 0.1790 -0.9088
vn 0.3817 0.2371 -0.8933
vn 0.3912 0.2818 -0.8761
vn 0.3952 0.3387 -0.8539
vn 0.3619 0.1093 -0.9258
vn 0.3280 -0.0031 -0.9447
vn 0.3470 0.0322 -0.9373
vn 0.3489 0.0365 -0.9364
vn 0.3901 0.2206 -0.8939
vn 0.3247 -0.0170 -0.9456
vn 0.3256 -0.0138 -0.9454
vn 0.3181 -0.0147 -0.9479
vn 0.3394 -0.0172 -0.9405
vn 0.3439 -0.0073 -0.9390
vn 0.3411 -0.0119 -0.9399
vn 0.3386 -0.0094 -0.9409
vn 0.3294 -0.0093 -0.9441
vn 0.3380 -0.0144 -0.9410
vn 0.3417 -0.0151 -0.9397
vn 0.3305 -0.0152 -0.9437
vn 0.3248 -0.0151 -0.9457
vn 0.3340 -0.0106 -0.9425
vn 0.2994 -0.0211 -0.9539
vn 0.3007 -0.0167 -0.9536
vn 0.2896 -0.0178 -0.9570
vn 0.2904 -0.0150 -0.9568
vn 0.3342 -0.0260 -0.9422
vn 0.3086 -0.1544 -0.9386
vn 0.3235 -0.3300 -0.8868
vn 0.3225 -0.3823 -0.8660
vn 0.3526 -0.3250 -0.8775
vn 0.3496 -0.3772 -0.8576
vn 0.3527 -0.1601 -0.9219
vn 0.3691 -0.1664 -0.9144
vn 0.3642 -0.3101 -0.8782
vn 0.3477 -0.0523 -0.9362
vn 0.3596 -0.0851 -0.9292
vn 0.3833 -0.1786 -0.9062
vn 0.3364 -0.0143 -0.9416
vn 0.3375 -0.0386 -0.9405
vn 0.3699 -0.1219 -0.9210
vn 0.3203 -0.0162 -0.9472
vn 0.3273 -0.0242 -0.9446
vn 0.3441 -0.0725 -0.9361
vn 0.3279 -0.0088 -0.9447
vn 0.3392 0.0012 -0.9407
vn 0.3449 -0.0394 -0.9378
vn 0.3572 0.0845 -0.9302
vn 0.3728 0.1467 -0.9162
vn 0.3537 0.0115 -0.9353
vn 0.3999 0.2895 -0.8696
vn 0.4170 0.3263 -0.8483
vn 0.3974 0.2131 -0.8926
vn 0.4260 0.3366 -0.8398
vn 0.5136 0.3569 -0.7803
vn 0.4649 0.3535 -0.8117
vn 0.5664 0.3590 -0.7418
vn 0.7424 0.3674 -0.5602
vn 0.6979 0.3753 -0.6100
vn 0.7719 0.3646 -0.5207
vn 0.7911 0.3677 -0.4889
vn 0.7916 0.3658 -0.4895
vn 0.7897 0.3742 -0.4862
vn 0.7825 0.3771 -0.4954
vn 0.7897 0.3618 -0.4954
vn 0.7847 0.3753 -0.4934
vn 0.8229 0.3448 -0.4517
vn 0.8282 0.3329 -0.4509
vn 0.8788 0.2726 -0.3917
vn 0.8820 0.2711 -0.3855
vn 0.8835 0.2565 -0.3919
vn 0.9115 0.2279 -0.3423
vn 0.8322 0.3160 -0.4556
vn 0.8379 0.3145 -0.4460
vn 0.8900 0.2526 -0.3797
vn 0.7982 0.3557 -0.4862
vn 0.8071 0.3558 -0.4711
vn 0.8504 0.3064 -0.4277
vn 0.7888 0.3712 -0.4899
vn 0.7900 0.3615 -0.4952
vn 0.8232 0.3351 -0.4584
vn 0.6601 0.3729 -0.6521
vn 0.6238 0.3225 -0.7119
vn 0.8002 0.3117 -0.5124
vn 0.4237 0.2744 -0.8633
vn 0.4003 0.0353 -0.9157
vn 0.6156 0.0299 -0.7875
vn 0.3801 0.0228 -0.9247
vn 0.3966 -0.1323 -0.9084
vn 0.3963 -0.1788 -0.9005
vn 0.3693 -0.0771 -0.9261
vn 0.4075 -0.1737 -0.8966
vn 0.4166 -0.2169 -0.8828
vn 0.3729 -0.1139 -0.9208
vn 0.4049 -0.1968 -0.8929
vn 0.4312 -0.2187 -0.8753
vn 0.3717 -0.1599 -0.9145
vn 0.3899 -0.2072 -0.8973
vn 0.4186 -0.2171 -0.8819
vn 0.3922 -0.1937 -0.8992
vn 0.3924 -0.2711 -0.8789
vn 0.3905 -0.2577 -0.8838
vn 0.3835 -0.2895 -0.8770
vn 0.3699 -0.3783 -0.8486
vn 0.3749 -0.3630 -0.8531
vn 0.3556 -0.3805 -0.8537
vn 0.3586 -0.3892 -0.8485
vn 0.3630 -0.3849 -0.8486
vn 0.3513 -0.3883 -0.8519
vn 0.3498 -0.4496 -0.8219
vn 0.3569 -0.4451 -0.8213
vn 0.3181 -0.3912 -0.8636
vn 0.3176 -0.4597 -0.8294
vn 0.3119 -0.6505 -0.6925
vn 0.3376 -0.6397 -0.6905
vn 0.2980 -0.7666 -0.5688
vn 0.2852 -0.7708 -0.5697
vn 0.2720 -0.7658 -0.5828
vn 0.3075 -0.7606 -0.5717
vn 0.2959 -0.7575 -0.5819
vn 0.3168 -0.7598 -0.5677
vn 0.3212 -0.7556 -0.5709
vn 0.3168 -0.7548 -0.5744
vn 0.3436 -0.6344 -0.6924
vn 0.3407 -0.6302 -0.6976
vn 0.3216 -0.7512 -0.5764
vn 0.3542 -0.4383 -0.8261
vn 0.3494 -0.4300 -0.8325
vn 0.3404 -0.6300 -0.6980
vn 0.3576 -0.3690 -0.8579
vn 0.3494 -0.3491 -0.8695
vn 0.3448 -0.4313 -0.8337
vn 0.3717 -0.3357 -0.8655
vn 0.3781 -0.2992 -0.8761
vn 0.3518 -0.3290 -0.8764
vn 0.4079 -0.2404 -0.8808
vn 0.4151 -0.2123 -0.8847
vn 0.3867 -0.2591 -0.8851
vn 0.4300 -0.2121 -0.8776
vn 0.4064 -0.1968 -0.8923
vn 0.4019 -0.1936 -0.8950
vn 0.4146 -0.2120 -0.8850
vn 0.3862 -0.1962 -0.9013
vn 0.3868 -0.1899 -0.9024
vn 0.3963 -0.2142 -0.8928
vn 0.5908 -0.2283 -0.7739
vn 0.5877 -0.2222 -0.7780
vn 0.5875 -0.2182 -0.7793
vn 0.8040 -0.2354 -0.5461
vn 0.8100 -0.2460 -0.5324
vn 0.8341 0.0280 -0.5510
vn 0.8812 0.0145 -0.4725
vn 0.8479 -0.2379 -0.4739
vn 0.8488 0.2787 -0.4493
vn 0.8804 0.2501 -0.4030
vn 0.8893 0.0083 -0.4572
vn 0.8670 0.2874 -0.4070
vn 0.8942 0.2568 -0.3666
vn 0.8999 0.2360 -0.3667
vn 0.8936 0.2583 -0.3672
vn 0.9087 0.2460 -0.3372
vn 0.9085 0.2480 -0.3364
vn 0.9113 0.2173 -0.3497
vn 0.9181 0.2148 -0.3330
vn 0.9125 0.2409 -0.3306
vn 0.9229 0.2229 -0.3141
vn 0.9175 0.2280 -0.3258
vn 0.9163 0.2339 -0.3253
vn 0.9224 0.2347 -0.3067
vn 0.9202 0.2330 -0.3145
vn 0.9248 0.2525 -0.2847
vn 0.9201 0.2465 -0.3045
vn 0.9256 0.2699 -0.2654
vn 0.9244 0.2626 -0.2766
vn 0.9310 0.2516 -0.2644
vn 0.9294 0.2572 -0.2648
vn 0.9264 0.2712 -0.2613
vn 0.9304 0.2611 -0.2574
vn 0.9668 0.2445 -0.0745
vn 0.9659 0.2465 -0.0799
vn 0.9311 0.2631 -0.2526
vn 0.9690 0.2399 -0.0597
vn 0.9316 0.2642 -0.2495
vn 0.9706 0.2361 -0.0465
vn 0.8881 0.4200 -0.1868
vn 0.9024 0.4305 0.0183
vn 0.7612 0.6451 -0.0657
vn 0.7443 0.6578 0.1157
vn 0.6890 0.7247 0.0039
vn 0.6932 0.7040 0.1544
vn 0.6870 0.7261 -0.0297
vn 0.6803 0.7325 -0.0260
vn 0.6820 0.7305 0.0353
vn 0.6857 0.7272 -0.0308
vn 0.6769 0.7357 -0.0212
vn 0.6709 0.7415 -0.0067
vn 0.6762 0.7367 -0.0103
vn 0.6610 0.7500 -0.0212
vn 0.6702 0.7420 -0.0177
vn 0.6494 0.7597 -0.0334
vn 0.6332 0.7726 -0.0469
vn 0.6082 0.7881 -0.0951
vn 0.6011 0.7940 -0.0908
vn 0.5697 0.8072 -0.1546
vn 0.5730 0.8062 -0.1473
vn 0.5571 0.8132 -0.1683
vn 0.5625 0.8079 -0.1756
vn 0.5638 0.8099 -0.1619
vn 0.5669 0.8069 -0.1661
vn 0.5599 0.8120 -0.1648
vn 0.5611 0.8105 -0.1681
vn 0.5522 0.8164 -0.1689
vn 0.6140 0.7571 -0.2234
vn 0.5692 0.7635 -0.3050
vn 0.4897 0.8476 -0.2043
vn 0.6788 0.5461 -0.4909
vn 0.4567 0.5573 -0.6934
vn 0.3797 0.7717 -0.5102
vn 0.4646 0.4414 -0.7677
vn 0.3150 0.4646 -0.8276
vn 0.2886 0.5334 -0.7951
vn 0.3520 0.4161 -0.8384
vn 0.3234 0.4557 -0.8293
vn 0.2973 0.4970 -0.8152
vn 0.3716 0.3691 -0.8519
vn 0.3625 0.4175 -0.8332
vn 0.3095 0.4815 -0.8200
vn 0.4048 0.3824 -0.8306
vn 0.3584 0.4084 -0.8395
vn 0.3217 0.4640 -0.8254
vn 0.3840 0.3591 -0.8506
vn 0.3809 0.3834 -0.8414
vn 0.3396 0.4451 -0.8286
vn 0.4015 0.3447 -0.8485
vn 0.3776 0.3471 -0.8585
vn 0.3508 0.4284 -0.8327
vn 0.3700 0.1562 -0.9158
vn 0.3492 0.1248 -0.9287
vn 0.3478 0.3479 -0.8706
vn 0.3408 -0.0152 -0.9400
vn 0.3111 -0.0146 -0.9503
vn 0.3103 0.1218 -0.9428
vn 0.3024 -0.0168 -0.9530
vn 0.2632 -0.7755 -0.5739
vn 0.2512 -0.7867 -0.5639
vn 0.2867 -0.7674 -0.5735
vn 0.2743 -0.7767 -0.5670
vn 0.2949 -0.7579 -0.5819
vn 0.2686 -0.7672 -0.5824
vn 0.3103 -0.7497 -0.5846
vn 0.3074 -0.7411 -0.5969
vn 0.2827 -0.7454 -0.6038
vn 0.3174 -0.7519 -0.5778
vn 0.3110 -0.7443 -0.5910
vn 0.2914 -0.7286 -0.6198
vn 0.3235 -0.7457 -0.5825
vn 0.3117 -0.7349 -0.6023
vn 0.2908 -0.7295 -0.6191
vn 0.3356 -0.6356 -0.6953
vn 0.3320 -0.6301 -0.7019
vn 0.3043 -0.7144 -0.6301
vn 0.3458 -0.4393 -0.8291
vn 0.3510 -0.4475 -0.8225
vn 0.3397 -0.6310 -0.6974
vn 0.3605 -0.3067 -0.8809
vn 0.3584 -0.2662 -0.8948
vn 0.3424 -0.4560 -0.8215
vn 0.3871 -0.2221 -0.8949
vn 0.3876 -0.1974 -0.9005
vn 0.3776 -0.2340 -0.8959
vn 0.3901 -0.1901 -0.9010
vn 0.5830 -0.2186 -0.7825
vn 0.5660 -0.2168 -0.7953
vn 0.5838 -0.2183 -0.7820
vn 0.8109 -0.2352 -0.5358
vn 0.8031 -0.2325 -0.5486
vn 0.8134 -0.2406 -0.5296
vn 0.8471 -0.2393 -0.4745
vn 0.8472 -0.2339 -0.4770
vn 0.8439 -0.2503 -0.4745
vn 0.8370 -0.2454 -0.4891
vn 0.8381 -0.2419 -0.4889
vn 0.8439 -0.2302 -0.4847
vn 0.8672 -0.2286 -0.4424
vn 0.8594 -0.2412 -0.4508
vn 0.9114 0.0051 -0.4114
vn 0.9353 -0.0200 -0.3534
vn 0.9002 -0.2203 -0.3758
vn 0.9202 0.2052 -0.3332
vn 0.9306 0.1771 -0.3203
vn 0.9410 -0.0291 -0.3371
vn 0.9164 0.2379 -0.3219
vn 0.9195 0.2259 -0.3216
vn 0.9304 0.1669 -0.3264
vn 0.9212 0.2219 -0.3196
vn 0.9292 0.1659 -0.3302
vn 0.9217 0.2215 -0.3185
vn 0.9298 0.1651 -0.3291
vn 0.9261 0.2297 -0.2991
vn 0.9312 0.1648 -0.3252
vn 0.9300 0.2480 -0.2715
vn 0.9401 0.1617 -0.3000
vn 0.9284 0.2683 -0.2572
vn 0.9673 0.2459 -0.0627
vn 0.9704 0.2364 -0.0495
vn 0.9658 0.2491 -0.0724
vn 0.9522 0.2002 0.2306
vn 0.9525 0.1914 0.2367
vn 0.9524 0.2010 0.2290
vn 0.9235 0.1732 0.3423
vn 0.9222 0.1696 0.3477
vn 0.9537 0.1959 0.2281
vn 0.9244 0.1733 0.3398
vn 0.9535 0.1842 0.2387
vn 0.9287 0.1596 0.3348
vn 0.9551 0.1659 0.2457
vn 0.9344 0.1372 0.3287
vn 0.8884 0.3601 0.2847
vn 0.8713 0.3436 0.3505
vn 0.7326 0.6046 0.3128
vn 0.7292 0.5894 0.3476
vn 0.6972 0.6488 0.3051
vn 0.7059 0.6228 0.3374
vn 0.6854 0.6692 0.2869
vn 0.6867 0.6449 0.3354
vn 0.6823 0.7093 0.1771
vn 0.6563 0.6750 0.3371
vn 0.6202 0.7194 0.3127
vn 0.6461 0.6749 0.3564
vn 0.5271 0.4731 0.7060
vn 0.7067 0.4283 0.5632
vn 0.8476 0.3044 0.4346
vn 0.8324 -0.3650 0.4169
vn 0.9356 -0.3513 0.0358
vn 0.9302 -0.3625 0.0583
vn 0.8725 0.1180 -0.4741
vn 0.5680 0.5020 -0.6522
vn 0.5084 0.5202 -0.6862
vn 0.7046 0.6197 0.3458
vn 0.7264 0.5973 0.3401
vn 0.6908 0.6343 0.3470
vn 0.7104 0.6188 0.3353
vn 0.6648 0.6573 0.3550
vn 0.6874 0.6364 0.3499
vn 0.4353 0.8606 0.2642
vn 0.4904 0.8676 0.0821
vn 0.6516 0.6778 0.3405
vn 0.6773 0.6362 0.3694
vn 0.7755 0.4649 0.4272
vn 0.7718 0.4529 0.4463
vn 0.8041 0.4619 0.3743
vn 0.9089 0.2042 0.3636
vn 0.8716 0.2263 0.4348
vn 0.8352 0.4339 0.3379
vn 0.9298 0.1815 0.3203
vn 0.9371 0.1396 0.3198
vn 0.9295 0.1233 0.3476
vn 0.9331 0.1545 0.3247
vn 0.8573 0.3820 0.3451
vn 0.9333 0.1543 0.3244
vn 0.9265 0.1670 0.3372
vn 0.9274 0.1451 0.3448
vn 0.9212 0.1319 0.3662
vn 0.9266 0.1252 0.3546
vn 0.9254 0.1207 0.3593
vn 0.9222 0.1566 0.3536
vn 0.9154 0.1442 0.3759
vn 0.9171 0.1239 0.3789
vn 0.9156 0.1241 0.3826
vn 0.9240 0.1179 0.3638
vn 0.9202 0.1198 0.3727
vn 0.9121 0.1279 0.3895
vn 0.9109 0.1288 0.3920
vn 0.9138 0.1326 0.3839
vn 0.9218 0.1512 0.3569
vn 0.9197 0.1345 0.3689
vn 0.9305 0.0365 0.3645
vn 0.9276 0.0110 0.3733
vn 0.9501 0.1739 0.2591
vn 0.9597 0.0662 0.2730
vn 0.9523 -0.1677 0.2549
vn 0.9242 -0.1871 0.3330
vn 0.9913 0.1235 -0.0461
vn 0.9879 -0.1358 -0.0752
vn 0.9566 -0.2806 -0.0784
vn 0.9268 -0.2883 0.2407
vn 0.9415 -0.0806 -0.3271
vn 0.9134 -0.2499 -0.3213
vn 0.9169 -0.2542 -0.3078
vn 0.9586 -0.2789 -0.0572
vn 0.9133 -0.2276 -0.3378
vn 0.9360 -0.0555 -0.3475
vn 0.9132 -0.2454 -0.3252
vn 0.9109 -0.2596 -0.3208
vn 0.9161 -0.2604 -0.3048
vn 0.9110 -0.2355 -0.3387
vn 0.9139 -0.2128 -0.3456
vn 0.9089 -0.2547 -0.3302
vn 0.9096 -0.2609 -0.3232
vn 0.9093 -0.2644 -0.3212
vn 0.9114 -0.2429 -0.3322
vn 0.9124 -0.2253 -0.3417
vn 0.9119 -0.2526 -0.3235
vn 0.9134 -0.2553 -0.3171
vn 0.9110 -0.2660 -0.3153
vn 0.9091 -0.2480 -0.3348
vn 0.9125 -0.2339 -0.3356
vn 0.9090 -0.2489 -0.3344
vn 0.9095 -0.2512 -0.3313
vn 0.9132 -0.2647 -0.3098
vn 0.8950 -0.2528 -0.3676
vn 0.8982 -0.2474 -0.3633
vn 0.8927 -0.2494 -0.3753
vn 0.8845 -0.2688 -0.3814
vn 0.9068 -0.2641 -0.3285
vn 0.8621 -0.2569 -0.4369
vn 0.8652 -0.2672 -0.4243
vn 0.8605 -0.2633 -0.4361
vn 0.8205 -0.3890 -0.4189
vn 0.8469 -0.3660 -0.3858
vn 0.8586 -0.2535 -0.4457
vn 0.8571 -0.2632 -0.4428
vn 0.8049 -0.4053 -0.4334
vn 0.7096 -0.5744 -0.4081
vn 0.7340 -0.5497 -0.3988
vn 0.7927 -0.4145 -0.4470
vn 0.8531 -0.2613 -0.4515
vn 0.6826 -0.5992 -0.4184
vn 0.6506 -0.6387 -0.4108
vn 0.6602 -0.6365 -0.3987
vn 0.6638 -0.6268 -0.4079
vn 0.7824 -0.4445 -0.4363
vn 0.6456 -0.6418 -0.4140
vn 0.6372 -0.6480 -0.4172
vn 0.6454 -0.6450 -0.4093
vn 0.5809 -0.6620 -0.4736
vn 0.5895 -0.6680 -0.4542
vn 0.5639 -0.6685 -0.4848
vn 0.5517 -0.6715 -0.4947
vn 0.6298 -0.6537 -0.4195
vn 0.4070 -0.6819 -0.6078
vn 0.4240 -0.6809 -0.5972
vn 0.4015 -0.6809 -0.6125
vn 0.3976 -0.6821 -0.6138
vn 0.5457 -0.6729 -0.4994
vn 0.3286 -0.6780 -0.6575
vn 0.3294 -0.6771 -0.6580
vn 0.3206 -0.6836 -0.6557
vn 0.3006 -0.6907 -0.6577
vn 0.3986 -0.6810 -0.6143
vn 0.2960 -0.6928 -0.6576
vn 0.3172 -0.6839 -0.6570
vn 0.2714 -0.7034 -0.6570
vn 0.2459 -0.7816 -0.5733
vn 0.2691 -0.7841 -0.5593
vn 0.2550 -0.7137 -0.6524
vn 0.2710 -0.7039 -0.6566
vn 0.2388 -0.7771 -0.5824
vn 0.2262 -0.8849 -0.4071
vn 0.2321 -0.8926 -0.3866
vn 0.2389 -0.7692 -0.5926
vn 0.2444 -0.7217 -0.6477
vn 0.2340 -0.8744 -0.4251
vn 0.2327 -0.8651 -0.4443
vn 0.2234 -0.9306 -0.2899
vn 0.2229 -0.9301 -0.2920
vn 0.2239 -0.9316 -0.2864
vn 0.2330 -0.7608 -0.6057
vn 0.2379 -0.7310 -0.6395
vn 0.2325 -0.7535 -0.6149
vn 0.2406 -0.7428 -0.6248
vn 0.2314 -0.8560 -0.4623
vn 0.2319 -0.8484 -0.4759
vn 0.2214 -0.9291 -0.2963
vn 0.2218 -0.9275 -0.3008
vn 0.2374 -0.7513 -0.6158
vn 0.2532 -0.7552 -0.6047
vn 0.2409 -0.7582 -0.6058
vn 0.2243 -0.8445 -0.4863
vn 0.2284 -0.8471 -0.4799
vn 0.2159 -0.9268 -0.3071
vn 0.2090 -0.9264 -0.3132
vn 0.2549 -0.7656 -0.5906
vn 0.2381 -0.7745 -0.5860
vn 0.1686 -0.8641 -0.4743
vn 0.2053 -0.9439 -0.2586
vn 0.1978 -0.9516 -0.2352
vn 0.2142 -0.9411 -0.2615
vn 0.2056 -0.9482 -0.2421
vn 0.2170 -0.9394 -0.2654
vn 0.2084 -0.9457 -0.2493
vn 0.2188 -0.9381 -0.2686
vn 0.2118 -0.9432 -0.2559
vn 0.2199 -0.9371 -0.2710
vn 0.2151 -0.9411 -0.2610
vn 0.2210 -0.9365 -0.2724
vn 0.2177 -0.9394 -0.2647
vn 0.2253 -0.9351 -0.2735
vn 0.2213 -0.9374 -0.2688
vn 0.2332 -0.9325 -0.2757
vn 0.2275 -0.9345 -0.2739
vn 0.2347 -0.9302 -0.2821
vn 0.2540 -0.9254 -0.2813
vn 0.2480 -0.9276 -0.2795
vn 0.2496 -0.8971 -0.3646
vn 0.3867 -0.8594 -0.3346
vn 0.4065 -0.8708 -0.2767
vn 0.3935 -0.7663 -0.5079
vn 0.5682 -0.7162 -0.4053
vn 0.5721 -0.7695 -0.2838
vn 0.5526 -0.6671 -0.4996
vn 0.6255 -0.6598 -0.4163
vn 0.6372 -0.6644 -0.3904
vn 0.6410 -0.6523 -0.4046
vn 0.6550 -0.6594 -0.3691
vn 0.6521 -0.6712 -0.3524
vn 0.6529 -0.6505 -0.3881
vn 0.6552 -0.6679 -0.3531
vn 0.6616 -0.6690 -0.3386
vn 0.6674 -0.6429 -0.3757
vn 0.6731 -0.6674 -0.3187
vn 0.6705 -0.6767 -0.3041
vn 0.7547 -0.5444 -0.3663
vn 0.7741 -0.5487 -0.3157
vn 0.6689 -0.6873 -0.2830
vn 0.8787 -0.3436 -0.3315
vn 0.8941 -0.3243 -0.3089
vn 0.7833 -0.5416 -0.3052
vn 0.9150 -0.2645 -0.3048
vn 0.9148 -0.2560 -0.3122
vn 0.8986 -0.3009 -0.3194
vn 0.9108 -0.2724 -0.3101
vn 0.9040 -0.2655 -0.3352
vn 0.9074 -0.2470 -0.3400
vn 0.9064 -0.2686 -0.3261
vn 0.9222 -0.2811 -0.2655
vn 0.9367 -0.2841 -0.2048
vn 0.9159 -0.2670 -0.2998
vn 0.9580 -0.2862 -0.0161
vn 0.9530 -0.2978 0.0557
vn 0.9583 -0.2831 -0.0383
vn 0.9167 -0.2895 0.2754
vn 0.9127 -0.2811 0.2965
vn 0.9235 -0.2844 0.2574
vn 0.9046 -0.2856 0.3165
vn 0.9033 -0.2917 0.3146
vn 0.9039 -0.2898 0.3147
vn 0.9082 -0.2854 0.3063
vn 0.9095 -0.2855 0.3021
vn 0.9213 -0.2107 0.3267
vn 0.9136 -0.2496 0.3210
vn 0.9049 -0.2818 0.3190
vn 0.9320 -0.0332 0.3610
vn 0.9149 0.1115 0.3881
vn 0.9108 0.0669 0.4074
vn 0.9117 0.1068 0.3967
vn 0.9040 0.0986 0.4160
vn 0.9096 0.0381 0.4138
vn 0.9137 0.1104 0.3912
vn 0.9028 0.1073 0.4164
vn 0.9143 0.1148 0.3884
vn 0.9010 0.1112 0.4193
vn 0.9133 0.1199 0.3891
vn 0.8956 0.1241 0.4272
vn 0.9059 0.1293 0.4033
vn 0.8822 0.1518 0.4458
vn 0.8506 0.2437 0.4660
vn 0.8503 0.2438 0.4665
vn 0.8708 0.1680 0.4621
vn 0.7808 0.4375 0.4461
vn 0.7840 0.4254 0.4520
vn 0.8522 0.2341 0.4680
vn 0.7868 0.4160 0.4559
vn 0.8537 0.2232 0.4706
vn 0.7022 0.5674 0.4301
vn 0.6940 0.5744 0.4342
vn 0.7899 0.4091 0.4568
vn 0.6811 0.6042 0.4136
vn 0.6683 0.6039 0.4345
vn 0.6740 0.6297 0.3862
vn 0.6613 0.6163 0.4275
vn 0.6631 0.6693 0.3352
vn 0.6612 0.6351 0.3993
vn 0.6595 0.6897 0.2990
vn 0.6604 0.6667 0.3455
vn 0.6670 0.6822 0.2997
vn 0.6653 0.6805 0.3069
vn 0.6657 0.6809 0.3053
vn 0.6638 0.6858 0.2984
vn 0.6600 0.6810 0.3174
vn 0.5485 0.7870 0.2825
vn 0.5261 0.8067 0.2692
vn 0.2366 0.9542 0.1830
vn 0.2165 0.9610 0.1719
vn 0.0537 0.9914 0.1190
vn 0.0509 0.9919 0.1160
vn 0.0557 0.9910 0.1220
vn 0.0556 0.9905 0.1256
vn 0.0457 0.9917 0.1205
vn 0.0453 0.9921 0.1171
vn 0.0447 0.9912 0.1249
vn 0.0385 0.9915 0.1240
vn 0.0387 0.9919 0.1208
vn 0.0418 0.9916 0.1228
vn 0.0348 0.9921 0.1208
vn 0.0556 0.9916 0.1169
vn 0.2823 0.9587 0.0329
vn 0.0572 0.9919 0.1135
vn 0.0361 0.9924 0.1178
vn 0.2649 0.9636 0.0359
vn 0.5060 0.8605 -0.0597
vn 0.5277 0.8472 -0.0624
vn 0.2374 0.9704 0.0431
vn 0.0459 0.9923 0.1155
vn 0.4839 0.8726 -0.0659
vn 0.5690 0.8151 -0.1088
vn 0.5783 0.8112 -0.0873
vn 0.4289 0.8944 -0.1267
vn 0.2005 0.9797 0.0063
vn 0.5238 0.8366 -0.1606
vn 0.5553 0.8156 -0.1627
vn 0.5771 0.8078 -0.1203
vn 0.4540 0.8697 -0.1939
vn 0.3750 0.9103 -0.1753
vn 0.5164 0.8366 -0.1829
vn 0.5534 0.8149 -0.1721
vn 0.5638 0.8080 -0.1711
vn 0.4488 0.8713 -0.1983
vn 0.4050 0.8918 -0.2018
vn 0.4931 0.8501 -0.1852
vn 0.5289 0.8307 -0.1737
vn 0.4173 0.8862 -0.2013
vn 0.3981 0.8932 -0.2089
vn 0.4481 0.8717 -0.1982
vn 0.4767 0.8552 -0.2033
vn 0.3107 0.9093 -0.2767
vn 0.3232 0.9103 -0.2586
vn 0.3122 0.9016 -0.2995
vn 0.3168 0.8886 -0.3317
vn 0.2016 0.9004 -0.3856
vn 0.2135 0.9126 -0.3488
vn 0.1994 0.8765 -0.4381
vn 0.2457 0.7373 -0.6293
vn 0.1934 0.8653 -0.4624
vn 0.1937 0.8826 -0.4284
vn 0.2519 0.7188 -0.6480
vn 0.2944 0.5183 -0.8029
vn 0.2568 0.7099 -0.6558
vn 0.1942 0.8659 -0.4610
vn 0.3010 0.5042 -0.8094
vn 0.2994 0.4945 -0.8159
vn 0.2936 0.5000 -0.8147
vn 0.2522 0.7011 -0.6669
vn 0.2958 0.4939 -0.8177
vn 0.2994 0.4934 -0.8166
vn 0.2908 0.4977 -0.8171
vn 0.2853 0.5068 -0.8134
vn 0.2954 0.5008 -0.8136
vn 0.3084 0.4850 -0.8183
vn 0.2926 0.5045 -0.8123
vn 0.2923 0.5015 -0.8143
vn 0.2986 0.4977 -0.8143
vn 0.3151 0.4799 -0.8188
vn 0.3059 0.5016 -0.8092
vn 0.2988 0.5076 -0.8081
vn 0.3113 0.4941 -0.8118
vn 0.3273 0.4665 -0.8217
vn 0.3050 0.4969 -0.8125
vn 0.3022 0.5053 -0.8083
vn 0.2990 0.4820 -0.8236
vn 0.2978 0.3571 -0.8853
vn 0.1923 -0.9532 -0.2334
vn 0.1914 -0.9539 -0.2313
vn 0.1986 -0.9514 -0.2354
vn 0.1954 -0.9530 -0.2315
vn 0.2003 -0.9500 -0.2394
vn 0.1960 -0.9525 -0.2331
vn 0.2039 -0.9480 -0.2443
vn 0.1983 -0.9514 -0.2354
vn 0.2087 -0.9457 -0.2493
vn 0.2027 -0.9496 -0.2389
vn 0.2130 -0.9436 -0.2535
vn 0.2084 -0.9474 -0.2429
vn 0.2170 -0.9419 -0.2563
vn 0.2150 -0.9453 -0.2455
vn 0.2237 -0.9400 -0.2576
vn 0.2237 -0.9431 -0.2461
vn 0.2505 -0.9335 -0.2565
vn 0.2593 -0.9337 -0.2470
vn 0.2430 -0.9294 -0.2779
vn 0.4597 -0.8400 -0.2883
vn 0.4744 -0.8402 -0.2627
vn 0.4371 -0.8527 -0.2862
vn 0.6231 -0.7309 -0.2785
vn 0.6367 -0.7190 -0.2784
vn 0.6014 -0.7565 -0.2568
vn 0.6270 -0.7370 -0.2522
vn 0.6143 -0.7391 -0.2763
vn 0.6156 -0.7403 -0.2701
vn 0.6115 -0.7411 -0.2772
vn 0.6419 -0.7048 -0.3020
vn 0.6340 -0.7176 -0.2881
vn 0.6586 -0.6777 -0.3270
vn 0.6542 -0.6885 -0.3130
vn 0.6744 -0.6655 -0.3197
vn 0.6881 -0.6589 -0.3039
vn 0.6509 -0.7066 -0.2777
vn 0.6827 -0.6694 -0.2931
vn 0.6818 -0.6625 -0.3102
vn 0.6796 -0.6727 -0.2925
vn 0.6705 -0.6803 -0.2960
vn 0.6791 -0.6634 -0.3141
vn 0.6748 -0.6734 -0.3020
vn 0.7900 -0.5212 -0.3228
vn 0.8003 -0.4996 -0.3316
vn 0.6751 -0.6758 -0.2959
vn 0.8988 -0.2735 -0.3425
vn 0.9497 -0.2976 -0.0975
vn 0.8452 -0.5273 -0.0873
vn 0.9511 -0.2724 -0.1455
vn 0.9309 -0.2971 0.2124
vn 0.9146 -0.3156 0.2527
vn 0.9424 -0.3001 0.1479
vn 0.8871 -0.2923 0.3573
vn 0.8812 -0.3082 0.3584
vn 0.9029 -0.2848 0.3220
vn 0.8799 -0.3066 0.3630
vn 0.8779 -0.3123 0.3629
vn 0.8846 -0.2950 0.3612
vn 0.8231 -0.4857 0.2943
vn 0.8804 -0.2972 0.3695
vn 0.8433 -0.4140 0.3429
vn 0.8172 -0.4983 0.2895
vn 0.6884 -0.7025 0.1805
vn 0.7169 -0.6649 0.2097
vn 0.8243 -0.5176 0.2293
vn 0.6713 -0.7285 0.1363
vn 0.6577 -0.7468 0.0982
vn 0.6693 -0.7263 0.1566
vn 0.6745 -0.7321 -0.0952
vn 0.6570 -0.7470 -0.1018
vn 0.6556 -0.7461 -0.1162
vn 0.6657 -0.7426 0.0732
vn 0.6578 -0.7037 -0.2686
vn 0.6478 -0.7226 -0.2413
vn 0.6407 -0.7322 -0.2313
vn 0.6574 -0.7420 -0.1318
vn 0.6623 -0.6997 -0.2679
vn 0.6352 -0.7329 -0.2437
vn 0.6306 -0.7363 -0.2453
vn 0.6379 -0.7297 -0.2460
vn 0.6420 -0.7252 -0.2487
vn 0.6395 -0.7352 -0.2248
vn 0.6376 -0.7374 -0.2228
vn 0.6369 -0.7306 -0.2460
vn 0.6370 -0.7257 -0.2601
vn 0.6214 -0.7389 -0.2606
vn 0.6162 -0.7409 -0.2673
vn 0.6326 -0.7363 -0.2401
vn 0.6458 -0.7195 -0.2556
vn 0.6421 -0.7257 -0.2471
vn 0.6484 -0.7185 -0.2516
vn 0.6390 -0.7244 -0.2587
vn 0.6515 -0.7140 -0.2566
vn 0.6339 -0.7282 -0.2604
vn 0.6589 -0.7326 -0.1706
vn 0.6522 -0.7311 -0.2001
vn 0.6628 -0.7344 -0.1460
vn 0.6736 -0.7383 0.0339
vn 0.6801 -0.7329 0.0179
vn 0.6700 -0.7407 0.0500
vn 0.6681 -0.7301 0.1432
vn 0.6666 -0.7312 0.1446
vn 0.6698 -0.7281 0.1459
vn 0.6666 -0.7280 0.1603
vn 0.6647 -0.7293 0.1621
vn 0.6815 -0.7117 0.1702
vn 0.6696 -0.7122 0.2109
vn 0.6541 -0.7285 0.2035
vn 0.7426 -0.6165 0.2618
vn 0.7516 -0.5901 0.2949
vn 0.6527 -0.7218 0.2304
vn 0.8489 -0.3687 0.3787
vn 0.8485 -0.3577 0.3900
vn 0.7540 -0.5830 0.3025
vn 0.8650 -0.3067 0.3971
vn 0.8613 -0.3078 0.4042
vn 0.8746 -0.2937 0.3857
vn 0.8596 -0.3126 0.4042
vn 0.8613 -0.3146 0.3990
vn 0.8605 -0.3116 0.4031
vn 0.8653 -0.2994 0.4021
vn 0.8649 -0.3083 0.3960
vn 0.8731 -0.3001 0.3842
vn 0.8729 -0.2763 0.4020
vn 0.8658 -0.3001 0.4004
vn 0.8561 -0.3353 0.3933
vn 0.6135 -0.4348 0.6593
vn 0.8656 -0.2921 0.4068
vn 0.8702 -0.2839 0.4027
vn 0.8690 -0.2995 0.3938
vn 0.8663 -0.2874 0.4085
vn 0.8729 -0.2753 0.4028
vn 0.8736 -0.2992 0.3838
vn 0.8637 -0.3219 0.3877
vn 0.7709 -0.4213 0.4778
vn 0.8670 -0.3421 0.3623
vn 0.8863 -0.1307 0.4443
vn 0.6384 0.6728 0.3739
vn 0.0846 0.9643 0.2508
vn 0.2022 0.8977 0.3914
vn 0.2221 0.6381 0.7372
vn 0.3184 0.5983 0.7353
vn 0.4335 0.7936 0.4270
vn 0.8623 -0.3134 0.3978
vn 0.5947 -0.6572 0.4631
vn 0.8692 -0.3169 0.3797
vn 0.8629 -0.3210 0.3904
vn 0.8741 -0.3281 0.3581
vn 0.8665 -0.3322 0.3727
vn 0.8595 -0.3390 0.3826
vn 0.8543 -0.3468 0.3872
vn 0.7417 -0.3710 0.5588
vn 0.7221 -0.3794 0.5785
vn 0.7663 -0.3661 0.5279
vn 0.5441 -0.3932 0.7411
vn 0.5137 -0.3957 0.7613
vn 0.7642 -0.3977 0.5078
vn 0.5399 -0.4102 0.7350
vn 0.7359 -0.4245 0.5275
vn 0.4939 -0.4369 0.7518
vn 0.6932 -0.4309 0.5777
vn 0.4315 -0.4381 0.7886
vn 0.8536 -0.3694 0.3673
vn 0.8728 -0.3532 0.3369
vn 0.8591 -0.3145 0.4037
vn 0.6515 -0.3429 0.6767
vn 0.8824 -0.3205 0.3446
vn 0.8765 -0.3276 0.3526
vn 0.8681 -0.3561 0.3458
vn 0.9157 -0.0828 0.3933
vn 0.8560 -0.0530 0.5143
vn 0.9152 -0.1042 0.3892
vn 0.9107 -0.0972 0.4015
vn 0.8737 -0.3071 0.3772
vn 0.9035 0.1008 0.4165
vn 0.8890 0.1428 0.4351
vn 0.9059 0.0820 0.4155
vn 0.9026 0.0843 0.4221
vn 0.9090 -0.0345 0.4154
vn 0.8953 0.1192 0.4292
vn 0.8839 0.1480 0.4437
vn 0.8992 0.1059 0.4245
vn 0.9025 0.1064 0.4173
vn 0.9027 0.0917 0.4203
vn 0.8882 0.1378 0.4382
vn 0.8782 0.1589 0.4512
vn 0.8975 0.1203 0.4242
vn 0.8846 0.1413 0.4445
vn 0.8736 0.1636 0.4583
vn 0.8660 0.1734 0.4690
vn 0.8640 0.1779 0.4709
vn 0.8670 0.1787 0.4652
vn 0.8612 0.1828 0.4742
vn 0.8625 0.1843 0.4713
vn 0.8553 0.2137 0.4720
vn 0.8549 0.2117 0.4736
vn 0.8614 0.1852 0.4730
vn 0.7846 0.4090 0.4660
vn 0.7161 0.4271 0.5521
vn 0.7805 0.2163 0.5866
vn 0.6773 0.5871 0.4434
vn 0.6176 0.6058 0.5015
vn 0.6596 0.6095 0.4398
vn 0.6118 0.6197 0.4917
vn 0.6596 0.6109 0.4378
vn 0.6224 0.6162 0.4825
vn 0.6612 0.6158 0.4285
vn 0.6347 0.6136 0.4697
vn 0.6653 0.6300 0.4006
vn 0.6473 0.6131 0.4529
vn 0.6698 0.6537 0.3522
vn 0.6588 0.6227 0.4221
vn 0.6581 0.6859 0.3105
vn 0.6231 0.6929 0.3628
vn 0.4819 0.8368 0.2598
vn 0.4300 0.8647 0.2597
vn 0.5119 0.8191 0.2589
vn 0.1977 0.9669 0.1616
vn 0.1648 0.9719 0.1678
vn 0.0417 0.9928 0.1126
vn 0.0254 0.9923 0.1214
vn 0.0350 0.9926 0.1166
vn 0.0221 0.9922 0.1225
vn 0.0428 0.9924 0.1158
vn 0.0323 0.9927 0.1163
vn 0.0244 0.9926 0.1187
vn 0.0366 0.9924 0.1174
vn 0.0231 0.9927 0.1184
vn 0.0194 0.9929 0.1178
vn 0.0244 0.9923 0.1211
vn 0.0231 0.9921 0.1231
vn 0.0089 0.9928 0.1194
vn 0.0098 0.9930 0.1176
vn 0.0066 0.9926 0.1214
vn -0.0015 0.9929 0.1187
vn 0.0015 0.9932 0.1167
vn 0.0041 0.9927 0.1206
vn -0.0052 0.9928 0.1200
vn 0.0200 0.9926 0.1200
vn 0.0162 0.9934 0.1139
vn 0.0008 0.9932 0.1160
vn 0.0285 0.9930 0.1146
vn 0.0221 0.9935 0.1119
vn 0.0110 0.9938 0.1106
vn 0.0288 0.9930 0.1148
vn 0.0237 0.9934 0.1118
vn 0.0168 0.9936 0.1121
vn 0.0315 0.9936 0.1082
vn 0.0297 0.9937 0.1082
vn 0.0215 0.9935 0.1116
vn 0.1899 0.9815 -0.0251
vn 0.1864 0.9822 -0.0245
vn 0.0273 0.9935 0.1107
vn 0.3603 0.9157 -0.1782
vn 0.3475 0.9214 -0.1738
vn 0.1723 0.9848 -0.0223
vn 0.3877 0.8985 -0.2059
vn 0.3535 0.9038 -0.2411
vn 0.3149 0.9306 -0.1867
vn 0.3419 0.9063 -0.2483
vn 0.2552 0.9123 -0.3202
vn 0.2723 0.9103 -0.3118
vn 0.2340 0.9131 -0.3339
vn 0.2085 0.9085 -0.3620
vn 0.2143 0.9089 -0.3578
vn 0.2000 0.9032 -0.3798
vn 0.1980 0.8930 -0.4041
vn 0.2047 0.9057 -0.3713
vn 0.1939 0.8734 -0.4468
vn 0.1908 0.8716 -0.4517
vn 0.2009 0.8811 -0.4282
vn 0.1912 0.8653 -0.4634
vn 0.1929 0.8613 -0.4701
vn 0.1908 0.8704 -0.4539
vn 0.2455 0.7008 -0.6698
vn 0.2483 0.6961 -0.6736
vn 0.1957 0.8528 -0.4842
vn 0.2884 0.5126 -0.8087
vn 0.2944 0.5108 -0.8077
vn 0.2609 0.6924 -0.6727
vn 0.2942 0.5017 -0.8135
vn 0.2846 0.5064 -0.8140
vn 0.2721 0.5215 -0.8087
vn 0.2945 0.5134 -0.8060
vn 0.1895 -0.9550 -0.2282
vn 0.1900 -0.9580 -0.2149
vn 0.1950 -0.9537 -0.2288
vn 0.1967 -0.9573 -0.2119
vn 0.1955 -0.9539 -0.2277
vn 0.2017 -0.9577 -0.2051
vn 0.1964 -0.9540 -0.2267
vn 0.2012 -0.9602 -0.1937
vn 0.1987 -0.9533 -0.2274
vn 0.1975 -0.9624 -0.1863
vn 0.2035 -0.9515 -0.2308
vn 0.1985 -0.9624 -0.1857
vn 0.2036 -0.9603 -0.1908
vn 0.2108 -0.9484 -0.2368
vn 0.1977 -0.9801 -0.0190
vn 0.1969 -0.9801 -0.0260
vn 0.2036 -0.9790 -0.0113
vn 0.2141 -0.9768 -0.0058
vn 0.2128 -0.9561 -0.2017
vn 0.2127 -0.9679 0.1340
vn 0.2009 -0.9725 0.1175
vn 0.2308 -0.9596 0.1608
vn 0.3045 -0.9321 0.1963
vn 0.2856 -0.9583 0.0057
vn 0.2583 -0.9488 0.1821
vn 0.2344 -0.9599 0.1540
vn 0.3259 -0.9222 0.2080
vn 0.4895 -0.8444 0.2178
vn 0.5052 -0.8374 0.2086
vn 0.3324 -0.9178 0.2173
vn 0.2799 -0.9383 0.2033
vn 0.4808 -0.8468 0.2276
vn 0.5942 -0.7720 0.2259
vn 0.6152 -0.7626 0.2000
vn 0.4808 -0.8450 0.2340
vn 0.3343 -0.9158 0.2228
vn 0.5865 -0.7739 0.2391
vn 0.6168 -0.7588 0.2094
vn 0.5880 -0.7774 0.2233
vn 0.4827 -0.8468 0.2236
vn 0.5837 -0.7815 0.2206
vn 0.4969 -0.8389 0.2223
vn 0.5838 -0.7772 0.2347
vn 0.5248 -0.8161 0.2420
vn 0.5827 -0.7777 0.2359
vn 0.6246 -0.7471 0.2274
vn 0.5982 -0.7624 0.2466
vn 0.5880 -0.7713 0.2437
vn 0.6432 -0.7286 0.2355
vn 0.6483 -0.7282 0.2224
vn 0.6134 -0.7541 0.2347
vn 0.6586 -0.7205 0.2172
vn 0.6539 -0.7238 0.2204
vn 0.6524 -0.7270 0.2142
vn 0.6514 -0.7282 0.2132
vn 0.6511 -0.7273 0.2170
vn 0.6493 -0.7273 0.2222
vn 0.6513 -0.7241 0.2266
vn 0.7552 -0.5811 0.3034
vn 0.7497 -0.5917 0.2962
vn 0.8440 -0.3679 0.3902
vn 0.8393 -0.3847 0.3841
vn 0.8593 -0.3183 0.4004
vn 0.8606 -0.3264 0.3909
vn 0.8362 -0.4034 0.3715
vn 0.8558 -0.3365 0.3929
vn 0.8173 -0.4453 0.3656
vn 0.7177 -0.3807 0.5831
vn 0.6784 -0.5215 0.5175
vn 0.4658 -0.4009 0.7889
vn 0.4394 -0.5536 0.7074
vn 0.4789 -0.3917 0.7856
vn 0.3780 -0.3963 0.8367
vn 0.3601 -0.4046 0.8406
vn 0.3879 -0.4013 0.8297
vn 0.3712 -0.4033 0.8364
vn 0.3632 -0.4119 0.8357
vn 0.3906 -0.3986 0.8298
vn 0.3681 -0.3917 0.8432
vn 0.3825 -0.3986 0.8336
vn 0.3622 -0.3911 0.8461
vn 0.3685 -0.4096 0.8345
vn 0.3579 -0.4007 0.8434
vn 0.3580 -0.4109 0.8384
vn 0.3568 -0.4073 0.8407
vn 0.3601 -0.2912 0.8863
vn 0.3667 -0.2622 0.8926
vn 0.3944 -0.3293 0.8579
vn 0.3831 -0.0743 0.9207
vn 0.3619 -0.0644 0.9300
vn 0.6092 -0.0602 0.7907
vn 0.5664 0.1489 0.8106
vn 0.3813 0.1033 0.9187
vn 0.8027 0.1717 0.5712
vn 0.7862 0.1875 0.5889
vn 0.5571 0.1601 0.8148
vn 0.8685 0.1778 0.4627
vn 0.8617 0.1845 0.4728
vn 0.7837 0.1772 0.5954
vn 0.8676 0.1778 0.4644
vn 0.8613 0.1860 0.4728
vn 0.7808 0.1745 0.5999
vn 0.7816 0.1755 0.5986
vn 0.5524 0.1418 0.8214
vn 0.5511 0.1402 0.8226
vn 0.5597 0.1994 0.8044
vn 0.3998 0.1682 0.9010
vn 0.3958 0.1146 0.9112
vn 0.5172 0.4400 0.7341
vn 0.3704 0.4044 0.8362
vn 0.4601 0.6148 0.6406
vn 0.3281 0.5945 0.7341
vn 0.4592 0.6261 0.6302
vn 0.3337 0.6101 0.7187
vn 0.4633 0.6248 0.6285
vn 0.3384 0.6115 0.7153
vn 0.4796 0.6186 0.6223
vn 0.3390 0.6071 0.7187
vn 0.4907 0.6188 0.6134
vn 0.3301 0.6085 0.7217
vn 0.4983 0.6239 0.6020
vn 0.3131 0.6149 0.7238
vn 0.4495 0.7004 0.5544
vn 0.2738 0.6756 0.6845
vn 0.2726 0.8950 0.3531
vn 0.1655 0.8571 0.4878
vn 0.0705 0.9859 0.1518
vn 0.0509 0.9750 0.2161
vn 0.1278 0.9796 0.1552
vn 0.0223 0.9915 0.1279
vn 0.0262 0.9923 0.1208
vn 0.0156 0.9920 0.1250
vn 0.0181 0.9927 0.1191
vn 0.0110 0.9922 0.1245
vn 0.0145 0.9928 0.1192
vn 0.0149 0.9922 0.1236
vn 0.0083 0.9923 0.1235
vn 0.0086 0.9923 0.1232
vn 0.0134 0.9927 0.1200
vn 0.0067 0.9927 0.1201
vn 0.0057 0.9925 0.1221
vn 0.0089 0.9930 0.1181
vn 0.0034 0.9932 0.1166
vn 0.0035 0.9929 0.1185
vn 0.0031 0.9933 0.1158
vn 0.0032 0.9934 0.1150
vn 0.0034 0.9932 0.1163
vn 0.0009 0.9934 0.1145
vn -0.0030 0.9933 0.1158
vn 0.0035 0.9937 0.1122
vn 0.0058 0.9934 0.1146
vn -0.0038 0.9932 0.1160
vn -0.0070 0.9930 0.1180
vn -0.0110 0.9933 0.1154
vn -0.0082 0.9935 0.1134
vn -0.0094 0.9931 0.1169
vn -0.0141 0.9936 0.1121
vn -0.0148 0.9938 0.1103
vn -0.0047 0.9937 0.1117
vn -0.0113 0.9936 0.1120
vn -0.0177 0.9937 0.1111
vn 0.0037 0.9937 0.1119
vn -0.0048 0.9935 0.1136
vn -0.0166 0.9934 0.1131
vn 0.0112 0.9935 0.1129
vn 0.0020 0.9936 0.1133
vn -0.0130 0.9935 0.1134
vn 0.0171 0.9935 0.1130
vn 0.0052 0.9938 0.1113
vn -0.0094 0.9937 0.1118
vn 0.0193 0.9941 0.1069
vn 0.0067 0.9945 0.1046
vn -0.0095 0.9941 0.1077
vn 0.1492 0.9886 -0.0215
vn 0.1010 0.9941 -0.0402
vn -0.0087 0.9943 0.1060
vn 0.2369 0.9413 -0.2406
vn 0.1740 0.9434 -0.2822
vn 0.0673 0.9959 -0.0612
vn 0.2101 0.9127 -0.3504
vn 0.1889 0.9153 -0.3556
vn 0.1599 0.9443 -0.2875
vn 0.1994 0.9110 -0.3609
vn 0.1962 0.9164 -0.3488
vn 0.1938 0.9137 -0.3573
vn 0.2065 0.9029 -0.3769
vn 0.1994 0.8970 -0.3944
vn 0.2070 0.9160 -0.3436
vn 0.1927 0.8744 -0.4454
vn 0.1870 0.8741 -0.4484
vn 0.1924 0.8870 -0.4198
vn 0.1905 0.8706 -0.4537
vn 0.1907 0.8703 -0.4540
vn 0.1893 0.8749 -0.4457
vn 0.2033 0.8497 -0.4865
vn 0.1912 0.8633 -0.4670
vn 0.1747 0.8748 -0.4519
vn 0.2450 0.7041 -0.6665
vn 0.1973 -0.9790 -0.0513
vn 0.1933 -0.9741 0.1174
vn 0.2006 -0.9785 -0.0476
vn 0.1999 -0.9728 0.1170
vn 0.2096 -0.9770 -0.0392
vn 0.2058 -0.9716 0.1170
vn 0.2059 -0.9781 -0.0311
vn 0.1991 -0.9735 0.1128
vn 0.1936 -0.9748 0.1106
vn 0.1948 -0.9731 0.1230
vn 0.1944 -0.9731 0.1235
vn 0.2122 -0.9683 0.1320
vn 0.2329 -0.9607 0.1512
vn 0.2016 -0.9707 0.1306
vn 0.2608 -0.9485 0.1797
vn 0.2798 -0.9381 0.2043
vn 0.2603 -0.9472 0.1873
vn 0.2939 -0.9315 0.2141
vn 0.2957 -0.9292 0.2216
vn 0.2810 -0.9319 0.2295
vn 0.3375 -0.9153 0.2197
vn 0.3490 -0.9116 0.2172
vn 0.2837 -0.9331 0.2210
vn 0.3681 -0.8897 0.2702
vn 0.2762 -0.9143 0.2963
vn 0.3599 -0.8469 0.3914
vn 0.2743 -0.8557 0.4387
vn 0.5194 -0.8019 0.2953
vn 0.4737 -0.8078 0.3509
vn 0.3234 -0.8252 0.4631
vn 0.5861 -0.7706 0.2504
vn 0.5726 -0.7711 0.2784
vn 0.4359 -0.7979 0.4164
vn 0.6285 -0.7453 0.2226
vn 0.7148 -0.6408 0.2799
vn 0.5993 -0.7106 0.3686
vn 0.7419 -0.6077 0.2833
vn 0.4146 -0.7391 0.5309
vn 0.3075 -0.7276 0.6133
vn 0.3012 -0.8015 0.5165
vn 0.3355 -0.5506 0.7644
vn 0.3235 -0.5619 0.7613
vn 0.2898 -0.7311 0.6177
vn 0.3480 -0.4201 0.8381
vn 0.3469 -0.4316 0.8327
vn 0.3234 -0.5736 0.7526
vn 0.3498 -0.4209 0.8370
vn 0.3377 -0.4202 0.8422
vn 0.3373 -0.4361 0.8343
vn 0.3526 -0.4058 0.8432
vn 0.3383 -0.4094 0.8474
vn 0.3576 -0.3893 0.8489
vn 0.3444 -0.3985 0.8501
vn 0.3613 -0.3913 0.8464
vn 0.3531 -0.4010 0.8453
vn 0.3644 -0.4008 0.8406
vn 0.3577 -0.4051 0.8414
vn 0.3658 -0.4077 0.8367
vn 0.3554 -0.4053 0.8423
vn 0.3735 -0.2379 0.8966
vn 0.3603 -0.2217 0.9061
vn 0.3646 -0.0225 0.9309
vn 0.3523 -0.0074 0.9359
vn 0.3647 -0.0441 0.9301
vn 0.3706 0.0405 0.9279
vn 0.3612 0.0206 0.9323
vn 0.3695 0.0727 0.9264
vn 0.3850 0.1148 0.9157
vn 0.3884 0.0912 0.9170
vn 0.3893 0.1283 0.9121
vn 0.3931 0.1185 0.9119
vn 0.3897 0.1193 0.9132
vn 0.5549 0.1458 0.8191
vn 0.3939 0.1159 0.9118
vn 0.3907 0.1127 0.9136
vn 0.3942 0.1112 0.9123
vn 0.3992 0.1114 0.9101
vn 0.4003 0.1126 0.9094
vn 0.3923 0.1591 0.9060
vn 0.3944 0.1611 0.9047
vn 0.3593 0.3972 0.8445
vn 0.3556 0.3999 0.8448
vn 0.3140 0.5837 0.7488
vn 0.3026 0.5830 0.7540
vn 0.3168 0.5981 0.7361
vn 0.2991 0.5888 0.7509
vn 0.3166 0.6079 0.7281
vn 0.2950 0.6040 0.7404
vn 0.3068 0.6110 0.7298
vn 0.2945 0.6127 0.7334
vn 0.2968 0.6123 0.7328
vn 0.2838 0.6219 0.7298
vn 0.2761 0.6298 0.7261
vn 0.2545 0.6481 0.7178
vn 0.2447 0.6664 0.7043
vn 0.2339 0.6698 0.7047
vn 0.1745 0.8123 0.5566
vn 0.1906 0.7831 0.5919
vn 0.0734 0.9586 0.2750
vn 0.0910 0.9463 0.3103
vn 0.0242 0.9922 0.1223
vn 0.0252 0.9921 0.1227
vn 0.0229 0.9924 0.1210
vn 0.0200 0.9932 0.1151
vn 0.0216 0.9933 0.1139
vn 0.0188 0.9933 0.1142
vn 0.0212 0.9935 0.1123
vn 0.0189 0.9932 0.1145
vn 0.0213 0.9934 0.1125
vn 0.0135 0.9928 0.1191
vn 0.0139 0.9929 0.1178
vn 0.0189 0.9933 0.1142
vn 0.0085 0.9926 0.1211
vn 0.0086 0.9929 0.1184
vn 0.0136 0.9932 0.1155
vn 0.0049 0.9928 0.1196
vn 0.0056 0.9930 0.1177
vn 0.0093 0.9931 0.1165
vn 0.0036 0.9931 0.1173
vn 0.0048 0.9931 0.1172
vn 0.0070 0.9932 0.1164
vn 0.0052 0.9931 0.1175
vn 0.0099 0.9924 0.1223
vn 0.0064 0.9929 0.1191
vn 0.0606 0.9841 0.1671
vn 0.0222 0.9901 0.1384
vn 0.4495 0.6352 0.6281
vn 0.2672 0.8303 0.4892
vn 0.4736 0.1006 0.8750
vn 0.7315 0.2584 0.6310
vn 0.4015 -0.3024 0.8645
vn 0.7820 -0.2604 0.5662
vn 0.2309 0.9139 0.3338
vn 0.0200 0.9921 0.1241
vn 0.0206 0.9927 0.1191
vn 0.0207 0.9928 0.1178
vn 0.0136 0.9932 0.1154
vn 0.0094 0.9933 0.1154
vn 0.0162 0.9933 0.1146
vn 0.0184 0.9934 0.1128
vn 0.0221 0.9931 0.1156
vn 0.0144 0.9934 0.1138
vn 0.0107 0.9932 0.1155
vn 0.0173 0.9936 0.1120
vn 0.0182 0.9936 0.1114
vn 0.0199 0.9934 0.1125
vn 0.0169 0.9936 0.1117
vn 0.0135 0.9934 0.1141
vn 0.0177 0.9937 0.1108
vn 0.0166 0.9937 0.1110
vn 0.0169 0.9936 0.1120
vn 0.0186 0.9936 0.1113
vn 0.0176 0.9935 0.1125
vn 0.0174 0.9937 0.1111
vn 0.0163 0.9937 0.1105
vn 0.0155 0.9937 0.1108
vn 0.0193 0.9935 0.1120
vn 0.0205 0.9934 0.1125
vn 0.0182 0.9936 0.1110
vn 0.0181 0.9938 0.1094
vn 0.0160 0.9939 0.1090
vn 0.0202 0.9935 0.1116
vn 0.0210 0.9935 0.1121
vn 0.0201 0.9936 0.1109
vn 0.0207 0.9937 0.1103
vn 0.0187 0.9940 0.1075
vn 0.0210 0.9934 0.1130
vn 0.0210 0.9934 0.1127
vn 0.0217 0.9934 0.1130
vn 0.0218 0.9934 0.1130
vn 0.0208 0.9937 0.1098
vn 0.0222 0.9930 0.1159
vn 0.0215 0.9931 0.1154
vn 0.0225 0.9929 0.1167
vn 0.0198 0.9929 0.1176
vn 0.0188 0.9934 0.1131
vn 0.0276 0.9907 0.1331
vn 0.0250 0.9912 0.1303
vn 0.0252 0.9913 0.1290
vn 0.0900 0.9504 0.2976
vn 0.0980 0.9405 0.3254
vn 0.1864 0.7970 0.5745
vn 0.0177 0.9938 0.1093
vn 0.0155 0.9943 0.1050
vn 0.0186 0.9942 0.1060
vn 0.0165 0.9944 0.1048
vn 0.0145 0.9944 0.1046
vn 0.0163 0.9942 0.1067
vn 0.0148 0.9940 0.1082
vn 0.0154 0.9942 0.1060
vn 0.0150 0.9938 0.1099
vn 0.0149 0.9936 0.1121
vn 0.0141 0.9937 0.1113
vn 0.0158 0.9935 0.1123
vn 0.0182 0.9930 0.1165
vn 0.0172 0.9928 0.1186
vn 0.0191 0.9932 0.1146
vn 0.0257 0.9924 0.1204
vn 0.0242 0.9917 0.1264
vn 0.0249 0.9930 0.1151
vn 0.1907 0.9254 0.3274
vn 0.1393 0.9071 0.3971
vn 0.6899 -0.1132 0.7150
vn 0.3708 -0.2127 0.9041
vn 0.3534 -0.9107 0.2138
vn 0.1561 -0.9442 0.2901
vn 0.3906 -0.9008 0.1899
vn 0.1487 -0.9603 0.2361
vn 0.4074 -0.8958 0.1777
vn 0.1236 -0.9643 0.2340
vn 0.8304 -0.5565 0.0283
vn 0.8049 -0.5935 -0.0009
vn 0.3882 -0.9067 0.1649
vn 0.9629 -0.2544 -0.0896
vn 0.9385 -0.3166 -0.1379
vn 0.9708 0.1346 -0.1988
vn 0.9829 0.0929 -0.1587
vn 0.9508 0.1809 -0.2515
vn 0.3986 0.8729 -0.2812
vn 0.4350 0.8476 -0.3038
vn 0.9253 0.2666 -0.2696
vn 0.9150 -0.3594 -0.1831
vn 0.3954 0.8828 -0.2537
vn -0.0500 0.9747 -0.2178
vn -0.0866 0.9682 -0.2348
vn 0.4337 0.8867 -0.1599
vn 0.9186 0.3305 -0.2169
vn 0.0451 0.9937 -0.1025
vn 0.1358 0.9858 0.0991
vn 0.4772 0.8788 0.0027
vn -0.3806 0.9243 0.0295
vn -0.2848 0.9287 0.2376
vn -0.3916 0.9143 -0.1038
vn -0.5650 0.8238 0.0462
vn -0.6150 0.7654 0.1899
vn -0.3330 0.9251 -0.1824
vn -0.4951 0.8649 -0.0826
vn -0.2495 0.9373 -0.2434
vn -0.4066 0.8944 -0.1864
vn -0.1004 0.9590 -0.2650
vn -0.1269 0.9437 -0.3054
vn -0.2038 0.9320 -0.2997
vn 0.4811 0.8174 -0.3169
vn 0.4453 0.8448 -0.2967
vn -0.1638 0.9338 -0.3180
vn 0.9906 0.0782 -0.1120
vn 0.9615 0.2747 -0.0006
vn 0.6520 0.6308 0.4207
vn 0.7756 -0.1884 0.6024
vn 0.3894 -0.1188 0.9134
vn 0.0621 0.7270 0.6838
vn -0.0596 0.6151 0.7862
vn 0.0130 0.4188 0.9080
vn 0.1196 0.2136 0.9696
vn -0.2009 0.8376 0.5080
vn 0.2991 -0.3579 0.8845
vn 0.3274 -0.3892 0.8610
vn 0.1453 0.1472 0.9784
vn 0.3513 -0.6360 0.6871
vn 0.3716 -0.5899 0.7169
vn 0.3527 -0.9023 0.2480
vn 0.3806 -0.8785 0.2886
vn 0.3306 -0.9434 -0.0281
vn 0.3404 -0.9398 -0.0313
vn 0.3216 -0.9465 -0.0254
vn 0.3361 -0.9272 -0.1656
vn 0.3316 -0.9304 -0.1561
vn 0.5369 -0.8250 -0.1767
vn 0.8657 0.4846 -0.1250
vn 0.5570 -0.7261 -0.4031
vn 0.3406 -0.8783 -0.3354
vn 0.7870 0.5175 -0.3358
vn 0.0117 0.9954 0.0953
vn 0.0131 0.9940 0.1088
vn 0.7360 0.5333 -0.4170
vn 0.0063 0.9958 0.0917
vn -0.0136 0.9943 0.1058
vn -0.0117 0.9941 0.1076
vn -0.0128 0.9940 0.1082
vn -0.0180 0.9937 0.1107
vn -0.0175 0.9939 0.1092
vn -0.0098 0.9940 0.1087
vn -0.0168 0.9936 0.1114
vn -0.0197 0.9934 0.1126
vn -0.0195 0.9935 0.1121
vn -0.0150 0.9938 0.1100
vn -0.0065 0.9943 0.1065
vn -0.0194 0.9936 0.1111
vn -0.0215 0.9935 0.1121
vn -0.0197 0.9934 0.1133
vn -0.0202 0.9940 0.1077
vn -0.0161 0.9943 0.1058
vn -0.0234 0.9937 0.1092
vn -0.0233 0.9937 0.1094
vn -0.0188 0.9935 0.1121
vn -0.0235 0.9939 0.1075
vn -0.0209 0.9942 0.1057
vn -0.0247 0.9938 0.1082
vn -0.0232 0.9939 0.1079
vn -0.0191 0.9939 0.1088
vn -0.0223 0.9937 0.1099
vn -0.0210 0.9939 0.1085
vn -0.0222 0.9937 0.1100
vn -0.0207 0.9938 0.1093
vn -0.0184 0.9940 0.1076
vn -0.0206 0.9936 0.1108
vn -0.0199 0.9936 0.1112
vn -0.0209 0.9938 0.1092
vn -0.0205 0.9942 0.1057
vn -0.0175 0.9941 0.1069
vn -0.0200 0.9940 0.1077
vn -0.0188 0.9937 0.1103
vn -0.0202 0.9944 0.1037
vn 0.0503 0.9979 -0.0418
vn 0.0559 0.9968 -0.0564
vn -0.0182 0.9945 0.1035
vn -0.0183 0.9942 0.1061
vn 0.0487 0.9985 -0.0240
vn 0.1677 0.9504 -0.2619
vn 0.1606 0.9466 -0.2796
vn 0.0409 0.9992 -0.0049
vn -0.0179 0.9946 0.1020
vn 0.1642 0.9569 -0.2395
vn 0.2199 0.9118 -0.3469
vn 0.2148 0.9114 -0.3509
vn 0.1537 0.9667 -0.2047
vn 0.0343 0.9991 0.0238
vn 0.2153 0.9100 -0.3543
vn 0.1994 0.8988 -0.3905
vn 0.2071 0.9093 -0.3609
vn 0.1805 0.9158 -0.3589
vn 0.1113 0.9819 -0.1535
vn 0.1819 0.8879 -0.4225
vn 0.1742 0.8818 -0.4382
vn 0.1895 0.8806 -0.4344
vn 0.1732 0.8774 -0.4475
vn 0.2573 -0.8167 0.5165
vn 0.2503 -0.8167 0.5199
vn 0.2648 -0.8155 0.5146
vn 0.2486 -0.9090 0.3345
vn 0.2004 -0.9698 0.1392
vn 0.2657 -0.9004 0.3444
vn 0.2745 -0.8159 0.5089
vn 0.2160 -0.9637 0.1571
vn 0.2346 -0.9555 0.1791
vn 0.2663 -0.8980 0.3503
vn 0.1900 -0.9730 0.1314
vn 0.2031 -0.9691 0.1397
vn 0.1872 -0.9738 0.1291
vn 0.1907 -0.9730 0.1303
vn 0.1866 -0.9728 0.1374
vn 0.1885 -0.9722 0.1390
vn 0.1975 -0.9711 0.1344
vn 0.1918 -0.9721 0.1353
vn 0.2004 -0.9713 0.1281
vn 0.1939 -0.9722 0.1310
vn 0.1907 -0.9734 0.1268
vn 0.1981 -0.9699 0.1419
vn 0.1937 -0.9720 0.1331
vn 0.2248 -0.9609 0.1618
vn 0.2584 -0.9406 0.2204
vn 0.2304 -0.9536 0.1937
vn 0.2767 -0.9324 0.2326
vn 0.2755 -0.9323 0.2345
vn 0.2762 -0.9325 0.2328
vn 0.2715 -0.9344 0.2306
vn 0.2697 -0.9108 0.3127
vn 0.2784 -0.9052 0.3210
vn 0.2664 -0.8512 0.4521
vn 0.2782 -0.8428 0.4608
vn 0.2616 -0.8233 0.5037
vn 0.2668 -0.8181 0.5094
vn 0.2715 -0.8230 0.4989
vn 0.2752 -0.8010 0.5317
vn 0.2649 -0.8038 0.5326
vn 0.2838 -0.7394 0.6105
vn 0.2867 -0.7510 0.5949
vn 0.2635 -0.8061 0.5299
vn 0.3242 -0.5827 0.7452
vn 0.3292 -0.5916 0.7360
vn 0.2878 -0.7645 0.5768
vn 0.3393 -0.4338 0.8347
vn 0.3398 -0.4310 0.8359
vn 0.3278 -0.6023 0.7279
vn 0.3358 -0.4181 0.8440
vn 0.3353 -0.4143 0.8461
vn 0.3362 -0.4125 0.8467
vn 0.3323 -0.4143 0.8473
vn 0.3377 -0.4051 0.8496
vn 0.3321 -0.4064 0.8512
vn 0.3404 -0.4119 0.8453
vn 0.3311 -0.4162 0.8468
vn 0.3433 -0.4078 0.8461
vn 0.3301 -0.4081 0.8512
vn 0.3358 -0.3940 0.8556
vn 0.3271 -0.3815 0.8646
vn 0.3390 -0.2105 0.9169
vn 0.3348 -0.1965 0.9216
vn 0.3381 -0.0018 0.9411
vn 0.3328 -0.0011 0.9430
vn 0.3385 0.0143 0.9409
vn 0.3344 0.0114 0.9424
vn 0.3492 0.0169 0.9369
vn 0.3555 0.0321 0.9341
vn 0.3413 0.0182 0.9398
vn 0.3738 0.0590 0.9256
vn 0.3929 0.1033 0.9137
vn 0.3735 0.0699 0.9250
vn 0.3991 0.1202 0.9090
vn 0.4006 0.1151 0.9090
vn 0.3906 0.1054 0.9145
vn 0.3976 0.1155 0.9103
vn 0.3954 0.1197 0.9107
vn 0.3894 0.1660 0.9060
vn 0.3880 0.1723 0.9054
vn 0.3506 0.4048 0.8445
vn 0.3522 0.4098 0.8414
vn 0.3022 0.5866 0.7514
vn 0.3099 0.5858 0.7489
vn 0.3010 0.5883 0.7505
vn 0.3082 0.5912 0.7453
vn 0.3024 0.5973 0.7428
vn 0.2956 0.6015 0.7421
vn 0.2942 0.6182 0.7289
vn 0.2645 0.6330 0.7276
vn 0.2655 0.6408 0.7203
vn 0.2401 0.6546 0.7169
vn 0.2435 0.6572 0.7133
vn 0.2366 0.6561 0.7166
vn 0.2392 0.6695 0.7033
vn 0.2339 0.6683 0.7061
vn 0.2018 0.7694 0.6060
vn 0.1985 0.7662 0.6112
vn 0.0973 0.9404 0.3258
vn 0.0967 0.9382 0.3323
vn 0.0238 0.9921 0.1232
vn 0.0239 0.9918 0.1253
vn 0.0212 0.9932 0.1149
vn 0.0220 0.9932 0.1139
vn 0.0215 0.9935 0.1122
vn 0.0955 0.9375 0.3347
vn 0.1955 0.7688 0.6088
vn 0.1982 0.7747 0.6005
vn 0.2323 0.6667 0.7082
vn 0.2326 0.6679 0.7069
vn 0.2290 0.6652 0.7107
vn 0.2289 0.6517 0.7231
vn 0.2318 0.6544 0.7197
vn 0.2239 0.6552 0.7216
vn 0.0146 0.9944 0.1048
vn 0.0133 0.9942 0.1070
vn 0.0148 0.9939 0.1095
vn 0.0147 0.9928 0.1185
vn 0.0099 0.9933 0.1148
vn 0.0153 0.9926 0.1201
vn 0.0209 0.9900 0.1392
vn 0.0152 0.9898 0.1418
vn 0.0240 0.9910 0.1319
vn 0.0999 0.8969 0.4308
vn 0.2215 -0.2107 0.9521
vn 0.0402 -0.9405 0.3375
vn -0.0778 -0.9411 0.3290
vn -0.2358 -0.9125 0.3342
vn -0.3871 -0.8270 0.4078
vn -0.7936 -0.3845 0.4715
vn 0.0512 -0.9610 0.2718
vn -0.0563 -0.9634 0.2621
vn -0.4499 -0.7870 0.4221
vn 0.3525 -0.9316 0.0890
vn 0.3230 -0.9459 -0.0299
vn -0.1454 -0.9727 0.1806
vn 0.7455 -0.6623 -0.0753
vn 0.7292 -0.6696 -0.1408
vn 0.9229 -0.3393 -0.1817
vn 0.9303 -0.3167 -0.1849
vn 0.7548 -0.6327 -0.1732
vn 0.9350 0.3277 -0.1353
vn 0.9482 0.2901 -0.1296
vn 0.9212 -0.3098 -0.2353
vn 0.5018 0.8610 0.0834
vn 0.5162 0.8466 0.1297
vn 0.9481 0.2853 -0.1405
vn 0.1846 0.9596 0.2124
vn 0.1959 0.9398 0.2799
vn -0.1866 0.9064 0.3790
vn -0.1425 0.8857 0.4419
vn -0.5180 0.6952 0.4984
vn -0.4417 0.7105 0.5478
vn -0.5945 0.7140 0.3698
vn -0.8559 0.0780 0.5113
vn -0.8297 0.0464 0.5563
vn -0.8734 0.1962 0.4456
vn -0.6900 -0.5638 0.4539
vn -0.7044 -0.5914 0.3925
vn -0.8929 0.2798 0.3529
vn -0.7208 -0.5111 0.4682
vn -0.8596 0.4653 0.2111
vn -0.5046 -0.7794 0.3713
vn -0.5558 -0.7745 0.3022
vn -0.1866 -0.9758 0.1136
vn -0.1782 -0.9802 0.0867
vn -0.5554 -0.7897 0.2606
vn 0.3161 -0.9451 -0.0828
vn 0.3110 -0.9449 -0.1022
vn 0.7567 -0.6162 -0.2184
vn 0.7389 -0.6192 -0.2658
vn 0.2997 -0.9444 -0.1354
vn 0.9091 -0.3003 -0.2886
vn 0.8957 -0.2876 -0.3392
vn 0.6877 -0.6407 -0.3414
vn 0.9477 0.2952 -0.1211
vn 0.9496 0.2905 -0.1175
vn 0.8761 -0.3063 -0.3723
vn 0.5276 0.8189 0.2259
vn 0.5134 0.8103 0.2827
vn 0.1999 0.8966 0.3952
vn 0.1927 0.8703 0.4533
vn -0.1065 0.8362 0.5380
vn -0.0764 0.8243 0.5610
vn -0.3459 0.7000 0.6248
vn -0.3393 0.6849 0.6449
vn -0.7160 0.1430 0.6833
vn -0.7319 0.1182 0.6711
vn -0.7879 0.0897 0.6092
vn -0.7139 -0.5895 0.3778
vn -0.7209 -0.5723 0.3909
vn -0.7191 -0.5945 0.3597
vn -0.5209 -0.8204 0.2356
vn -0.5139 -0.8388 0.1799
vn -0.1391 -0.9893 0.0435
vn -0.1305 -0.9895 -0.0627
vn 0.2472 -0.9400 -0.2351
vn 0.2024 -0.9306 -0.3051
vn -0.1506 -0.9781 -0.1438
vn 0.6441 -0.6548 -0.3955
vn 0.6373 -0.6628 -0.3931
vn 0.2250 -0.9205 -0.3193
vn 0.8641 -0.3516 -0.3602
vn 0.8691 -0.3540 -0.3455
vn 0.6496 -0.6471 -0.3992
vn 0.9520 0.2956 -0.0792
vn 0.9672 0.2489 -0.0511
vn 0.4980 0.8101 0.3094
vn 0.5562 0.7607 0.3345
vn 0.2057 0.8677 0.4526
vn 0.2242 0.8313 0.5085
vn -0.0091 0.8409 0.5411
vn -0.3855 0.6366 0.6679
vn -0.7691 0.0307 0.6384
vn -0.7571 -0.5387 0.3697
vn -0.7255 -0.6001 0.3369
vn -0.7526 -0.5428 0.3728
vn -0.5197 -0.8468 0.1134
vn -0.4995 -0.8627 0.0792
vn -0.1467 -0.9748 -0.1678
vn -0.1364 -0.9748 -0.1767
vn -0.4988 -0.8631 0.0791
vn 0.2889 -0.8916 -0.3486
vn 0.4022 -0.8486 -0.3437
vn -0.1996 -0.9743 -0.1047
vn 0.6652 -0.6356 -0.3918
vn 0.7977 -0.5199 -0.3055
vn -0.5120 -0.8560 0.0718
vn -0.3829 0.0874 0.9196
vn -0.6315 -0.7325 0.2541
vn 0.0657 -0.9471 0.3141
vn 0.1159 0.7651 0.6334
vn 0.0065 0.9904 0.1384
vn -0.3990 0.8951 -0.1992
vn -0.3460 0.9119 -0.2207
vn -0.5638 0.8223 -0.0777
vn -0.3278 0.9112 -0.2495
vn -0.2569 0.9248 -0.2805
vn -0.1777 0.9312 -0.3184
vn -0.2234 0.9350 -0.2756
vn -0.3008 0.9251 -0.2318
vn -0.2189 0.9425 -0.2525
vn -0.2710 0.9347 -0.2300
vn -0.2303 0.9430 -0.2403
vn -0.2436 0.9423 -0.2296
vn -0.2367 0.9496 -0.2056
vn -0.2135 0.9568 -0.1974
vn -0.2075 0.9592 -0.1918
vn 0.0189 0.9565 0.2911
vn -0.1748 0.9704 -0.1667
vn 0.1435 0.9767 0.1595
vn -0.0560 0.9331 0.3552
vn 0.2680 0.3011 0.9152
vn 0.3909 0.3583 0.8478
vn -0.0601 0.8953 0.4413
vn 0.1816 0.1967 0.9635
vn 0.2498 -0.0752 0.9654
vn 0.3659 -0.0382 0.9299
vn 0.2679 -0.0730 0.9607
vn 0.2883 -0.0634 0.9554
vn 0.3222 -0.0460 0.9455
vn 0.4062 -0.0341 0.9131
vn 0.4317 -0.0204 0.9018
vn 0.3850 -0.0424 0.9219
vn 0.4963 0.0003 0.8681
vn 0.5168 0.0088 0.8561
vn 0.4794 0.0111 0.8775
vn 0.7557 0.0591 0.6523
vn 0.7489 0.0474 0.6610
vn 0.6611 0.4377 0.6094
vn 0.8047 0.4549 0.3816
vn 0.9209 0.0652 0.3843
vn 0.1302 0.9762 0.1736
vn 0.0724 0.9714 0.2259
vn 0.8295 0.4843 0.2782
vn -0.2865 0.9581 -0.0002
vn -0.4145 0.9000 0.1347
vn -0.4519 0.8774 0.1611
vn 0.0166 0.9853 0.1700
vn -0.4305 0.8939 0.1253
vn 0.0016 0.9976 0.0698
vn -0.4150 0.9063 0.0801
vn -0.4370 0.8979 0.0536
vn -0.4495 0.8920 0.0480
vn -0.4355 0.8994 -0.0372
vn -0.3952 0.9174 0.0469
vn -0.3615 0.9300 -0.0671
vn -0.3869 0.9045 0.1794
vn -0.3475 0.9149 0.2055
vn -0.3327 0.9425 0.0309
vn -0.3350 0.9005 0.2772
vn -0.3005 0.8874 0.3495
vn -0.1693 0.7662 0.6199
vn -0.1290 0.7406 0.6594
vn -0.2539 0.8712 0.4202
vn 0.1635 0.1178 0.9795
vn 0.2094 0.1589 0.9648
vn -0.0126 0.7751 0.6317
vn 0.3360 -0.4196 0.8433
vn 0.3211 -0.4489 0.8339
vn 0.3728 -0.5650 0.7361
vn 0.3427 -0.5721 0.7452
vn 0.3888 -0.8624 0.3242
vn 0.3416 -0.8643 0.3691
vn 0.3406 -0.9396 -0.0348
vn 0.2801 -0.9596 -0.0279
vn 0.3273 -0.9367 -0.1241
vn 0.2688 -0.9575 -0.1051
vn 0.3249 -0.9350 -0.1425
vn 0.3099 -0.8872 -0.3419
vn 0.3234 -0.8851 -0.3348
vn 0.3250 -0.8797 -0.3473
vn 0.2984 -0.6126 -0.7319
vn 0.3046 -0.6271 -0.7169
vn 0.2187 -0.2143 -0.9520
vn 0.2120 -0.2808 -0.9361
vn 0.1303 0.0663 -0.9893
vn 0.1068 0.0504 -0.9930
vn 0.1417 0.1393 -0.9801
vn 0.1302 0.3074 -0.9426
vn -0.1780 0.7704 -0.6122
vn -0.1094 0.7240 -0.6810
vn -0.2750 0.8777 -0.3924
vn -0.2796 0.9522 -0.1228
vn -0.2529 0.9494 -0.1861
vn -0.1100 0.7168 -0.6885
vn -0.3129 0.9496 -0.0171
vn -0.1929 0.9792 -0.0629
vn -0.1566 0.9601 -0.2316
vn -0.3225 0.9172 0.2340
vn -0.1726 0.9498 0.2610
vn -0.0997 0.8828 0.4590
vn 0.0500 0.8846 0.4637
vn 0.0013 0.9627 0.2705
vn 0.0801 0.8172 0.5708
vn 0.1232 0.8335 0.5386
vn 0.1037 0.8754 0.4722
vn 0.2305 0.2237 0.9470
vn 0.2312 0.2731 0.9338
vn 0.2852 -0.4871 0.8255
vn 0.2240 -0.5259 0.8205
vn 0.2991 -0.6073 0.7360
vn 0.2210 -0.6447 0.7318
vn 0.2579 -0.8688 0.4227
vn 0.1807 -0.8434 0.5059
vn 0.1524 -0.9881 0.0204
vn 0.0788 -0.9903 0.1142
vn 0.1195 -0.9890 -0.0868
vn 0.0426 -0.9940 -0.1008
vn 0.1263 -0.9072 -0.4013
vn 0.0584 -0.8642 -0.4998
vn 0.2686 -0.8973 -0.3504
vn 0.2607 -0.6503 -0.7135
vn 0.1549 -0.6364 -0.7556
vn 0.2055 -0.3583 -0.9107
vn 0.1615 -0.4277 -0.8894
vn 0.1132 0.0556 -0.9920
vn 0.1210 0.0103 -0.9926
vn -0.0542 0.7417 -0.6686
vn 0.0342 0.7297 -0.6829
vn -0.0338 0.9610 -0.2745
vn 0.0503 0.9454 -0.3220
vn 0.0900 0.6969 -0.7115
vn -0.0428 0.9959 -0.0798
vn 0.0475 0.9951 -0.0866
vn 0.0765 0.9541 0.2895
vn 0.1742 0.9400 0.2933
vn 0.1707 0.9819 -0.0818
vn 0.1751 0.8726 0.4560
vn 0.2466 0.8817 0.4023
vn 0.2637 0.9245 0.2752
vn 0.1848 0.8221 0.5386
vn 0.2462 0.7999 0.5473
vn 0.2411 0.2589 0.9353
vn 0.2513 0.1911 0.9489
vn 0.1656 -0.5348 0.8286
vn 0.1340 -0.5338 0.8349
vn 0.1393 -0.6649 0.7339
vn 0.1017 -0.6425 0.7595
vn 0.1168 -0.8091 0.5760
vn 0.0659 -0.7830 0.6185
vn 0.0619 -0.9790 0.1940
vn 0.0187 -0.9713 0.2372
vn 0.0378 -0.9882 -0.1481
vn 0.0020 -0.9840 -0.1779
vn 0.0513 -0.8006 -0.5970
vn 0.0284 -0.7641 -0.6445
vn 0.0682 -0.5063 -0.8597
vn 0.0564 -0.4787 -0.8762
vn 0.0857 -0.5639 -0.8214
vn 0.0985 -0.4634 -0.8807
vn 0.0779 -0.4666 -0.8810
vn 0.1067 -0.0665 -0.9921
vn 0.1308 -0.0934 -0.9870
vn 0.1837 0.6637 -0.7251
vn 0.2574 0.6410 -0.7231
vn 0.1497 -0.0862 -0.9850
vn 0.1693 0.9216 -0.3492
vn 0.2643 0.9017 -0.3422
vn 0.2758 0.9590 -0.0646
vn 0.3473 0.9363 -0.0521
vn 0.3331 0.8942 -0.2991
vn 0.3352 0.9153 0.2232
vn 0.3581 0.9192 0.1639
vn 0.3646 0.9303 -0.0402
vn 0.3207 0.8887 0.3275
vn 0.3525 0.8881 0.2949
vn 0.3173 0.7739 0.5480
vn 0.3451 0.7269 0.5937
vn 0.2381 0.1023 0.9658
vn 0.2083 0.0501 0.9768
vn 0.0682 -0.5302 0.8451
vn 0.0268 -0.4925 0.8699
vn 0.0424 -0.6015 0.7977
vn -0.0061 -0.5887 0.8083
vn 0.0072 -0.7550 0.6557
vn -0.0432 -0.7502 0.6598
vn -0.0407 -0.9605 0.2751
vn -0.0898 -0.9502 0.2983
vn -0.0529 -0.9805 -0.1893
vn -0.1026 -0.9743 -0.2005
vn -0.0108 -0.7419 -0.6705
vn -0.0512 -0.7214 -0.6906
vn 0.0308 -0.4645 -0.8850
vn 0.0021 -0.4485 -0.8938
vn 0.0442 -0.4170 -0.9078
vn 0.0215 -0.3863 -0.9221
vn 0.0667 -0.4447 -0.8932
vn 0.1430 -0.0921 -0.9854
vn 0.1211 -0.0912 -0.9884
vn 0.3053 0.6203 -0.7225
vn 0.3133 0.5907 -0.7436
vn 0.3597 0.8938 -0.2679
vn 0.3446 0.8793 -0.3288
vn 0.2824 0.5430 -0.7908
vn 0.3475 0.9364 -0.0482
vn 0.4398 0.8971 -0.0422
vn 0.4106 0.7768 -0.4775
vn 0.3444 0.9270 0.1486
vn 0.4398 0.8576 0.2666
vn 0.3456 0.8730 0.3441
vn 0.4675 0.7365 0.4889
vn 0.3228 0.6326 0.7039
vn 0.1945 0.0390 0.9801
vn 0.0412 -0.4260 0.9038
vn -0.0031 -0.5651 0.8250
vn 0.0422 -0.5554 0.8305
vn -0.0564 -0.7542 0.6542
vn 0.2039 -0.5655 0.7991
vn 0.4699 -0.6114 0.6367
vn 0.5522 0.0697 0.8308
vn 0.2262 -0.9741 -0.0001
vn 0.1788 -0.8800 -0.4400
vn 0.9362 -0.2458 0.2514
vn -0.0270 -0.7811 -0.6238
vn 0.0036 -0.5239 -0.8518
vn -0.0586 -0.7055 -0.7063
vn -0.0062 -0.4442 -0.8959
vn 0.0198 -0.3488 -0.9370
vn 0.0565 -0.3415 -0.9382
vn 0.1097 -0.0657 -0.9918
vn 0.1478 -0.0771 -0.9860
vn 0.3027 0.3846 -0.8720
vn 0.3179 0.2124 -0.9240
vn 0.1460 -0.2293 -0.9623
vn 0.5315 0.6280 -0.5685
vn 0.6461 0.7631 0.0176
vn 0.7537 -0.1353 -0.6431
vn 0.6918 0.5106 0.5106
vn 0.4865 -0.0254 -0.8733
vn 0.0886 -0.5560 -0.8265
vn 0.0449 0.9948 -0.0914
vn 0.7669 0.5389 -0.3487
vn 0.0705 0.9642 -0.2555
vn 0.6201 0.4441 -0.6467
vn 0.8197 0.5500 -0.1604
vn 0.9618 0.0943 -0.2571
vn 0.8900 0.1486 -0.4311
vn 0.8514 0.5213 0.0582
vn 0.9972 0.0709 -0.0220
vn 0.9979 0.0561 -0.0330
vn 0.9529 0.1006 -0.2861
vn 0.9684 0.0600 0.2419
vn 0.9701 0.0468 0.2381
vn 0.9696 0.0484 0.2399
vn 0.9973 0.0594 -0.0438
vn 0.9163 0.0552 0.3966
vn 0.9072 0.0601 0.4165
vn 0.8978 0.0597 0.4362
vn 0.9654 0.0511 0.2558
vn 0.7388 0.0536 0.6718
vn 0.7390 0.0470 0.6720
vn 0.7619 -0.0145 0.6476
vn 0.9012 0.0240 0.4328
vn 0.5462 0.0107 0.8376
vn 0.5695 -0.0452 0.8207
vn 0.6014 -0.1487 0.7850
vn 0.8132 -0.0717 0.5775
vn 0.4448 -0.0528 0.8941
vn 0.4407 -0.1736 0.8807
vn 0.4296 -0.2540 0.8665
vn 0.6564 -0.1920 0.7295
vn 0.3430 -0.1696 0.9239
vn 0.3514 -0.0577 0.9345
vn 0.3168 -0.2628 0.9113
vn 0.3006 -0.2590 0.9179
vn 0.4300 -0.2453 0.8689
vn 0.2751 -0.2527 0.9276
vn 0.2524 -0.2585 0.9324
vn 0.2619 -0.1725 0.9496
vn 0.3992 -0.2610 0.8790
vn 0.3895 -0.1098 0.9145
vn 0.4252 -0.2554 0.8683
vn 0.7135 -0.1878 0.6750
vn 0.7177 -0.1931 0.6690
vn 0.6976 -0.1714 0.6956
vn 0.8941 -0.0715 0.4421
vn 0.9039 -0.0813 0.4200
vn 0.8674 -0.0772 0.4915
vn 0.9175 -0.0251 0.3970
vn 0.9237 -0.0401 0.3810
vn 0.9109 -0.0111 0.4125
vn 0.9482 0.0094 0.3176
vn 0.9366 -0.0126 0.3501
vn 0.9577 0.0346 0.2856
vn 0.9900 0.1150 -0.0811
vn 0.9903 0.1249 -0.0601
vn 0.9947 0.0838 -0.0602
vn 0.8960 0.1612 -0.4138
vn 0.8752 0.2047 -0.4382
vn 0.9296 0.1225 -0.3477
vn 0.8373 0.1984 -0.5095
vn 0.8281 0.2019 -0.5229
vn 0.8653 0.1748 -0.4699
vn 0.6824 0.2119 -0.6996
vn 0.6982 0.2136 -0.6833
vn 0.6978 0.2058 -0.6861
vn 0.4635 0.2084 -0.8613
vn 0.4596 0.1954 -0.8664
vn 0.4400 0.3121 -0.8420
vn 0.3304 0.2635 -0.9063
vn 0.3200 0.1938 -0.9274
vn 0.2170 0.8597 -0.4625
vn 0.2655 0.7610 -0.5919
vn 0.0808 0.9241 0.3734
vn 0.0759 0.9511 0.2996
vn 0.1289 0.9101 0.3938
vn 0.1102 0.9361 0.3341
vn 0.5528 0.6772 0.4857
vn 0.4931 0.7570 0.4287
vn 0.8830 0.1675 0.4384
vn 0.8830 0.2386 0.4042
vn 0.7098 0.0210 0.7041
vn 0.9169 -0.0677 0.3934
vn 0.9352 -0.0236 0.3533
vn 0.9304 -0.0440 0.3638
vn 0.9336 -0.0331 0.3567
vn 0.9346 -0.0062 0.3558
vn 0.9314 -0.0252 0.3631
vn 0.9930 0.1070 0.0494
vn 0.9933 0.0903 0.0714
vn 0.9933 0.1154 0.0009
vn 0.8926 0.2415 -0.3808
vn 0.9102 0.2389 -0.3382
vn 0.8778 0.2271 -0.4216
vn 0.8347 0.2477 -0.4919
vn 0.8362 0.2674 -0.4788
vn 0.8331 0.2226 -0.5063
vn 0.7419 0.2486 -0.6227
vn 0.7371 0.3011 -0.6050
vn 0.7299 0.2090 -0.6508
vn 0.4841 0.2111 -0.8491
vn 0.5048 0.2917 -0.8124
vn 0.4661 0.1938 -0.8632
vn 0.3035 0.1890 -0.9339
vn 0.2822 0.2174 -0.9344
vn 0.3129 0.1800 -0.9326
vn 0.0614 0.9642 0.2581
vn 0.0553 0.9691 0.2403
vn 0.0941 0.9567 0.2754
vn 0.0902 0.9672 0.2373
vn 0.4471 0.8179 0.3622
vn 0.3840 0.8895 0.2475
vn 0.8585 0.3277 0.3944
vn 0.8626 0.4729 0.1797
vn 0.9892 0.1144 0.0919
vn 0.9239 0.2507 -0.2890
vn 0.7857 0.6025 -0.1402
vn 0.9240 0.2280 -0.3069
vn 0.8670 0.2527 -0.4295
vn 0.8696 0.2867 -0.4019
vn 0.8500 0.2611 -0.4575
vn 0.7517 0.2977 -0.5885
vn 0.7686 0.2879 -0.5713
vn 0.7389 0.3147 -0.5958
vn 0.5098 0.3926 -0.7655
vn 0.5108 0.3708 -0.7756
vn 0.5111 0.3785 -0.7717
vn 0.2886 0.4152 -0.8627
vn 0.2925 0.4360 -0.8511
vn 0.2752 0.3081 -0.9107
vn 0.0677 0.9698 0.2344
vn 0.0860 0.9807 0.1756
vn 0.1001 0.9732 0.2071
vn 0.3407 0.9334 0.1124
vn 0.0888 0.9960 -0.0062
vn 0.1448 0.8857 -0.4411
vn 0.2334 0.5710 -0.7871
vn 0.4680 0.4852 -0.7386
vn 0.5072 0.3687 -0.7790
vn 0.2837 0.4156 -0.8642
vn 0.7657 0.3603 -0.5327
vn 0.2896 0.4087 -0.8655
vn 0.1737 -0.8594 -0.4809
vn 0.1753 -0.8646 -0.4710
vn 0.1669 -0.8608 -0.4807
vn 0.2230 -0.8470 -0.4825
vn 0.2040 -0.8521 -0.4819
vn 0.1606 -0.8596 -0.4852
vn 0.2415 -0.8390 -0.4876
vn 0.1572 -0.8629 -0.4803
vn 0.0801 0.7865 0.6124
vn 0.0825 0.8094 0.5814
vn 0.0723 0.7640 0.6412
vn 0.1564 0.7923 0.5898
vn 0.2221 0.8182 0.5304
vn 0.1194 0.7773 0.6176
vn 0.3306 0.7882 0.5191
vn 0.3593 0.7842 0.5059
vn 0.2034 0.8430 0.4979
vn 0.0294 0.9261 0.3762
vn 0.6460 0.7629 -0.0260
vn 0.5034 0.6174 -0.6045
vn 0.9151 -0.0910 -0.3929
vn 0.6853 -0.1227 -0.7178
vn 0.7040 0.3176 -0.6353
vn 0.8741 0.3102 -0.3739
vn 0.2981 0.2389 -0.9242
vn 0.3164 0.9257 -0.2071
vn 0.3803 0.9187 -0.1069
vn -0.0031 0.9969 0.0780
vn -0.0065 0.9959 0.0902
vn -0.0146 0.9948 0.1012
vn -0.0151 0.9951 0.0977
vn 0.0049 0.9955 0.0949
vn 0.3535 0.9268 -0.1265
vn -0.0108 0.9948 0.1015
vn -0.0155 0.9944 0.1049
vn -0.0172 0.9944 0.1044
vn -0.0063 0.9954 0.0959
vn 0.0136 0.9969 0.0778
vn -0.0141 0.9944 0.1044
vn -0.0168 0.9939 0.1087
vn -0.0178 0.9940 0.1080
vn -0.0126 0.9945 0.1038
vn -0.0062 0.9959 0.0908
vn -0.0153 0.9939 0.1092
vn -0.0166 0.9936 0.1116
vn -0.0178 0.9937 0.1110
vn -0.0136 0.9939 0.1090
vn -0.0108 0.9946 0.1035
vn -0.0153 0.9937 0.1113
vn -0.0160 0.9937 0.1108
vn -0.0170 0.9936 0.1115
vn -0.0135 0.9937 0.1111
vn -0.0127 0.9940 0.1084
vn -0.0137 0.9938 0.1101
vn -0.0138 0.9942 0.1065
vn -0.0162 0.9941 0.1075
vn -0.0091 0.9939 0.1102
vn -0.0107 0.9935 0.1133
vn -0.0087 0.9943 0.1061
vn -0.0088 0.9946 0.1035
vn -0.0143 0.9945 0.1038
vn -0.0084 0.9948 0.1017
vn 0.0162 0.9978 0.0646
vn -0.0140 0.9948 0.1007
vn -0.0169 0.9944 0.1047
vn -0.0174 0.9939 0.1090
vn -0.0182 0.9936 0.1116
vn -0.0190 0.9938 0.1099
vn -0.0194 0.9941 0.1067
vn -0.0183 0.9945 0.1030
vn -0.0097 0.9949 0.1004
vn 0.2935 -0.6422 0.7081
vn 0.3142 -0.4307 0.8460
vn 0.2505 -0.8097 0.5308
vn 0.2786 -0.7993 0.5324
vn 0.3223 -0.6280 0.7083
vn 0.2711 -0.8128 0.5156
vn 0.2733 -0.8135 0.5134
vn 0.2814 -0.7936 0.5394
vn 0.2685 -0.8137 0.5155
vn 0.2711 -0.8106 0.5191
vn 0.2693 -0.8206 0.5040
vn 0.2654 -0.8241 0.5004
vn 0.2666 -0.8083 0.5249
vn 0.2723 -0.8988 0.3436
vn 0.2794 -0.9015 0.3306
vn 0.2682 -0.8290 0.4908
vn 0.2573 -0.9455 0.1997
vn 0.2654 -0.9386 0.2204
vn 0.2197 -0.9619 0.1627
vn 0.2869 -0.9015 0.3241
vn 0.2822 -0.8345 0.4732
vn 0.2661 -0.8109 0.5212
vn 0.2588 -0.8088 0.5281
vn 0.2629 -0.8094 0.5251
vn 0.2613 -0.8137 0.5192
vn 0.2844 -0.7766 0.5621
vn 0.2863 -0.7857 0.5484
vn 0.2698 -0.8144 0.5137
vn 0.3238 -0.6101 0.7232
vn 0.3222 -0.6208 0.7147
vn 0.3322 -0.4311 0.8389
vn 0.3366 -0.4295 0.8380
vn 0.3329 -0.4140 0.8472
vn 0.3352 -0.4157 0.8454
vn 0.3326 -0.4116 0.8485
vn 0.3365 -0.4098 0.8478
vn 0.3322 -0.4084 0.8502
vn 0.3416 -0.4112 0.8451
vn 0.3307 -0.4124 0.8489
vn 0.3441 -0.4059 0.8467
vn 0.3281 -0.4072 0.8524
vn 0.3386 -0.4029 0.8503
vn 0.3320 -0.3783 0.8641
vn 0.3352 -0.3784 0.8628
vn 0.3399 -0.1846 0.9222
vn 0.3404 -0.1812 0.9227
vn 0.3345 -0.0014 0.9424
vn 0.3343 -0.0016 0.9425
vn 0.3352 0.0110 0.9421
vn 0.3347 0.0121 0.9422
vn 0.2812 0.0395 0.9588
vn 0.1340 0.2198 0.9663
vn 0.3351 0.0147 0.9421
vn 0.3326 0.0204 0.9429
vn 0.0829 -0.0217 0.9963
vn 0.3519 0.0371 0.9353
vn 0.3699 0.0701 0.9264
vn 0.3019 0.0391 0.9525
vn 0.3870 0.1026 0.9164
vn 0.3709 0.0598 0.9268
vn 0.3902 0.1764 0.9037
vn 0.3886 0.1757 0.9045
vn 0.3556 0.4140 0.8379
vn 0.3536 0.4353 0.8279
vn 0.3073 0.5887 0.7477
vn 0.2913 0.6063 0.7400
vn 0.2924 0.6042 0.7412
vn 0.2645 0.6291 0.7309
vn 0.2679 0.6243 0.7338
vn 0.2428 0.6465 0.7232
vn 0.2415 0.6497 0.7208
vn 0.2315 0.6574 0.7171
vn 0.2340 0.6560 0.7176
vn 0.2311 0.6549 0.7195
vn 0.2362 0.6551 0.7177
vn 0.2215 0.6594 0.7184
vn 0.2245 0.6589 0.7179
vn 0.2372 0.6486 0.7232
vn 0.2929 -0.5487 -0.7830
vn 0.2334 0.7293 -0.6432
vn 0.1728 -0.8683 -0.4650
vn 0.1819 -0.8667 -0.4644
vn 0.3765 -0.4220 -0.8247
vn 0.1883 -0.8615 -0.4715
vn 0.3770 -0.7779 -0.5028
vn 0.2389 -0.8295 -0.5048
vn 0.5036 -0.7203 -0.4770
vn 0.8328 -0.3967 -0.3860
vn 0.5884 -0.6638 -0.4616
vn 0.8792 -0.3195 -0.3535
vn 0.6543 -0.6124 -0.4437
vn 0.9107 -0.2617 -0.3196
vn 0.7117 -0.5513 -0.4354
vn 0.9211 -0.2361 -0.3096
vn 0.2876 -0.8237 -0.4886
vn 0.3864 -0.7861 -0.4825
vn 0.7476 -0.4845 -0.4543
vn 0.1707 -0.8768 -0.4495
vn 0.2258 -0.8753 -0.4276
vn 0.5232 -0.7235 -0.4504
vn 0.1139 0.8360 0.5367
vn 0.2119 0.8422 0.4958
vn 0.3032 0.8378 0.4541
vn 0.3641 0.8357 0.4111
vn 0.3955 0.8308 0.3915
vn 0.4120 0.8270 0.3825
vn 0.3692 0.8160 0.4448
vn 0.8656 0.4897 0.1047
vn 0.8392 0.5329 0.1086
vn 0.9490 -0.1290 -0.2876
vn 0.9603 -0.0868 -0.2651
vn 0.9679 -0.0659 -0.2426
vn 0.8351 0.5359 0.1240
vn 0.9716 -0.0694 -0.2262
vn 0.8343 0.5385 0.1185
vn 0.9555 -0.1138 -0.2720
vn 0.8486 0.5279 0.0347
vn 0.8944 -0.2588 -0.3647
vn 0.8632 -0.3300 -0.3821
vn 0.9265 -0.2033 -0.3166
vn 0.7975 -0.4383 -0.4147
vn 0.8403 -0.4391 -0.3178
vn 0.8640 -0.4003 -0.3053
vn 0.6229 -0.6757 -0.3942
vn 0.6369 -0.6994 -0.3244
vn 0.8384 -0.4848 -0.2491
vn 0.2897 -0.8530 -0.4341
vn 0.3041 -0.8750 -0.3767
vn 0.3176 0.8628 0.3933
vn 0.3473 0.8978 0.2708
vn 0.3747 0.8525 0.3645
vn 0.3474 0.8970 0.2732
vn 0.4104 0.8402 0.3544
vn 0.3930 0.8808 0.2642
vn 0.3809 0.9034 0.1971
vn 0.3472 0.9130 0.2143
vn 0.8601 0.5080 -0.0468
vn 0.8920 0.4477 -0.0615
vn 0.4343 0.8855 0.1650
vn 0.9174 -0.2887 -0.2739
vn 0.9197 -0.3297 -0.2134
vn 0.9091 0.4002 -0.1158
vn 0.8671 -0.4422 -0.2295
vn 0.8575 -0.4837 -0.1750
vn 0.9234 -0.3402 -0.1776
vn 0.8045 -0.5627 -0.1903
vn 0.7598 -0.6314 -0.1548
vn 0.8490 -0.5060 -0.1522
vn 0.5947 -0.7724 -0.2228
vn 0.5419 -0.8244 -0.1633
vn 0.2918 -0.9263 -0.2381
vn 0.2661 -0.9495 -0.1664
vn 0.3646 0.9039 0.2236
vn 0.3789 0.9029 0.2031
vn 0.3861 0.9011 0.1972
vn 0.3941 0.9182 0.0404
vn 0.3440 0.9381 0.0413
vn 0.4880 0.8726 0.0223
vn 0.4530 0.8839 -0.1160
vn 0.3535 0.9284 -0.1145
vn 0.8991 0.3981 -0.1819
vn 0.8858 0.4195 -0.1986
vn 0.4345 0.8896 -0.1408
vn 0.9330 -0.3175 -0.1692
vn 0.9436 -0.2813 -0.1746
vn 0.8980 0.3929 -0.1980
vn 0.8321 -0.5303 -0.1623
vn 0.7226 -0.6634 -0.1942
vn 0.9275 -0.3202 -0.1928
vn 0.6883 -0.7043 -0.1739
vn 0.4215 -0.8853 -0.1962
vn 0.0940 -0.9693 -0.2272
vn 0.2920 0.9493 -0.1169
vn 0.2547 0.9582 -0.1301
vn 0.3374 0.9325 -0.1288
vn 0.3177 0.9391 -0.1310
vn 0.5079 0.8488 -0.1468
vn 0.6185 0.7691 -0.1609
vn 0.9273 0.3143 -0.2033
vn 0.3570 -0.2860 -0.8892
vn 0.2373 0.8341 -0.4980
vn 0.1953 0.8909 -0.4101
vn 0.3146 0.7547 -0.5757
vn 0.0070 0.9978 0.0661
vn 0.0021 0.9977 0.0674
vn -0.0015 0.9981 0.0619
vn -0.0084 0.9961 0.0883
vn -0.0049 0.9959 0.0902
vn -0.0117 0.9948 0.1008
vn -0.0124 0.9938 0.1101
vn -0.0103 0.9947 0.1024
vn -0.0057 0.9959 0.0903
vn 0.0045 0.9978 0.0655
vn 0.2586 0.9288 -0.2653
vn 0.3097 -0.4175 0.8543
vn 0.3167 -0.4230 0.8490
vn 0.3099 -0.4177 0.8541
vn 0.3338 -0.4157 0.8460
vn 0.3337 -0.4120 0.8479
vn 0.3384 -0.4277 0.8382
vn 0.3380 -0.4164 0.8440
vn 0.3405 -0.4046 0.8488
vn 0.3185 -0.4065 0.8563
vn 0.3361 -0.3983 0.8535
vn 0.3132 -0.3978 0.8624
vn 0.3286 -0.3756 0.8666
vn 0.3084 -0.3749 0.8743
vn 0.3305 -0.1783 0.9268
vn 0.3114 -0.1714 0.9347
vn 0.3282 -0.0021 0.9446
vn 0.3061 -0.0020 0.9520
vn 0.3356 0.0083 0.9420
vn 0.3100 0.0035 0.9507
vn 0.3680 0.0722 0.9270
vn 0.4814 0.0410 0.8755
vn 0.7108 0.4223 0.5625
vn 0.8332 0.2916 0.4698
vn 0.7813 0.6181 0.0870
vn 0.8946 0.4447 0.0437
vn 0.9912 -0.1326 -0.0006
vn 0.9285 -0.1017 0.3571
vn 0.7915 -0.6103 0.0334
vn 0.8426 -0.4408 0.3093
vn -0.2428 -0.9697 0.0261
vn 0.4941 -0.7132 0.4972
vn -0.7709 -0.6368 0.0149
vn -0.5149 -0.5664 0.6435
vn -0.9297 0.2675 0.2532
vn -0.8818 0.2041 0.4252
vn -0.6687 0.6580 0.3462
vn 0.5786 -0.0981 0.8097
vn 0.4527 -0.3554 0.8178
vn 0.5683 -0.0484 0.8214
vn 0.3078 -0.1667 0.9367
vn 0.3576 0.0327 0.9333
vn 0.3604 0.1897 0.9133
vn 0.3168 0.4782 0.8191
vn 0.2582 0.6314 0.7312
vn 0.6491 -0.7250 0.2305
vn 0.6569 -0.7184 0.2289
vn 0.6593 -0.7246 0.2007
vn 0.6669 -0.7281 0.1584
vn 0.6635 -0.7312 0.1582
vn 0.6719 -0.7256 0.1486
vn 0.6672 -0.7282 0.1566
vn 0.6497 -0.7398 0.1750
vn 0.6761 -0.7368 -0.0029
vn 0.6746 -0.7382 -0.0064
vn 0.6442 -0.7439 0.1778
vn 0.6626 -0.7174 -0.2152
vn 0.5062 -0.8341 -0.2194
vn 0.5237 -0.8518 0.0111
vn 0.4850 -0.8351 -0.2597
vn 0.2616 -0.9326 -0.2488
vn 0.2664 -0.9408 -0.2093
vn 0.4772 -0.8408 -0.2554
vn 0.2208 -0.9444 -0.2436
vn 0.9076 0.0131 0.4197
vn 0.8970 -0.2155 0.3860
vn 0.8888 -0.2560 0.3801
vn 0.8574 -0.3938 0.3313
vn 0.7926 -0.4612 0.3989
vn 0.5769 0.8058 -0.1335
vn 0.5974 0.7969 -0.0899
vn 0.5908 0.8018 -0.0902
vn 0.6062 0.7914 -0.0784
vn 0.6224 0.7801 -0.0645
vn 0.5878 0.8049 -0.0820
vn 0.6192 0.7835 -0.0520
vn 0.6381 0.7686 -0.0454
vn 0.6635 0.7477 0.0248
vn 0.6640 0.7476 0.0142
vn 0.6509 0.7431 0.1552
vn 0.6694 0.7377 0.0879
vn 0.6652 0.7466 -0.0084
vn 0.6718 0.7401 0.0293
vn 0.6535 0.7561 -0.0351
vn 0.9012 -0.2919 0.3203
vn 0.8815 -0.3067 0.3591
vn 0.8753 -0.3058 0.3746
vn 0.9075 -0.2940 0.2999
vn 0.2660 -0.7304 -0.6290
vn 0.2555 -0.7186 -0.6468
vn 0.2709 -0.7167 -0.6425
vn 0.2652 -0.7082 -0.6543
vn 0.2555 -0.7115 -0.6546
vn 0.2815 -0.7106 -0.6448
vn 0.3096 -0.6923 -0.6519
vn 0.2892 -0.6968 -0.6564
vn 0.3255 -0.6940 -0.6422
vn 0.3346 -0.6854 -0.6467
vn 0.3303 -0.6803 -0.6543
vn 0.3327 -0.6472 -0.6859
vn 0.3288 -0.6750 -0.6605
vn 0.3303 -0.6821 -0.6524
vn 0.3558 -0.4716 -0.8068
vn 0.5046 -0.5054 -0.7000
vn 0.4343 -0.6922 -0.5764
vn 0.5565 -0.2561 -0.7904
vn 0.7806 -0.2706 -0.5635
vn 0.7076 -0.4851 -0.5138
vn 0.7897 -0.2414 -0.5639
vn 0.8444 -0.2545 -0.4713
vn 0.8495 -0.2663 -0.4555
vn 0.8466 -0.2294 -0.4803
vn 0.8522 -0.2436 -0.4631
vn 0.8538 -0.2657 -0.4476
vn 0.8434 -0.2416 -0.4800
vn 0.8540 -0.2519 -0.4552
vn 0.8539 -0.2669 -0.4467
vn 0.8560 -0.2456 -0.4550
vn 0.8816 -0.2376 -0.4078
vn 0.8742 -0.2504 -0.4160
vn 0.8907 -0.2279 -0.3933
vn 0.9083 -0.2124 -0.3603
vn 0.9026 -0.2309 -0.3633
vn 0.9143 -0.2019 -0.3511
vn 0.9169 -0.1973 -0.3468
vn 0.9155 -0.2144 -0.3405
vn 0.9383 -0.0333 -0.3441
vn 0.9362 -0.0394 -0.3493
vn 0.9145 -0.2051 -0.3488
vn 0.9368 -0.0444 -0.3471
vn 0.8532 -0.3743 0.3632
vn 0.8417 -0.3890 0.3745
vn 0.8951 -0.4106 0.1740
vn 0.8373 -0.4005 0.3721
vn 0.6202 -0.4455 0.6456
vn -0.1181 -0.3989 0.9094
vn 0.0189 -0.1943 0.9808
vn -0.3244 -0.7066 0.6288
vn -0.3130 -0.2093 0.9264
vn 0.2441 -0.4655 0.8507
vn 0.2725 0.0453 0.9611
vn 0.5637 -0.5552 0.6115
vn 0.6460 -0.0862 0.7584
vn 0.6194 -0.6146 0.4885
vn 0.9380 -0.3311 -0.1025
vn 0.9310 -0.3265 0.1635
vn 0.6647 -0.1692 -0.7277
vn 0.4265 -0.5785 -0.6953
vn -0.2017 -0.4660 -0.8615
vn -0.1040 -0.1731 -0.9794
vn -0.5842 -0.5466 -0.5999
vn -0.6177 -0.6532 -0.4380
vn -0.1984 -0.5444 -0.8150
vn -0.9304 -0.3650 -0.0319
vn -0.8634 -0.4801 0.1547
vn -0.5964 -0.6743 0.4354
vn -0.3755 -0.9069 -0.1913
vn -0.8652 -0.3276 0.3796
vn -0.6575 -0.4030 0.6366
vn -0.5146 -0.4645 0.7207
vn -0.3740 -0.7445 0.5531
vn -0.6425 -0.2177 0.7347
vn -0.5686 -0.2802 0.7734
vn -0.3920 -0.3082 0.8668
vn -0.3215 -0.5460 0.7736
vn -0.4585 0.3074 0.8338
vn -0.4316 0.3650 0.8249
vn -0.3850 0.2726 0.8817
vn -0.2006 0.2441 0.9488
vn 0.0015 -0.3418 0.9398
vn -0.2922 0.7020 0.6495
vn -0.2020 0.7533 0.6259
vn 0.0993 0.4212 0.9015
vn 0.1609 0.5090 0.8456
vn 0.6955 0.4963 0.5196
vn 0.9711 0.2386 0.0022
vn 0.9624 0.0429 0.2682
vn 0.9552 -0.2795 0.0974
vn 0.9914 0.0497 -0.1211
vn 0.8552 -0.1134 0.5058
vn 0.8383 -0.4286 0.3369
vn 0.4864 -0.2894 0.8244
vn 0.5289 -0.5354 0.6585
vn 0.0736 -0.5715 0.8173
vn -0.2397 -0.7674 0.5947
vn -0.1391 -0.9761 0.1671
vn -0.2221 -0.9750 0.0092
vn -0.1570 -0.7889 -0.5941
vn -0.0179 -0.9103 -0.4135
vn -0.1741 -0.6643 -0.7269
vn -0.2186 -0.4663 -0.8572
vn -0.1633 -0.5762 -0.8008
vn -0.1724 -0.3444 -0.9228
vn -0.0529 0.0677 -0.9963
vn -0.1292 -0.1100 -0.9855
vn 0.0061 0.2071 -0.9783
vn 0.0002 0.2284 -0.9736
vn -0.0122 0.2181 -0.9759
vn -0.1316 -0.0811 -0.9880
vn -0.0221 0.1121 -0.9935
vn 0.0892 -0.7007 -0.7078
vn 0.5530 -0.7149 -0.4280
vn 0.8605 -0.5046 -0.0696
vn 0.9026 -0.3384 -0.2660
vn 0.9828 -0.1415 -0.1185
vn 0.9282 -0.3663 0.0651
vn -0.7854 -0.5652 -0.2524
vn 0.5947 -0.7632 -0.2527
vn -0.4976 0.7505 0.4348
vn 0.4641 0.6203 -0.6324
vn 0.8947 -0.3256 0.3059
vn 0.8895 -0.3293 0.3166
vn 0.8510 -0.3926 0.3490
vn -0.5584 -0.7051 0.4372
vn -0.6716 -0.5348 0.5128
vn -0.5327 -0.6069 0.5898
vn -0.4648 -0.7950 0.3898
vn -0.4494 0.1120 0.8863
vn -0.2074 0.7817 0.5882
vn 0.1517 0.9292 -0.3371
vn 0.2870 0.6287 -0.7227
vn 0.1821 0.7496 -0.6363
vn -0.2059 -0.8540 0.4778
vn 0.3783 -0.7227 0.5784
vn 0.3724 -0.6316 0.6800
vn 0.1793 0.5706 -0.8014
vn 0.3874 0.1327 -0.9123
vn 0.3469 -0.1799 -0.9205
vn 0.4177 -0.8627 0.2850
vn -0.6835 0.3860 0.6196
vn -0.9298 -0.2164 0.2976
vn 0.7857 -0.1005 0.6104
vn 0.9932 -0.0485 0.1054
vn 0.4547 -0.1835 0.8715
vn 0.8696 -0.3246 0.3721
vn 0.7853 -0.5531 -0.2782
vn 0.1205 -0.1457 0.9820
vn 0.4513 -0.8782 0.1585
vn -0.9425 0.3342 0.0072
vn 0.0688 0.3133 0.9472
vn -0.9216 0.2109 -0.3259
vn -0.0844 0.7947 -0.6011
vn -0.0873 0.3078 -0.9474
vn -0.0238 0.9996 0.0177
vn 0.1449 0.9780 0.1499
vn -0.6403 0.5797 0.5040
vn 0.6077 -0.5263 -0.5947
vn -0.8495 -0.4400 0.2911
vn 0.2575 -0.1937 0.9467
vn 0.5442 -0.0418 0.8379
vn 0.0327 0.4695 -0.8823
vn -0.1525 -0.9815 -0.1156
vn -0.9998 -0.0179 -0.0131
vn 0.0639 0.9663 0.2495
vn 0.0678 0.0995 -0.9927
vn 0.0871 0.8275 -0.5547
vn -0.7998 0.3001 0.5198
vn 0.0927 -0.7793 0.6197
vn 0.7565 -0.6195 -0.2095
vn -0.1048 0.0269 0.9941
vn -0.6676 -0.7442 0.0207
vn 0.5614 -0.7055 0.4325
vn -0.3630 0.2411 0.9001
vn -0.9519 0.3005 0.0601
vn 0.0380 -0.0784 0.9962
vn -0.7442 -0.6651 0.0623
vn -0.3469 0.9345 0.0805
vn 0.3370 0.9415 -0.0017
vn 0.8495 0.4400 -0.2911
vn 0.2817 -0.2493 0.9266
vn 0.1394 -0.3095 0.9406
vn 0.4537 -0.0238 0.8909
vn -0.2368 0.1193 0.9642
vn -0.0599 0.0864 0.9945
vn 0.9662 0.0942 -0.2399
vn -0.2940 -0.9215 -0.2536
vn 0.7997 0.3730 0.4705
vn 0.3469 0.9345 0.0805
vn 0.7442 -0.6651 0.0623
vn 0.3370 -0.9415 0.0017
vn -0.4537 -0.0238 0.8909
vn 0.0599 0.0864 0.9945
vn 0.2368 0.1194 0.9642
vt 0.892960 0.957968
vt 0.893718 0.958752
vt 0.892486 0.958186
vt 0.892200 0.958243
vt 0.906411 0.161619
vt 0.905663 0.162327
vt 0.899111 0.157757
vt 0.900509 0.158084
vt 0.627248 0.830239
vt 0.610577 0.839542
vt 0.610492 0.836552
vt 0.626394 0.825935
vt 0.967262 0.587708
vt 0.969462 0.583695
vt 0.974913 0.589172
vt 0.975471 0.593835
vt 0.971636 0.579947
vt 0.979083 0.583558
vt 0.980045 0.579329
vt 0.981041 0.578842
vt 0.981351 0.580498
vt 0.977766 0.580121
vt 0.642941 0.478257
vt 0.636626 0.478059
vt 0.633546 0.472477
vt 0.645270 0.476037
vt 0.635311 0.481923
vt 0.633137 0.479554
vt 0.646420 0.473312
vt 0.642920 0.468854
vt 0.788927 0.253327
vt 0.791453 0.256182
vt 0.790545 0.259771
vt 0.787209 0.253790
vt 0.798389 0.258111
vt 0.798757 0.254681
vt 0.801309 0.256426
vt 0.801401 0.262742
vt 0.294562 0.989639
vt 0.293529 0.990591
vt 0.288889 0.986608
vt 0.291152 0.985690
vt 0.283237 0.991431
vt 0.283680 0.987340
vt 0.287647 0.991394
vt 0.291576 0.993604
vt 0.296896 0.988290
vt 0.293307 0.984866
vt 0.296303 0.984029
vt 0.298404 0.987472
vt 0.294981 0.982540
vt 0.296068 0.980531
vt 0.290043 0.981993
vt 0.292968 0.981439
vt 0.287341 0.980649
vt 0.285027 0.983530
vt 0.284026 0.981748
vt 0.613290 0.470487
vt 0.614639 0.469445
vt 0.614149 0.470820
vt 0.614427 0.472563
vt 0.614396 0.471674
vt 0.615686 0.470471
vt 0.624984 0.470650
vt 0.626879 0.474902
vt 0.621405 0.468899
vt 0.610905 0.464187
vt 0.617252 0.462874
vt 0.610976 0.467870
vt 0.624339 0.465862
vt 0.744545 0.634247
vt 0.746948 0.635939
vt 0.742868 0.640196
vt 0.741556 0.637410
vt 0.946550 0.411813
vt 0.948766 0.415270
vt 0.947614 0.419228
vt 0.945244 0.416569
vt 0.737827 0.639969
vt 0.738474 0.643380
vt 0.740012 0.632751
vt 0.743022 0.631451
vt 0.741286 0.634388
vt 0.738309 0.636514
vt 0.948197 0.408090
vt 0.949386 0.410820
vt 0.951250 0.407206
vt 0.952387 0.412660
vt 0.953317 0.402048
vt 0.957228 0.404608
vt 0.956606 0.408092
vt 0.953737 0.406609
vt 0.955605 0.413615
vt 0.958257 0.412885
vt 0.961492 0.408790
vt 0.653949 0.937249
vt 0.653645 0.940447
vt 0.650332 0.940678
vt 0.649532 0.938207
vt 0.651184 0.943664
vt 0.647679 0.941438
vt 0.646434 0.938816
vt 0.014652 0.040129
vt 0.014889 0.030648
vt 0.017536 0.038121
vt 0.019979 0.042102
vt 0.025137 0.041797
vt 0.020201 0.037068
vt 0.707736 0.397764
vt 0.709605 0.392491
vt 0.716992 0.392554
vt 0.714575 0.397752
vt 0.025008 0.048404
vt 0.019319 0.049674
vt 0.003759 0.056925
vt 0.001001 0.049545
vt 0.007940 0.050604
vt 0.013950 0.058737
vt 0.715701 0.401030
vt 0.716311 0.398490
vt 0.719065 0.401801
vt 0.718998 0.403475
vt 0.701212 0.399663
vt 0.700124 0.399406
vt 0.716219 0.376949
vt 0.723098 0.382008
vt 0.705885 0.389813
vt 0.919048 0.762672
vt 0.918952 0.764576
vt 0.918451 0.767771
vt 0.918515 0.764835
vt 0.919514 0.762969
vt 0.920019 0.765115
vt 0.919634 0.768149
vt 0.919297 0.765443
vt 0.920300 0.778812
vt 0.919758 0.779389
vt 0.892111 0.785492
vt 0.889975 0.786875
vt 0.889185 0.782922
vt 0.890736 0.781998
vt 0.888503 0.780021
vt 0.887871 0.781566
vt 0.892965 0.788641
vt 0.890548 0.788274
vt 0.889382 0.789636
vt 0.887501 0.787983
vt 0.891487 0.790279
vt 0.885600 0.786416
vt 0.882534 0.784159
vt 0.886001 0.782579
vt 0.880767 0.780977
vt 0.885737 0.781049
vt 0.891643 0.780611
vt 0.888704 0.777502
vt 0.890566 0.792385
vt 0.889567 0.791502
vt 0.894316 0.785052
vt 0.894388 0.789235
vt 0.892877 0.792474
vt 0.890300 0.794412
vt 0.887827 0.793373
vt 0.883067 0.776984
vt 0.884502 0.778776
vt 0.752087 0.701409
vt 0.744081 0.701086
vt 0.737605 0.691234
vt 0.748494 0.692388
vt 0.733719 0.676598
vt 0.738207 0.677511
vt 0.731183 0.687266
vt 0.728399 0.693215
vt 0.733127 0.697220
vt 0.747045 0.678789
vt 0.898267 0.155613
vt 0.899686 0.156018
vt 0.899483 0.156184
vt 0.898229 0.155873
vt 0.895794 0.958796
vt 0.893847 0.957220
vt 0.894417 0.956546
vt 0.893528 0.956280
vt 0.893029 0.957183
vt 0.892289 0.957176
vt 0.892458 0.956627
vt 0.891008 0.957014
vt 0.891186 0.956712
vt 0.891882 0.955621
vt 0.886461 0.958935
vt 0.886744 0.958529
vt 0.889780 0.958079
vt 0.890174 0.958369
vt 0.891635 0.957694
vt 0.890596 0.957581
vt 0.888607 0.957769
vt 0.889916 0.958800
vt 0.891685 0.958386
vt 0.880827 0.183479
vt 0.879218 0.186706
vt 0.876746 0.185301
vt 0.876687 0.182944
vt 0.875466 0.189457
vt 0.873477 0.186306
vt 0.872566 0.183453
vt 0.881853 0.161131
vt 0.878936 0.163351
vt 0.878064 0.161450
vt 0.879392 0.159128
vt 0.875483 0.163831
vt 0.875277 0.161250
vt 0.876197 0.158534
vt 0.845738 0.640562
vt 0.845052 0.641384
vt 0.845057 0.641266
vt 0.845409 0.640613
vt 0.579969 0.069436
vt 0.580122 0.069907
vt 0.577015 0.069022
vt 0.576495 0.068590
vt 0.579958 0.070463
vt 0.576829 0.069136
vt 0.612469 0.840673
vt 0.623645 0.835426
vt 0.630956 0.832728
vt 0.636617 0.826616
vt 0.750930 0.160371
vt 0.750322 0.156606
vt 0.759788 0.154501
vt 0.760975 0.161171
vt 0.745807 0.152967
vt 0.752839 0.150243
vt 0.758306 0.145950
vt 0.763704 0.148649
vt 0.768912 0.150598
vt 0.767616 0.156355
vt 0.767652 0.162320
vt 0.726705 0.651259
vt 0.734004 0.648765
vt 0.739256 0.651914
vt 0.730435 0.654429
vt 0.731646 0.659001
vt 0.737405 0.657917
vt 0.751250 0.648371
vt 0.748396 0.652451
vt 0.745064 0.647090
vt 0.744876 0.657570
vt 0.741168 0.645748
vt 0.895317 0.772821
vt 0.891415 0.774903
vt 0.882449 0.769411
vt 0.888142 0.766830
vt 0.889185 0.775777
vt 0.882045 0.774495
vt 0.882146 0.788690
vt 0.881970 0.791497
vt 0.878442 0.792908
vt 0.879609 0.786328
vt 0.971893 0.575419
vt 0.062009 0.738387
vt 0.061024 0.743200
vt 0.057557 0.745097
vt 0.060450 0.739588
vt 0.059201 0.746352
vt 0.056329 0.747953
vt 0.058006 0.749061
vt 0.055454 0.748758
vt 0.949244 0.550420
vt 0.945470 0.545124
vt 0.952468 0.541035
vt 0.954428 0.549682
vt 0.956720 0.534988
vt 0.958051 0.543354
vt 0.953166 0.532399
vt 0.958143 0.551299
vt 0.648861 0.793258
vt 0.652249 0.796056
vt 0.647642 0.803172
vt 0.642634 0.798064
vt 0.655509 0.796837
vt 0.653051 0.802267
vt 0.637487 0.802668
vt 0.641068 0.808415
vt 0.652013 0.806272
vt 0.647389 0.808442
vt 0.642309 0.811762
vt 0.950527 0.928405
vt 0.952220 0.924674
vt 0.960945 0.927216
vt 0.958039 0.931500
vt 0.951301 0.917291
vt 0.957659 0.916798
vt 0.965159 0.933776
vt 0.969846 0.933079
vt 0.907168 0.927835
vt 0.899350 0.931800
vt 0.895268 0.927457
vt 0.906016 0.924132
vt 0.884235 0.934002
vt 0.887131 0.926319
vt 0.889108 0.933967
vt 0.892497 0.934729
vt 0.064970 0.695112
vt 0.066926 0.693546
vt 0.067508 0.700125
vt 0.066235 0.702478
vt 0.068490 0.710567
vt 0.069644 0.706411
vt 0.070150 0.712546
vt 0.069517 0.694300
vt 0.069867 0.701194
vt 0.962697 0.935392
vt 0.956246 0.932917
vt 0.971708 0.937500
vt 0.969298 0.938771
vt 0.031442 0.608062
vt 0.035502 0.610578
vt 0.037463 0.613098
vt 0.030559 0.609788
vt 0.072253 0.655772
vt 0.074190 0.662095
vt 0.070146 0.664176
vt 0.068610 0.659800
vt 0.070197 0.668807
vt 0.071589 0.668957
vt 0.076093 0.667836
vt 0.068369 0.669207
vt 0.067099 0.661121
vt 0.065391 0.650932
vt 0.066429 0.648406
vt 0.037478 0.608981
vt 0.040882 0.612079
vt 0.045531 0.616538
vt 0.042938 0.617424
vt 0.032827 0.605276
vt 0.069786 0.645979
vt 0.650691 0.967985
vt 0.650227 0.962371
vt 0.655611 0.962607
vt 0.654987 0.965688
vt 0.658845 0.966608
vt 0.659634 0.963107
vt 0.655557 0.958737
vt 0.663650 0.957937
vt 0.671563 0.951903
vt 0.674348 0.965171
vt 0.664007 0.963504
vt 0.660276 0.969310
vt 0.661149 0.976440
vt 0.669723 0.989015
vt 0.681591 0.978982
vt 0.685804 0.943475
vt 0.690478 0.956804
vt 0.696791 0.969472
vt 0.027668 0.053991
vt 0.018102 0.052825
vt 0.023050 0.060181
vt 0.030791 0.060045
vt 0.712972 0.400767
vt 0.603111 0.353295
vt 0.603831 0.362821
vt 0.600649 0.369130
vt 0.595484 0.358536
vt 0.603244 0.366548
vt 0.602321 0.367389
vt 0.612122 0.348928
vt 0.610360 0.358812
vt 0.593948 0.384426
vt 0.590371 0.375015
vt 0.604145 0.376752
vt 0.449927 0.417916
vt 0.439927 0.415914
vt 0.443848 0.408002
vt 0.451645 0.406588
vt 0.449174 0.398473
vt 0.439677 0.403315
vt 0.431178 0.412398
vt 0.724196 0.387559
vt 0.732833 0.389043
vt 0.724184 0.392973
vt 0.735624 0.382090
vt 0.660990 0.951348
vt 0.652349 0.954692
vt 0.648814 0.975572
vt 0.617645 0.379174
vt 0.612538 0.372855
vt 0.619657 0.369041
vt 0.625710 0.371758
vt 0.631129 0.362214
vt 0.619994 0.361866
vt 0.610152 0.366968
vt 0.069909 0.030859
vt 0.066791 0.033590
vt 0.066725 0.032761
vt 0.067556 0.030939
vt 0.062361 0.037243
vt 0.060967 0.037647
vt 0.063478 0.034655
vt 0.069869 0.032294
vt 0.066997 0.034203
vt 0.063726 0.037336
vt 0.066894 0.035850
vt 0.953542 0.134321
vt 0.959755 0.139959
vt 0.958459 0.140205
vt 0.955562 0.137687
vt 0.962694 0.145608
vt 0.959617 0.143407
vt 0.957583 0.141404
vt 0.064158 0.031869
vt 0.069115 0.028978
vt 0.068861 0.027720
vt 0.062854 0.031295
vt 0.059087 0.036281
vt 0.954914 0.138177
vt 0.951421 0.131580
vt 0.951487 0.133389
vt 0.949832 0.129796
vt 0.951016 0.130463
vt 0.948827 0.126882
vt 0.946666 0.124011
vt 0.946693 0.124433
vt 0.078270 0.018802
vt 0.075400 0.024217
vt 0.075207 0.019069
vt 0.072468 0.028261
vt 0.947677 0.132079
vt 0.951831 0.137849
vt 0.956312 0.148091
vt 0.949493 0.141105
vt 0.955102 0.141323
vt 0.959328 0.148232
vt 0.951277 0.130335
vt 0.950521 0.133577
vt 0.952331 0.135458
vt 0.949151 0.130496
vt 0.949041 0.129463
vt 0.945873 0.124593
vt 0.946366 0.126353
vt 0.945377 0.113902
vt 0.938577 0.108651
vt 0.941100 0.109201
vt 0.947612 0.111143
vt 0.048731 0.044589
vt 0.051314 0.050155
vt 0.044577 0.054814
vt 0.043339 0.050828
vt 0.034834 0.053071
vt 0.037684 0.059740
vt 0.032838 0.048256
vt 0.041990 0.048491
vt 0.642613 0.960777
vt 0.639417 0.966371
vt 0.028973 0.077501
vt 0.031830 0.084120
vt 0.025536 0.081813
vt 0.022300 0.079257
vt 0.020037 0.089567
vt 0.028004 0.101641
vt 0.942397 0.123053
vt 0.938138 0.119947
vt 0.938789 0.117247
vt 0.942488 0.120758
vt 0.942455 0.120197
vt 0.939153 0.116122
vt 0.647910 0.944554
vt 0.644719 0.942194
vt 0.653393 0.945788
vt 0.648963 0.946851
vt 0.643724 0.943884
vt 0.686402 0.993572
vt 0.671774 0.998799
vt 0.675255 0.993908
vt 0.686493 0.987848
vt 0.664345 0.996179
vt 0.915196 0.047642
vt 0.920346 0.034685
vt 0.925287 0.039847
vt 0.923363 0.045521
vt 0.928070 0.025356
vt 0.931282 0.034031
vt 0.930911 0.041059
vt 0.939650 0.039256
vt 0.947001 0.039440
vt 0.942204 0.047887
vt 0.937988 0.043965
vt 0.955226 0.041635
vt 0.950325 0.049118
vt 0.924899 0.052435
vt 0.917395 0.054817
vt 0.962127 0.871026
vt 0.961483 0.879464
vt 0.957447 0.880248
vt 0.958681 0.867744
vt 0.928169 0.057849
vt 0.921521 0.065770
vt 0.936477 0.060485
vt 0.934177 0.069109
vt 0.932897 0.080789
vt 0.917564 0.075773
vt 0.961454 0.041765
vt 0.959103 0.035692
vt 0.964921 0.032682
vt 0.954498 0.023651
vt 0.949957 0.031299
vt 0.906200 0.060133
vt 0.942944 0.119991
vt 0.939969 0.114214
vt 0.641789 0.938361
vt 0.643747 0.934951
vt 0.645721 0.936644
vt 0.646966 0.932677
vt 0.648721 0.935620
vt 0.001701 0.065990
vt 0.011552 0.069337
vt 0.011085 0.087733
vt 0.167500 0.611703
vt 0.166004 0.627989
vt 0.161486 0.614684
vt 0.163664 0.607818
vt 0.151386 0.611089
vt 0.155405 0.602708
vt 0.158998 0.630168
vt 0.036466 0.080309
vt 0.038991 0.094013
vt 0.931987 0.098910
vt 0.935041 0.113048
vt 0.922677 0.107934
vt 0.921546 0.087750
vt 0.042455 0.040644
vt 0.041978 0.045627
vt 0.040950 0.045656
vt 0.033936 0.042045
vt 0.035143 0.106925
vt 0.040330 0.110319
vt 0.667011 0.921221
vt 0.680751 0.916737
vt 0.670289 0.932188
vt 0.664915 0.934177
vt 0.668036 0.941461
vt 0.663065 0.941315
vt 0.682621 0.930201
vt 0.052146 0.096431
vt 0.048301 0.093181
vt 0.048053 0.078863
vt 0.051862 0.088410
vt 0.043258 0.085058
vt 0.040208 0.072371
vt 0.942933 0.069407
vt 0.950259 0.067156
vt 0.946151 0.079124
vt 0.940647 0.083420
vt 0.638860 0.940178
vt 0.639396 0.937415
vt 0.643981 0.945972
vt 0.970694 0.871100
vt 0.966336 0.872171
vt 0.966961 0.865966
vt 0.970075 0.864311
vt 0.964672 0.862705
vt 0.967722 0.858615
vt 0.967094 0.042946
vt 0.962434 0.049094
vt 0.956954 0.048940
vt 0.952949 0.057564
vt 0.961931 0.054360
vt 0.970263 0.046260
vt 0.634673 0.973487
vt 0.017938 0.245043
vt 0.011582 0.246295
vt 0.012135 0.242940
vt 0.016025 0.240440
vt 0.006585 0.241440
vt 0.009290 0.240202
vt 0.011248 0.235737
vt 0.044068 0.750982
vt 0.048140 0.753890
vt 0.043604 0.760958
vt 0.038088 0.755984
vt 0.036452 0.767729
vt 0.035155 0.763792
vt 0.042096 0.768008
vt 0.031510 0.760057
vt 0.021676 0.237612
vt 0.023347 0.242577
vt 0.017223 0.234052
vt 0.021767 0.232315
vt 0.025439 0.232822
vt 0.005651 0.235383
vt 0.033181 0.246493
vt 0.037377 0.248672
vt 0.035705 0.250083
vt 0.032779 0.249443
vt 0.023101 0.661201
vt 0.020517 0.664770
vt 0.019665 0.661754
vt 0.019709 0.658486
vt 0.034648 0.252190
vt 0.036986 0.251382
vt 0.015108 0.230641
vt 0.021080 0.229540
vt 0.025906 0.229080
vt 0.035795 0.741587
vt 0.042719 0.737760
vt 0.043630 0.742425
vt 0.039181 0.746987
vt 0.047432 0.734627
vt 0.047478 0.743690
vt 0.019928 0.226494
vt 0.019734 0.222880
vt 0.024645 0.223100
vt 0.025424 0.225869
vt 0.021220 0.218422
vt 0.027441 0.220870
vt 0.030084 0.224197
vt 0.009452 0.230579
vt 0.004912 0.230382
vt 0.042639 0.652205
vt 0.051187 0.653983
vt 0.047216 0.657402
vt 0.040838 0.656663
vt 0.056523 0.659055
vt 0.048516 0.660304
vt 0.041544 0.661229
vt 0.022998 0.767797
vt 0.025632 0.763676
vt 0.028340 0.766193
vt 0.028585 0.768757
vt 0.051823 0.745647
vt 0.051955 0.736656
vt 0.053736 0.730691
vt 0.051251 0.728290
vt 0.042886 0.731818
vt 0.046637 0.729005
vt 0.019196 0.674693
vt 0.021072 0.677113
vt 0.018697 0.680816
vt 0.017052 0.676626
vt 0.022523 0.760142
vt 0.018789 0.765318
vt 0.015178 0.762942
vt 0.018448 0.755743
vt 0.018478 0.687722
vt 0.014497 0.685635
vt 0.023136 0.684410
vt 0.024174 0.680133
vt 0.649510 0.948938
vt 0.027741 0.680857
vt 0.024910 0.677302
vt 0.027359 0.676753
vt 0.026057 0.672625
vt 0.023211 0.674667
vt 0.644526 0.930018
vt 0.649470 0.929498
vt 0.651386 0.931619
vt 0.643381 0.926940
vt 0.650424 0.927061
vt 0.655100 0.928932
vt 0.629619 0.955056
vt 0.625140 0.961164
vt 0.619504 0.968144
vt 0.905560 0.089004
vt 0.909884 0.080760
vt 0.902070 0.067236
vt 0.890634 0.067858
vt 0.667434 0.445983
vt 0.669456 0.449454
vt 0.660701 0.450807
vt 0.656542 0.449926
vt 0.034966 0.736414
vt 0.037806 0.731414
vt 0.043799 0.727514
vt 0.040396 0.127795
vt 0.040370 0.136515
vt 0.037357 0.143940
vt 0.036675 0.127644
vt 0.681649 0.898950
vt 0.668277 0.905881
vt 0.662142 0.935069
vt 0.660465 0.929608
vt 0.657682 0.924888
vt 0.659399 0.919260
vt 0.658802 0.909877
vt 0.026229 0.688759
vt 0.023474 0.688404
vt 0.027392 0.684582
vt 0.054767 0.724246
vt 0.056566 0.725997
vt 0.020372 0.695215
vt 0.021671 0.695013
vt 0.020534 0.697762
vt 0.018799 0.697468
vt 0.001369 0.222225
vt 0.005474 0.222754
vt 0.003919 0.225828
vt 0.001112 0.223898
vt 0.024208 0.692249
vt 0.026053 0.693643
vt 0.022813 0.696196
vt 0.059886 0.715425
vt 0.061426 0.714572
vt 0.060372 0.718315
vt 0.057711 0.718766
vt 0.026878 0.695472
vt 0.023445 0.697458
vt 0.019183 0.692926
vt 0.018832 0.695254
vt 0.016030 0.697143
vt 0.016716 0.694201
vt 0.054509 0.722374
vt 0.052169 0.721015
vt 0.058073 0.721583
vt 0.736287 0.589665
vt 0.737779 0.605888
vt 0.730032 0.608327
vt 0.730369 0.588722
vt 0.741346 0.613160
vt 0.735312 0.617002
vt 0.964769 0.392783
vt 0.975066 0.391093
vt 0.981885 0.402447
vt 0.972301 0.399946
vt 0.724696 0.587265
vt 0.721843 0.605223
vt 0.982879 0.390628
vt 0.986824 0.403037
vt 0.974999 0.853283
vt 0.972127 0.848185
vt 0.977361 0.847554
vt 0.978681 0.851779
vt 0.051334 0.119729
vt 0.048112 0.119068
vt 0.049468 0.105648
vt 0.053434 0.107861
vt 0.044499 0.098970
vt 0.044724 0.115261
vt 0.619796 0.447726
vt 0.622378 0.451606
vt 0.620032 0.452968
vt 0.618439 0.453061
vt 0.749742 0.617180
vt 0.750186 0.612833
vt 0.755024 0.618497
vt 0.754525 0.620108
vt 0.759997 0.624586
vt 0.757430 0.626410
vt 0.758892 0.614033
vt 0.613072 0.470948
vt 0.611868 0.470647
vt 0.031462 0.685197
vt 0.030313 0.690657
vt 0.036255 0.685175
vt 0.035752 0.689528
vt 0.034490 0.692872
vt 0.030284 0.694105
vt 0.635509 0.943000
vt 0.628442 0.935856
vt 0.634521 0.935568
vt 0.637858 0.940982
vt 0.634947 0.930054
vt 0.631887 0.927240
vt 0.737464 0.620286
vt 0.734369 0.626050
vt 0.731160 0.626370
vt 0.957546 0.380941
vt 0.967721 0.380428
vt 0.956414 0.388364
vt 0.974873 0.378709
vt 0.954753 0.391429
vt 0.959662 0.395660
vt 0.631811 0.479141
vt 0.630095 0.474348
vt 0.018604 0.745446
vt 0.013711 0.749243
vt 0.010063 0.741519
vt 0.014758 0.740763
vt 0.011613 0.688958
vt 0.003868 0.688010
vt 0.009536 0.683873
vt 0.638432 0.464013
vt 0.643318 0.464177
vt 0.632266 0.467807
vt 0.051505 0.131650
vt 0.045541 0.129036
vt 0.964653 0.845913
vt 0.961796 0.839995
vt 0.967011 0.837270
vt 0.968061 0.843303
vt 0.043736 0.137052
vt 0.047169 0.140669
vt 0.049381 0.718581
vt 0.053977 0.715966
vt 0.057047 0.716193
vt 0.057898 0.713239
vt 0.057588 0.711297
vt 0.050827 0.691646
vt 0.052948 0.695834
vt 0.047728 0.692195
vt 0.047074 0.691116
vt 0.042481 0.694096
vt 0.041140 0.691903
vt 0.946187 0.823660
vt 0.947846 0.813830
vt 0.947951 0.819087
vt 0.949203 0.827337
vt 0.795734 0.262750
vt 0.795011 0.260319
vt 0.019788 0.690166
vt 0.015955 0.692479
vt 0.015611 0.691020
vt 0.651824 0.476415
vt 0.651583 0.480928
vt 0.871307 0.050341
vt 0.889441 0.052309
vt 0.958686 0.852852
vt 0.956481 0.861351
vt 0.953880 0.853122
vt 0.956146 0.846796
vt 0.861659 0.048806
vt 0.813633 0.256500
vt 0.801850 0.253057
vt 0.814368 0.247214
vt 0.814574 0.266297
vt 0.815542 0.281092
vt 0.802104 0.275549
vt 0.041237 0.688681
vt 0.034375 0.696591
vt 0.940820 0.820777
vt 0.939103 0.812863
vt 0.852187 0.246120
vt 0.849662 0.237197
vt 0.862727 0.231839
vt 0.864711 0.246809
vt 0.873394 0.249275
vt 0.873949 0.234437
vt 0.947852 0.836026
vt 0.942817 0.833170
vt 0.876505 0.220058
vt 0.870431 0.217699
vt 0.597476 0.466022
vt 0.611327 0.456298
vt 0.601878 0.466991
vt 0.629834 0.479390
vt 0.626948 0.475228
vt 0.638032 0.478795
vt 0.637128 0.482564
vt 0.827575 0.257972
vt 0.828014 0.248892
vt 0.933662 0.396807
vt 0.928107 0.394864
vt 0.937385 0.389107
vt 0.939201 0.390340
vt 0.944209 0.382093
vt 0.946154 0.387552
vt 0.931442 0.382945
vt 0.946842 0.390502
vt 0.940756 0.393023
vt 0.947272 0.393560
vt 0.942639 0.395792
vt 0.939556 0.400836
vt 0.936760 0.397762
vt 0.753995 0.628024
vt 0.755439 0.633332
vt 0.752608 0.633072
vt 0.756965 0.634584
vt 0.942050 0.404260
vt 0.940543 0.411837
vt 0.938500 0.408761
vt 0.749351 0.626814
vt 0.751811 0.622181
vt 0.752450 0.630387
vt 0.746571 0.624728
vt 0.747857 0.621040
vt 0.742056 0.625683
vt 0.743136 0.621636
vt 0.743231 0.617065
vt 0.739114 0.623424
vt 0.737667 0.627020
vt 0.957012 0.400057
vt 0.957911 0.397701
vt 0.962139 0.401336
vt 0.960111 0.404240
vt 0.735914 0.627012
vt 0.953166 0.397890
vt 0.953205 0.394435
vt 0.948516 0.397310
vt 0.950110 0.402393
vt 0.946730 0.403413
vt 0.944739 0.399693
vt 0.944238 0.408251
vt 0.942991 0.414489
vt 0.746921 0.629923
vt 0.749049 0.632311
vt 0.744340 0.628565
vt 0.741458 0.629444
vt 0.736506 0.634853
vt 0.738813 0.630959
vt 0.736512 0.634399
vt 0.736202 0.631738
vt 0.931558 0.369859
vt 0.945211 0.370093
vt 0.958601 0.368470
vt 0.944809 0.353430
vt 0.958114 0.352339
vt 0.967686 0.350241
vt 0.968883 0.365791
vt 0.973255 0.348923
vt 0.974422 0.363988
vt 0.978677 0.347672
vt 0.980112 0.362517
vt 0.981397 0.376791
vt 0.215243 0.530186
vt 0.205203 0.521815
vt 0.209159 0.516671
vt 0.218948 0.525750
vt 0.194468 0.512464
vt 0.198370 0.506763
vt 0.201156 0.527917
vt 0.190169 0.518140
vt 0.176782 0.508240
vt 0.180436 0.502765
vt 0.184618 0.497097
vt 0.159530 0.499644
vt 0.161862 0.494684
vt 0.164575 0.490098
vt 0.139751 0.491961
vt 0.141233 0.487024
vt 0.143330 0.482796
vt 0.727963 0.567924
vt 0.733092 0.568682
vt 0.727392 0.548431
vt 0.731981 0.548738
vt 0.724141 0.566868
vt 0.736917 0.549094
vt 0.739269 0.569501
vt 0.743359 0.549402
vt 0.736635 0.529571
vt 0.741327 0.529405
vt 0.747359 0.529477
vt 0.753897 0.549866
vt 0.759437 0.531433
vt 0.745733 0.512940
vt 0.752420 0.514300
vt 0.764988 0.518425
vt 0.774093 0.534366
vt 0.779265 0.522978
vt 0.756259 0.504126
vt 0.769583 0.507517
vt 0.784289 0.511615
vt 0.794001 0.527458
vt 0.799252 0.515823
vt 0.775481 0.492442
vt 0.790586 0.495805
vt 0.805924 0.499489
vt 0.814651 0.520411
vt 0.821250 0.503576
vt 0.797340 0.478664
vt 0.812583 0.482112
vt 0.827750 0.485868
vt 0.836539 0.507148
vt 0.842883 0.488732
vt 0.818520 0.464197
vt 0.833355 0.467382
vt 0.847843 0.469826
vt 0.857731 0.490639
vt 0.862602 0.471346
vt 0.839433 0.448494
vt 0.854216 0.450516
vt 0.866997 0.453977
vt 0.216087 0.487711
vt 0.207964 0.496697
vt 0.191070 0.483378
vt 0.199516 0.473521
vt 0.167767 0.474383
vt 0.175451 0.465060
vt 0.178498 0.488087
vt 0.184620 0.457245
vt 0.209930 0.464336
vt 0.196238 0.448124
vt 0.160737 0.448390
vt 0.172091 0.439158
vt 0.184460 0.430858
vt 0.208803 0.439155
vt 0.196867 0.421741
vt 0.161805 0.424162
vt 0.174930 0.415973
vt 0.187943 0.407860
vt 0.210576 0.414391
vt 0.200810 0.399646
vt 0.169986 0.408350
vt 0.183464 0.400754
vt 0.195950 0.392592
vt 0.214776 0.392957
vt 0.209710 0.385698
vt 0.180167 0.395218
vt 0.193241 0.387005
vt 0.206691 0.380352
vt 0.223640 0.378771
vt 0.221179 0.373161
vt 0.252103 0.365412
vt 0.237933 0.371919
vt 0.235636 0.366848
vt 0.249739 0.360200
vt 0.256254 0.372024
vt 0.242343 0.379113
vt 0.228542 0.386359
vt 0.250944 0.391926
vt 0.237623 0.399648
vt 0.223893 0.407123
vt 0.248580 0.414833
vt 0.235186 0.422739
vt 0.221707 0.431394
vt 0.246857 0.438093
vt 0.233991 0.446507
vt 0.221133 0.455858
vt 0.247231 0.461497
vt 0.235633 0.469918
vt 0.224706 0.478654
vt 0.250929 0.484122
vt 0.241410 0.492193
vt 0.233004 0.500613
vt 0.259485 0.504836
vt 0.251752 0.512590
vt 0.851658 0.510114
vt 0.870720 0.496070
vt 0.866129 0.512478
vt 0.220610 0.506946
vt 0.861204 0.532210
vt 0.846811 0.528612
vt 0.830624 0.524945
vt 0.841699 0.542426
vt 0.825372 0.537236
vt 0.809292 0.532257
vt 0.821718 0.545090
vt 0.805165 0.540972
vt 0.789403 0.537366
vt 0.799849 0.553235
vt 0.783659 0.551725
vt 0.768236 0.550987
vt 0.778415 0.569723
vt 0.763383 0.569763
vt 0.749769 0.569914
vt 0.760540 0.588149
vt 0.747563 0.589406
vt 0.759652 0.603539
vt 0.748388 0.604299
vt 0.768443 0.613884
vt 0.772188 0.601249
vt 0.775069 0.586877
vt 0.787944 0.601521
vt 0.790921 0.586409
vt 0.794422 0.569876
vt 0.807618 0.586876
vt 0.811511 0.570943
vt 0.816923 0.555655
vt 0.830463 0.573027
vt 0.835677 0.559252
vt 0.839090 0.550654
vt 0.852551 0.563907
vt 0.854268 0.555389
vt 0.856345 0.547064
vt 0.867280 0.560018
vt 0.869151 0.551230
vt 0.872588 0.539203
vt 0.302838 0.517744
vt 0.294883 0.524337
vt 0.278964 0.516430
vt 0.287012 0.509342
vt 0.268148 0.522326
vt 0.267856 0.497425
vt 0.295623 0.501404
vt 0.277445 0.489612
vt 0.261304 0.475931
vt 0.288065 0.480596
vt 0.272798 0.467243
vt 0.259081 0.453238
vt 0.284150 0.457695
vt 0.271452 0.443920
vt 0.259616 0.429743
vt 0.283781 0.434179
vt 0.272706 0.420662
vt 0.261920 0.406605
vt 0.286114 0.411511
vt 0.275362 0.398098
vt 0.264782 0.384470
vt 0.288713 0.390048
vt 0.278268 0.376696
vt 0.270036 0.365383
vt 0.289918 0.370293
vt 0.281963 0.359319
vt 0.266018 0.358630
vt 0.277738 0.352999
vt 0.291183 0.354570
vt 0.287563 0.348362
vt 0.263256 0.354019
vt 0.275270 0.348055
vt 0.285203 0.343491
vt 0.298131 0.343237
vt 0.295762 0.338482
vt 0.325967 0.329931
vt 0.311374 0.336752
vt 0.309172 0.332145
vt 0.323733 0.325244
vt 0.328944 0.335835
vt 0.314562 0.343163
vt 0.301515 0.349511
vt 0.320245 0.353445
vt 0.307518 0.359998
vt 0.298552 0.365444
vt 0.316032 0.373875
vt 0.307504 0.378967
vt 0.300007 0.383491
vt 0.316200 0.392511
vt 0.309232 0.396787
vt 0.299529 0.402841
vt 0.318078 0.409786
vt 0.308657 0.415699
vt 0.296411 0.424374
vt 0.318266 0.427944
vt 0.307190 0.436480
vt 0.295243 0.447195
vt 0.319154 0.447800
vt 0.308760 0.458540
vt 0.297935 0.470115
vt 0.323379 0.469996
vt 0.314651 0.481563
vt 0.305146 0.492334
vt 0.328680 0.489285
vt 0.320495 0.499467
vt 0.311286 0.509238
vt 0.327953 0.502835
vt 0.318936 0.512864
vt 0.310748 0.521341
vt 0.325775 0.515627
vt 0.317809 0.524740
vt 0.313468 0.531549
vt 0.304251 0.528182
vt 0.332021 0.527839
vt 0.328560 0.534606
vt 0.847022 0.577253
vt 0.863748 0.568073
vt 0.857873 0.580015
vt 0.851777 0.596314
vt 0.841357 0.592045
vt 0.825202 0.588477
vt 0.840579 0.606053
vt 0.824855 0.602872
vt 0.804592 0.602335
vt 0.901771 0.420903
vt 0.911694 0.419533
vt 0.916728 0.430810
vt 0.906463 0.433163
vt 0.921491 0.417711
vt 0.927354 0.426614
vt 0.908872 0.406582
vt 0.919270 0.406680
vt 0.767047 0.626295
vt 0.781304 0.614205
vt 0.774844 0.626690
vt 0.917533 0.393405
vt 0.927928 0.405378
vt 0.759630 0.637364
vt 0.904490 0.379821
vt 0.918187 0.380889
vt 0.906561 0.392502
vt 0.903382 0.364237
vt 0.917054 0.366135
vt 0.901280 0.347298
vt 0.916109 0.349741
vt 0.930440 0.352758
vt 0.915008 0.334477
vt 0.929795 0.336465
vt 0.944266 0.337246
vt 0.929037 0.325206
vt 0.944095 0.325605
vt 0.956418 0.325049
vt 0.957215 0.336367
vt 0.964845 0.324370
vt 0.965925 0.335488
vt 0.970738 0.323811
vt 0.971800 0.334766
vt 0.976441 0.322934
vt 0.977009 0.334070
vt 0.235604 0.547216
vt 0.230161 0.543609
vt 0.234940 0.539688
vt 0.239861 0.542549
vt 0.223663 0.537983
vt 0.227557 0.533994
vt 0.224764 0.551024
vt 0.218667 0.544268
vt 0.211145 0.536992
vt 0.209124 0.555624
vt 0.202437 0.547513
vt 0.193986 0.538974
vt 0.192339 0.560207
vt 0.183650 0.551996
vt 0.173491 0.543203
vt 0.182581 0.528536
vt 0.160903 0.533563
vt 0.169842 0.518525
vt 0.147107 0.523569
vt 0.154781 0.508982
vt 0.131186 0.513216
vt 0.136824 0.499713
vt 0.113984 0.503160
vt 0.117384 0.491112
vt 0.119901 0.484328
vt 0.121512 0.479650
vt 0.720774 0.529611
vt 0.727006 0.529749
vt 0.723500 0.547268
vt 0.718105 0.545518
vt 0.732011 0.529832
vt 0.731944 0.513274
vt 0.736965 0.513346
vt 0.741077 0.513201
vt 0.740714 0.500337
vt 0.744659 0.501415
vt 0.749127 0.502518
vt 0.748402 0.485459
vt 0.753314 0.487106
vt 0.761825 0.489134
vt 0.757445 0.468795
vt 0.768264 0.471268
vt 0.782340 0.474750
vt 0.774536 0.454093
vt 0.789006 0.457352
vt 0.803707 0.460741
vt 0.795413 0.440073
vt 0.809975 0.442839
vt 0.824682 0.445916
vt 0.816539 0.424039
vt 0.830680 0.426679
vt 0.844934 0.429163
vt 0.858742 0.430261
vt 0.837020 0.405861
vt 0.849866 0.407937
vt 0.863113 0.409395
vt 0.151096 0.457765
vt 0.853587 0.389453
vt 0.866235 0.391306
vt 0.149325 0.432611
vt 0.138636 0.441313
vt 0.131990 0.432373
vt 0.143739 0.424380
vt 0.156714 0.416506
vt 0.141007 0.418821
vt 0.153924 0.411054
vt 0.167250 0.403038
vt 0.356046 0.316006
vt 0.340857 0.323083
vt 0.338641 0.318470
vt 0.353972 0.311579
vt 0.359093 0.322204
vt 0.343757 0.328807
vt 0.364204 0.331847
vt 0.349094 0.338703
vt 0.334460 0.345946
vt 0.356416 0.350977
vt 0.342060 0.358859
vt 0.328259 0.366785
vt 0.350617 0.372202
vt 0.336721 0.380651
vt 0.324495 0.387971
vt 0.344992 0.393280
vt 0.333045 0.400756
vt 0.325251 0.405576
vt 0.341979 0.412180
vt 0.333656 0.417707
vt 0.326956 0.422292
vt 0.342651 0.429339
vt 0.336264 0.433735
vt 0.328940 0.439171
vt 0.346555 0.445339
vt 0.341159 0.450587
vt 0.332760 0.459543
vt 0.352626 0.460832
vt 0.346332 0.468623
vt 0.337518 0.478848
vt 0.353971 0.473186
vt 0.346225 0.482668
vt 0.336771 0.492873
vt 0.352255 0.485588
vt 0.343687 0.495286
vt 0.334753 0.505387
vt 0.354949 0.498569
vt 0.346140 0.508354
vt 0.337875 0.518711
vt 0.365912 0.511624
vt 0.358173 0.521735
vt 0.352791 0.530855
vt 0.380216 0.523354
vt 0.374683 0.532326
vt 0.370730 0.539120
vt 0.349720 0.537343
vt 0.396396 0.532682
vt 0.392080 0.539794
vt 0.839768 0.618578
vt 0.851413 0.608786
vt 0.846560 0.624832
vt 0.880346 0.405793
vt 0.888399 0.405940
vt 0.892000 0.420960
vt 0.884683 0.420217
vt 0.898132 0.407109
vt 0.829283 0.617097
vt 0.885086 0.391717
vt 0.894790 0.391712
vt 0.881995 0.376496
vt 0.892079 0.376698
vt 0.878790 0.360889
vt 0.890126 0.360757
vt 0.875280 0.344859
vt 0.887229 0.344173
vt 0.872888 0.330583
vt 0.883996 0.330821
vt 0.899319 0.332946
vt 0.883519 0.321585
vt 0.898015 0.323006
vt 0.913551 0.324170
vt 0.896910 0.314772
vt 0.912451 0.315662
vt 0.928083 0.316195
vt 0.911122 0.304131
vt 0.926979 0.304432
vt 0.942449 0.304550
vt 0.943535 0.316622
vt 0.955628 0.304202
vt 0.956069 0.316082
vt 0.964410 0.302955
vt 0.964429 0.315051
vt 0.970472 0.301717
vt 0.970079 0.314139
vt 0.976954 0.300619
vt 0.975800 0.312977
vt 0.615235 0.935907
vt 0.608241 0.942853
vt 0.602895 0.940104
vt 0.610709 0.931336
vt 0.601943 0.948966
vt 0.597351 0.947223
vt 0.622692 0.942072
vt 0.616350 0.948788
vt 0.609865 0.954029
vt 0.213347 0.562005
vt 0.231170 0.554203
vt 0.222247 0.565135
vt 0.633538 0.948897
vt 0.642997 0.950111
vt 0.644153 0.955457
vt 0.642808 0.946553
vt 0.651566 0.951971
vt 0.654415 0.947983
vt 0.658912 0.948404
vt 0.660399 0.941218
vt 0.657146 0.941154
vt 0.658623 0.936552
vt 0.652786 0.934244
vt 0.657259 0.932380
vt 0.622719 0.930016
vt 0.629083 0.918298
vt 0.631314 0.922506
vt 0.620218 0.924507
vt 0.639743 0.915189
vt 0.641981 0.920415
vt 0.643100 0.924492
vt 0.651636 0.919474
vt 0.651875 0.923601
vt 0.649466 0.912691
vt 0.655944 0.898289
vt 0.645690 0.903534
vt 0.635561 0.908857
vt 0.640522 0.894148
vt 0.630180 0.900986
vt 0.625525 0.914566
vt 0.620301 0.908149
vt 0.624018 0.891156
vt 0.614385 0.900156
vt 0.972106 0.289123
vt 0.964964 0.289708
vt 0.965572 0.277160
vt 0.973984 0.277361
vt 0.955036 0.290173
vt 0.954484 0.276856
vt 0.940025 0.276105
vt 0.941255 0.290309
vt 0.923637 0.259929
vt 0.939477 0.261959
vt 0.924138 0.274674
vt 0.953866 0.263751
vt 0.925347 0.289795
vt 0.907662 0.272780
vt 0.909138 0.288640
vt 0.891505 0.254433
vt 0.906940 0.257491
vt 0.892281 0.270161
vt 0.894015 0.287189
vt 0.881322 0.267762
vt 0.882237 0.285280
vt 0.895694 0.303463
vt 0.882987 0.301971
vt 0.873308 0.283282
vt 0.873097 0.300055
vt 0.883363 0.313270
vt 0.872792 0.311903
vt 0.865620 0.298091
vt 0.864366 0.310041
vt 0.872760 0.320505
vt 0.863962 0.318988
vt 0.854784 0.308980
vt 0.852856 0.318354
vt 0.863693 0.329693
vt 0.855242 0.325444
vt 0.527266 0.524417
vt 0.520535 0.533796
vt 0.511674 0.533399
vt 0.518562 0.524080
vt 0.491587 0.539645
vt 0.497590 0.532568
vt 0.506106 0.540364
vt 0.504268 0.523707
vt 0.525187 0.514447
vt 0.511095 0.514602
vt 0.479230 0.532118
vt 0.485488 0.523978
vt 0.492485 0.515310
vt 0.518961 0.505401
vt 0.499691 0.506321
vt 0.466083 0.524157
vt 0.472525 0.515713
vt 0.478692 0.506925
vt 0.505193 0.497415
vt 0.484246 0.498109
vt 0.451904 0.516124
vt 0.457112 0.507665
vt 0.462613 0.499034
vt 0.488306 0.489456
vt 0.467647 0.490391
vt 0.436340 0.507430
vt 0.441905 0.498804
vt 0.447934 0.490234
vt 0.471403 0.482594
vt 0.452944 0.482113
vt 0.422732 0.497229
vt 0.428672 0.488660
vt 0.434544 0.480513
vt 0.455559 0.476170
vt 0.438409 0.474584
vt 0.410264 0.485868
vt 0.416299 0.477530
vt 0.420258 0.472393
vt 0.440533 0.470065
vt 0.423313 0.468445
vt 0.397425 0.474639
vt 0.401203 0.470231
vt 0.405323 0.466118
vt 0.427815 0.461313
vt 0.411213 0.458882
vt 0.383700 0.467467
vt 0.387985 0.463250
vt 0.395188 0.456006
vt 0.418578 0.449212
vt 0.404794 0.446211
vt 0.376178 0.459700
vt 0.383684 0.452724
vt 0.394379 0.442741
vt 0.414807 0.435333
vt 0.405728 0.431564
vt 0.376747 0.449142
vt 0.387091 0.438821
vt 0.398545 0.427959
vt 0.415490 0.420599
vt 0.409225 0.416503
vt 0.379247 0.433164
vt 0.390829 0.422315
vt 0.402483 0.411424
vt 0.419473 0.405331
vt 0.414512 0.400532
vt 0.383146 0.415084
vt 0.395790 0.404535
vt 0.408935 0.394625
vt 0.427317 0.391826
vt 0.422704 0.386445
vt 0.388810 0.396281
vt 0.402352 0.386756
vt 0.416474 0.378791
vt 0.436227 0.381091
vt 0.430722 0.372968
vt 0.394840 0.377412
vt 0.409226 0.369438
vt 0.423936 0.363030
vt 0.431356 0.346193
vt 0.438676 0.357073
vt 0.416503 0.352372
vt 0.445481 0.367837
vt 0.401659 0.359123
vt 0.386989 0.366904
vt 0.379056 0.355556
vt 0.393938 0.348087
vt 0.409064 0.341418
vt 0.416610 0.323882
vt 0.423874 0.335035
vt 0.401806 0.330050
vt 0.386447 0.336695
vt 0.371099 0.343564
vt 0.379661 0.325257
vt 0.394871 0.319006
vt 0.403771 0.302416
vt 0.409700 0.312664
vt 0.389365 0.309246
vt 0.374267 0.315611
vt 0.371175 0.309419
vt 0.384848 0.302162
vt 0.368854 0.304610
vt 0.379437 0.299473
vt 0.431729 0.287867
vt 0.418074 0.295041
vt 0.412101 0.283480
vt 0.426027 0.276665
vt 0.437760 0.299032
vt 0.424083 0.306063
vt 0.444448 0.310299
vt 0.430858 0.317262
vt 0.451673 0.321689
vt 0.438161 0.328545
vt 0.459109 0.333304
vt 0.445613 0.339808
vt 0.466355 0.345190
vt 0.452863 0.351220
vt 0.472755 0.356992
vt 0.459455 0.362505
vt 0.477493 0.367419
vt 0.464287 0.372017
vt 0.450446 0.376554
vt 0.467013 0.378317
vt 0.453549 0.382416
vt 0.440251 0.386608
vt 0.455567 0.386206
vt 0.442976 0.390118
vt 0.431057 0.395876
vt 0.446001 0.393219
vt 0.435106 0.399272
vt 0.424661 0.409032
vt 0.423385 0.424083
vt 0.433663 0.426983
vt 0.426617 0.438454
vt 0.445316 0.429671
vt 0.440104 0.440481
vt 0.434204 0.451408
vt 0.454664 0.442229
vt 0.450044 0.452899
vt 0.445097 0.462794
vt 0.466013 0.454637
vt 0.461861 0.464220
vt 0.458465 0.471157
vt 0.478569 0.466535
vt 0.476659 0.471982
vt 0.474403 0.476940
vt 0.494923 0.472329
vt 0.494119 0.476627
vt 0.491878 0.482018
vt 0.514235 0.475632
vt 0.513910 0.481060
vt 0.510730 0.488561
vt 0.534254 0.480819
vt 0.531902 0.487720
vt 0.526159 0.496332
vt 0.545729 0.486843
vt 0.540261 0.495429
vt 0.532697 0.504811
vt 0.549044 0.495201
vt 0.541055 0.504688
vt 0.534272 0.514434
vt 0.814496 0.293941
vt 0.828733 0.298845
vt 0.825627 0.306382
vt 0.812094 0.300283
vt 0.842609 0.303806
vt 0.839611 0.312530
vt 0.829119 0.287605
vt 0.843283 0.291325
vt 0.856278 0.295814
vt 0.843501 0.274920
vt 0.856833 0.278525
vt 0.866403 0.281403
vt 0.855249 0.260956
vt 0.866094 0.263487
vt 0.873178 0.265670
vt 0.880926 0.251662
vt 0.881892 0.236780
vt 0.892659 0.239517
vt 0.883438 0.222035
vt 0.894013 0.224638
vt 0.908426 0.227615
vt 0.907346 0.242737
vt 0.923872 0.230829
vt 0.923312 0.245497
vt 0.938554 0.234364
vt 0.938836 0.248247
vt 0.646209 0.874825
vt 0.634938 0.883170
vt 0.628871 0.870896
vt 0.640409 0.862294
vt 0.618068 0.880011
vt 0.651206 0.886699
vt 0.658427 0.866333
vt 0.663176 0.879327
vt 0.666815 0.892499
vt 0.676285 0.871165
vt 0.679667 0.884845
vt 0.691170 0.862270
vt 0.694642 0.875964
vt 0.697549 0.889893
vt 0.710775 0.866549
vt 0.713823 0.879803
vt 0.716759 0.894055
vt 0.699076 0.904568
vt 0.718408 0.909178
vt 0.700510 0.919242
vt 0.720265 0.924134
vt 0.702919 0.933816
vt 0.723185 0.939026
vt 0.707150 0.948141
vt 0.727029 0.952300
vt 0.712092 0.960822
vt 0.729767 0.961325
vt 0.715854 0.969849
vt 0.701661 0.978234
vt 0.718002 0.975351
vt 0.703921 0.983524
vt 0.163977 0.665392
vt 0.161675 0.649330
vt 0.168653 0.648820
vt 0.170679 0.665563
vt 0.156910 0.665596
vt 0.154384 0.650057
vt 0.151242 0.632704
vt 0.143765 0.615481
vt 0.144450 0.651453
vt 0.140421 0.636208
vt 0.133205 0.622143
vt 0.125140 0.641858
vt 0.118309 0.630578
vt 0.109260 0.620788
vt 0.122463 0.611169
vt 0.131013 0.603405
vt 0.136067 0.598100
vt 0.110311 0.602023
vt 0.118326 0.593707
vt 0.123109 0.587988
vt 0.141133 0.592637
vt 0.127969 0.582121
vt 0.106503 0.584913
vt 0.111224 0.578531
vt 0.115755 0.572339
vt 0.133513 0.574883
vt 0.121296 0.564744
vt 0.099538 0.570235
vt 0.103596 0.563478
vt 0.108898 0.555024
vt 0.129981 0.552220
vt 0.116909 0.542030
vt 0.091464 0.556348
vt 0.096688 0.546605
vt 0.103205 0.532509
vt 0.124504 0.527508
vt 0.109234 0.517759
vt 0.084354 0.540014
vt 0.089317 0.525345
vt 0.092736 0.509874
vt 0.096606 0.494509
vt 0.075520 0.520295
vt 0.077434 0.504491
vt 0.080329 0.488327
vt 0.098788 0.482948
vt 0.082806 0.475539
vt 0.706384 0.490570
vt 0.718513 0.494713
vt 0.717730 0.506079
vt 0.706202 0.499575
vt 0.730261 0.497482
vt 0.725793 0.512534
vt 0.736020 0.499405
vt 0.721550 0.481133
vt 0.733209 0.482419
vt 0.739177 0.482953
vt 0.743891 0.484202
vt 0.736128 0.466474
vt 0.741773 0.466637
vt 0.746949 0.467081
vt 0.752046 0.467991
vt 0.745167 0.451086
vt 0.750302 0.451261
vt 0.755513 0.451544
vt 0.762058 0.452104
vt 0.753539 0.436072
vt 0.759140 0.436045
vt 0.767339 0.436312
vt 0.780559 0.437780
vt 0.762826 0.420381
vt 0.772591 0.420209
vt 0.786658 0.420736
vt 0.801805 0.421942
vt 0.777211 0.403134
vt 0.791863 0.402572
vt 0.807391 0.402633
vt 0.822382 0.403871
vt 0.794776 0.386328
vt 0.810001 0.386318
vt 0.825274 0.386807
vt 0.839827 0.387883
vt 0.810822 0.377610
vt 0.825905 0.378174
vt 0.840617 0.379079
vt 0.855050 0.379961
vt 0.826394 0.372431
vt 0.841149 0.373376
vt 0.856163 0.374429
vt 0.868011 0.381514
vt 0.869064 0.375987
vt 0.458942 0.273315
vt 0.445307 0.280641
vt 0.439808 0.269657
vt 0.453730 0.262799
vt 0.464406 0.284228
vt 0.451106 0.291694
vt 0.470370 0.295688
vt 0.457451 0.303022
vt 0.477043 0.307728
vt 0.464476 0.314646
vt 0.484025 0.320141
vt 0.471781 0.326684
vt 0.491063 0.332968
vt 0.478946 0.339022
vt 0.497478 0.345856
vt 0.485267 0.351431
vt 0.502587 0.357542
vt 0.490142 0.362522
vt 0.505754 0.365979
vt 0.493055 0.370329
vt 0.480240 0.374418
vt 0.494870 0.375899
vt 0.481971 0.379466
vt 0.468893 0.382811
vt 0.483887 0.385075
vt 0.470590 0.387353
vt 0.457664 0.390023
vt 0.472775 0.395219
vt 0.460192 0.396453
vt 0.474189 0.406514
vt 0.461690 0.406660
vt 0.474425 0.419645
vt 0.461646 0.419320
vt 0.472913 0.432216
vt 0.458674 0.431262
vt 0.469932 0.443798
vt 0.487722 0.432812
vt 0.485399 0.444704
vt 0.482104 0.456380
vt 0.501107 0.445556
vt 0.498860 0.457190
vt 0.496796 0.467011
vt 0.516443 0.457458
vt 0.515388 0.465704
vt 0.515040 0.471113
vt 0.535904 0.465273
vt 0.536202 0.470015
vt 0.536044 0.474972
vt 0.552988 0.469500
vt 0.552370 0.474068
vt 0.550022 0.479898
vt 0.564738 0.471199
vt 0.561945 0.477051
vt 0.557485 0.485473
vt 0.580218 0.470559
vt 0.581435 0.478485
vt 0.801057 0.286640
vt 0.799083 0.293515
vt 0.786089 0.286371
vt 0.787521 0.272771
vt 0.598827 0.449982
vt 0.597169 0.459236
vt 0.581123 0.462687
vt 0.615903 0.430003
vt 0.617606 0.437564
vt 0.598314 0.442818
vt 0.582328 0.456489
vt 0.597369 0.437489
vt 0.581073 0.450397
vt 0.565202 0.466017
vt 0.565061 0.460306
vt 0.579223 0.443028
vt 0.563431 0.451657
vt 0.552003 0.464191
vt 0.551070 0.455982
vt 0.561162 0.438914
vt 0.548518 0.442617
vt 0.535174 0.457076
vt 0.534097 0.444642
vt 0.545488 0.428293
vt 0.532074 0.430755
vt 0.517330 0.445420
vt 0.517568 0.432611
vt 0.529949 0.416760
vt 0.516520 0.418334
vt 0.502567 0.432795
vt 0.502367 0.419683
vt 0.514839 0.404548
vt 0.501376 0.405761
vt 0.488158 0.419804
vt 0.487735 0.406598
vt 0.499306 0.392737
vt 0.486085 0.394162
vt 0.509922 0.378687
vt 0.512677 0.390418
vt 0.496909 0.382038
vt 0.522514 0.375430
vt 0.525214 0.387901
vt 0.527741 0.402704
vt 0.537040 0.385242
vt 0.539806 0.400173
vt 0.542628 0.414580
vt 0.551651 0.396887
vt 0.555050 0.410327
vt 0.558240 0.424344
vt 0.568136 0.404050
vt 0.571710 0.417128
vt 0.575584 0.430846
vt 0.585686 0.407546
vt 0.590416 0.419873
vt 0.595274 0.430748
vt 0.604330 0.407968
vt 0.610044 0.417739
vt 0.613594 0.423762
vt 0.622420 0.405241
vt 0.626868 0.410708
vt 0.631001 0.415882
vt 0.638161 0.398311
vt 0.643022 0.402976
vt 0.649380 0.409675
vt 0.634660 0.424150
vt 0.655632 0.419059
vt 0.638417 0.433133
vt 0.660770 0.395736
vt 0.670154 0.403962
vt 0.678091 0.410923
vt 0.660649 0.427127
vt 0.641891 0.439763
vt 0.682462 0.415094
vt 0.664627 0.432646
vt 0.647702 0.443615
vt 0.624101 0.450492
vt 0.632678 0.453875
vt 0.665509 0.437489
vt 0.650848 0.446288
vt 0.638024 0.455994
vt 0.653597 0.448455
vt 0.641799 0.457000
vt 0.632691 0.463258
vt 0.627246 0.461206
vt 0.625592 0.456095
vt 0.618567 0.455872
vt 0.645206 0.457677
vt 0.648349 0.458193
vt 0.025246 0.741619
vt 0.022833 0.737871
vt 0.028951 0.746211
vt 0.022907 0.750663
vt 0.033266 0.751120
vt 0.027528 0.755591
vt 0.666104 0.442564
vt 0.033205 0.126423
vt 0.028546 0.125940
vt 0.022362 0.123326
vt 0.015806 0.121815
vt 0.681883 0.389302
vt 0.690618 0.395923
vt 0.694727 0.401184
vt 0.692368 0.373791
vt 0.700835 0.382769
vt 0.700989 0.358573
vt 0.709439 0.367378
vt 0.704922 0.349127
vt 0.714251 0.356146
vt 0.722158 0.364756
vt 0.717557 0.348079
vt 0.726518 0.354148
vt 0.735421 0.359137
vt 0.729811 0.370857
vt 0.744738 0.363464
vt 0.740209 0.373985
vt 0.707421 0.748206
vt 0.701170 0.748703
vt 0.697516 0.736969
vt 0.704778 0.736288
vt 0.748079 0.383730
vt 0.751318 0.379018
vt 0.909549 0.132955
vt 0.903816 0.140723
vt 0.880480 0.140528
vt 0.890047 0.129163
vt 0.704961 0.758927
vt 0.697668 0.760023
vt 0.695515 0.749224
vt 0.872412 0.131347
vt 0.863906 0.142591
vt 0.901792 0.110519
vt 0.885341 0.109600
vt 0.702281 0.767881
vt 0.692330 0.771421
vt 0.689377 0.762884
vt 0.869680 0.108609
vt 0.857547 0.131128
vt 0.889987 0.088764
vt 0.875478 0.082790
vt 0.697282 0.779356
vt 0.680287 0.786290
vt 0.677103 0.777867
vt 0.857144 0.082399
vt 0.852073 0.105982
vt 0.891323 0.190067
vt 0.896377 0.173519
vt 0.902668 0.176170
vt 0.899915 0.192749
vt 0.686086 0.797768
vt 0.668789 0.806520
vt 0.664496 0.794167
vt 0.911475 0.195980
vt 0.912102 0.179418
vt 0.895493 0.209782
vt 0.909824 0.212326
vt 0.675539 0.820263
vt 0.660159 0.830189
vt 0.655015 0.816270
vt 0.925247 0.215479
vt 0.924871 0.199612
vt 0.666499 0.843812
vt 0.652564 0.853153
vt 0.647186 0.839720
vt 0.938215 0.219672
vt 0.671698 0.857405
vt 0.681361 0.833961
vt 0.686857 0.848107
vt 0.698700 0.825171
vt 0.703342 0.839978
vt 0.707232 0.853298
vt 0.718472 0.833811
vt 0.722364 0.846456
vt 0.725569 0.857932
vt 0.732036 0.842985
vt 0.735379 0.853539
vt 0.739429 0.865746
vt 0.729530 0.870685
vt 0.742495 0.881648
vt 0.732512 0.886199
vt 0.745809 0.897351
vt 0.734396 0.901567
vt 0.748560 0.911794
vt 0.736462 0.916389
vt 0.751831 0.925743
vt 0.738844 0.930934
vt 0.754786 0.938560
vt 0.741975 0.944103
vt 0.755826 0.946918
vt 0.743423 0.953269
vt 0.756210 0.952325
vt 0.744467 0.959417
vt 0.731545 0.967328
vt 0.169164 0.695487
vt 0.166595 0.680776
vt 0.173464 0.681436
vt 0.176221 0.696548
vt 0.161951 0.694595
vt 0.159478 0.680400
vt 0.152316 0.693769
vt 0.150146 0.680337
vt 0.147512 0.666210
vt 0.137046 0.680601
vt 0.134131 0.667574
vt 0.130230 0.654527
vt 0.118335 0.669507
vt 0.114621 0.658177
vt 0.109865 0.647646
vt 0.104189 0.637824
vt 0.101716 0.661339
vt 0.098464 0.651850
vt 0.094195 0.642688
vt 0.090309 0.654995
vt 0.086947 0.646335
vt 0.082224 0.637590
vt 0.088430 0.633768
vt 0.096839 0.628734
vt 0.081089 0.625291
vt 0.088436 0.619975
vt 0.099037 0.611878
vt 0.080047 0.612711
vt 0.089093 0.604304
vt 0.098872 0.594131
vt 0.079903 0.597990
vt 0.088270 0.587304
vt 0.095073 0.577437
vt 0.078489 0.581562
vt 0.084195 0.571552
vt 0.087667 0.563835
vt 0.073358 0.566504
vt 0.076472 0.558850
vt 0.079658 0.550888
vt 0.065386 0.553573
vt 0.068128 0.545596
vt 0.071875 0.534836
vt 0.056160 0.540294
vt 0.058861 0.530196
vt 0.061824 0.516249
vt 0.064457 0.501048
vt 0.687768 0.468230
vt 0.697844 0.472931
vt 0.696299 0.483693
vt 0.687321 0.477069
vt 0.708300 0.477248
vt 0.697806 0.461966
vt 0.709726 0.464428
vt 0.723652 0.466064
vt 0.709770 0.451460
vt 0.725519 0.451697
vt 0.738838 0.451112
vt 0.726754 0.437568
vt 0.740674 0.436503
vt 0.747849 0.436116
vt 0.741694 0.421946
vt 0.749676 0.421229
vt 0.756185 0.420709
vt 0.752368 0.406079
vt 0.759157 0.405397
vt 0.766360 0.404408
vt 0.762316 0.390300
vt 0.769140 0.388631
vt 0.779893 0.387030
vt 0.770747 0.377124
vt 0.780793 0.376799
vt 0.795485 0.376906
vt 0.781272 0.370170
vt 0.795894 0.370963
vt 0.811196 0.371686
vt 0.485836 0.259544
vt 0.472756 0.266213
vt 0.467955 0.256208
vt 0.481696 0.249989
vt 0.490490 0.270509
vt 0.477636 0.276978
vt 0.495976 0.282986
vt 0.483219 0.288871
vt 0.501919 0.295666
vt 0.489461 0.301338
vt 0.508073 0.308583
vt 0.496053 0.314070
vt 0.502895 0.327152
vt 0.514457 0.321788
vt 0.509406 0.340402
vt 0.520877 0.335541
vt 0.520021 0.303409
vt 0.525814 0.316757
vt 0.531432 0.330483
vt 0.526321 0.348481
vt 0.536314 0.343543
vt 0.537400 0.311364
vt 0.542450 0.324686
vt 0.546764 0.337263
vt 0.539674 0.353382
vt 0.549939 0.348012
vt 0.554156 0.318008
vt 0.558421 0.330274
vt 0.562003 0.341456
vt 0.552550 0.357215
vt 0.564794 0.351459
vt 0.570616 0.323123
vt 0.574275 0.334785
vt 0.577246 0.344927
vt 0.568139 0.361735
vt 0.580434 0.355184
vt 0.586308 0.328486
vt 0.588945 0.338631
vt 0.591870 0.348393
vt 0.584982 0.364741
vt 0.600358 0.332563
vt 0.602173 0.342532
vt 0.611964 0.327038
vt 0.612588 0.337548
vt 0.624923 0.322616
vt 0.624626 0.333583
vt 0.623254 0.345167
vt 0.620896 0.353813
vt 0.638551 0.330644
vt 0.637023 0.341803
vt 0.634639 0.352635
vt 0.651241 0.341589
vt 0.647541 0.353588
vt 0.642085 0.365419
vt 0.634550 0.376491
vt 0.658614 0.356502
vt 0.651000 0.369092
vt 0.642197 0.381468
vt 0.625796 0.386964
vt 0.632833 0.393429
vt 0.657286 0.372661
vt 0.648057 0.385603
vt 0.663169 0.376020
vt 0.653573 0.389612
vt 0.671392 0.381524
vt 0.672786 0.362035
vt 0.681826 0.365734
vt 0.680990 0.347854
vt 0.690312 0.350749
vt 0.685688 0.338061
vt 0.694230 0.341655
vt 0.688023 0.329541
vt 0.696663 0.334022
vt 0.708020 0.340129
vt 0.698560 0.322927
vt 0.709914 0.328818
vt 0.721441 0.334818
vt 0.711430 0.308600
vt 0.722691 0.311428
vt 0.733570 0.315285
vt 0.730947 0.339622
vt 0.743862 0.318988
vt 0.740976 0.343634
vt 0.753661 0.321699
vt 0.750350 0.346913
vt 0.748204 0.740041
vt 0.726351 0.744165
vt 0.725838 0.731716
vt 0.741826 0.729932
vt 0.756937 0.363072
vt 0.759617 0.352840
vt 0.752249 0.749417
vt 0.729518 0.753668
vt 0.713182 0.756931
vt 0.732651 0.760814
vt 0.716661 0.764118
vt 0.708922 0.765709
vt 0.719712 0.772094
vt 0.712562 0.774303
vt 0.706247 0.776344
vt 0.717428 0.786050
vt 0.710641 0.788132
vt 0.701829 0.790948
vt 0.716059 0.802447
vt 0.707395 0.805070
vt 0.692256 0.810980
vt 0.713458 0.819445
vt 0.722166 0.817240
vt 0.728080 0.831185
vt 0.729249 0.815153
vt 0.734831 0.829253
vt 0.738890 0.840916
vt 0.743136 0.827181
vt 0.747270 0.839106
vt 0.750816 0.849152
vt 0.742005 0.851634
vt 0.753764 0.861241
vt 0.744850 0.863621
vt 0.758130 0.876772
vt 0.749258 0.879045
vt 0.763351 0.891865
vt 0.753613 0.894812
vt 0.767510 0.906152
vt 0.757131 0.909031
vt 0.771155 0.920234
vt 0.760953 0.922917
vt 0.774896 0.933151
vt 0.764197 0.935689
vt 0.778214 0.940486
vt 0.766542 0.943085
vt 0.780658 0.945395
vt 0.767889 0.948501
vt 0.166348 0.731852
vt 0.171389 0.720295
vt 0.177345 0.721862
vt 0.171804 0.733666
vt 0.171867 0.708842
vt 0.178676 0.710199
vt 0.164207 0.718804
vt 0.164139 0.707595
vt 0.153022 0.716706
vt 0.153744 0.706134
vt 0.137306 0.713873
vt 0.138767 0.704129
vt 0.138656 0.692999
vt 0.121352 0.701782
vt 0.121692 0.691913
vt 0.120623 0.681084
vt 0.106340 0.690969
vt 0.105496 0.681316
vt 0.103859 0.671269
vt 0.095369 0.681470
vt 0.094181 0.672370
vt 0.092363 0.663577
vt 0.086783 0.673152
vt 0.085642 0.665293
vt 0.083922 0.657669
vt 0.081343 0.649495
vt 0.080640 0.666572
vt 0.078905 0.660017
vt 0.076533 0.652487
vt 0.073408 0.643466
vt 0.077377 0.640743
vt 0.068135 0.634582
vt 0.071423 0.632099
vt 0.075501 0.629264
vt 0.064789 0.625063
vt 0.068287 0.622361
vt 0.073249 0.618442
vt 0.061332 0.616467
vt 0.065797 0.612559
vt 0.071689 0.606788
vt 0.058946 0.607201
vt 0.064117 0.601306
vt 0.070715 0.592537
vt 0.056745 0.596185
vt 0.062238 0.587500
vt 0.068270 0.576666
vt 0.053916 0.582823
vt 0.058580 0.571889
vt 0.062404 0.561636
vt 0.049053 0.567115
vt 0.051846 0.556603
vt 0.053978 0.548264
vt 0.693954 0.707728
vt 0.699964 0.705643
vt 0.710285 0.708368
vt 0.706073 0.712582
vt 0.706635 0.702914
vt 0.712064 0.705050
vt 0.047081 0.531673
vt 0.049107 0.524910
vt 0.693628 0.703778
vt 0.698688 0.701118
vt 0.705598 0.697434
vt 0.717363 0.699112
vt 0.688256 0.460194
vt 0.692709 0.698162
vt 0.698591 0.694224
vt 0.707741 0.687890
vt 0.719849 0.691249
vt 0.699471 0.451187
vt 0.692142 0.690543
vt 0.700146 0.684528
vt 0.711562 0.676471
vt 0.720253 0.680980
vt 0.712396 0.439282
vt 0.693669 0.679085
vt 0.702106 0.669976
vt 0.710533 0.658745
vt 0.720225 0.665270
vt 0.728459 0.424150
vt 0.693520 0.662969
vt 0.700617 0.650763
vt 0.706887 0.639949
vt 0.717089 0.647783
vt 0.743079 0.407699
vt 0.690736 0.643644
vt 0.696609 0.631316
vt 0.700790 0.622020
vt 0.710751 0.631824
vt 0.755470 0.391735
vt 0.687370 0.624637
vt 0.691570 0.614969
vt 0.694622 0.608060
vt 0.703389 0.615492
vt 0.764003 0.378077
vt 0.683802 0.610188
vt 0.687330 0.603256
vt 0.771478 0.369646
vt 0.764444 0.369449
vt 0.510748 0.248413
vt 0.498014 0.253453
vt 0.493791 0.244603
vt 0.506025 0.239023
vt 0.516037 0.260029
vt 0.502989 0.265023
vt 0.521476 0.272529
vt 0.508579 0.277716
vt 0.526804 0.285135
vt 0.514314 0.290437
vt 0.532116 0.298164
vt 0.539737 0.279369
vt 0.544505 0.292189
vt 0.549462 0.305289
vt 0.557324 0.285785
vt 0.561976 0.298372
vt 0.566513 0.310734
vt 0.575135 0.291354
vt 0.579168 0.303886
vt 0.582990 0.316653
vt 0.592529 0.297895
vt 0.595506 0.310574
vt 0.598397 0.322458
vt 0.608713 0.304869
vt 0.610773 0.316657
vt 0.622932 0.299935
vt 0.624394 0.311824
vt 0.637819 0.296294
vt 0.638981 0.308722
vt 0.639233 0.319969
vt 0.653636 0.308319
vt 0.653924 0.320109
vt 0.653315 0.330685
vt 0.668207 0.322846
vt 0.667561 0.333025
vt 0.664555 0.344020
vt 0.677860 0.335732
vt 0.673932 0.346461
vt 0.666348 0.359585
vt 0.679593 0.326169
vt 0.667692 0.310405
vt 0.679800 0.313729
vt 0.689218 0.317338
vt 0.678414 0.296916
vt 0.688700 0.299436
vt 0.700183 0.303282
vt 0.687143 0.280134
vt 0.698626 0.281666
vt 0.710500 0.283999
vt 0.695906 0.262393
vt 0.707676 0.263051
vt 0.719414 0.264840
vt 0.721813 0.287132
vt 0.730358 0.266454
vt 0.732897 0.290359
vt 0.740654 0.267364
vt 0.742974 0.292961
vt 0.750252 0.268880
vt 0.752214 0.294622
vt 0.791521 0.730013
vt 0.770749 0.735139
vt 0.771733 0.723813
vt 0.785769 0.719329
vt 0.763848 0.319397
vt 0.762464 0.299615
vt 0.796222 0.740325
vt 0.774987 0.744762
vt 0.800762 0.750426
vt 0.779069 0.753712
vt 0.755958 0.757415
vt 0.783080 0.764670
vt 0.759611 0.767151
vt 0.735951 0.769585
vt 0.763523 0.778947
vt 0.740958 0.781780
vt 0.725427 0.784090
vt 0.746456 0.795437
vt 0.731731 0.798460
vt 0.723342 0.800411
vt 0.737387 0.812937
vt 0.751685 0.809833
vt 0.757545 0.824201
vt 0.772387 0.806419
vt 0.777121 0.820859
vt 0.781335 0.833799
vt 0.762201 0.836449
vt 0.784316 0.843867
vt 0.765812 0.846789
vt 0.787246 0.854704
vt 0.769099 0.858150
vt 0.790630 0.868866
vt 0.773107 0.872846
vt 0.794281 0.883538
vt 0.777687 0.887788
vt 0.798008 0.898301
vt 0.782212 0.902449
vt 0.801427 0.912671
vt 0.786177 0.916435
vt 0.804136 0.925187
vt 0.789652 0.928942
vt 0.806008 0.934572
vt 0.792106 0.937092
vt 0.807153 0.940612
vt 0.793797 0.942640
vt 0.150025 0.754242
vt 0.158289 0.742999
vt 0.163931 0.745304
vt 0.155273 0.756447
vt 0.143939 0.751147
vt 0.152142 0.740473
vt 0.159884 0.729696
vt 0.142542 0.736715
vt 0.149160 0.726597
vt 0.129423 0.732417
vt 0.134134 0.723088
vt 0.113826 0.727494
vt 0.117481 0.719099
vt 0.119829 0.710777
vt 0.102888 0.715369
vt 0.104941 0.707750
vt 0.105998 0.699718
vt 0.094978 0.705702
vt 0.095541 0.698253
vt 0.095602 0.690283
vt 0.088072 0.697221
vt 0.088323 0.689720
vt 0.087718 0.681575
vt 0.082560 0.689253
vt 0.082881 0.681615
vt 0.081781 0.673844
vt 0.078474 0.681455
vt 0.077489 0.674306
vt 0.074375 0.681496
vt 0.073478 0.674832
vt 0.070651 0.681077
vt 0.070331 0.674732
vt 0.887634 0.939697
vt 0.892961 0.937349
vt 0.889813 0.941833
vt 0.068414 0.673981
vt 0.881318 0.944030
vt 0.885624 0.938711
vt 0.883600 0.945755
vt 0.069930 0.687943
vt 0.066230 0.687532
vt 0.067359 0.682348
vt 0.073840 0.688367
vt 0.073292 0.695166
vt 0.073559 0.701494
vt 0.077762 0.688863
vt 0.077669 0.695659
vt 0.077490 0.702235
vt 0.073586 0.707380
vt 0.077423 0.708513
vt 0.082130 0.696370
vt 0.081896 0.703034
vt 0.081150 0.709561
vt 0.076743 0.714800
vt 0.080149 0.716269
vt 0.087432 0.704222
vt 0.086539 0.711058
vt 0.084893 0.718059
vt 0.078577 0.723375
vt 0.082822 0.725248
vt 0.093570 0.713005
vt 0.091279 0.720195
vt 0.088079 0.727348
vt 0.080291 0.732018
vt 0.084649 0.734073
vt 0.099704 0.722949
vt 0.096148 0.730377
vt 0.091729 0.737543
vt 0.081137 0.740547
vt 0.087304 0.744323
vt 0.109072 0.735751
vt 0.104296 0.743780
vt 0.098527 0.751527
vt 0.082941 0.750740
vt 0.093280 0.758806
vt 0.116989 0.750768
vt 0.110594 0.759475
vt 0.104086 0.767909
vt 0.087918 0.765584
vt 0.098020 0.775794
vt 0.120667 0.766627
vt 0.113983 0.776231
vt 0.107222 0.785639
vt 0.091942 0.783065
vt 0.100990 0.794159
vt 0.121086 0.782355
vt 0.114076 0.792545
vt 0.107464 0.802047
vt 0.094412 0.800722
vt 0.100494 0.809099
vt 0.118418 0.797255
vt 0.110512 0.807242
vt 0.104285 0.814678
vt 0.114762 0.812034
vt 0.107989 0.819456
vt 0.082158 0.771838
vt 0.085550 0.789077
vt 0.077036 0.777543
vt 0.070539 0.767750
vt 0.074475 0.762430
vt 0.078316 0.756899
vt 0.068782 0.755609
vt 0.072292 0.751047
vt 0.076418 0.746167
vt 0.069481 0.748291
vt 0.073195 0.743845
vt 0.076807 0.738345
vt 0.070527 0.741486
vt 0.073292 0.736279
vt 0.076000 0.730301
vt 0.070272 0.734609
vt 0.072848 0.728557
vt 0.075127 0.721802
vt 0.069997 0.727049
vt 0.072244 0.720338
vt 0.073378 0.713439
vt 0.069479 0.719182
vt 0.065581 0.725380
vt 0.068547 0.717951
vt 0.067045 0.726093
vt 0.959737 0.566954
vt 0.955849 0.558264
vt 0.958710 0.558475
vt 0.961878 0.565077
vt 0.957107 0.569715
vt 0.951992 0.559336
vt 0.954388 0.573846
vt 0.947297 0.563262
vt 0.942316 0.556333
vt 0.941044 0.570447
vt 0.934716 0.563779
vt 0.929965 0.558724
vt 0.937970 0.551219
vt 0.941091 0.539629
vt 0.933814 0.546354
vt 0.925723 0.554061
vt 0.720960 0.135967
vt 0.718424 0.138861
vt 0.706731 0.132164
vt 0.709034 0.128802
vt 0.920940 0.567235
vt 0.916251 0.562612
vt 0.695452 0.121393
vt 0.693055 0.125007
vt 0.712702 0.124004
vt 0.698720 0.116281
vt 0.678233 0.117330
vt 0.680281 0.113353
vt 0.682756 0.108549
vt 0.664667 0.105689
vt 0.666163 0.100742
vt 0.667941 0.095008
vt 0.685126 0.101860
vt 0.702002 0.108874
vt 0.686105 0.096642
vt 0.702533 0.102758
vt 0.718157 0.110190
vt 0.716621 0.116669
vt 0.731379 0.119458
vt 0.728614 0.126302
vt 0.724571 0.132059
vt 0.739450 0.134843
vt 0.734955 0.139452
vt 0.731348 0.142771
vt 0.744238 0.145534
vt 0.739498 0.148359
vt 0.735813 0.150953
vt 0.728140 0.145473
vt 0.742361 0.154405
vt 0.946988 0.534053
vt 0.950039 0.528262
vt 0.745184 0.157059
vt 0.953993 0.525878
vt 0.951410 0.524445
vt 0.744746 0.707581
vt 0.744081 0.710717
vt 0.740693 0.711372
vt 0.741695 0.709004
vt 0.880495 0.941548
vt 0.883307 0.937867
vt 0.956941 0.527222
vt 0.747926 0.706897
vt 0.748531 0.711188
vt 0.740560 0.702996
vt 0.754019 0.706580
vt 0.754711 0.712541
vt 0.762686 0.702226
vt 0.764052 0.708079
vt 0.760622 0.712597
vt 0.890426 0.904874
vt 0.895897 0.905476
vt 0.893500 0.917545
vt 0.888854 0.916593
vt 0.901636 0.906215
vt 0.899890 0.918132
vt 0.907430 0.907185
vt 0.906654 0.916902
vt 0.914440 0.907580
vt 0.914617 0.915381
vt 0.915703 0.920748
vt 0.917398 0.924571
vt 0.927087 0.913863
vt 0.928130 0.918667
vt 0.929101 0.922581
vt 0.920283 0.925879
vt 0.929761 0.924334
vt 0.941982 0.921323
vt 0.941023 0.925013
vt 0.939476 0.926488
vt 0.065061 0.636998
vt 0.062630 0.638937
vt 0.056111 0.630716
vt 0.058472 0.629254
vt 0.948620 0.929731
vt 0.051682 0.622819
vt 0.048968 0.623495
vt 0.061346 0.627519
vt 0.054673 0.620999
vt 0.048629 0.615590
vt 0.057699 0.619231
vt 0.051536 0.613659
vt 0.043594 0.610788
vt 0.046092 0.609093
vt 0.054515 0.611454
vt 0.048801 0.606583
vt 0.039103 0.606966
vt 0.041176 0.604488
vt 0.043275 0.601659
vt 0.052135 0.602569
vt 0.045737 0.597699
vt 0.036341 0.600119
vt 0.037898 0.596940
vt 0.039555 0.593160
vt 0.049156 0.591864
vt 0.042024 0.587349
vt 0.032281 0.592280
vt 0.033137 0.588306
vt 0.034500 0.582956
vt 0.045358 0.578386
vt 0.036982 0.573964
vt 0.026393 0.583738
vt 0.026780 0.578541
vt 0.028336 0.570217
vt 0.039460 0.563157
vt 0.029897 0.560171
vt 0.662611 0.716011
vt 0.667357 0.713443
vt 0.671980 0.715980
vt 0.666772 0.722155
vt 0.675684 0.709907
vt 0.679959 0.714619
vt 0.688728 0.706284
vt 0.681751 0.704658
vt 0.662112 0.711851
vt 0.669376 0.707625
vt 0.674835 0.703573
vt 0.686731 0.700976
vt 0.680015 0.698935
vt 0.662813 0.705103
vt 0.669524 0.700322
vt 0.673627 0.696525
vt 0.684866 0.694668
vt 0.678718 0.691519
vt 0.663983 0.695539
vt 0.668815 0.691445
vt 0.673246 0.687731
vt 0.686197 0.686837
vt 0.678242 0.682145
vt 0.663682 0.685822
vt 0.667348 0.681500
vt 0.672095 0.677370
vt 0.686293 0.674297
vt 0.677039 0.668814
vt 0.660919 0.675538
vt 0.663862 0.670748
vt 0.668728 0.664006
vt 0.684365 0.657531
vt 0.674784 0.651897
vt 0.656194 0.665839
vt 0.659813 0.658651
vt 0.665711 0.647209
vt 0.681640 0.638035
vt 0.672635 0.633274
vt 0.679206 0.619849
vt 0.635672 0.183017
vt 0.620854 0.190137
vt 0.618463 0.185522
vt 0.633520 0.178236
vt 0.606801 0.197453
vt 0.604044 0.192415
vt 0.594018 0.204736
vt 0.591058 0.198815
vt 0.580350 0.210084
vt 0.580805 0.203959
vt 0.609736 0.204012
vt 0.596774 0.211856
vt 0.583469 0.219041
vt 0.600368 0.221535
vt 0.586930 0.229032
vt 0.572720 0.236463
vt 0.568345 0.225947
vt 0.562393 0.213238
vt 0.558523 0.243000
vt 0.553676 0.231794
vt 0.548160 0.220041
vt 0.539338 0.237495
vt 0.534373 0.226339
vt 0.525091 0.243085
vt 0.520227 0.232876
vt 0.544379 0.248986
vt 0.530020 0.254671
vt 0.548720 0.260909
vt 0.534966 0.266860
vt 0.553087 0.273181
vt 0.562981 0.254667
vt 0.567037 0.266864
vt 0.571088 0.279118
vt 0.581458 0.260438
vt 0.585428 0.272654
vt 0.589243 0.284860
vt 0.599794 0.266191
vt 0.603364 0.279251
vt 0.606383 0.292210
vt 0.617596 0.273976
vt 0.620757 0.287191
vt 0.631912 0.269244
vt 0.635469 0.282990
vt 0.646013 0.265589
vt 0.649576 0.280189
vt 0.652548 0.294634
vt 0.663283 0.279047
vt 0.666272 0.295087
vt 0.676007 0.278954
vt 0.659609 0.263345
vt 0.672277 0.262209
vt 0.684298 0.261449
vt 0.668125 0.245467
vt 0.679831 0.244405
vt 0.691816 0.243602
vt 0.675213 0.226837
vt 0.686234 0.225624
vt 0.698251 0.224361
vt 0.703679 0.243334
vt 0.710342 0.223440
vt 0.715406 0.243501
vt 0.722282 0.223572
vt 0.726614 0.243774
vt 0.734658 0.223893
vt 0.737517 0.244248
vt 0.746962 0.224954
vt 0.748167 0.245885
vt 0.758803 0.225650
vt 0.758543 0.246567
vt 0.761009 0.264780
vt 0.834445 0.733487
vt 0.816146 0.736570
vt 0.810929 0.725115
vt 0.828732 0.721466
vt 0.839866 0.746652
vt 0.821190 0.748137
vt 0.845399 0.760922
vt 0.826772 0.761385
vt 0.805492 0.762527
vt 0.832097 0.774776
vt 0.809693 0.775415
vt 0.786934 0.776776
vt 0.812940 0.788417
vt 0.790315 0.789901
vt 0.767909 0.792120
vt 0.794080 0.803710
vt 0.818900 0.815136
vt 0.797540 0.817991
vt 0.815767 0.801696
vt 0.821611 0.827773
vt 0.800928 0.831178
vt 0.824091 0.837957
vt 0.803538 0.840808
vt 0.826256 0.848725
vt 0.806046 0.851527
vt 0.828159 0.861969
vt 0.808847 0.865239
vt 0.829800 0.876534
vt 0.811594 0.880058
vt 0.831051 0.891169
vt 0.814254 0.894693
vt 0.832139 0.906323
vt 0.816691 0.909162
vt 0.832664 0.920057
vt 0.818413 0.922217
vt 0.832933 0.930599
vt 0.819545 0.932380
vt 0.833157 0.937473
vt 0.820565 0.938524
vt 0.833331 0.943381
vt 0.821057 0.944494
vt 0.810210 0.944746
vt 0.128211 0.772010
vt 0.135914 0.761729
vt 0.141848 0.765302
vt 0.133603 0.776018
vt 0.127812 0.756942
vt 0.135138 0.746940
vt 0.123326 0.741711
vt 0.125972 0.786660
vt 0.845986 0.936472
vt 0.845633 0.942378
vt 0.858879 0.935465
vt 0.857714 0.941133
vt 0.119321 0.802853
vt 0.846410 0.929614
vt 0.860194 0.929005
vt 0.873410 0.928388
vt 0.871121 0.934882
vt 0.880572 0.935377
vt 0.881894 0.928799
vt 0.862530 0.918661
vt 0.875294 0.918958
vt 0.883420 0.919757
vt 0.877369 0.904880
vt 0.885741 0.905910
vt 0.065709 0.753119
vt 0.065461 0.760225
vt 0.063296 0.757223
vt 0.061604 0.754466
vt 0.064229 0.750836
vt 0.066757 0.746441
vt 0.062638 0.748185
vt 0.065172 0.744435
vt 0.067951 0.739960
vt 0.063344 0.743157
vt 0.065092 0.738853
vt 0.066669 0.733818
vt 0.063582 0.732586
vt 0.061780 0.733086
vt 0.965441 0.574326
vt 0.966853 0.570853
vt 0.963676 0.578048
vt 0.961351 0.582295
vt 0.963200 0.595212
vt 0.956923 0.589278
vt 0.949987 0.580973
vt 0.945402 0.596946
vt 0.940440 0.589313
vt 0.932428 0.579042
vt 0.927936 0.595909
vt 0.921787 0.587284
vt 0.915924 0.581089
vt 0.925981 0.572174
vt 0.910739 0.576347
vt 0.905845 0.590450
vt 0.900872 0.586101
vt 0.896166 0.582282
vt 0.905858 0.571914
vt 0.892006 0.596069
vt 0.887746 0.593096
vt 0.648829 0.099193
vt 0.663009 0.109823
vt 0.647935 0.102998
vt 0.632717 0.096267
vt 0.633023 0.092694
vt 0.633902 0.088263
vt 0.649629 0.093962
vt 0.634795 0.082857
vt 0.650630 0.087724
vt 0.635942 0.077034
vt 0.652463 0.082684
vt 0.669173 0.090084
vt 0.654371 0.078119
vt 0.670185 0.085527
vt 0.686010 0.092479
vt 0.921525 0.613831
vt 0.935049 0.609230
vt 0.937717 0.614486
vt 0.923700 0.618960
vt 0.948940 0.603196
vt 0.952132 0.608594
vt 0.702982 0.098679
vt 0.965967 0.601841
vt 0.719743 0.106004
vt 0.932025 0.603128
vt 0.919015 0.608097
vt 0.915752 0.602001
vt 0.906297 0.613420
vt 0.903489 0.608781
vt 0.900084 0.604084
vt 0.910900 0.595713
vt 0.896243 0.599772
vt 0.888931 0.611702
vt 0.886041 0.608438
vt 0.882763 0.605691
vt 0.876130 0.616985
vt 0.873558 0.615367
vt 0.870626 0.614146
vt 0.879041 0.603686
vt 0.864045 0.624291
vt 0.862189 0.622840
vt 0.602337 0.082149
vt 0.618211 0.087616
vt 0.618890 0.090847
vt 0.602532 0.084211
vt 0.602198 0.079064
vt 0.617989 0.083854
vt 0.602395 0.075978
vt 0.617821 0.079592
vt 0.602613 0.072308
vt 0.618049 0.075365
vt 0.602768 0.068871
vt 0.618875 0.071763
vt 0.638355 0.071292
vt 0.881441 0.627393
vt 0.894753 0.623146
vt 0.895480 0.627189
vt 0.881532 0.630768
vt 0.908319 0.618223
vt 0.909525 0.622937
vt 0.893494 0.619130
vt 0.880766 0.624439
vt 0.879936 0.621635
vt 0.891518 0.615368
vt 0.878213 0.619043
vt 0.868349 0.628176
vt 0.866664 0.627235
vt 0.865706 0.625832
vt 0.856071 0.634198
vt 0.855566 0.633504
vt 0.855056 0.632745
vt 0.848664 0.638709
vt 0.848248 0.638496
vt 0.847628 0.638546
vt 0.853950 0.632299
vt 0.579689 0.071567
vt 0.588800 0.075941
vt 0.588736 0.076912
vt 0.579714 0.071873
vt 0.579635 0.070970
vt 0.588665 0.074560
vt 0.588662 0.073224
vt 0.588753 0.071821
vt 0.588103 0.070633
vt 0.579773 0.069024
vt 0.586310 0.069158
vt 0.868679 0.631310
vt 0.868490 0.633008
vt 0.856745 0.637287
vt 0.856666 0.636459
vt 0.856455 0.635709
vt 0.868695 0.629624
vt 0.856191 0.635064
vt 0.579436 0.068484
vt 0.578783 0.067536
vt 0.583805 0.065617
vt 0.584266 0.067514
vt 0.848786 0.639061
vt 0.848811 0.639533
vt 0.846135 0.641095
vt 0.845957 0.640958
vt 0.846524 0.640337
vt 0.845837 0.640720
vt 0.576953 0.068328
vt 0.576302 0.068097
vt 0.575352 0.068372
vt 0.576558 0.068442
vt 0.575690 0.068824
vt 0.576549 0.069710
vt 0.576464 0.069418
vt 0.846969 0.638539
vt 0.060691 0.747475
vt 0.059240 0.750473
vt 0.060353 0.752002
vt 0.758839 0.131804
vt 0.747674 0.125851
vt 0.748852 0.121966
vt 0.761971 0.127772
vt 0.732441 0.114065
vt 0.734226 0.111466
vt 0.754664 0.136443
vt 0.744549 0.130015
vt 0.750157 0.141892
vt 0.761729 0.140336
vt 0.769814 0.137608
vt 0.766885 0.142745
vt 0.765257 0.135380
vt 0.773668 0.139334
vt 0.771207 0.144608
vt 0.777510 0.140904
vt 0.775144 0.145993
vt 0.773293 0.151756
vt 0.776060 0.158160
vt 0.772375 0.157743
vt 0.777131 0.152709
vt 0.778842 0.147085
vt 0.780467 0.153374
vt 0.781897 0.147920
vt 0.780984 0.141986
vt 0.784064 0.143017
vt 0.786234 0.148726
vt 0.788203 0.144430
vt 0.783979 0.138313
vt 0.787587 0.139346
vt 0.790846 0.140960
vt 0.793362 0.145369
vt 0.795926 0.141746
vt 0.807460 0.148139
vt 0.799507 0.146810
vt 0.801814 0.143662
vt 0.809669 0.145023
vt 0.805457 0.151523
vt 0.797853 0.150506
vt 0.791392 0.149138
vt 0.796271 0.154623
vt 0.789947 0.154260
vt 0.784573 0.153572
vt 0.788519 0.159253
vt 0.783794 0.159011
vt 0.779361 0.158114
vt 0.783326 0.164495
vt 0.779385 0.164323
vt 0.775596 0.164124
vt 0.780292 0.173355
vt 0.777756 0.173156
vt 0.727895 0.684829
vt 0.725330 0.690456
vt 0.722567 0.688358
vt 0.724822 0.682884
vt 0.771976 0.163445
vt 0.726773 0.674845
vt 0.730249 0.675738
vt 0.727526 0.666350
vt 0.731495 0.666083
vt 0.735753 0.665868
vt 0.741298 0.665769
vt 0.753677 0.659067
vt 0.749490 0.666826
vt 0.764686 0.661605
vt 0.761367 0.669188
vt 0.758981 0.681280
vt 0.774461 0.672494
vt 0.772677 0.684074
vt 0.773562 0.695185
vt 0.760703 0.694069
vt 0.774743 0.702311
vt 0.787058 0.695547
vt 0.787911 0.701859
vt 0.788451 0.706963
vt 0.775588 0.707588
vt 0.801967 0.700851
vt 0.802468 0.706005
vt 0.899835 0.877782
vt 0.897535 0.892066
vt 0.892236 0.891181
vt 0.894751 0.876405
vt 0.905255 0.879047
vt 0.903223 0.893118
vt 0.910682 0.880000
vt 0.908833 0.894463
vt 0.916895 0.881073
vt 0.915389 0.895567
vt 0.924574 0.881499
vt 0.925378 0.896528
vt 0.926240 0.907423
vt 0.936518 0.894981
vt 0.939703 0.907093
vt 0.941728 0.915774
vt 0.947950 0.906085
vt 0.944381 0.893335
vt 0.950806 0.891818
vt 0.954252 0.904768
vt 0.956775 0.890518
vt 0.960285 0.903610
vt 0.964176 0.915859
vt 0.968599 0.925820
vt 0.779550 0.658842
vt 0.767685 0.655913
vt 0.769709 0.650822
vt 0.781416 0.653790
vt 0.757261 0.653464
vt 0.759687 0.648597
vt 0.777278 0.664541
vt 0.792147 0.662090
vt 0.790297 0.667911
vt 0.787640 0.675813
vt 0.803514 0.671264
vt 0.801853 0.678465
vt 0.800695 0.687334
vt 0.786296 0.686347
vt 0.801220 0.694912
vt 0.815980 0.687521
vt 0.815971 0.694148
vt 0.816303 0.700149
vt 0.830041 0.694192
vt 0.830032 0.699790
vt 0.830087 0.704906
vt 0.816366 0.705232
vt 0.906544 0.849696
vt 0.903280 0.863653
vt 0.898598 0.862113
vt 0.902210 0.847931
vt 0.911097 0.851297
vt 0.908189 0.865026
vt 0.915614 0.852703
vt 0.913232 0.866381
vt 0.920141 0.853644
vt 0.918863 0.867480
vt 0.925066 0.853882
vt 0.925017 0.867881
vt 0.929836 0.853387
vt 0.931416 0.867329
vt 0.933604 0.880636
vt 0.937524 0.866159
vt 0.941116 0.879468
vt 0.943354 0.864610
vt 0.947612 0.878122
vt 0.948572 0.863056
vt 0.953463 0.876749
vt 0.819120 0.667934
vt 0.805176 0.665392
vt 0.806809 0.660330
vt 0.820334 0.663327
vt 0.793743 0.657058
vt 0.817720 0.673755
vt 0.833101 0.670408
vt 0.832013 0.675883
vt 0.831018 0.681738
vt 0.816614 0.680437
vt 0.830430 0.688025
vt 0.844792 0.683921
vt 0.843935 0.689364
vt 0.843446 0.694874
vt 0.857555 0.691908
vt 0.857012 0.696179
vt 0.856671 0.700892
vt 0.843267 0.699982
vt 0.856638 0.704805
vt 0.843243 0.704600
vt 0.911706 0.822405
vt 0.909573 0.836379
vt 0.906195 0.834693
vt 0.909659 0.820942
vt 0.914144 0.823254
vt 0.913318 0.837739
vt 0.917401 0.824520
vt 0.917039 0.838663
vt 0.920409 0.825002
vt 0.920795 0.839176
vt 0.923602 0.824897
vt 0.924601 0.839219
vt 0.926478 0.824095
vt 0.928490 0.838785
vt 0.929285 0.823612
vt 0.932316 0.837873
vt 0.934801 0.852214
vt 0.936217 0.836686
vt 0.939558 0.850803
vt 0.939854 0.834989
vt 0.944004 0.849061
vt 0.846997 0.673009
vt 0.834124 0.665485
vt 0.847630 0.668155
vt 0.860856 0.672351
vt 0.860073 0.676479
vt 0.859182 0.681639
vt 0.845990 0.678467
vt 0.858323 0.686942
vt 0.872109 0.685575
vt 0.871487 0.689745
vt 0.871035 0.693905
vt 0.884582 0.692283
vt 0.884378 0.695044
vt 0.884109 0.697886
vt 0.870742 0.697533
vt 0.883913 0.700854
vt 0.870490 0.701247
vt 0.883851 0.703416
vt 0.870319 0.704661
vt 0.916285 0.793977
vt 0.914547 0.808499
vt 0.913118 0.807193
vt 0.914962 0.793407
vt 0.917462 0.794344
vt 0.916189 0.809332
vt 0.918609 0.794377
vt 0.918339 0.809952
vt 0.919567 0.794534
vt 0.920323 0.810118
vt 0.920635 0.794431
vt 0.922375 0.810031
vt 0.921966 0.795303
vt 0.924250 0.809772
vt 0.923368 0.796303
vt 0.926182 0.809360
vt 0.924314 0.795835
vt 0.929245 0.809488
vt 0.932229 0.822117
vt 0.932742 0.809435
vt 0.935229 0.820889
vt 0.924896 0.795149
vt 0.885337 0.686572
vt 0.872806 0.681516
vt 0.873504 0.677676
vt 0.885836 0.684022
vt 0.884970 0.689397
vt 0.898407 0.692745
vt 0.898398 0.694122
vt 0.897746 0.695291
vt 0.908980 0.696370
vt 0.909096 0.696630
vt 0.909208 0.697026
vt 0.897580 0.696504
vt 0.909613 0.697577
vt 0.897605 0.697990
vt 0.909549 0.698045
vt 0.897617 0.699393
vt 0.907255 0.698762
vt 0.897575 0.700365
vt 0.918077 0.779499
vt 0.917509 0.779125
vt 0.919118 0.765122
vt 0.918600 0.779215
vt 0.919198 0.779275
vt 0.919252 0.762753
vt 0.919086 0.762204
vt 0.919262 0.762184
vt 0.912368 0.695909
vt 0.912415 0.695534
vt 0.912940 0.695761
vt 0.912976 0.696449
vt 0.912766 0.697258
vt 0.912257 0.695997
vt 0.909370 0.695415
vt 0.909675 0.695249
vt 0.910085 0.694875
vt 0.904248 0.691588
vt 0.902051 0.692091
vt 0.901230 0.692186
vt 0.920724 0.779001
vt 0.921151 0.778889
vt 0.908861 0.695722
vt 0.900312 0.692184
vt 0.921524 0.778409
vt 0.908927 0.695928
vt 0.898582 0.692248
vt 0.922092 0.778783
vt 0.908910 0.696097
vt 0.926073 0.792249
vt 0.922705 0.778024
vt 0.911925 0.696343
vt 0.911634 0.696531
vt 0.911489 0.696780
vt 0.911609 0.697138
vt 0.912320 0.697811
vt 0.912546 0.697008
vt 0.919043 0.762057
vt 0.919338 0.761728
vt 0.912134 0.697947
vt 0.912268 0.696852
vt 0.912025 0.696150
vt 0.918408 0.764418
vt 0.975309 0.932652
vt 0.727217 0.660088
vt 0.786421 0.213720
vt 0.784779 0.216026
vt 0.783915 0.208534
vt 0.785685 0.206982
vt 0.725774 0.655815
vt 0.784109 0.196923
vt 0.782591 0.198784
vt 0.788158 0.205178
vt 0.786819 0.195843
vt 0.780313 0.185924
vt 0.782176 0.184682
vt 0.785143 0.183960
vt 0.790099 0.194437
vt 0.788995 0.183957
vt 0.784000 0.173151
vt 0.787968 0.173135
vt 0.793958 0.183756
vt 0.793520 0.174200
vt 0.787797 0.165238
vt 0.793676 0.165774
vt 0.801165 0.174871
vt 0.801568 0.167526
vt 0.794802 0.160120
vt 0.802364 0.161013
vt 0.812276 0.168854
vt 0.813196 0.162972
vt 0.803895 0.155838
vt 0.814359 0.157852
vt 0.827856 0.164964
vt 0.828780 0.160661
vt 0.815814 0.154026
vt 0.829679 0.156663
vt 0.842873 0.161978
vt 0.843818 0.158486
vt 0.817314 0.150530
vt 0.831046 0.153288
vt 0.844897 0.155111
vt 0.853787 0.159383
vt 0.854906 0.156256
vt 0.832599 0.150083
vt 0.846329 0.152051
vt 0.856176 0.153247
vt 0.861851 0.156954
vt 0.863092 0.154018
vt 0.872602 0.158096
vt 0.867632 0.157636
vt 0.868817 0.154774
vt 0.873863 0.155293
vt 0.871619 0.160898
vt 0.866625 0.160538
vt 0.860763 0.159903
vt 0.865819 0.163428
vt 0.860043 0.163085
vt 0.852814 0.162554
vt 0.859676 0.166285
vt 0.852131 0.166156
vt 0.842283 0.165776
vt 0.851787 0.169951
vt 0.842093 0.170186
vt 0.827441 0.169787
vt 0.841948 0.174762
vt 0.827618 0.175603
vt 0.811799 0.175513
vt 0.827859 0.181479
vt 0.812491 0.183172
vt 0.801519 0.183602
vt 0.813531 0.190914
vt 0.802765 0.192989
vt 0.794929 0.193882
vt 0.803929 0.200851
vt 0.796420 0.202769
vt 0.791133 0.203820
vt 0.797579 0.209858
vt 0.792504 0.211464
vt 0.789022 0.212500
vt 0.793597 0.218321
vt 0.790178 0.219252
vt 0.787583 0.220087
vt 0.068693 0.833397
vt 0.070198 0.830562
vt 0.075803 0.831465
vt 0.074103 0.834857
vt 0.071760 0.828354
vt 0.076884 0.828703
vt 0.080838 0.828380
vt 0.079658 0.830752
vt 0.628248 0.836095
vt 0.621888 0.838220
vt 0.722678 0.652998
vt 0.062387 0.829068
vt 0.062773 0.826927
vt 0.613253 0.841333
vt 0.768401 0.131120
vt 0.772638 0.133201
vt 0.776255 0.134897
vt 0.779956 0.136431
vt 0.819138 0.147378
vt 0.884031 0.163345
vt 0.883919 0.158150
vt 0.886721 0.159874
vt 0.881481 0.156718
vt 0.878089 0.155743
vt 0.888446 0.163296
vt 0.885121 0.166636
vt 0.880625 0.168549
vt 0.879818 0.165536
vt 0.875520 0.169143
vt 0.875173 0.166338
vt 0.870883 0.169382
vt 0.870766 0.166479
vt 0.870865 0.163607
vt 0.865456 0.166421
vt 0.865503 0.169677
vt 0.859485 0.169727
vt 0.865458 0.173179
vt 0.859565 0.173641
vt 0.851795 0.174037
vt 0.859647 0.177721
vt 0.852087 0.178469
vt 0.841934 0.179526
vt 0.852409 0.182782
vt 0.842219 0.184605
vt 0.828231 0.187303
vt 0.842911 0.189734
vt 0.829245 0.193638
vt 0.814710 0.197603
vt 0.830485 0.199632
vt 0.816175 0.204488
vt 0.804982 0.207532
vt 0.817307 0.210549
vt 0.805905 0.214331
vt 0.798679 0.216628
vt 0.063444 0.849228
vt 0.065368 0.842106
vt 0.070335 0.843678
vt 0.067948 0.850780
vt 0.067115 0.836738
vt 0.072337 0.838468
vt 0.060279 0.840656
vt 0.061242 0.835201
vt 0.061870 0.831836
vt 0.886314 0.176352
vt 0.885895 0.170691
vt 0.890983 0.167510
vt 0.890913 0.175307
vt 0.881145 0.176249
vt 0.880578 0.171893
vt 0.875878 0.176192
vt 0.875354 0.172371
vt 0.871209 0.176386
vt 0.870869 0.172706
vt 0.865630 0.176965
vt 0.871650 0.180382
vt 0.866410 0.180782
vt 0.859966 0.181669
vt 0.867456 0.184307
vt 0.860990 0.185577
vt 0.852962 0.187351
vt 0.862142 0.189516
vt 0.854269 0.191673
vt 0.843882 0.194776
vt 0.855695 0.195811
vt 0.845455 0.199592
vt 0.831880 0.204924
vt 0.052863 0.884416
vt 0.056754 0.873222
vt 0.060899 0.874604
vt 0.056980 0.885876
vt 0.060761 0.859974
vt 0.064819 0.861390
vt 0.052644 0.871895
vt 0.056459 0.858669
vt 0.058838 0.847934
vt 0.884583 0.185119
vt 0.885974 0.180850
vt 0.890620 0.181195
vt 0.889038 0.185098
vt 0.881151 0.180265
vt 0.876093 0.180070
vt 0.037932 0.907798
vt 0.041378 0.909509
vt 0.039597 0.912135
vt 0.035543 0.910219
vt 0.882064 0.188729
vt 0.039687 0.904949
vt 0.043114 0.906461
vt 0.879386 0.191939
vt 0.041434 0.901234
vt 0.044732 0.902918
vt 0.048113 0.904486
vt 0.046422 0.907759
vt 0.047013 0.898189
vt 0.050548 0.899679
vt 0.868762 0.187682
vt 0.870542 0.191121
vt 0.863767 0.193150
vt 0.049785 0.892094
vt 0.053445 0.893661
vt 0.043437 0.896625
vt 0.045763 0.890703
vt 0.048771 0.883025
vt 0.664247 0.774393
vt 0.661720 0.770764
vt 0.668956 0.764526
vt 0.671088 0.768130
vt 0.659022 0.765557
vt 0.666206 0.759969
vt 0.655818 0.776904
vt 0.652536 0.770595
vt 0.648773 0.760312
vt 0.655343 0.756644
vt 0.662010 0.752216
vt 0.650326 0.743423
vt 0.658924 0.742852
vt 0.614780 0.807171
vt 0.616897 0.818797
vt 0.606350 0.824064
vt 0.603784 0.812571
vt 0.616332 0.826484
vt 0.607295 0.828934
vt 0.621963 0.802276
vt 0.625379 0.812221
vt 0.627568 0.819486
vt 0.631934 0.806895
vt 0.634811 0.812833
vt 0.636581 0.817456
vt 0.637662 0.819947
vt 0.643121 0.814780
vt 0.641236 0.819354
vt 0.645445 0.815598
vt 0.647469 0.811631
vt 0.650067 0.814042
vt 0.650952 0.809865
vt 0.652892 0.813419
vt 0.976468 0.940643
vt 0.975124 0.942249
vt 0.975190 0.937213
vt 0.978637 0.939840
vt 0.745873 0.645029
vt 0.749061 0.643035
vt 0.648749 0.815620
vt 0.646229 0.819489
vt 0.022392 0.599312
vt 0.026334 0.603905
vt 0.024519 0.606042
vt 0.020864 0.600578
vt 0.028164 0.601496
vt 0.023820 0.597211
vt 0.029664 0.598468
vt 0.024844 0.594340
vt 0.018113 0.594385
vt 0.018797 0.592102
vt 0.019100 0.589595
vt 0.025348 0.590935
vt 0.019248 0.586639
vt 0.013271 0.588019
vt 0.013002 0.585503
vt 0.012745 0.582720
vt 0.019115 0.583324
vt 0.012216 0.580068
vt 0.639429 0.720868
vt 0.641107 0.719885
vt 0.647026 0.720262
vt 0.645240 0.721754
vt 0.642532 0.718350
vt 0.648340 0.719103
vt 0.652728 0.717493
vt 0.648044 0.716793
vt 0.636971 0.720023
vt 0.637557 0.718389
vt 0.641205 0.715375
vt 0.650641 0.714226
vt 0.645780 0.712965
vt 0.633554 0.718234
vt 0.634987 0.715409
vt 0.638822 0.711295
vt 0.649502 0.709002
vt 0.643520 0.706687
vt 0.628762 0.716080
vt 0.631967 0.711328
vt 0.637445 0.704787
vt 0.650017 0.699854
vt 0.645334 0.696005
vt 0.627232 0.710006
vt 0.631947 0.703260
vt 0.639591 0.692821
vt 0.652391 0.686472
vt 0.645552 0.682764
vt 0.657474 0.680028
vt 0.650308 0.675802
vt 0.653341 0.670625
vt 0.658900 0.691121
vt 0.656541 0.702343
vt 0.656651 0.710309
vt 0.657158 0.714991
vt 0.657032 0.718414
vt 0.019222 0.579415
vt 0.018911 0.574904
vt 0.025793 0.587693
vt 0.654573 0.720849
vt 0.031011 0.595631
vt 0.034434 0.602819
vt 0.668396 0.171831
vt 0.659698 0.172587
vt 0.657236 0.166742
vt 0.667643 0.166824
vt 0.650027 0.175907
vt 0.647662 0.171413
vt 0.661925 0.179833
vt 0.652227 0.182438
vt 0.638059 0.188503
vt 0.655572 0.194158
vt 0.641582 0.199069
vt 0.627465 0.205934
vt 0.623541 0.195692
vt 0.613933 0.213780
vt 0.632484 0.219895
vt 0.618410 0.226637
vt 0.605053 0.233834
vt 0.623364 0.240892
vt 0.609356 0.246971
vt 0.595608 0.253579
vt 0.591156 0.241030
vt 0.577141 0.248189
vt 0.613994 0.260333
vt 0.627822 0.255029
vt 0.637682 0.235422
vt 0.641903 0.250501
vt 0.651133 0.230960
vt 0.655459 0.247384
vt 0.664169 0.228084
vt 0.646446 0.214327
vt 0.659868 0.210513
vt 0.670371 0.208877
vt 0.674851 0.191159
vt 0.680274 0.207528
vt 0.665404 0.192275
vt 0.687466 0.190026
vt 0.692264 0.205905
vt 0.701554 0.189336
vt 0.705202 0.205045
vt 0.716010 0.189919
vt 0.718421 0.205492
vt 0.730225 0.191611
vt 0.731892 0.206320
vt 0.744668 0.193030
vt 0.745393 0.207490
vt 0.758916 0.195053
vt 0.758254 0.208755
vt 0.772018 0.196963
vt 0.771438 0.209331
vt 0.770765 0.221636
vt 0.868495 0.743192
vt 0.855374 0.745310
vt 0.851272 0.730926
vt 0.865256 0.728304
vt 0.871357 0.759305
vt 0.859972 0.761710
vt 0.875033 0.772775
vt 0.866015 0.775467
vt 0.852241 0.775289
vt 0.871261 0.787570
vt 0.857939 0.788268
vt 0.836172 0.788021
vt 0.866319 0.799360
vt 0.840234 0.800436
vt 0.871485 0.811125
vt 0.843757 0.812473
vt 0.873594 0.821675
vt 0.845686 0.824011
vt 0.875098 0.831058
vt 0.848358 0.834556
vt 0.875257 0.840955
vt 0.849827 0.845356
vt 0.872817 0.855666
vt 0.849792 0.858570
vt 0.868638 0.872829
vt 0.849218 0.873457
vt 0.865381 0.888931
vt 0.848358 0.888975
vt 0.863526 0.904209
vt 0.847652 0.904801
vt 0.846993 0.918906
vt 0.879695 0.889638
vt 0.888317 0.890558
vt 0.882967 0.873510
vt 0.891129 0.874401
vt 0.887228 0.855222
vt 0.894385 0.855809
vt 0.670927 0.778820
vt 0.669561 0.778401
vt 0.674033 0.773466
vt 0.674904 0.774064
vt 0.666518 0.776711
vt 0.672726 0.770949
vt 0.665586 0.784653
vt 0.662252 0.783204
vt 0.659038 0.780939
vt 0.657962 0.789869
vt 0.654362 0.787229
vt 0.650353 0.782656
vt 0.644746 0.786968
vt 0.640559 0.777445
vt 0.646325 0.774252
vt 0.636718 0.765519
vt 0.642521 0.763105
vt 0.633825 0.752154
vt 0.639709 0.750426
vt 0.644400 0.747624
vt 0.980276 0.161827
vt 0.980656 0.157622
vt 0.993324 0.154220
vt 0.993384 0.157330
vt 0.981809 0.152983
vt 0.993784 0.150376
vt 0.968347 0.157647
vt 0.968727 0.153782
vt 0.968706 0.149884
vt 0.981467 0.147962
vt 0.657825 0.731904
vt 0.661590 0.733369
vt 0.609253 0.778797
vt 0.611865 0.793671
vt 0.602975 0.797793
vt 0.602598 0.780908
vt 0.615316 0.775744
vt 0.618358 0.789716
vt 0.620763 0.772842
vt 0.624127 0.786147
vt 0.627938 0.797984
vt 0.629303 0.783359
vt 0.633327 0.794337
vt 0.634597 0.780554
vt 0.638825 0.790795
vt 0.625754 0.770383
vt 0.630978 0.767904
vt 0.623264 0.756428
vt 0.628466 0.754353
vt 0.981051 0.177782
vt 0.980673 0.172817
vt 0.992236 0.171476
vt 0.994027 0.174219
vt 0.981275 0.167747
vt 0.993858 0.168253
vt 0.967242 0.171153
vt 0.967548 0.166608
vt 0.967700 0.162154
vt 0.640107 0.739225
vt 0.643370 0.739532
vt 0.954561 0.165469
vt 0.954887 0.161763
vt 0.954977 0.157810
vt 0.942116 0.160719
vt 0.942203 0.157890
vt 0.942116 0.155132
vt 0.954842 0.154542
vt 0.941923 0.152476
vt 0.954631 0.151357
vt 0.609067 0.745903
vt 0.608813 0.762451
vt 0.603576 0.764311
vt 0.604479 0.747692
vt 0.614000 0.744609
vt 0.613881 0.760661
vt 0.618223 0.742912
vt 0.618873 0.758529
vt 0.621997 0.741372
vt 0.965604 0.183487
vt 0.966412 0.179219
vt 0.980128 0.182495
vt 0.978997 0.187527
vt 0.966959 0.175277
vt 0.952885 0.176060
vt 0.953413 0.172745
vt 0.953995 0.169327
vt 0.940314 0.169346
vt 0.941032 0.166466
vt 0.941646 0.163648
vt 0.928824 0.163187
vt 0.929527 0.160932
vt 0.930164 0.158703
vt 0.917982 0.158390
vt 0.918338 0.156866
vt 0.918632 0.155403
vt 0.930524 0.156675
vt 0.918831 0.153857
vt 0.930737 0.154554
vt 0.918952 0.152333
vt 0.930810 0.152376
vt 0.950987 0.183089
vt 0.964384 0.187696
vt 0.962819 0.191904
vt 0.949569 0.186284
vt 0.977551 0.192372
vt 0.975528 0.197330
vt 0.952090 0.179562
vt 0.937425 0.177672
vt 0.938448 0.175048
vt 0.939456 0.172209
vt 0.926052 0.169852
vt 0.927057 0.167699
vt 0.927950 0.165370
vt 0.916156 0.163394
vt 0.916930 0.161787
vt 0.917503 0.160106
vt 0.908143 0.158634
vt 0.908461 0.157724
vt 0.908763 0.156624
vt 0.889577 0.956765
vt 0.889372 0.957067
vt 0.885676 0.957565
vt 0.886322 0.957349
vt 0.884303 0.958133
vt 0.909019 0.155564
vt 0.882812 0.958551
vt 0.909199 0.154512
vt 0.882016 0.959051
vt 0.909340 0.153412
vt 0.886308 0.959295
vt 0.881572 0.959621
vt 0.909460 0.152465
vt 0.914482 0.166357
vt 0.925024 0.171974
vt 0.923979 0.173979
vt 0.913693 0.167664
vt 0.936103 0.180393
vt 0.915355 0.164847
vt 0.907097 0.160615
vt 0.907698 0.159592
vt 0.901537 0.157631
vt 0.902096 0.157335
vt 0.902493 0.156907
vt 0.890161 0.956364
vt 0.886653 0.956560
vt 0.660842 0.791147
vt 0.657341 0.796775
vt 0.662170 0.791337
vt 0.666994 0.784776
vt 0.634081 0.722746
vt 0.632504 0.723201
vt 0.626196 0.722825
vt 0.628998 0.722236
vt 0.622604 0.721975
vt 0.621939 0.724273
vt 0.629221 0.721292
vt 0.624704 0.720892
vt 0.616174 0.725367
vt 0.616729 0.723248
vt 0.618352 0.720579
vt 0.625263 0.719477
vt 0.618838 0.718749
vt 0.627773 0.717811
vt 0.622015 0.717259
vt 0.623569 0.714617
vt 0.630215 0.720094
vt 0.635293 0.721246
vt 0.638700 0.722683
vt 0.007177 0.585041
vt 0.006784 0.582430
vt 0.013646 0.590480
vt 0.006905 0.587442
vt 0.001149 0.583242
vt 0.002106 0.580531
vt 0.655450 0.801030
vt 0.655423 0.804173
vt 0.714763 0.174674
vt 0.699098 0.173600
vt 0.698824 0.169045
vt 0.714844 0.170241
vt 0.682438 0.172309
vt 0.682151 0.167833
vt 0.699733 0.178535
vt 0.684308 0.178400
vt 0.670290 0.178568
vt 0.715098 0.179438
vt 0.730026 0.176526
vt 0.729923 0.181450
vt 0.744792 0.179113
vt 0.744892 0.184007
vt 0.759713 0.181298
vt 0.759467 0.186371
vt 0.773942 0.183442
vt 0.772924 0.188735
vt 0.883959 0.740951
vt 0.877821 0.741812
vt 0.874706 0.726236
vt 0.881405 0.725777
vt 0.885807 0.755629
vt 0.879411 0.757659
vt 0.893889 0.766327
vt 0.891605 0.756157
vt 0.889464 0.740861
vt 0.886833 0.725093
vt 0.730176 0.172280
vt 0.745307 0.174724
vt 0.760248 0.176839
vt 0.774716 0.179125
vt 0.901831 0.770460
vt 0.898586 0.778236
vt 0.901702 0.779266
vt 0.900515 0.786800
vt 0.899181 0.786204
vt 0.897689 0.785907
vt 0.895545 0.780524
vt 0.896100 0.785741
vt 0.893415 0.780345
vt 0.896124 0.793481
vt 0.895072 0.791955
vt 0.894085 0.797167
vt 0.892949 0.795595
vt 0.889603 0.798451
vt 0.889088 0.796478
vt 0.882308 0.796067
vt 0.884653 0.795088
vt 0.883871 0.792988
vt 0.886574 0.792708
vt 0.884927 0.790600
vt 0.888201 0.802522
vt 0.895906 0.799082
vt 0.897665 0.794006
vt 0.898971 0.800658
vt 0.899260 0.795914
vt 0.898129 0.803314
vt 0.886692 0.806877
vt 0.898416 0.808201
vt 0.888475 0.814413
vt 0.898945 0.814818
vt 0.899519 0.821262
vt 0.891071 0.821573
vt 0.898820 0.829160
vt 0.891069 0.829104
vt 0.897139 0.839330
vt 0.890306 0.838966
vt 0.017320 0.596268
vt 0.687904 0.717104
vt 0.041402 0.553026
vt 0.745750 0.160031
vt 0.061628 0.690705
vt 0.608857 0.386434
vt 0.616041 0.397021
vt 0.598897 0.395973
vt 0.581780 0.395237
vt 0.577417 0.384328
vt 0.564592 0.391923
vt 0.572804 0.372879
vt 0.560000 0.379043
vt 0.548216 0.383151
vt 0.555883 0.367094
vt 0.544785 0.370240
vt 0.534211 0.372851
vt 0.542486 0.361341
vt 0.531972 0.364755
vt 0.520405 0.368058
vt 0.529679 0.357582
vt 0.518267 0.361723
vt 0.507765 0.371834
vt 0.514905 0.352790
vt 0.886112 0.206924
vt 0.881713 0.204738
vt 0.877401 0.066645
vt 0.866248 0.065360
vt 0.843230 0.047210
vt 0.853449 0.048317
vt 0.836506 0.029628
vt 0.824829 0.037625
vt 0.913818 0.118452
vt 0.023723 0.034786
vt 0.031786 0.033061
vt 0.022382 0.024064
vt 0.128294 0.427194
vt 0.138853 0.538057
vt 0.152066 0.548302
vt 0.142775 0.562445
vt 0.164706 0.557884
vt 0.155311 0.572298
vt 0.146962 0.585325
vt 0.166965 0.581382
vt 0.160172 0.594994
vt 0.175197 0.587976
vt 0.167085 0.600129
vt 0.183791 0.594915
vt 0.172793 0.604999
vt 0.653587 0.989402
vt 0.642469 0.986798
vt 0.183816 0.574872
vt 0.192036 0.583827
vt 0.196366 0.569171
vt 0.175280 0.566582
vt 0.204614 0.573372
vt 0.204126 0.580008
vt 0.840080 0.247023
vt 0.841889 0.258725
vt 0.828778 0.242006
vt 0.839213 0.240134
vt 0.649255 0.484797
vt 0.846837 0.232046
vt 0.839672 0.233507
vt 0.829113 0.271188
vt 0.396966 0.290896
vt 0.364709 0.363710
vt 0.373068 0.375479
vt 0.359344 0.384417
vt 0.381288 0.386473
vt 0.367552 0.395506
vt 0.354127 0.404630
vt 0.375381 0.406014
vt 0.362516 0.415110
vt 0.350973 0.423473
vt 0.370919 0.425145
vt 0.359960 0.434297
vt 0.351762 0.440973
vt 0.369012 0.443458
vt 0.361515 0.450916
vt 0.356892 0.455560
vt 0.369261 0.456481
vt 0.364456 0.461208
vt 0.360178 0.466284
vt 0.371017 0.464669
vt 0.366555 0.468897
vt 0.360044 0.475981
vt 0.378652 0.471720
vt 0.371729 0.478974
vt 0.363415 0.488990
vt 0.390696 0.482813
vt 0.382401 0.492160
vt 0.374286 0.501985
vt 0.402878 0.495004
vt 0.395481 0.504155
vt 0.387847 0.513755
vt 0.415949 0.506198
vt 0.408936 0.515131
vt 0.402378 0.524125
vt 0.430165 0.516200
vt 0.423973 0.524598
vt 0.418377 0.532783
vt 0.445741 0.524565
vt 0.439568 0.532640
vt 0.434290 0.540427
vt 0.413444 0.540292
vt 0.459810 0.532541
vt 0.454185 0.540490
vt 0.876432 0.390760
vt 0.872885 0.375215
vt 0.473554 0.539575
vt 0.869730 0.359515
vt 0.866599 0.343594
vt 0.616096 0.921452
vt 0.978864 0.288760
vt 0.849931 0.027113
vt 0.952266 0.836648
vt 0.953156 0.829237
vt 0.955876 0.836129
vt 0.959435 0.843407
vt 0.958672 0.834180
vt 0.961782 0.849129
vt 0.968390 0.850747
vt 0.964434 0.853496
vt 0.961326 0.858387
vt 0.971066 0.855672
vt 0.977125 0.860186
vt 0.973672 0.862720
vt 0.979587 0.866009
vt 0.975474 0.868908
vt 0.981968 0.870779
vt 0.976490 0.873921
vt 0.971684 0.877135
vt 0.940129 0.031889
vt 0.940757 0.021962
vt 0.966473 0.878967
vt 0.980285 0.857948
vt 0.982189 0.862865
vt 0.984556 0.867389
vt 0.955714 0.828652
vt 0.059386 0.712429
vt 0.062013 0.711795
vt 0.054060 0.692340
vt 0.058256 0.692908
vt 0.060102 0.694876
vt 0.057046 0.695197
vt 0.056747 0.690783
vt 0.053667 0.689093
vt 0.050218 0.688875
vt 0.055031 0.684111
vt 0.051046 0.683015
vt 0.046545 0.688084
vt 0.047016 0.682738
vt 0.051445 0.676153
vt 0.046109 0.676369
vt 0.041797 0.683580
vt 0.041050 0.678595
vt 0.044748 0.671011
vt 0.039439 0.673239
vt 0.035899 0.680062
vt 0.034765 0.674908
vt 0.037214 0.667337
vt 0.032897 0.669315
vt 0.031631 0.680384
vt 0.030890 0.675870
vt 0.029419 0.670602
vt 0.029991 0.663338
vt 0.026602 0.665264
vt 0.023481 0.668371
vt 0.021234 0.671508
vt 0.018668 0.668678
vt 0.017519 0.671653
vt 0.031044 0.253270
vt 0.029499 0.248772
vt 0.021920 0.771769
vt 0.018118 0.770285
vt 0.029373 0.771878
vt 0.034850 0.772086
vt 0.028627 0.245187
vt 0.029217 0.242212
vt 0.025715 0.245742
vt 0.034853 0.243451
vt 0.029483 0.238520
vt 0.036418 0.238590
vt 0.042116 0.239538
vt 0.039904 0.245175
vt 0.033083 0.656132
vt 0.026770 0.658124
vt 0.023170 0.653963
vt 0.032761 0.652014
vt 0.034419 0.661251
vt 0.042842 0.665861
vt 0.050234 0.664865
vt 0.051788 0.669750
vt 0.058511 0.664624
vt 0.057564 0.671251
vt 0.056990 0.676827
vt 0.062536 0.673624
vt 0.060225 0.680977
vt 0.058047 0.686663
vt 0.014988 0.218486
vt 0.010836 0.218963
vt 0.011508 0.214501
vt 0.014695 0.213949
vt 0.007306 0.219156
vt 0.008355 0.214750
vt 0.009793 0.223397
vt 0.004069 0.218544
vt 0.005540 0.215339
vt 0.013856 0.227509
vt 0.008790 0.226878
vt 0.014072 0.222772
vt 0.065448 0.676040
vt 0.064638 0.680289
vt 0.025093 0.215026
vt 0.031119 0.216824
vt 0.064178 0.665151
vt 0.035554 0.220945
vt 0.063084 0.657587
vt 0.058774 0.652492
vt 0.031536 0.228524
vt 0.037424 0.227079
vt 0.037184 0.232985
vt 0.030989 0.233607
vt 0.043360 0.227493
vt 0.042904 0.232725
vt 0.896558 0.046445
vt 0.022555 0.692204
vt 0.049650 0.725651
vt 0.046310 0.724979
vt 0.012523 0.679121
vt 0.640453 0.932752
vt 0.053153 0.106853
vt 0.984067 0.855048
vt 0.985174 0.852449
vt 0.017381 0.697201
vt 0.958540 0.060480
vt 0.945118 0.059747
vt 0.046354 0.055790
vt 0.049302 0.073895
vt 0.033103 0.069571
vt 0.026109 0.068828
vt 0.019228 0.068667
vt 0.945233 0.118873
vt 0.945643 0.116409
vt 0.947554 0.124521
vt 0.948788 0.120771
vt 0.950814 0.118605
vt 0.063823 0.039237
vt 0.057398 0.043967
vt 0.055556 0.043699
vt 0.055768 0.050130
vt 0.056860 0.040567
vt 0.052671 0.039742
vt 0.944862 0.127715
vt 0.940558 0.125457
vt 0.946925 0.128709
vt 0.053977 0.030810
vt 0.951712 0.130238
vt 0.070418 0.032804
vt 0.067799 0.037953
vt 0.077942 0.027025
vt 0.071642 0.032202
vt 0.074219 0.029397
vt 0.084877 0.024888
vt 0.078389 0.028021
vt 0.933028 0.051705
vt 0.931599 0.046917
vt 0.492226 0.005777
vt 0.490351 0.001158
vt 0.494204 0.001179
vt 0.494993 0.003885
vt 0.709241 0.401122
vt 0.498164 0.003602
vt 0.497398 0.001001
vt 0.876867 0.780810
vt 0.884443 0.789243
vt 0.002345 0.058227
vt 0.734958 0.638655
vt 0.734970 0.643097
vt 0.953703 0.419284
vt 0.616593 0.453258
vt 0.282097 0.984053
vt 0.790322 0.252434
vt 0.793859 0.254565
vt 0.975570 0.599230
vt 0.979070 0.602226
vt 0.816248 0.244592
vt 0.279922 0.983313
vt 0.031096 0.696187
vt 0.617051 0.473606
vt 0.292994 0.980901
vt 0.293821 0.979498
vt 0.792877 0.265516
vt 0.603706 0.471275
vt 0.844579 0.641506
vt 0.845214 0.641687
vt 0.845024 0.640652
vt 0.845403 0.641159
vt 0.877635 0.798665
vt 0.604228 0.366636
vt 0.894775 0.960745
vt 0.892520 0.958969
vt 0.897827 0.961754
vt 0.897041 0.962222
vt 0.590168 0.842485
vt 0.593206 0.846994
vt 0.877668 0.493277
vt 0.881387 0.492698
vt 0.887869 0.498329
vt 0.884497 0.500811
vt 0.885618 0.488208
vt 0.891326 0.495355
vt 0.890631 0.487610
vt 0.886931 0.485165
vt 0.888061 0.483912
vt 0.889780 0.484701
vt 0.049548 0.427093
vt 0.044935 0.446050
vt 0.035721 0.446574
vt 0.043832 0.428270
vt 0.026300 0.458073
vt 0.025023 0.455476
vt 0.061962 0.444914
vt 0.055613 0.427859
vt 0.316052 0.993890
vt 0.305119 0.994781
vt 0.310324 0.992399
vt 0.315077 0.991517
vt 0.301018 0.983707
vt 0.306481 0.979824
vt 0.310390 0.980829
vt 0.306342 0.985867
vt 0.318746 0.982678
vt 0.315832 0.983549
vt 0.315476 0.978202
vt 0.317044 0.977846
vt 0.310890 0.987753
vt 0.312939 0.976782
vt 0.024233 0.465132
vt 0.015977 0.468009
vt 0.017175 0.465005
vt 0.024830 0.462441
vt 0.309008 0.978162
vt 0.307855 0.978108
vt 0.320159 0.982903
vt 0.319828 0.986526
vt 0.318130 0.985654
vt 0.018747 0.461867
vt 0.026147 0.459469
vt 0.317884 0.988603
vt 0.316275 0.989078
vt 0.314689 0.987458
vt 0.319379 0.987544
vt 0.319197 0.990506
vt 0.032755 0.460919
vt 0.038275 0.460075
vt 0.023560 0.471435
vt 0.021237 0.473091
vt 0.033557 0.464499
vt 0.021286 0.473056
vt 0.322138 0.998689
vt 0.316101 0.996514
vt 0.031129 0.467476
vt 0.040937 0.466441
vt 0.378747 0.566254
vt 0.376567 0.568366
vt 0.372747 0.568106
vt 0.378055 0.562212
vt 0.376307 0.571198
vt 0.374532 0.573265
vt 0.380390 0.571052
vt 0.384853 0.572476
vt 0.384397 0.568703
vt 0.387661 0.568274
vt 0.387738 0.576172
vt 0.377656 0.574638
vt 0.376996 0.576862
vt 0.380448 0.575236
vt 0.380248 0.579644
vt 0.383245 0.581216
vt 0.385507 0.581219
vt 0.387296 0.583336
vt 0.383282 0.584418
vt 0.386106 0.578775
vt 0.383594 0.576984
vt 0.388328 0.581695
vt 0.357098 0.720657
vt 0.360254 0.719967
vt 0.362511 0.722218
vt 0.358661 0.724323
vt 0.360702 0.717287
vt 0.363898 0.718219
vt 0.357042 0.716892
vt 0.931944 0.974743
vt 0.927692 0.971247
vt 0.927969 0.966490
vt 0.934249 0.972484
vt 0.925237 0.972279
vt 0.924357 0.976229
vt 0.935942 0.981773
vt 0.942434 0.979975
vt 0.945400 0.984239
vt 0.930787 0.980897
vt 0.950946 0.990476
vt 0.943999 0.986637
vt 0.952073 0.984968
vt 0.022352 0.376534
vt 0.020697 0.373431
vt 0.029630 0.375830
vt 0.022641 0.379898
vt 0.952649 0.984263
vt 0.498251 0.010540
vt 0.499848 0.006578
vt 0.511621 0.001251
vt 0.508873 0.009056
vt 0.389535 0.997047
vt 0.392323 0.996172
vt 0.389025 0.998314
vt 0.387343 0.999000
vt 0.689310 0.996214
vt 0.691970 0.995449
vt 0.689378 0.996642
vt 0.687568 0.997365
vt 0.702135 0.991709
vt 0.703269 0.992084
vt 0.550374 0.023310
vt 0.556014 0.023846
vt 0.553267 0.029679
vt 0.548220 0.029246
vt 0.556579 0.020906
vt 0.553020 0.018746
vt 0.553604 0.033233
vt 0.549555 0.034885
vt 0.558699 0.032291
vt 0.555104 0.036767
vt 0.550965 0.040438
vt 0.561884 0.017941
vt 0.568104 0.018050
vt 0.563264 0.026714
vt 0.561210 0.014944
vt 0.564320 0.012374
vt 0.551928 0.016278
vt 0.545000 0.023463
vt 0.556868 0.042383
vt 0.555067 0.043278
vt 0.545801 0.036463
vt 0.542902 0.029695
vt 0.550177 0.043165
vt 0.555475 0.046567
vt 0.559815 0.045931
vt 0.557947 0.015157
vt 0.558001 0.011775
vt 0.576597 0.909911
vt 0.588918 0.906668
vt 0.584399 0.920506
vt 0.574741 0.922340
vt 0.595338 0.900899
vt 0.584776 0.888980
vt 0.589815 0.887141
vt 0.596018 0.914194
vt 0.600172 0.908649
vt 0.574296 0.892059
vt 0.893556 0.961189
vt 0.892040 0.961783
vt 0.891325 0.961822
vt 0.893058 0.961095
vt 0.893679 0.960899
vt 0.894679 0.961701
vt 0.893411 0.960645
vt 0.892239 0.960998
vt 0.892318 0.960514
vt 0.890962 0.961359
vt 0.890437 0.960948
vt 0.890093 0.959216
vt 0.889790 0.959870
vt 0.886925 0.960444
vt 0.886467 0.959698
vt 0.890498 0.960203
vt 0.891715 0.959085
vt 0.887209 0.961097
vt 0.025733 0.902928
vt 0.028434 0.902884
vt 0.030667 0.904593
vt 0.027595 0.905757
vt 0.029111 0.900737
vt 0.032965 0.901850
vt 0.025912 0.899961
vt 0.882045 0.153801
vt 0.882636 0.151703
vt 0.885152 0.150887
vt 0.885050 0.154956
vt 0.880510 0.150578
vt 0.882967 0.148788
vt 0.878929 0.152921
vt 0.850305 0.628302
vt 0.849698 0.629088
vt 0.849588 0.629093
vt 0.850079 0.628406
vt 0.679300 0.063605
vt 0.679777 0.063336
vt 0.682110 0.063965
vt 0.681811 0.064589
vt 0.679618 0.063044
vt 0.682235 0.063125
vt 0.601180 0.848726
vt 0.584105 0.851396
vt 0.594741 0.853469
vt 0.841844 0.093913
vt 0.836123 0.096901
vt 0.833706 0.088581
vt 0.837308 0.088139
vt 0.830051 0.095084
vt 0.828997 0.087575
vt 0.834071 0.104537
vt 0.829611 0.102734
vt 0.840880 0.101647
vt 0.837725 0.106783
vt 0.845376 0.098583
vt 0.590617 0.858046
vt 0.577455 0.855374
vt 0.581418 0.862885
vt 0.589265 0.864265
vt 0.568323 0.849368
vt 0.565964 0.857607
vt 0.562390 0.854629
vt 0.571860 0.863918
vt 0.574148 0.847404
vt 0.178610 0.966032
vt 0.184583 0.960805
vt 0.182054 0.965247
vt 0.180202 0.966998
vt 0.549003 0.011490
vt 0.556523 0.001228
vt 0.559967 0.007386
vt 0.550252 0.015004
vt 0.572738 0.026048
vt 0.573788 0.038935
vt 0.570204 0.037163
vt 0.569195 0.030295
vt 0.895353 0.493800
vt 0.052633 0.756070
vt 0.053840 0.751111
vt 0.055314 0.753747
vt 0.051649 0.759127
vt 0.054934 0.749515
vt 0.056686 0.751505
vt 0.926532 0.505852
vt 0.935710 0.506428
vt 0.932597 0.513701
vt 0.926286 0.511265
vt 0.944386 0.503641
vt 0.932038 0.501737
vt 0.941435 0.500547
vt 0.923847 0.502608
vt 0.572476 0.819756
vt 0.569781 0.828175
vt 0.568764 0.821508
vt 0.570904 0.815933
vt 0.567433 0.829262
vt 0.567503 0.822859
vt 0.573411 0.830346
vt 0.575140 0.820921
vt 0.569691 0.834698
vt 0.567021 0.832161
vt 0.573032 0.837978
vt 0.549734 0.851316
vt 0.550925 0.856410
vt 0.545320 0.856078
vt 0.544839 0.853020
vt 0.541120 0.863677
vt 0.539416 0.860309
vt 0.558073 0.850629
vt 0.554726 0.849083
vt 0.569193 0.956342
vt 0.574008 0.946504
vt 0.578399 0.950241
vt 0.573485 0.957900
vt 0.581410 0.941112
vt 0.573877 0.937893
vt 0.581180 0.934686
vt 0.582983 0.945831
vt 0.934342 0.499723
vt 0.940631 0.498119
vt 0.036793 0.782078
vt 0.033794 0.787674
vt 0.032167 0.788479
vt 0.034917 0.782071
vt 0.028416 0.796860
vt 0.030405 0.791923
vt 0.031412 0.792335
vt 0.028564 0.797201
vt 0.547888 0.850135
vt 0.552936 0.847387
vt 0.558230 0.844649
vt 0.560355 0.846037
vt 0.566788 0.742813
vt 0.559029 0.743744
vt 0.561363 0.741890
vt 0.565774 0.741002
vt 0.523106 0.779907
vt 0.520053 0.782963
vt 0.516712 0.779863
vt 0.519960 0.774496
vt 0.517687 0.786910
vt 0.519113 0.787155
vt 0.513839 0.785132
vt 0.971427 0.793184
vt 0.963639 0.785673
vt 0.966224 0.783606
vt 0.971673 0.793285
vt 0.950139 0.778550
vt 0.953903 0.777117
vt 0.556287 0.741130
vt 0.560156 0.739405
vt 0.553577 0.746044
vt 0.551032 0.743939
vt 0.565067 0.737734
vt 0.526938 0.768292
vt 0.523663 0.764955
vt 0.391830 0.710581
vt 0.388857 0.712502
vt 0.385242 0.707705
vt 0.393379 0.705821
vt 0.388587 0.717372
vt 0.392694 0.714024
vt 0.382559 0.713750
vt 0.391873 0.721510
vt 0.397095 0.729826
vt 0.381547 0.732542
vt 0.383831 0.722652
vt 0.406782 0.712677
vt 0.396639 0.714597
vt 0.415799 0.732606
vt 0.424131 0.717396
vt 0.393571 0.749131
vt 0.377441 0.749661
vt 0.409713 0.750892
vt 0.935617 0.986721
vt 0.931754 0.985645
vt 0.037051 0.369596
vt 0.027713 0.368778
vt 0.934654 0.990474
vt 0.931089 0.989003
vt 0.941353 0.986823
vt 0.941550 0.988855
vt 0.462252 0.100489
vt 0.458298 0.090242
vt 0.464054 0.092247
vt 0.470888 0.098627
vt 0.460632 0.089724
vt 0.460574 0.090336
vt 0.470804 0.089523
vt 0.479261 0.094876
vt 0.453084 0.083057
vt 0.446829 0.093793
vt 0.440883 0.085403
vt 0.340198 0.170087
vt 0.334835 0.175006
vt 0.326201 0.171836
vt 0.329915 0.162602
vt 0.336264 0.181645
vt 0.345483 0.178180
vt 0.323754 0.180978
vt 0.929560 0.964352
vt 0.936346 0.961252
vt 0.916573 0.963822
vt 0.151056 0.806360
vt 0.154781 0.801204
vt 0.165543 0.799990
vt 0.165198 0.805077
vt 0.376888 0.715011
vt 0.376222 0.723133
vt 0.401439 0.700618
vt 0.468377 0.071251
vt 0.466990 0.076767
vt 0.460991 0.079394
vt 0.458676 0.071703
vt 0.472841 0.080955
vt 0.478581 0.073062
vt 0.464658 0.084891
vt 0.068272 0.479536
vt 0.067386 0.482503
vt 0.063706 0.483064
vt 0.064062 0.479744
vt 0.070313 0.485682
vt 0.065145 0.487005
vt 0.072308 0.481524
vt 0.061064 0.484501
vt 0.059173 0.482188
vt 0.060824 0.488139
vt 0.057946 0.486909
vt 0.034131 0.547796
vt 0.036590 0.547192
vt 0.038289 0.548655
vt 0.033021 0.548742
vt 0.037149 0.546061
vt 0.041925 0.545071
vt 0.036418 0.544198
vt 0.068340 0.476626
vt 0.072146 0.478720
vt 0.077129 0.478918
vt 0.076974 0.476145
vt 0.074693 0.486274
vt 0.031507 0.543503
vt 0.034987 0.542246
vt 0.028947 0.539897
vt 0.033337 0.538175
vt 0.028737 0.546229
vt 0.024963 0.543387
vt 0.026227 0.548132
vt 0.025922 0.539321
vt 0.041637 0.541904
vt 0.045202 0.537451
vt 0.047422 0.545380
vt 0.051656 0.544185
vt 0.050843 0.546195
vt 0.043803 0.530682
vt 0.040327 0.535507
vt 0.038460 0.529908
vt 0.038925 0.538834
vt 0.032638 0.549346
vt 0.035241 0.537014
vt 0.035224 0.533882
vt 0.031325 0.534544
vt 0.029210 0.535833
vt 0.026355 0.534915
vt 0.029316 0.531466
vt 0.052286 0.375187
vt 0.052595 0.371558
vt 0.053606 0.370689
vt 0.054166 0.374882
vt 0.071146 0.497347
vt 0.069254 0.498392
vt 0.066185 0.495562
vt 0.071374 0.493506
vt 0.046237 0.367208
vt 0.050601 0.373430
vt 0.045522 0.372228
vt 0.925230 0.986479
vt 0.920532 0.985618
vt 0.918669 0.984300
vt 0.924146 0.982225
vt 0.390021 0.695426
vt 0.382606 0.699929
vt 0.034846 0.352911
vt 0.037287 0.350830
vt 0.042086 0.350129
vt 0.039567 0.354761
vt 0.040376 0.337431
vt 0.033689 0.344544
vt 0.023899 0.530836
vt 0.023487 0.528231
vt 0.024106 0.525669
vt 0.029045 0.525896
vt 0.022274 0.530663
vt 0.022396 0.532760
vt 0.360918 0.713232
vt 0.363571 0.714942
vt 0.366351 0.714503
vt 0.367137 0.720368
vt 0.361595 0.710830
vt 0.428261 0.734754
vt 0.431426 0.721356
vt 0.436190 0.716093
vt 0.435106 0.733018
vt 0.430929 0.709497
vt 0.020305 0.948246
vt 0.023576 0.947254
vt 0.029242 0.949049
vt 0.019775 0.951172
vt 0.024373 0.945284
vt 0.030683 0.945567
vt 0.021277 0.944510
vt 0.019898 0.940086
vt 0.018489 0.936409
vt 0.023057 0.937038
vt 0.022345 0.941071
vt 0.020955 0.930701
vt 0.025447 0.931774
vt 0.015859 0.946950
vt 0.016312 0.944157
vt 0.038725 0.953614
vt 0.036965 0.947209
vt 0.011098 0.943073
vt 0.012887 0.939723
vt 0.009674 0.933009
vt 0.013603 0.934176
vt 0.007007 0.939806
vt 0.004986 0.931325
vt 0.030919 0.931141
vt 0.027601 0.932711
vt 0.027039 0.928449
vt 0.027019 0.937835
vt 0.031891 0.935185
vt 0.012468 0.952767
vt 0.019742 0.532519
vt 0.022461 0.536304
vt 0.354325 0.717356
vt 0.352861 0.714852
vt 0.356992 0.713604
vt 0.352810 0.720614
vt 0.351061 0.718305
vt 0.026706 0.346054
vt 0.027289 0.360568
vt 0.022274 0.362425
vt 0.439717 0.712452
vt 0.441409 0.719715
vt 0.448002 0.707849
vt 0.451154 0.717112
vt 0.441259 0.736100
vt 0.049110 0.345152
vt 0.044938 0.354050
vt 0.069575 0.370431
vt 0.064941 0.375354
vt 0.059173 0.373535
vt 0.061651 0.369210
vt 0.062901 0.380710
vt 0.059316 0.374863
vt 0.045147 0.336126
vt 0.048919 0.332899
vt 0.361390 0.733197
vt 0.360567 0.738960
vt 0.346793 0.754456
vt 0.347467 0.739749
vt 0.367451 0.729683
vt 0.369994 0.734146
vt 0.362065 0.751438
vt 0.015625 0.923636
vt 0.009598 0.923502
vt 0.016184 0.918818
vt 0.021356 0.919794
vt 0.057244 0.355199
vt 0.054646 0.358814
vt 0.047825 0.359217
vt 0.050480 0.352809
vt 0.007682 0.926509
vt 0.012529 0.927794
vt 0.362986 0.708702
vt 0.357234 0.710329
vt 0.357670 0.707220
vt 0.040530 0.933751
vt 0.041188 0.936934
vt 0.037018 0.941938
vt 0.035886 0.937793
vt 0.045007 0.937030
vt 0.042880 0.930034
vt 0.023047 0.926817
vt 0.025842 0.924408
vt 0.029468 0.925193
vt 0.024075 0.922057
vt 0.019282 0.925272
vt 0.031056 0.922255
vt 0.396331 0.688012
vt 0.953229 0.098813
vt 0.949662 0.095897
vt 0.949763 0.092516
vt 0.956357 0.094549
vt 0.946254 0.098050
vt 0.943496 0.096782
vt 0.947079 0.102246
vt 0.956007 0.088593
vt 0.949730 0.088787
vt 0.961028 0.098739
vt 0.962221 0.091885
vt 0.964226 0.095258
vt 0.962058 0.086833
vt 0.957497 0.103176
vt 0.952279 0.105074
vt 0.958846 0.109343
vt 0.955548 0.108759
vt 0.941821 0.101429
vt 0.973172 0.095537
vt 0.976322 0.096588
vt 0.976109 0.098981
vt 0.971417 0.098925
vt 0.979009 0.094977
vt 0.981045 0.098933
vt 0.976058 0.092751
vt 0.953817 0.110981
vt 0.949266 0.107644
vt 0.958544 0.113267
vt 0.114157 0.444297
vt 0.119957 0.448184
vt 0.119660 0.451495
vt 0.109778 0.448182
vt 0.126055 0.448761
vt 0.129133 0.454172
vt 0.123349 0.443054
vt 0.046645 0.194879
vt 0.043850 0.193717
vt 0.042914 0.188637
vt 0.046153 0.188013
vt 0.040952 0.195535
vt 0.038970 0.190376
vt 0.042781 0.199057
vt 0.944498 0.106372
vt 0.137636 0.454030
vt 0.144860 0.455450
vt 0.145818 0.459944
vt 0.138885 0.458323
vt 0.024008 0.211699
vt 0.025856 0.208107
vt 0.031119 0.208095
vt 0.028961 0.212716
vt 0.024492 0.205697
vt 0.030737 0.203568
vt 0.019210 0.208407
vt 0.968127 0.092220
vt 0.966933 0.090128
vt 0.967888 0.087213
vt 0.971297 0.089240
vt 0.133106 0.448798
vt 0.136431 0.458076
vt 0.129582 0.458289
vt 0.120451 0.455537
vt 0.904533 0.450637
vt 0.917320 0.452234
vt 0.909336 0.458185
vt 0.900261 0.454041
vt 0.908935 0.439927
vt 0.898491 0.442616
vt 0.928217 0.462635
vt 0.934040 0.447016
vt 0.945029 0.459133
vt 0.915147 0.464015
vt 0.369842 0.714734
vt 0.904000 0.466415
vt 0.907032 0.463822
vt 0.911694 0.468798
vt 0.901671 0.460932
vt 0.897964 0.464092
vt 0.349903 0.722810
vt 0.348575 0.720703
vt 0.348705 0.716772
vt 0.346629 0.722187
vt 0.346460 0.715454
vt 0.349494 0.726874
vt 0.379948 0.682926
vt 0.374347 0.690184
vt 0.386025 0.674650
vt 0.075938 0.372615
vt 0.076528 0.378672
vt 0.075173 0.367212
vt 0.083120 0.375247
vt 0.085940 0.379593
vt 0.040896 0.306368
vt 0.043878 0.310124
vt 0.047315 0.321974
vt 0.044283 0.321245
vt 0.126214 0.460273
vt 0.114769 0.456954
vt 0.108826 0.452093
vt 0.127343 0.464419
vt 0.134231 0.465380
vt 0.331819 0.746243
vt 0.328318 0.761964
vt 0.354089 0.731741
vt 0.361605 0.730344
vt 0.342195 0.732759
vt 0.346202 0.729157
vt 0.332880 0.735312
vt 0.922925 0.470672
vt 0.940278 0.469742
vt 0.934462 0.474584
vt 0.146182 0.461050
vt 0.143168 0.463039
vt 0.959168 0.492898
vt 0.955079 0.493624
vt 0.952443 0.486478
vt 0.957187 0.485471
vt 0.950457 0.493637
vt 0.946048 0.488915
vt 0.940429 0.483777
vt 0.945928 0.479298
vt 0.971970 0.489922
vt 0.974723 0.488050
vt 0.986586 0.502406
vt 0.979946 0.506243
vt 0.972585 0.474065
vt 0.966798 0.473996
vt 0.963540 0.485218
vt 0.959292 0.475289
vt 0.972762 0.503889
vt 0.963873 0.495186
vt 0.071856 0.067678
vt 0.075739 0.039786
vt 0.082315 0.042541
vt 0.075901 0.067488
vt 0.411763 0.586418
vt 0.415282 0.593658
vt 0.403959 0.591862
vt 0.405815 0.586064
vt 0.404135 0.604367
vt 0.395475 0.599349
vt 0.069872 0.041934
vt 0.067680 0.069286
vt 0.423288 0.600157
vt 0.409667 0.610473
vt 0.028801 0.918692
vt 0.024121 0.915267
vt 0.030062 0.915156
vt 0.035932 0.919410
vt 0.190774 0.722441
vt 0.187671 0.722115
vt 0.189572 0.717327
vt 0.192319 0.718852
vt 0.184726 0.718511
vt 0.183538 0.719611
vt 0.180618 0.717417
vt 0.186629 0.715904
vt 0.104443 0.040054
vt 0.105084 0.040706
vt 0.097362 0.042502
vt 0.097050 0.039863
vt 0.112167 0.038063
vt 0.114727 0.039910
vt 0.106442 0.045996
vt 0.925863 0.480474
vt 0.911580 0.474909
vt 0.911397 0.482950
vt 0.900054 0.479244
vt 0.984570 0.448864
vt 0.976221 0.459962
vt 0.965069 0.459921
vt 0.975408 0.449204
vt 0.359880 0.705065
vt 0.355532 0.704957
vt 0.354179 0.699467
vt 0.363061 0.702357
vt 0.350400 0.708074
vt 0.346615 0.707158
vt 0.393400 0.594411
vt 0.398463 0.590428
vt 0.385024 0.597814
vt 0.389521 0.610112
vt 0.380755 0.604332
vt 0.394511 0.615552
vt 0.385228 0.594536
vt 0.034336 0.457963
vt 0.071522 0.445397
vt 0.073387 0.435637
vt 0.079338 0.440841
vt 0.923685 0.433032
vt 0.937407 0.424748
vt 0.948013 0.442026
vt 0.049339 0.451391
vt 0.063387 0.449552
vt 0.189151 0.712391
vt 0.192744 0.713503
vt 0.195857 0.716435
vt 0.194674 0.721590
vt 0.140108 0.463802
vt 0.145920 0.468525
vt 0.139553 0.465288
vt 0.133277 0.461474
vt 0.149997 0.468109
vt 0.143678 0.464616
vt 0.156024 0.472617
vt 0.154172 0.467834
vt 0.020225 0.179256
vt 0.020188 0.178565
vt 0.022925 0.176738
vt 0.023528 0.179459
vt 0.986617 0.438147
vt 0.990291 0.433982
vt 0.998881 0.425204
vt 0.998057 0.426285
vt 0.205439 0.703825
vt 0.204892 0.697216
vt 0.206608 0.690879
vt 0.209157 0.701009
vt 0.304430 0.990096
vt 0.301339 0.989622
vt 0.959849 0.453605
vt 0.953824 0.465784
vt 0.969576 0.441785
vt 0.957703 0.434023
vt 0.199173 0.734570
vt 0.203355 0.730000
vt 0.198982 0.742916
vt 0.195550 0.742286
vt 0.201243 0.724065
vt 0.198156 0.728593
vt 0.208739 0.729424
vt 0.201400 0.744078
vt 0.195544 0.653461
vt 0.190281 0.643812
vt 0.191218 0.641941
vt 0.199725 0.647347
vt 0.194138 0.637243
vt 0.204275 0.640317
vt 0.202298 0.624936
vt 0.213515 0.626653
vt 0.993622 0.437135
vt 0.210465 0.685205
vt 0.216432 0.696414
vt 0.225624 0.682760
vt 0.217185 0.677410
vt 0.225574 0.699312
vt 0.233093 0.684212
vt 0.213293 0.713316
vt 0.207500 0.714727
vt 0.219816 0.714571
vt 0.381656 0.023499
vt 0.396102 0.026084
vt 0.405566 0.028132
vt 0.382607 0.026782
vt 0.032542 0.460777
vt 0.024506 0.453497
vt 0.031180 0.448150
vt 0.203595 0.662355
vt 0.208045 0.654389
vt 0.370158 0.587572
vt 0.368468 0.587843
vt 0.362422 0.577500
vt 0.367709 0.580383
vt 0.375371 0.593489
vt 0.370149 0.596112
vt 0.358726 0.588279
vt 0.377552 0.591814
vt 0.372520 0.586708
vt 0.374587 0.585432
vt 0.379126 0.589756
vt 0.370198 0.581669
vt 0.371237 0.580036
vt 0.112788 0.032815
vt 0.116419 0.033790
vt 0.108652 0.035189
vt 0.120159 0.035059
vt 0.106048 0.031704
vt 0.111744 0.030585
vt 0.103284 0.037669
vt 0.101282 0.034479
vt 0.097854 0.037781
vt 0.097192 0.034900
vt 0.092941 0.035254
vt 0.091947 0.032742
vt 0.090904 0.037558
vt 0.088464 0.034271
vt 0.088884 0.032993
vt 0.087573 0.039499
vt 0.084546 0.034445
vt 0.088846 0.031545
vt 0.085793 0.030508
vt 0.085070 0.028267
vt 0.083958 0.030822
vt 0.389439 0.587274
vt 0.391515 0.591410
vt 0.385386 0.591336
vt 0.384048 0.587695
vt 0.379619 0.586515
vt 0.379425 0.582788
vt 0.375492 0.582806
vt 0.375904 0.579418
vt 0.372439 0.578557
vt 0.373480 0.575865
vt 0.371006 0.571913
vt 0.368913 0.572176
vt 0.101075 0.025532
vt 0.104431 0.028012
vt 0.099519 0.029885
vt 0.095573 0.027703
vt 0.095036 0.031434
vt 0.092332 0.028487
vt 0.090201 0.030785
vt 0.088757 0.028158
vt 0.389216 0.576040
vt 0.086654 0.029313
vt 0.391378 0.582946
vt 0.362511 0.605657
vt 0.350896 0.598458
vt 0.372735 0.614700
vt 0.361085 0.626651
vt 0.350631 0.618860
vt 0.379803 0.622227
vt 0.367831 0.633678
vt 0.383280 0.626890
vt 0.371712 0.637919
vt 0.387016 0.631672
vt 0.375395 0.642159
vt 0.398312 0.621077
vt 0.402331 0.626396
vt 0.390717 0.636528
vt 0.413863 0.615969
vt 0.418432 0.621418
vt 0.406749 0.632353
vt 0.427621 0.605746
vt 0.431738 0.610968
vt 0.446291 0.597796
vt 0.448839 0.602550
vt 0.443590 0.593357
vt 0.466793 0.591197
vt 0.468542 0.595933
vt 0.465171 0.586832
vt 0.066956 0.101649
vt 0.063617 0.101765
vt 0.486734 0.580661
vt 0.487859 0.585013
vt 0.058976 0.135766
vt 0.061731 0.136763
vt 0.065348 0.138100
vt 0.070834 0.101948
vt 0.056122 0.172958
vt 0.053689 0.171132
vt 0.059271 0.174881
vt 0.066660 0.174818
vt 0.071502 0.139672
vt 0.056625 0.203463
vt 0.052451 0.203837
vt 0.064922 0.200083
vt 0.074243 0.196423
vt 0.075708 0.173822
vt 0.063438 0.221235
vt 0.055044 0.223227
vt 0.072696 0.219026
vt 0.082114 0.216610
vt 0.083664 0.192921
vt 0.070529 0.249517
vt 0.061214 0.250655
vt 0.080702 0.246829
vt 0.091036 0.243509
vt 0.092171 0.212918
vt 0.080050 0.278594
vt 0.069207 0.282177
vt 0.091389 0.273850
vt 0.102424 0.270813
vt 0.102209 0.240097
vt 0.092587 0.303886
vt 0.080749 0.308472
vt 0.104841 0.298947
vt 0.116835 0.296244
vt 0.114213 0.267657
vt 0.108754 0.327004
vt 0.096602 0.331304
vt 0.121066 0.323644
vt 0.133466 0.320335
vt 0.129550 0.292939
vt 0.125580 0.351664
vt 0.113616 0.354976
vt 0.138295 0.347478
vt 0.151206 0.342022
vt 0.146518 0.315471
vt 0.143293 0.374529
vt 0.130252 0.379517
vt 0.156632 0.367417
vt 0.170159 0.360731
vt 0.164665 0.335151
vt 0.161156 0.387959
vt 0.147900 0.395776
vt 0.174784 0.379540
vt 0.187996 0.372081
vt 0.183339 0.351682
vt 0.177319 0.388932
vt 0.164650 0.397670
vt 0.191025 0.380885
vt 0.204272 0.374597
vt 0.201460 0.364845
vt 0.218615 0.367911
vt 0.233069 0.361732
vt 0.247159 0.355310
vt 0.229925 0.352621
vt 0.244208 0.347083
vt 0.215879 0.358262
vt 0.211454 0.339531
vt 0.225705 0.334954
vt 0.197796 0.345447
vt 0.192606 0.322266
vt 0.207057 0.317187
vt 0.178772 0.328574
vt 0.173959 0.304644
vt 0.188221 0.299550
vt 0.160293 0.310219
vt 0.155833 0.285089
vt 0.169820 0.280780
vt 0.142747 0.289541
vt 0.138812 0.262455
vt 0.152027 0.259735
vt 0.126610 0.265016
vt 0.125194 0.234934
vt 0.136977 0.233760
vt 0.114256 0.236634
vt 0.114985 0.206534
vt 0.126988 0.203679
vt 0.103601 0.209477
vt 0.104279 0.186514
vt 0.116733 0.182198
vt 0.093724 0.189489
vt 0.094582 0.171906
vt 0.105466 0.169387
vt 0.084954 0.173306
vt 0.088323 0.144756
vt 0.097305 0.146247
vt 0.079698 0.141880
vt 0.085096 0.106465
vt 0.093845 0.108791
vt 0.076943 0.103753
vt 0.083014 0.069758
vt 0.091198 0.072297
vt 0.089592 0.048388
vt 0.097944 0.054902
vt 0.107350 0.061485
vt 0.115098 0.049798
vt 0.100062 0.081061
vt 0.110786 0.087043
vt 0.119144 0.068455
vt 0.103239 0.115435
vt 0.113949 0.120344
vt 0.122990 0.096046
vt 0.108303 0.149194
vt 0.120898 0.150589
vt 0.127657 0.128141
vt 0.119061 0.167090
vt 0.130778 0.167514
vt 0.134879 0.154989
vt 0.129808 0.180650
vt 0.140363 0.180836
vt 0.143086 0.168518
vt 0.138458 0.203572
vt 0.149889 0.203591
vt 0.152205 0.181068
vt 0.149798 0.232428
vt 0.162654 0.231271
vt 0.163707 0.204176
vt 0.165918 0.256598
vt 0.180015 0.253617
vt 0.177662 0.230625
vt 0.184032 0.276821
vt 0.198487 0.273485
vt 0.195347 0.252258
vt 0.202777 0.295316
vt 0.217635 0.291799
vt 0.214158 0.271738
vt 0.221626 0.313283
vt 0.236420 0.309408
vt 0.233217 0.289499
vt 0.240290 0.330118
vt 0.254376 0.325060
vt 0.251083 0.305845
vt 0.258446 0.340697
vt 0.270255 0.335456
vt 0.266822 0.320910
vt 0.260825 0.348874
vt 0.273114 0.343014
vt 0.282606 0.338648
vt 0.279881 0.331518
vt 0.293408 0.333816
vt 0.306843 0.327601
vt 0.321355 0.320648
vt 0.303642 0.321051
vt 0.318470 0.314627
vt 0.290427 0.327089
vt 0.286031 0.315038
vt 0.299207 0.309820
vt 0.276100 0.317982
vt 0.271719 0.300712
vt 0.281068 0.298278
vt 0.263445 0.302856
vt 0.259499 0.284930
vt 0.267139 0.283235
vt 0.248491 0.287128
vt 0.244950 0.269027
vt 0.255565 0.267446
vt 0.230311 0.270618
vt 0.227832 0.252118
vt 0.241719 0.251344
vt 0.211624 0.252137
vt 0.209993 0.232581
vt 0.225806 0.233649
vt 0.193806 0.230760
vt 0.193739 0.208249
vt 0.209475 0.211573
vt 0.178670 0.205113
vt 0.180911 0.185644
vt 0.195889 0.188918
vt 0.165896 0.183019
vt 0.167188 0.172380
vt 0.182615 0.175493
vt 0.153845 0.170141
vt 0.154652 0.160202
vt 0.168616 0.163218
vt 0.145499 0.156959
vt 0.150085 0.138894
vt 0.159434 0.143286
vt 0.140973 0.134916
vt 0.149694 0.111290
vt 0.158822 0.115426
vt 0.136074 0.105499
vt 0.145891 0.084918
vt 0.159674 0.090333
vt 0.131654 0.078154
vt 0.141201 0.062755
vt 0.155856 0.067369
vt 0.127024 0.056860
vt 0.135520 0.046283
vt 0.147972 0.049878
vt 0.123040 0.043350
vt 0.125538 0.035561
vt 0.134733 0.036668
vt 0.146661 0.038181
vt 0.129479 0.027510
vt 0.141305 0.028027
vt 0.347393 0.581397
vt 0.352593 0.570832
vt 0.333955 0.575250
vt 0.337550 0.593220
vt 0.324238 0.587960
vt 0.325640 0.606895
vt 0.312313 0.602251
vt 0.338422 0.612698
vt 0.327134 0.625679
vt 0.314581 0.620442
vt 0.339318 0.632285
vt 0.331462 0.642092
vt 0.319280 0.635546
vt 0.349313 0.639022
vt 0.341132 0.648387
vt 0.356085 0.644241
vt 0.347667 0.652941
vt 0.360531 0.647977
vt 0.352313 0.656326
vt 0.364317 0.651590
vt 0.356363 0.659941
vt 0.368553 0.656022
vt 0.360843 0.664271
vt 0.378983 0.646528
vt 0.384472 0.653295
vt 0.375236 0.662980
vt 0.395279 0.642887
vt 0.403680 0.654156
vt 0.394010 0.664835
vt 0.414260 0.643017
vt 0.422974 0.656694
vt 0.412924 0.667073
vt 0.425905 0.631787
vt 0.434537 0.646337
vt 0.438491 0.621385
vt 0.446950 0.636680
vt 0.453373 0.612036
vt 0.460538 0.627040
vt 0.471111 0.603784
vt 0.476509 0.617814
vt 0.490506 0.597024
vt 0.493786 0.609696
vt 0.488876 0.589915
vt 0.509002 0.584743
vt 0.509836 0.591231
vt 0.508688 0.579668
vt 0.508565 0.575123
vt 0.527449 0.574275
vt 0.527657 0.579415
vt 0.526503 0.570605
vt 0.049942 0.201929
vt 0.046630 0.202336
vt 0.048242 0.221607
vt 0.044852 0.221497
vt 0.050838 0.223192
vt 0.047296 0.251805
vt 0.043426 0.249928
vt 0.052657 0.251561
vt 0.050725 0.284308
vt 0.042656 0.279742
vt 0.059651 0.283463
vt 0.059203 0.314292
vt 0.048326 0.308653
vt 0.069941 0.311277
vt 0.072996 0.339605
vt 0.059598 0.336717
vt 0.084782 0.335139
vt 0.089934 0.363028
vt 0.076533 0.361178
vt 0.101842 0.358467
vt 0.106865 0.387715
vt 0.093835 0.386742
vt 0.118293 0.383649
vt 0.122128 0.408376
vt 0.110864 0.413450
vt 0.134827 0.402484
vt 0.138267 0.413441
vt 0.126173 0.419879
vt 0.151519 0.405119
vt 0.336381 0.313870
vt 0.351745 0.307224
vt 0.333568 0.307980
vt 0.348604 0.300861
vt 0.329084 0.297352
vt 0.344187 0.290334
vt 0.314151 0.303715
vt 0.308998 0.289049
vt 0.324341 0.283348
vt 0.294174 0.294378
vt 0.289390 0.277436
vt 0.304664 0.272976
vt 0.275958 0.281042
vt 0.271915 0.264232
vt 0.285251 0.261331
vt 0.263343 0.265938
vt 0.259538 0.249208
vt 0.269126 0.247967
vt 0.251791 0.250175
vt 0.248627 0.233244
vt 0.256321 0.232664
vt 0.239458 0.233749
vt 0.237579 0.214898
vt 0.245366 0.215538
vt 0.225060 0.212983
vt 0.224786 0.195080
vt 0.235705 0.196916
vt 0.211206 0.191625
vt 0.212604 0.181168
vt 0.225885 0.184092
vt 0.197810 0.178525
vt 0.199482 0.169754
vt 0.213972 0.172593
vt 0.184387 0.166716
vt 0.187623 0.153051
vt 0.202544 0.155822
vt 0.172292 0.148544
vt 0.180120 0.126079
vt 0.195018 0.131156
vt 0.167472 0.120361
vt 0.178144 0.098759
vt 0.191323 0.104984
vt 0.168482 0.094670
vt 0.180494 0.075944
vt 0.191029 0.080477
vt 0.169093 0.072807
vt 0.178212 0.055684
vt 0.191065 0.059065
vt 0.161584 0.053970
vt 0.157765 0.040395
vt 0.170024 0.042528
vt 0.308852 0.550909
vt 0.323043 0.556773
vt 0.321436 0.569716
vt 0.307641 0.564727
vt 0.332883 0.558573
vt 0.312179 0.582808
vt 0.300181 0.578515
vt 0.300343 0.597070
vt 0.290075 0.592996
vt 0.289332 0.609242
vt 0.280514 0.605706
vt 0.301590 0.614997
vt 0.294274 0.623461
vt 0.282897 0.618229
vt 0.306718 0.629686
vt 0.300550 0.636984
vt 0.288362 0.631017
vt 0.313023 0.643657
vt 0.304910 0.654060
vt 0.292669 0.647440
vt 0.325316 0.650108
vt 0.317482 0.661100
vt 0.335238 0.656268
vt 0.328061 0.667118
vt 0.341695 0.660935
vt 0.335037 0.671928
vt 0.345988 0.664264
vt 0.339847 0.675584
vt 0.350434 0.667928
vt 0.345106 0.679135
vt 0.355710 0.672160
vt 0.350574 0.683076
vt 0.363822 0.679448
vt 0.358765 0.689437
vt 0.368633 0.671358
vt 0.368083 0.696529
vt 0.376988 0.704740
vt 0.371893 0.706962
vt 0.367987 0.708461
vt 0.372815 0.714910
vt 0.372203 0.722545
vt 0.369331 0.721943
vt 0.366152 0.727647
vt 0.364479 0.725150
vt 0.360372 0.727611
vt 0.355241 0.728627
vt 0.353882 0.724285
vt 0.346382 0.694432
vt 0.340868 0.691111
vt 0.342310 0.704980
vt 0.336735 0.702528
vt 0.339478 0.714826
vt 0.333844 0.713433
vt 0.343621 0.714650
vt 0.343527 0.722572
vt 0.339185 0.724107
vt 0.332917 0.724620
vt 0.323656 0.723622
vt 0.320870 0.736114
vt 0.326584 0.711469
vt 0.317620 0.708600
vt 0.312652 0.721244
vt 0.330972 0.699787
vt 0.323168 0.696602
vt 0.313166 0.692538
vt 0.306345 0.705066
vt 0.328842 0.684598
vt 0.334990 0.687766
vt 0.320445 0.680030
vt 0.308425 0.674078
vt 0.300324 0.687339
vt 0.286010 0.681826
vt 0.292429 0.700644
vt 0.278049 0.696127
vt 0.295469 0.667679
vt 0.281941 0.661493
vt 0.272046 0.676624
vt 0.258648 0.672221
vt 0.262913 0.691364
vt 0.249275 0.687523
vt 0.269803 0.656333
vt 0.259948 0.652882
vt 0.249219 0.669719
vt 0.280495 0.641211
vt 0.270345 0.637063
vt 0.262023 0.634471
vt 0.252337 0.650921
vt 0.277452 0.626084
vt 0.268867 0.622984
vt 0.261704 0.621070
vt 0.255424 0.633301
vt 0.274029 0.614499
vt 0.266860 0.612121
vt 0.258272 0.610053
vt 0.253673 0.619274
vt 0.273229 0.602643
vt 0.264127 0.601193
vt 0.251753 0.599049
vt 0.246888 0.608712
vt 0.271286 0.586910
vt 0.281572 0.589396
vt 0.259167 0.585057
vt 0.246310 0.583706
vt 0.239741 0.597384
vt 0.266293 0.568254
vt 0.278597 0.570833
vt 0.253405 0.567016
vt 0.280394 0.038537
vt 0.268425 0.030653
vt 0.280625 0.021227
vt 0.294250 0.026530
vt 0.255894 0.025743
vt 0.254975 0.044615
vt 0.243710 0.037632
vt 0.266833 0.051733
vt 0.278834 0.058685
vt 0.293333 0.045183
vt 0.253032 0.065627
vt 0.241134 0.058831
vt 0.265084 0.072630
vt 0.276890 0.079440
vt 0.290392 0.066219
vt 0.253144 0.087423
vt 0.240618 0.081134
vt 0.265494 0.093573
vt 0.276566 0.099282
vt 0.287231 0.085918
vt 0.256047 0.108904
vt 0.243370 0.103451
vt 0.267295 0.114344
vt 0.275025 0.118227
vt 0.284052 0.103959
vt 0.259406 0.130637
vt 0.247538 0.125882
vt 0.266313 0.133577
vt 0.271416 0.135586
vt 0.280737 0.121236
vt 0.257339 0.149868
vt 0.250897 0.148304
vt 0.262978 0.151513
vt 0.272575 0.154280
vt 0.280432 0.139486
vt 0.255444 0.167550
vt 0.249024 0.166796
vt 0.265937 0.169270
vt 0.280033 0.171340
vt 0.285388 0.158022
vt 0.261816 0.180973
vt 0.251208 0.180075
vt 0.276922 0.182468
vt 0.292915 0.184196
vt 0.295153 0.174066
vt 0.275726 0.191435
vt 0.260642 0.189582
vt 0.291826 0.192933
vt 0.307412 0.194235
vt 0.308201 0.186107
vt 0.291530 0.203335
vt 0.275679 0.202527
vt 0.307419 0.203405
vt 0.323022 0.202854
vt 0.322598 0.195363
vt 0.308389 0.213815
vt 0.292545 0.215142
vt 0.324110 0.211363
vt 0.338740 0.206939
vt 0.337629 0.199536
vt 0.325809 0.222087
vt 0.310376 0.225473
vt 0.340601 0.217157
vt 0.353959 0.210648
vt 0.351266 0.200651
vt 0.343168 0.229260
vt 0.328127 0.234590
vt 0.357322 0.222757
vt 0.360978 0.235702
vt 0.371217 0.215570
vt 0.375145 0.228560
vt 0.367000 0.203168
vt 0.346382 0.242298
vt 0.331202 0.248074
vt 0.349943 0.255811
vt 0.335016 0.262277
vt 0.364817 0.248906
vt 0.368970 0.262122
vt 0.379104 0.241653
vt 0.383156 0.254725
vt 0.354267 0.269639
vt 0.339337 0.276917
vt 0.358862 0.282719
vt 0.373332 0.274922
vt 0.377540 0.285527
vt 0.387439 0.267290
vt 0.391835 0.278502
vt 0.363375 0.293398
vt 0.366414 0.299882
vt 0.380481 0.293606
vt 0.406444 0.271745
vt 0.420429 0.265216
vt 0.401562 0.260126
vt 0.415421 0.253624
vt 0.397200 0.247637
vt 0.410884 0.241198
vt 0.393075 0.234583
vt 0.406631 0.228175
vt 0.388971 0.221400
vt 0.402312 0.214884
vt 0.384579 0.208298
vt 0.397474 0.201722
vt 0.379590 0.195900
vt 0.391831 0.189302
vt 0.374944 0.185852
vt 0.386248 0.178976
vt 0.363176 0.193299
vt 0.360560 0.186740
vt 0.371514 0.179496
vt 0.349462 0.193631
vt 0.348458 0.188998
vt 0.358780 0.182435
vt 0.336917 0.193715
vt 0.336630 0.188130
vt 0.347807 0.184386
vt 0.322879 0.188630
vt 0.309841 0.177325
vt 0.312921 0.167007
vt 0.299345 0.162493
vt 0.305200 0.150390
vt 0.317694 0.156461
vt 0.292620 0.144813
vt 0.300802 0.131762
vt 0.312582 0.138398
vt 0.289415 0.125902
vt 0.297942 0.112550
vt 0.308945 0.118989
vt 0.290059 0.107867
vt 0.299938 0.094512
vt 0.306208 0.098794
vt 0.294346 0.090760
vt 0.306241 0.077919
vt 0.311124 0.081837
vt 0.299821 0.073156
vt 0.314030 0.059947
vt 0.319798 0.065696
vt 0.305080 0.052895
vt 0.319708 0.040657
vt 0.328280 0.047938
vt 0.308298 0.032280
vt 0.320212 0.025976
vt 0.330664 0.034121
vt 0.215874 0.594642
vt 0.220607 0.582857
vt 0.233308 0.583555
vt 0.227846 0.595797
vt 0.224069 0.604101
vt 0.212633 0.603019
vt 0.235213 0.606640
vt 0.230850 0.615574
vt 0.220192 0.613171
vt 0.242620 0.617496
vt 0.236138 0.630020
vt 0.224392 0.628389
vt 0.247643 0.631563
vt 0.238056 0.648359
vt 0.227208 0.646058
vt 0.246404 0.649730
vt 0.235964 0.666969
vt 0.227293 0.664476
vt 0.242222 0.668129
vt 0.239949 0.685398
vt 0.232341 0.700774
vt 0.242297 0.702971
vt 0.235442 0.718861
vt 0.226154 0.716466
vt 0.255699 0.706449
vt 0.249207 0.722098
vt 0.270767 0.710641
vt 0.264594 0.725659
vt 0.285847 0.714647
vt 0.280028 0.729246
vt 0.300068 0.718166
vt 0.294542 0.732324
vt 0.308003 0.734720
vt 0.303267 0.749117
vt 0.288865 0.747464
vt 0.317551 0.749081
vt 0.313218 0.764767
vt 0.298201 0.765142
vt 0.308116 0.782700
vt 0.292968 0.783186
vt 0.323468 0.780872
vt 0.317988 0.800613
vt 0.303161 0.802049
vt 0.339673 0.777030
vt 0.334046 0.798308
vt 0.355908 0.773002
vt 0.350818 0.794337
vt 0.372335 0.770026
vt 0.367437 0.790627
vt 0.389226 0.768729
vt 0.384346 0.787842
vt 0.404882 0.768951
vt 0.400068 0.786710
vt 0.416601 0.769739
vt 0.411232 0.786278
vt 0.421653 0.752884
vt 0.428675 0.753567
vt 0.423756 0.770234
vt 0.435275 0.755042
vt 0.430341 0.771070
vt 0.442114 0.756761
vt 0.437221 0.772181
vt 0.448082 0.739467
vt 0.457579 0.722641
vt 0.457724 0.744610
vt 0.451412 0.759544
vt 0.466390 0.730810
vt 0.479258 0.741587
vt 0.471302 0.752361
vt 0.477989 0.720943
vt 0.489205 0.732771
vt 0.470861 0.711438
vt 0.466793 0.705202
vt 0.484079 0.703122
vt 0.490685 0.713086
vt 0.480042 0.696357
vt 0.476153 0.689572
vt 0.462478 0.698871
vt 0.492568 0.688365
vt 0.496514 0.695850
vt 0.488689 0.681134
vt 0.484031 0.672455
vt 0.471366 0.681239
vt 0.501385 0.673680
vt 0.504782 0.681590
vt 0.496618 0.664055
vt 0.489450 0.649290
vt 0.476260 0.658280
vt 0.509484 0.657026
vt 0.513913 0.668275
vt 0.503408 0.641388
vt 0.498235 0.625047
vt 0.482555 0.633322
vt 0.518070 0.635938
vt 0.522306 0.652257
vt 0.515045 0.619361
vt 0.512290 0.603082
vt 0.531025 0.616366
vt 0.532571 0.633288
vt 0.529637 0.599413
vt 0.528313 0.585899
vt 0.544372 0.597783
vt 0.545800 0.615132
vt 0.543658 0.584431
vt 0.543401 0.577702
vt 0.561766 0.585978
vt 0.560860 0.598839
vt 0.562287 0.580153
vt 0.562109 0.575142
vt 0.542505 0.572745
vt 0.581717 0.584111
vt 0.580728 0.589581
vt 0.582439 0.579051
vt 0.583064 0.573876
vt 0.561765 0.570455
vt 0.601102 0.582512
vt 0.600001 0.587542
vt 0.602737 0.577510
vt 0.605301 0.571075
vt 0.583522 0.568519
vt 0.620513 0.581167
vt 0.618652 0.586399
vt 0.623684 0.573422
vt 0.629393 0.561366
vt 0.614655 0.558325
vt 0.641837 0.575021
vt 0.637913 0.584323
vt 0.647879 0.561806
vt 0.653710 0.546993
vt 0.635496 0.547924
vt 0.666575 0.563843
vt 0.660281 0.577880
vt 0.673259 0.549794
vt 0.679490 0.536317
vt 0.659352 0.533743
vt 0.689684 0.552703
vt 0.683370 0.567413
vt 0.696036 0.538334
vt 0.702938 0.524504
vt 0.687298 0.524239
vt 0.704167 0.540388
vt 0.698231 0.555093
vt 0.710531 0.526352
vt 0.716516 0.512597
vt 0.706590 0.511428
vt 0.715619 0.527484
vt 0.709605 0.541553
vt 0.721964 0.514099
vt 0.114122 0.428020
vt 0.113491 0.423773
vt 0.434365 0.258642
vt 0.448493 0.252223
vt 0.429288 0.247262
vt 0.443356 0.241290
vt 0.424500 0.235160
vt 0.438216 0.229517
vt 0.419994 0.222274
vt 0.433119 0.216833
vt 0.415235 0.208988
vt 0.427864 0.203573
vt 0.409980 0.195761
vt 0.421821 0.190246
vt 0.403712 0.183218
vt 0.415266 0.177299
vt 0.397627 0.172530
vt 0.408865 0.166221
vt 0.393043 0.165356
vt 0.403877 0.158595
vt 0.382256 0.172409
vt 0.379288 0.167643
vt 0.389605 0.160348
vt 0.369036 0.175050
vt 0.366437 0.170496
vt 0.375923 0.162406
vt 0.356986 0.178146
vt 0.353421 0.171598
vt 0.361489 0.163171
vt 0.346124 0.162746
vt 0.353197 0.153667
vt 0.335616 0.153068
vt 0.342683 0.143299
vt 0.324099 0.145382
vt 0.331648 0.134249
vt 0.320414 0.126365
vt 0.328645 0.114437
vt 0.339926 0.123419
vt 0.316974 0.106439
vt 0.325968 0.094022
vt 0.337413 0.103228
vt 0.316485 0.086431
vt 0.328706 0.075275
vt 0.336324 0.082487
vt 0.323902 0.070431
vt 0.338111 0.058438
vt 0.341893 0.063293
vt 0.334235 0.053597
vt 0.345511 0.045195
vt 0.350005 0.049932
vt 0.339542 0.040503
vt 0.349565 0.035893
vt 0.355506 0.041778
vt 0.339928 0.029048
vt 0.361954 0.023727
vt 0.365739 0.033359
vt 0.191985 0.620090
vt 0.201231 0.602517
vt 0.208453 0.613363
vt 0.327367 0.023170
vt 0.372833 0.039514
vt 0.385321 0.032473
vt 0.392678 0.039489
vt 0.398225 0.044302
vt 0.412892 0.035398
vt 0.418289 0.041172
vt 0.378333 0.044694
vt 0.382696 0.049789
vt 0.402260 0.048515
vt 0.360626 0.046215
vt 0.364978 0.051782
vt 0.370659 0.059053
vt 0.387749 0.056276
vt 0.353805 0.055115
vt 0.359456 0.063091
vt 0.368293 0.074635
vt 0.379621 0.069983
vt 0.348173 0.070863
vt 0.357698 0.082278
vt 0.367883 0.093838
vt 0.378233 0.087054
vt 0.347038 0.092084
vt 0.358037 0.102752
vt 0.368648 0.114092
vt 0.377964 0.105921
vt 0.348766 0.112770
vt 0.359458 0.123503
vt 0.369620 0.134597
vt 0.378747 0.125844
vt 0.350695 0.133350
vt 0.361256 0.144007
vt 0.369957 0.154341
vt 0.378891 0.145770
vt 0.385826 0.154829
vt 0.388379 0.137518
vt 0.396041 0.147391
vt 0.397792 0.130051
vt 0.406145 0.140371
vt 0.387926 0.117959
vt 0.396928 0.110997
vt 0.406982 0.123504
vt 0.387680 0.099172
vt 0.398511 0.093659
vt 0.406840 0.105330
vt 0.389647 0.082270
vt 0.403563 0.078535
vt 0.411543 0.089714
vt 0.394956 0.067066
vt 0.412347 0.064783
vt 0.419490 0.075947
vt 0.406193 0.054507
vt 0.424656 0.052809
vt 0.429373 0.062953
vt 0.421637 0.046703
vt 0.439017 0.045474
vt 0.441027 0.052095
vt 0.437237 0.039601
vt 0.453697 0.039340
vt 0.454521 0.045670
vt 0.433423 0.031942
vt 0.452240 0.031122
vt 0.428842 0.023885
vt 0.449510 0.021878
vt 0.468843 0.022012
vt 0.469181 0.032641
vt 0.448068 0.013886
vt 0.470002 0.013645
vt 0.427075 0.017616
vt 0.448297 0.008088
vt 0.470660 0.008572
vt 0.430420 0.011621
vt 0.029218 0.280549
vt 0.031408 0.295547
vt 0.026026 0.292252
vt 0.023594 0.265982
vt 0.032074 0.321531
vt 0.035061 0.300243
vt 0.036507 0.321464
vt 0.033761 0.285388
vt 0.036615 0.288444
vt 0.038221 0.303327
vt 0.032079 0.273471
vt 0.035601 0.276023
vt 0.027560 0.271644
vt 0.030623 0.262033
vt 0.034778 0.266287
vt 0.025390 0.264368
vt 0.038772 0.280764
vt 0.039058 0.291128
vt 0.040542 0.273000
vt 0.040955 0.293867
vt 0.043630 0.285607
vt 0.086252 0.448424
vt 0.089637 0.445701
vt 0.097040 0.442703
vt 0.088694 0.436910
vt 0.097456 0.433627
vt 0.105198 0.438959
vt 0.083692 0.430961
vt 0.091347 0.427820
vt 0.105351 0.430214
vt 0.114506 0.436476
vt 0.097292 0.425344
vt 0.040917 0.320127
vt 0.023475 0.263267
vt 0.486806 0.016087
vt 0.486303 0.024905
vt 0.486606 0.010733
vt 0.500326 0.017823
vt 0.502975 0.028545
vt 0.512888 0.019819
vt 0.516547 0.031289
vt 0.519912 0.020637
vt 0.523739 0.032530
vt 0.125182 0.816812
vt 0.126403 0.811485
vt 0.140925 0.810344
vt 0.137434 0.817069
vt 0.135022 0.822753
vt 0.121473 0.824714
vt 0.150693 0.812949
vt 0.147932 0.822954
vt 0.163794 0.812405
vt 0.161137 0.823966
vt 0.175981 0.816562
vt 0.174419 0.826287
vt 0.176875 0.810092
vt 0.178216 0.801778
vt 0.187427 0.812985
vt 0.186272 0.820935
vt 0.188839 0.802905
vt 0.191844 0.784382
vt 0.183442 0.785982
vt 0.197222 0.805662
vt 0.195883 0.816810
vt 0.200858 0.786848
vt 0.204503 0.768232
vt 0.197217 0.770382
vt 0.210394 0.789842
vt 0.206968 0.809188
vt 0.215761 0.770006
vt 0.222016 0.751933
vt 0.211536 0.750272
vt 0.230030 0.773276
vt 0.224211 0.793346
vt 0.236797 0.754894
vt 0.242856 0.738120
vt 0.229364 0.734809
vt 0.252397 0.758361
vt 0.245767 0.776896
vt 0.258891 0.741242
vt 0.274124 0.744699
vt 0.267848 0.761635
vt 0.283125 0.764037
vt 0.277462 0.782371
vt 0.261560 0.780210
vt 0.273355 0.802004
vt 0.256655 0.800782
vt 0.288470 0.802647
vt 0.285558 0.820137
vt 0.271146 0.819449
vt 0.298711 0.820162
vt 0.297056 0.831473
vt 0.284627 0.831187
vt 0.313203 0.819549
vt 0.311345 0.831140
vt 0.330810 0.816739
vt 0.329323 0.828306
vt 0.347864 0.812860
vt 0.347086 0.825628
vt 0.364354 0.809418
vt 0.363442 0.822976
vt 0.380684 0.806231
vt 0.379407 0.820898
vt 0.395791 0.804304
vt 0.394073 0.818832
vt 0.406403 0.802325
vt 0.403475 0.816589
vt 0.413683 0.801365
vt 0.409559 0.815027
vt 0.418738 0.786219
vt 0.425540 0.786468
vt 0.420925 0.801255
vt 0.432589 0.787007
vt 0.428241 0.801274
vt 0.441594 0.788170
vt 0.437824 0.801727
vt 0.446110 0.773993
vt 0.458709 0.777120
vt 0.454092 0.789989
vt 0.464359 0.764307
vt 0.478752 0.770169
vt 0.473476 0.781067
vt 0.484756 0.760016
vt 0.491729 0.750974
vt 0.495213 0.766073
vt 0.490544 0.775096
vt 0.500456 0.757246
vt 0.506905 0.762217
vt 0.502457 0.770447
vt 0.507297 0.749119
vt 0.512732 0.754047
vt 0.499882 0.742555
vt 0.509147 0.734944
vt 0.515575 0.741649
vt 0.500010 0.724905
vt 0.510626 0.718822
vt 0.518356 0.729030
vt 0.502598 0.706544
vt 0.513790 0.701508
vt 0.520663 0.714111
vt 0.508214 0.689816
vt 0.519562 0.685822
vt 0.524271 0.697546
vt 0.516769 0.676829
vt 0.528482 0.673949
vt 0.530902 0.682855
vt 0.525839 0.664642
vt 0.537986 0.661658
vt 0.540055 0.671004
vt 0.535110 0.649249
vt 0.548779 0.647379
vt 0.550299 0.659015
vt 0.547028 0.631858
vt 0.561559 0.631546
vt 0.562338 0.647258
vt 0.560786 0.615774
vt 0.576718 0.618575
vt 0.575960 0.633284
vt 0.578399 0.602313
vt 0.595126 0.606825
vt 0.591689 0.622900
vt 0.598297 0.593499
vt 0.614556 0.598524
vt 0.610595 0.611608
vt 0.616686 0.591785
vt 0.632656 0.596600
vt 0.629818 0.604025
vt 0.635041 0.590612
vt 0.651404 0.594472
vt 0.648321 0.600773
vt 0.654768 0.587877
vt 0.671165 0.591460
vt 0.666980 0.597516
vt 0.676720 0.581587
vt 0.686955 0.584493
vt 0.682770 0.594140
vt 0.692618 0.570209
vt 0.698418 0.572047
vt 0.693389 0.586561
vt 0.704000 0.556596
vt 0.462874 0.246299
vt 0.476590 0.240858
vt 0.457472 0.235756
vt 0.470877 0.230396
vt 0.451705 0.223925
vt 0.464530 0.218224
vt 0.445950 0.211282
vt 0.458113 0.205675
vt 0.439978 0.198266
vt 0.451606 0.193013
vt 0.433449 0.184875
vt 0.444840 0.179995
vt 0.437598 0.166682
vt 0.426706 0.171807
vt 0.455882 0.175307
vt 0.463179 0.187922
vt 0.448114 0.162597
vt 0.440547 0.150802
vt 0.430436 0.154682
vt 0.459492 0.158673
vt 0.467397 0.170781
vt 0.451701 0.147576
vt 0.444932 0.138486
vt 0.434483 0.142215
vt 0.464170 0.143827
vt 0.471827 0.154741
vt 0.456896 0.134216
vt 0.450470 0.125924
vt 0.438886 0.130760
vt 0.469262 0.129764
vt 0.476761 0.139674
vt 0.462616 0.121464
vt 0.456357 0.112913
vt 0.444087 0.117128
vt 0.474262 0.117124
vt 0.481064 0.125099
vt 0.467994 0.109202
vt 0.451045 0.104284
vt 0.478397 0.105623
vt 0.485517 0.112751
vt 0.488202 0.101272
vt 0.496379 0.107949
vt 0.498238 0.095261
vt 0.507104 0.101402
vt 0.488741 0.089280
vt 0.480067 0.084774
vt 0.498259 0.081705
vt 0.507961 0.087237
vt 0.488217 0.076845
vt 0.494152 0.067633
vt 0.505886 0.072437
vt 0.481802 0.064158
vt 0.469506 0.061968
vt 0.483818 0.055613
vt 0.497922 0.058702
vt 0.469768 0.053682
vt 0.455843 0.052273
vt 0.456909 0.061041
vt 0.469669 0.047007
vt 0.484588 0.049432
vt 0.469654 0.040883
vt 0.485358 0.043714
vt 0.485880 0.035682
vt 0.503357 0.039347
vt 0.501295 0.046931
vt 0.517855 0.042643
vt 0.517191 0.050532
vt 0.526839 0.044336
vt 0.528341 0.053018
vt 0.086238 0.827825
vt 0.095706 0.828565
vt 0.095214 0.833349
vt 0.086277 0.834576
vt 0.109648 0.824727
vt 0.107760 0.830264
vt 0.105318 0.837833
vt 0.093415 0.838139
vt 0.118249 0.834821
vt 0.112544 0.852539
vt 0.098629 0.851921
vt 0.130577 0.833066
vt 0.126887 0.854139
vt 0.144199 0.836026
vt 0.141824 0.857006
vt 0.159393 0.838884
vt 0.157410 0.861252
vt 0.173220 0.842493
vt 0.172163 0.865420
vt 0.184230 0.845952
vt 0.184189 0.869378
vt 0.185522 0.828920
vt 0.193781 0.831884
vt 0.193441 0.849469
vt 0.194989 0.823973
vt 0.204850 0.826397
vt 0.203905 0.834351
vt 0.206000 0.819472
vt 0.219731 0.821770
vt 0.218912 0.829308
vt 0.220676 0.811730
vt 0.237412 0.814723
vt 0.236654 0.824391
vt 0.240149 0.797358
vt 0.254667 0.817902
vt 0.254328 0.827549
vt 0.270984 0.830305
vt 0.270474 0.837848
vt 0.253548 0.835432
vt 0.284539 0.838709
vt 0.284971 0.847860
vt 0.270426 0.847080
vt 0.296838 0.838736
vt 0.297525 0.848299
vt 0.310895 0.837324
vt 0.311562 0.847060
vt 0.328608 0.835915
vt 0.329543 0.845627
vt 0.346949 0.834275
vt 0.347411 0.844983
vt 0.363411 0.832406
vt 0.364272 0.843596
vt 0.379677 0.830858
vt 0.380949 0.841715
vt 0.394436 0.829003
vt 0.396484 0.840146
vt 0.403124 0.828177
vt 0.405916 0.840079
vt 0.409386 0.827035
vt 0.412195 0.839824
vt 0.415565 0.826433
vt 0.418197 0.839219
vt 0.416609 0.814619
vt 0.424276 0.814381
vt 0.422862 0.826104
vt 0.434634 0.814255
vt 0.433959 0.825372
vt 0.449246 0.814148
vt 0.449161 0.824351
vt 0.450744 0.802503
vt 0.467013 0.803413
vt 0.465954 0.813616
vt 0.469343 0.792421
vt 0.483846 0.794583
vt 0.481607 0.804195
vt 0.486700 0.784608
vt 0.495941 0.787099
vt 0.493487 0.795957
vt 0.498961 0.778605
vt 0.505277 0.781336
vt 0.502969 0.788910
vt 0.507959 0.773936
vt 0.511858 0.766327
vt 0.512558 0.777103
vt 0.509960 0.783412
vt 0.516032 0.770216
vt 0.520310 0.761676
vt 0.516819 0.758074
vt 0.523804 0.750419
vt 0.526733 0.753720
vt 0.520251 0.746628
vt 0.528342 0.741207
vt 0.531541 0.744943
vt 0.524033 0.736038
vt 0.532360 0.731887
vt 0.536323 0.737221
vt 0.527263 0.724540
vt 0.535829 0.721002
vt 0.540201 0.728598
vt 0.530303 0.710287
vt 0.539780 0.707445
vt 0.544104 0.718057
vt 0.534735 0.694490
vt 0.545343 0.692254
vt 0.548859 0.705058
vt 0.542133 0.680148
vt 0.553256 0.677739
vt 0.555477 0.690091
vt 0.551707 0.668129
vt 0.563644 0.667007
vt 0.564347 0.676410
vt 0.562916 0.658074
vt 0.575676 0.659461
vt 0.575387 0.667948
vt 0.575668 0.648645
vt 0.588734 0.651011
vt 0.587800 0.661827
vt 0.589656 0.636438
vt 0.603008 0.640747
vt 0.600702 0.654100
vt 0.605744 0.626889
vt 0.619456 0.631027
vt 0.615173 0.644675
vt 0.624767 0.616340
vt 0.638672 0.621181
vt 0.632666 0.635182
vt 0.644166 0.608940
vt 0.658344 0.613046
vt 0.651884 0.625527
vt 0.663121 0.603735
vt 0.675409 0.607048
vt 0.670075 0.616345
vt 0.679098 0.600280
vt 0.690083 0.596257
vt 0.489179 0.235805
vt 0.501434 0.229854
vt 0.483223 0.224867
vt 0.495541 0.218628
vt 0.476836 0.212611
vt 0.489070 0.206803
vt 0.470136 0.200286
vt 0.482189 0.194941
vt 0.474913 0.182967
vt 0.487218 0.177936
vt 0.494758 0.189379
vt 0.479429 0.166201
vt 0.492289 0.161457
vt 0.499973 0.172685
vt 0.484530 0.150473
vt 0.497191 0.145435
vt 0.505260 0.156075
vt 0.488805 0.134831
vt 0.500729 0.129406
vt 0.509424 0.139279
vt 0.492553 0.120272
vt 0.504170 0.114856
vt 0.512782 0.123288
vt 0.515585 0.108124
vt 0.524546 0.116254
vt 0.526149 0.099769
vt 0.535708 0.108117
vt 0.516898 0.093228
vt 0.525032 0.083344
vt 0.534636 0.090457
vt 0.515976 0.077693
vt 0.522020 0.067154
vt 0.530702 0.072895
vt 0.511234 0.062730
vt 0.514650 0.055444
vt 0.525605 0.059346
vt 0.499600 0.052356
vt 0.534329 0.063936
vt 0.536795 0.056700
vt 0.544574 0.071131
vt 0.540512 0.080647
vt 0.546893 0.063763
vt 0.561073 0.074185
vt 0.557597 0.082173
vt 0.549451 0.055594
vt 0.561399 0.063170
vt 0.543882 0.051123
vt 0.073458 0.852950
vt 0.085800 0.849294
vt 0.078886 0.864898
vt 0.067601 0.863923
vt 0.093109 0.868392
vt 0.089697 0.884741
vt 0.074570 0.881157
vt 0.107864 0.871037
vt 0.105664 0.888617
vt 0.124239 0.875302
vt 0.121281 0.893416
vt 0.140502 0.879253
vt 0.137874 0.898275
vt 0.156127 0.884013
vt 0.155406 0.903348
vt 0.171662 0.888148
vt 0.171958 0.907093
vt 0.183600 0.890314
vt 0.186010 0.909394
vt 0.197096 0.894351
vt 0.198840 0.912183
vt 0.194463 0.871844
vt 0.207238 0.875255
vt 0.212806 0.897085
vt 0.204130 0.851278
vt 0.218950 0.854486
vt 0.222633 0.878224
vt 0.218535 0.838052
vt 0.235678 0.841806
vt 0.236048 0.857887
vt 0.236118 0.832579
vt 0.253332 0.844482
vt 0.253614 0.860222
vt 0.272127 0.861937
vt 0.276022 0.883478
vt 0.257530 0.882307
vt 0.287408 0.863692
vt 0.292641 0.883426
vt 0.300056 0.863756
vt 0.305236 0.882565
vt 0.314009 0.863249
vt 0.318643 0.881989
vt 0.331409 0.861790
vt 0.335651 0.880066
vt 0.349278 0.860366
vt 0.353330 0.877673
vt 0.367179 0.858932
vt 0.371283 0.875256
vt 0.384437 0.857318
vt 0.388643 0.872759
vt 0.399760 0.855518
vt 0.403420 0.869951
vt 0.409692 0.854091
vt 0.414324 0.867348
vt 0.416396 0.852862
vt 0.421179 0.865474
vt 0.422697 0.851406
vt 0.427717 0.863570
vt 0.429549 0.849874
vt 0.434499 0.861433
vt 0.424732 0.837781
vt 0.435520 0.836111
vt 0.439676 0.847267
vt 0.450365 0.834282
vt 0.452815 0.844207
vt 0.466811 0.831886
vt 0.467897 0.840634
vt 0.465711 0.822943
vt 0.480529 0.821371
vt 0.480798 0.829109
vt 0.480423 0.813022
vt 0.490773 0.812642
vt 0.490028 0.820006
vt 0.491722 0.804571
vt 0.498861 0.804859
vt 0.497859 0.812187
vt 0.500489 0.796842
vt 0.505485 0.797475
vt 0.504312 0.804930
vt 0.507331 0.790109
vt 0.511278 0.791473
vt 0.509566 0.798126
vt 0.514690 0.793438
vt 0.514123 0.798807
vt 0.517226 0.793879
vt 0.517398 0.798059
vt 0.974849 0.799995
vt 0.975521 0.801441
vt 0.972039 0.795295
vt 0.589135 0.948381
vt 0.585149 0.948911
vt 0.587723 0.944063
vt 0.975233 0.800443
vt 0.593856 0.944697
vt 0.586799 0.939105
vt 0.592271 0.940065
vt 0.594464 0.949956
vt 0.022696 0.806215
vt 0.025983 0.801274
vt 0.026656 0.801140
vt 0.023374 0.806614
vt 0.029892 0.796631
vt 0.024786 0.802647
vt 0.032669 0.792316
vt 0.030602 0.796852
vt 0.027200 0.802282
vt 0.033489 0.793305
vt 0.036000 0.788823
vt 0.035458 0.787267
vt 0.033771 0.794912
vt 0.030332 0.799178
vt 0.036493 0.791022
vt 0.039349 0.786149
vt 0.039102 0.784006
vt 0.036851 0.794202
vt 0.034134 0.798375
vt 0.040324 0.788613
vt 0.043540 0.784561
vt 0.043569 0.780999
vt 0.040760 0.792595
vt 0.038438 0.798421
vt 0.044189 0.788280
vt 0.047690 0.783445
vt 0.047594 0.779366
vt 0.044393 0.794589
vt 0.038760 0.800372
vt 0.048791 0.789286
vt 0.052972 0.784286
vt 0.052182 0.778050
vt 0.050590 0.798277
vt 0.042669 0.806726
vt 0.055632 0.795296
vt 0.060151 0.791042
vt 0.057457 0.780563
vt 0.058817 0.807580
vt 0.049775 0.814325
vt 0.065493 0.803783
vt 0.071792 0.799720
vt 0.065982 0.787000
vt 0.068179 0.814945
vt 0.059618 0.819744
vt 0.078049 0.810642
vt 0.086887 0.806101
vt 0.079203 0.794595
vt 0.081934 0.818562
vt 0.071705 0.823040
vt 0.092356 0.814401
vt 0.095853 0.819529
vt 0.085244 0.823889
vt 0.099486 0.824200
vt 0.071919 0.782737
vt 0.065455 0.771808
vt 0.061760 0.776572
vt 0.058323 0.768684
vt 0.061882 0.764545
vt 0.055606 0.773908
vt 0.054195 0.770401
vt 0.057900 0.764779
vt 0.051194 0.775062
vt 0.050307 0.772149
vt 0.054193 0.766554
vt 0.046967 0.776837
vt 0.046397 0.774835
vt 0.050648 0.768317
vt 0.042817 0.779500
vt 0.042201 0.778161
vt 0.047079 0.771396
vt 0.037981 0.783173
vt 0.041533 0.776634
vt 0.045592 0.770925
vt 0.041058 0.776037
vt 0.045006 0.769790
vt 0.908719 0.501587
vt 0.916281 0.503457
vt 0.917071 0.506232
vt 0.907242 0.504028
vt 0.916620 0.510148
vt 0.904939 0.507146
vt 0.913556 0.515526
vt 0.901235 0.510606
vt 0.921624 0.519053
vt 0.915334 0.527899
vt 0.907282 0.522993
vt 0.927636 0.522305
vt 0.921321 0.531496
vt 0.933312 0.525352
vt 0.939004 0.516891
vt 0.926649 0.534766
vt 0.932390 0.537558
vt 0.938605 0.527708
vt 0.919307 0.545689
vt 0.914019 0.541955
vt 0.926101 0.545755
vt 0.780344 0.086068
vt 0.782053 0.076950
vt 0.794167 0.080000
vt 0.792507 0.088709
vt 0.780338 0.071271
vt 0.768290 0.074355
vt 0.769866 0.067943
vt 0.766529 0.082084
vt 0.752453 0.077874
vt 0.754804 0.070726
vt 0.763282 0.091937
vt 0.749676 0.086261
vt 0.775998 0.097773
vt 0.771876 0.105884
vt 0.759313 0.099093
vt 0.788924 0.100821
vt 0.784741 0.110748
vt 0.801741 0.099639
vt 0.797722 0.110702
vt 0.803682 0.089669
vt 0.813958 0.090735
vt 0.812890 0.099460
vt 0.805007 0.082530
vt 0.814679 0.084450
vt 0.822647 0.086213
vt 0.822704 0.092270
vt 0.949178 0.512256
vt 0.944256 0.519257
vt 0.943838 0.510199
vt 0.949566 0.506464
vt 0.954702 0.507928
vt 0.954293 0.504894
vt 0.958600 0.504793
vt 0.951028 0.501828
vt 0.588944 0.931736
vt 0.590456 0.935325
vt 0.586033 0.934216
vt 0.586345 0.928478
vt 0.949092 0.499093
vt 0.581783 0.928309
vt 0.589171 0.922638
vt 0.574081 0.930234
vt 0.562449 0.933396
vt 0.562368 0.925476
vt 0.562495 0.940360
vt 0.548735 0.942179
vt 0.548221 0.935676
vt 0.562718 0.947850
vt 0.549218 0.949015
vt 0.560832 0.955560
vt 0.549801 0.955706
vt 0.970935 0.755252
vt 0.969794 0.768712
vt 0.959555 0.765272
vt 0.961516 0.754739
vt 0.968140 0.778509
vt 0.957034 0.772241
vt 0.941248 0.766725
vt 0.943425 0.760449
vt 0.939365 0.771832
vt 0.938328 0.774121
vt 0.924505 0.772231
vt 0.923104 0.767025
vt 0.926211 0.774554
vt 0.536904 0.751561
vt 0.538964 0.754037
vt 0.531448 0.759758
vt 0.529348 0.756884
vt 0.540313 0.854183
vt 0.539423 0.853344
vt 0.543690 0.851683
vt 0.546852 0.749652
vt 0.544528 0.747273
vt 0.542018 0.744422
vt 0.534432 0.748214
vt 0.548629 0.740908
vt 0.546363 0.737961
vt 0.539239 0.740911
vt 0.554323 0.738640
vt 0.552160 0.735308
vt 0.550193 0.731639
vt 0.543681 0.734084
vt 0.557762 0.732993
vt 0.559105 0.736492
vt 0.556261 0.728622
vt 0.554744 0.723573
vt 0.547465 0.725775
vt 0.562343 0.726283
vt 0.563289 0.730536
vt 0.561385 0.721106
vt 0.560099 0.714170
vt 0.552079 0.715729
vt 0.568611 0.719242
vt 0.568713 0.723985
vt 0.568065 0.712384
vt 0.567067 0.701845
vt 0.557851 0.702961
vt 0.576201 0.711178
vt 0.575897 0.717308
vt 0.575981 0.700883
vt 0.575612 0.688615
vt 0.565418 0.688692
vt 0.584892 0.700983
vt 0.584139 0.709793
vt 0.585322 0.688985
vt 0.586324 0.678043
vt 0.575168 0.676547
vt 0.595304 0.689981
vt 0.593525 0.700970
vt 0.596740 0.679189
vt 0.598266 0.671844
vt 0.586944 0.669916
vt 0.607344 0.680242
vt 0.605087 0.690742
vt 0.609031 0.672759
vt 0.610623 0.665817
vt 0.599211 0.663951
vt 0.619890 0.673133
vt 0.617855 0.680367
vt 0.621544 0.666588
vt 0.623662 0.659759
vt 0.612072 0.657015
vt 0.632770 0.667573
vt 0.630864 0.673119
vt 0.634889 0.661366
vt 0.638828 0.652296
vt 0.626911 0.648340
vt 0.646110 0.663344
vt 0.643622 0.668280
vt 0.649650 0.655465
vt 0.655809 0.643400
vt 0.644597 0.639171
vt 0.662946 0.629210
vt 0.615868 0.181006
vt 0.630793 0.173931
vt 0.601031 0.187379
vt 0.587229 0.193421
vt 0.574955 0.201017
vt 0.582861 0.187197
vt 0.597295 0.181629
vt 0.569159 0.193682
vt 0.562832 0.185269
vt 0.576746 0.179018
vt 0.554933 0.201355
vt 0.548628 0.191837
vt 0.541599 0.208830
vt 0.535035 0.198587
vt 0.528092 0.215944
vt 0.514813 0.222876
vt 0.508540 0.212014
vt 0.521604 0.205315
vt 0.501808 0.200686
vt 0.514943 0.194497
vt 0.507534 0.183752
vt 0.520732 0.177313
vt 0.528143 0.188126
vt 0.512833 0.166784
vt 0.526110 0.160075
vt 0.533743 0.170811
vt 0.518091 0.149853
vt 0.530540 0.142823
vt 0.539178 0.153616
vt 0.521573 0.132862
vt 0.533597 0.125584
vt 0.542725 0.135874
vt 0.545139 0.117929
vt 0.554634 0.128911
vt 0.555796 0.110446
vt 0.565937 0.121693
vt 0.544899 0.099805
vt 0.552325 0.090820
vt 0.564285 0.102167
vt 0.570859 0.093751
vt 0.583693 0.105061
vt 0.575405 0.113592
vt 0.576405 0.085512
vt 0.590210 0.096894
vt 0.603387 0.108505
vt 0.595889 0.116500
vt 0.596909 0.088775
vt 0.607263 0.097476
vt 0.586952 0.079847
vt 0.058534 0.902389
vt 0.071421 0.897152
vt 0.071603 0.912983
vt 0.055339 0.912209
vt 0.086994 0.900920
vt 0.085144 0.917809
vt 0.102102 0.905040
vt 0.100387 0.921845
vt 0.118210 0.910747
vt 0.117491 0.926791
vt 0.135621 0.915746
vt 0.134615 0.931018
vt 0.153366 0.920409
vt 0.151725 0.934273
vt 0.170118 0.924224
vt 0.166059 0.937127
vt 0.182449 0.926053
vt 0.176172 0.938215
vt 0.190624 0.927926
vt 0.186589 0.939168
vt 0.199552 0.929997
vt 0.195599 0.941647
vt 0.208435 0.914767
vt 0.220414 0.918917
vt 0.205133 0.934562
vt 0.227016 0.899160
vt 0.246603 0.903419
vt 0.236554 0.919144
vt 0.239534 0.879765
vt 0.264997 0.904416
vt 0.681522 0.041083
vt 0.715615 0.042183
vt 0.719631 0.046254
vt 0.699786 0.050031
vt 0.283475 0.905099
vt 0.718234 0.037423
vt 0.680525 0.034041
vt 0.301271 0.925642
vt 0.299582 0.902842
vt 0.311997 0.922727
vt 0.311645 0.901502
vt 0.322863 0.921189
vt 0.324850 0.900232
vt 0.334253 0.919423
vt 0.341609 0.898041
vt 0.349238 0.916499
vt 0.358879 0.894854
vt 0.365650 0.912391
vt 0.376254 0.891518
vt 0.382002 0.907905
vt 0.393123 0.888125
vt 0.398273 0.902674
vt 0.407822 0.884090
vt 0.412789 0.897243
vt 0.419021 0.880375
vt 0.423703 0.892502
vt 0.426242 0.877745
vt 0.430981 0.889182
vt 0.432500 0.875252
vt 0.437503 0.886664
vt 0.439327 0.872655
vt 0.443643 0.883490
vt 0.448312 0.869007
vt 0.452394 0.879501
vt 0.443820 0.858187
vt 0.456363 0.854419
vt 0.460278 0.864246
vt 0.471009 0.849799
vt 0.471262 0.858179
vt 0.460874 0.873861
vt 0.447155 0.894754
vt 0.453093 0.890339
vt 0.441154 0.897900
vt 0.444367 0.909332
vt 0.447964 0.906120
vt 0.435591 0.900852
vt 0.439222 0.912657
vt 0.442545 0.923935
vt 0.445536 0.920471
vt 0.433995 0.916849
vt 0.429005 0.904714
vt 0.437581 0.928540
vt 0.440802 0.936031
vt 0.444163 0.932742
vt 0.430256 0.934180
vt 0.425258 0.923481
vt 0.434533 0.941302
vt 0.424097 0.949416
vt 0.419205 0.942638
vt 0.060563 0.760823
vt 0.059185 0.758113
vt 0.056950 0.762263
vt 0.055998 0.759629
vt 0.058549 0.755700
vt 0.053458 0.764123
vt 0.052699 0.761832
vt 0.055476 0.757406
vt 0.049741 0.766499
vt 0.048413 0.764900
vt 0.047167 0.763251
vt 0.901535 0.497695
vt 0.898489 0.499794
vt 0.895032 0.502263
vt 0.891102 0.505394
vt 0.884746 0.511356
vt 0.878779 0.503090
vt 0.894873 0.516175
vt 0.888248 0.527313
vt 0.879327 0.524143
vt 0.900104 0.533020
vt 0.893668 0.545066
vt 0.883988 0.540646
vt 0.908245 0.537970
vt 0.900691 0.549562
vt 0.906145 0.553666
vt 0.897864 0.565068
vt 0.892807 0.561174
vt 0.911252 0.557507
vt 0.902198 0.568971
vt 0.892452 0.579165
vt 0.889033 0.575652
vt 0.743977 0.061632
vt 0.756918 0.064559
vt 0.742103 0.067187
vt 0.729047 0.063795
vt 0.730953 0.058966
vt 0.739363 0.073610
vt 0.726721 0.069406
vt 0.736180 0.080441
vt 0.723908 0.075558
vt 0.733207 0.087054
vt 0.721056 0.081683
vt 0.746763 0.093014
vt 0.743541 0.098835
vt 0.730892 0.093177
vt 0.756157 0.104155
vt 0.753287 0.109143
vt 0.740865 0.103821
vt 0.768772 0.110983
vt 0.766225 0.115739
vt 0.781771 0.116649
vt 0.779191 0.122815
vt 0.763168 0.121172
vt 0.750516 0.115021
vt 0.773104 0.127569
vt 0.738434 0.109777
vt 0.873240 0.551990
vt 0.875976 0.538459
vt 0.879755 0.553942
vt 0.874878 0.566859
vt 0.869737 0.565250
vt 0.886831 0.557158
vt 0.880101 0.569314
vt 0.884829 0.572268
vt 0.877422 0.583659
vt 0.873817 0.581471
vt 0.880435 0.586438
vt 0.872015 0.596976
vt 0.870012 0.595016
vt 0.882952 0.589626
vt 0.873541 0.599618
vt 0.865503 0.608081
vt 0.863902 0.607647
vt 0.705057 0.055933
vt 0.717930 0.056987
vt 0.716017 0.061228
vt 0.703559 0.059072
vt 0.714095 0.065844
vt 0.701808 0.062895
vt 0.711977 0.070412
vt 0.700459 0.066455
vt 0.709657 0.074909
vt 0.698770 0.070596
vt 0.707251 0.079710
vt 0.697156 0.074517
vt 0.718899 0.087413
vt 0.716953 0.093007
vt 0.704537 0.083779
vt 0.729111 0.098565
vt 0.726707 0.104326
vt 0.715535 0.097998
vt 0.861483 0.580497
vt 0.865860 0.578582
vt 0.862417 0.591424
vt 0.859542 0.591141
vt 0.869902 0.579674
vt 0.865023 0.592250
vt 0.867669 0.593549
vt 0.860308 0.604671
vt 0.858281 0.603741
vt 0.862291 0.606047
vt 0.855753 0.617168
vt 0.854614 0.617526
vt 0.856699 0.617610
vt 0.851867 0.625355
vt 0.851443 0.625546
vt 0.857463 0.618220
vt 0.851914 0.625591
vt 0.857949 0.618807
vt 0.852063 0.625790
vt 0.865076 0.610269
vt 0.857566 0.620995
vt 0.851594 0.627212
vt 0.865955 0.613337
vt 0.682401 0.062373
vt 0.690042 0.063066
vt 0.689711 0.064715
vt 0.689113 0.066633
vt 0.688281 0.068457
vt 0.687207 0.070104
vt 0.681453 0.065181
vt 0.695820 0.076961
vt 0.694389 0.079439
vt 0.686124 0.071365
vt 0.702007 0.085997
vt 0.691908 0.080572
vt 0.684941 0.072558
vt 0.698369 0.087429
vt 0.680560 0.066384
vt 0.681100 0.065796
vt 0.683701 0.073903
vt 0.680055 0.066825
vt 0.689970 0.081683
vt 0.850755 0.625993
vt 0.851099 0.625789
vt 0.849831 0.628530
vt 0.849729 0.628300
vt 0.850192 0.627946
vt 0.849931 0.628510
vt 0.678998 0.064126
vt 0.679458 0.064282
vt 0.678949 0.063079
vt 0.679292 0.063848
vt 0.678427 0.063353
vt 0.850326 0.628492
vt 0.851831 0.628143
vt 0.850474 0.629070
vt 0.057588 0.753738
vt 0.819114 0.124872
vt 0.808038 0.123788
vt 0.809571 0.118008
vt 0.819829 0.118045
vt 0.792296 0.123800
vt 0.794197 0.118705
vt 0.811001 0.109911
vt 0.820940 0.109826
vt 0.822548 0.100516
vt 0.827083 0.110958
vt 0.825859 0.118656
vt 0.831419 0.112329
vt 0.829824 0.119323
vt 0.834913 0.113499
vt 0.833098 0.119935
vt 0.838007 0.114645
vt 0.836279 0.120527
vt 0.840512 0.108784
vt 0.843086 0.110577
vt 0.843857 0.104469
vt 0.845823 0.106852
vt 0.840856 0.115669
vt 0.795056 0.134855
vt 0.792794 0.133857
vt 0.797324 0.131117
vt 0.798899 0.133534
vt 0.839165 0.121082
vt 0.790007 0.136166
vt 0.791833 0.137205
vt 0.794790 0.138354
vt 0.798612 0.136306
vt 0.800419 0.139466
vt 0.804837 0.141044
vt 0.811777 0.141985
vt 0.807603 0.138458
vt 0.813865 0.139268
vt 0.803013 0.137187
vt 0.805306 0.135154
vt 0.808965 0.135049
vt 0.801351 0.134487
vt 0.804811 0.133188
vt 0.809605 0.132573
vt 0.801879 0.132567
vt 0.008866 0.829612
vt 0.008534 0.826291
vt 0.012343 0.825892
vt 0.013137 0.829230
vt 0.007679 0.823782
vt 0.011501 0.822714
vt 0.800823 0.130796
vt 0.017490 0.823177
vt 0.018372 0.825571
vt 0.601485 0.895078
vt 0.605105 0.902354
vt 0.602731 0.904920
vt 0.598483 0.897798
vt 0.847803 0.101691
vt 0.849462 0.104630
vt 0.593685 0.886071
vt 0.597473 0.884554
vt 0.590588 0.873336
vt 0.595168 0.873602
vt 0.585073 0.873328
vt 0.578242 0.873954
vt 0.568412 0.877376
vt 0.561584 0.868998
vt 0.553961 0.883580
vt 0.547946 0.876854
vt 0.559855 0.898062
vt 0.544194 0.905873
vt 0.538413 0.893240
vt 0.562267 0.914426
vt 0.546694 0.919639
vt 0.547490 0.928867
vt 0.531415 0.932759
vt 0.530360 0.924946
vt 0.532270 0.939067
vt 0.515103 0.943547
vt 0.513789 0.937451
vt 0.533223 0.944989
vt 0.516474 0.949104
vt 0.534202 0.951321
vt 0.517731 0.955033
vt 0.535478 0.957540
vt 0.518751 0.960875
vt 0.972274 0.717810
vt 0.971708 0.737741
vt 0.962674 0.738188
vt 0.963748 0.718132
vt 0.949166 0.737506
vt 0.953281 0.717586
vt 0.945612 0.751951
vt 0.927590 0.748516
vt 0.934315 0.732789
vt 0.923095 0.759595
vt 0.909588 0.758501
vt 0.916396 0.744697
vt 0.535845 0.857622
vt 0.539528 0.856851
vt 0.923756 0.728558
vt 0.907851 0.741366
vt 0.915130 0.724984
vt 0.901369 0.756103
vt 0.900336 0.737687
vt 0.906927 0.721588
vt 0.527110 0.873669
vt 0.527024 0.869901
vt 0.542034 0.867947
vt 0.553919 0.861110
vt 0.543694 0.871473
vt 0.528512 0.879414
vt 0.556789 0.865005
vt 0.532685 0.885157
vt 0.518170 0.895122
vt 0.514368 0.889587
vt 0.522942 0.902972
vt 0.506708 0.912212
vt 0.502844 0.905301
vt 0.527957 0.914098
vt 0.510761 0.921751
vt 0.512694 0.930414
vt 0.494517 0.936599
vt 0.492368 0.928886
vt 0.496355 0.943435
vt 0.479578 0.949505
vt 0.477580 0.942708
vt 0.498123 0.949403
vt 0.481291 0.955331
vt 0.499761 0.954948
vt 0.483283 0.961158
vt 0.501329 0.960641
vt 0.485398 0.966841
vt 0.503071 0.966289
vt 0.487180 0.972205
vt 0.978669 0.683934
vt 0.972950 0.699437
vt 0.966828 0.700140
vt 0.973092 0.682475
vt 0.768972 0.960465
vt 0.779852 0.952281
vt 0.783231 0.957587
vt 0.771662 0.965087
vt 0.956477 0.699401
vt 0.786224 0.963929
vt 0.773837 0.969887
vt 0.947702 0.697602
vt 0.940980 0.714402
vt 0.930948 0.710782
vt 0.940134 0.694917
vt 0.789017 0.970153
vt 0.802766 0.969454
vt 0.805141 0.972814
vt 0.791196 0.976120
vt 0.921283 0.707913
vt 0.807678 0.977072
vt 0.793488 0.981406
vt 0.912492 0.705082
vt 0.810295 0.981652
vt 0.795586 0.985725
vt 0.904196 0.702465
vt 0.899451 0.718375
vt 0.483754 0.910413
vt 0.499567 0.899871
vt 0.486740 0.915298
vt 0.470563 0.924929
vt 0.467975 0.920981
vt 0.489708 0.921344
vt 0.473123 0.930057
vt 0.475543 0.936305
vt 0.459606 0.944401
vt 0.457078 0.939754
vt 0.461874 0.949772
vt 0.446326 0.958424
vt 0.444507 0.954345
vt 0.463653 0.955391
vt 0.448220 0.963074
vt 0.465493 0.960981
vt 0.449780 0.967535
vt 0.467325 0.966401
vt 0.451262 0.971856
vt 0.469144 0.972206
vt 0.452980 0.976677
vt 0.471552 0.977836
vt 0.454448 0.981483
vt 0.744309 0.971815
vt 0.754386 0.963762
vt 0.756806 0.967575
vt 0.744985 0.974576
vt 0.765848 0.956609
vt 0.758954 0.971652
vt 0.746093 0.977645
vt 0.760651 0.975747
vt 0.747161 0.980823
vt 0.762106 0.980105
vt 0.748073 0.984385
vt 0.775694 0.975160
vt 0.777504 0.980486
vt 0.763495 0.984670
vt 0.779053 0.985638
vt 0.764531 0.989269
vt 0.780585 0.990240
vt 0.765336 0.993424
vt 0.749892 0.994931
vt 0.749545 0.991776
vt 0.438208 0.943369
vt 0.452672 0.931778
vt 0.454897 0.935441
vt 0.440461 0.946638
vt 0.442682 0.950362
vt 0.428316 0.961550
vt 0.426541 0.958737
vt 0.429926 0.964710
vt 0.415715 0.975599
vt 0.414683 0.973512
vt 0.431230 0.967925
vt 0.416995 0.977921
vt 0.432715 0.971435
vt 0.418127 0.980391
vt 0.434139 0.974910
vt 0.419006 0.982709
vt 0.435577 0.978430
vt 0.419867 0.985510
vt 0.436883 0.982026
vt 0.420488 0.987965
vt 0.437889 0.985533
vt 0.421098 0.990259
vt 0.715947 0.984715
vt 0.728972 0.977255
vt 0.730609 0.979770
vt 0.717032 0.985909
vt 0.731634 0.982434
vt 0.717870 0.987264
vt 0.732582 0.985211
vt 0.717836 0.988780
vt 0.732821 0.987997
vt 0.717335 0.989325
vt 0.733241 0.990857
vt 0.717589 0.991655
vt 0.748893 0.988110
vt 0.733921 0.993296
vt 0.718941 0.993946
vt 0.734515 0.995832
vt 0.719057 0.995838
vt 0.412430 0.969736
vt 0.424844 0.956002
vt 0.413592 0.971551
vt 0.400503 0.984383
vt 0.399767 0.983453
vt 0.401087 0.985452
vt 0.389034 0.996045
vt 0.388821 0.995694
vt 0.401779 0.986570
vt 0.389596 0.996205
vt 0.402388 0.987882
vt 0.389363 0.996884
vt 0.402892 0.989415
vt 0.403381 0.990246
vt 0.403678 0.991840
vt 0.403412 0.993317
vt 0.389538 0.998529
vt 0.689125 0.996089
vt 0.701267 0.990373
vt 0.701686 0.991049
vt 0.714479 0.983770
vt 0.572611 0.003288
vt 0.571965 0.002520
vt 0.575075 0.004727
vt 0.574802 0.005563
vt 0.571878 0.002198
vt 0.575597 0.004558
vt 0.575455 0.005188
vt 0.575272 0.005521
vt 0.575859 0.004792
vt 0.576049 0.004868
vt 0.575809 0.005420
vt 0.579152 0.002674
vt 0.579759 0.002454
vt 0.579042 0.002507
vt 0.701973 0.993262
vt 0.689625 0.997078
vt 0.689908 0.997482
vt 0.702676 0.993647
vt 0.703144 0.994076
vt 0.689963 0.997653
vt 0.703631 0.994749
vt 0.690758 0.997723
vt 0.703809 0.995980
vt 0.690560 0.998026
vt 0.687611 0.998409
vt 0.687576 0.998369
vt 0.689933 0.998595
vt 0.687527 0.998533
vt 0.702600 0.997455
vt 0.687230 0.998705
vt 0.689608 0.998997
vt 0.575926 0.005426
vt 0.575623 0.005960
vt 0.575213 0.005806
vt 0.386490 0.998427
vt 0.386503 0.998116
vt 0.386485 0.998576
vt 0.576057 0.005435
vt 0.576505 0.005952
vt 0.576397 0.004776
vt 0.580050 0.002476
vt 0.687543 0.998349
vt 0.573896 0.009725
vt 0.573753 0.009903
vt 0.893161 0.734401
vt 0.594734 0.865741
vt 0.040287 0.825746
vt 0.040329 0.823162
vt 0.044827 0.822808
vt 0.044965 0.825796
vt 0.595663 0.861788
vt 0.034143 0.823475
vt 0.034000 0.825696
vt 0.034068 0.828844
vt 0.040297 0.828843
vt 0.026175 0.825639
vt 0.025733 0.823477
vt 0.026527 0.828889
vt 0.026957 0.832502
vt 0.034242 0.832448
vt 0.019127 0.828977
vt 0.019729 0.832636
vt 0.020413 0.837277
vt 0.027445 0.837173
vt 0.013741 0.832891
vt 0.014340 0.837753
vt 0.015004 0.843912
vt 0.021131 0.843753
vt 0.009324 0.838248
vt 0.009123 0.833327
vt 0.009815 0.844164
vt 0.010422 0.852488
vt 0.015522 0.852474
vt 0.004925 0.844496
vt 0.005064 0.838936
vt 0.005722 0.852603
vt 0.006355 0.863771
vt 0.010576 0.864101
vt 0.815721 0.136117
vt 0.825501 0.138232
vt 0.823131 0.141324
vt 0.839031 0.141152
vt 0.836514 0.144158
vt 0.849828 0.146365
vt 0.852189 0.143770
vt 0.834415 0.147011
vt 0.821141 0.144394
vt 0.847982 0.149204
vt 0.857543 0.150361
vt 0.859483 0.147791
vt 0.864499 0.151269
vt 0.870268 0.152085
vt 0.875290 0.152576
vt 0.872019 0.149537
vt 0.876908 0.150105
vt 0.866271 0.148836
vt 0.868227 0.146452
vt 0.873839 0.147246
vt 0.861451 0.145403
vt 0.004530 0.888179
vt 0.004986 0.882513
vt 0.008591 0.882635
vt 0.007805 0.888560
vt 0.005638 0.874787
vt 0.009559 0.875232
vt 0.013735 0.875697
vt 0.012424 0.883092
vt 0.015145 0.864534
vt 0.020221 0.865095
vt 0.018154 0.876256
vt 0.021383 0.852663
vt 0.027380 0.853141
vt 0.025381 0.865732
vt 0.027788 0.843998
vt 0.034416 0.844481
vt 0.033261 0.854065
vt 0.034445 0.837369
vt 0.040392 0.837766
vt 0.039959 0.845111
vt 0.040345 0.832512
vt 0.045304 0.832778
vt 0.045245 0.838251
vt 0.045120 0.828991
vt 0.049628 0.829403
vt 0.049989 0.833342
vt 0.049256 0.826292
vt 0.054714 0.827163
vt 0.055173 0.830347
vt 0.048802 0.823605
vt 0.054357 0.824612
vt 0.047905 0.819716
vt 0.053395 0.821723
vt 0.044746 0.818151
vt 0.063080 0.825957
vt 0.828765 0.125658
vt 0.824927 0.125388
vt 0.832025 0.125834
vt 0.835294 0.126034
vt 0.838117 0.126143
vt 0.888005 0.154971
vt 0.891461 0.158075
vt 0.010300 0.908649
vt 0.006521 0.907945
vt 0.006446 0.904386
vt 0.009963 0.905067
vt 0.887829 0.151579
vt 0.006851 0.901008
vt 0.009848 0.901410
vt 0.004446 0.903925
vt 0.004272 0.900860
vt 0.007039 0.897409
vt 0.010284 0.897946
vt 0.003936 0.897026
vt 0.004116 0.892895
vt 0.007343 0.893306
vt 0.878641 0.147860
vt 0.010695 0.893701
vt 0.011358 0.889094
vt 0.015209 0.889593
vt 0.014371 0.894119
vt 0.016546 0.883744
vt 0.020698 0.884460
vt 0.019369 0.890160
vt 0.022648 0.876799
vt 0.027089 0.877313
vt 0.024873 0.885125
vt 0.030238 0.866411
vt 0.035268 0.867240
vt 0.031627 0.878174
vt 0.038379 0.855021
vt 0.043421 0.855878
vt 0.040022 0.868339
vt 0.044766 0.845701
vt 0.049463 0.846111
vt 0.047880 0.856700
vt 0.050000 0.838840
vt 0.055067 0.839612
vt 0.054159 0.846817
vt 0.055375 0.834108
vt 0.026405 0.912753
vt 0.019356 0.912732
vt 0.016213 0.908917
vt 0.022496 0.909392
vt 0.893465 0.162077
vt 0.014247 0.905546
vt 0.019272 0.905918
vt 0.013768 0.901942
vt 0.018084 0.902167
vt 0.013836 0.898445
vt 0.017978 0.898568
vt 0.018453 0.894651
vt 0.022607 0.895425
vt 0.022401 0.899347
vt 0.023422 0.890849
vt 0.027546 0.891686
vt 0.026509 0.896337
vt 0.029153 0.885931
vt 0.033437 0.886913
vt 0.031753 0.892617
vt 0.035975 0.879222
vt 0.040276 0.880475
vt 0.037667 0.887999
vt 0.044269 0.869506
vt 0.048443 0.870665
vt 0.044537 0.881745
vt 0.052080 0.857583
vt 0.031020 0.911686
vt 0.027416 0.909170
vt 0.031060 0.908078
vt 0.023859 0.906042
vt 0.022411 0.902485
vt 0.033918 0.906267
vt 0.036224 0.903448
vt 0.037903 0.899905
vt 0.034169 0.898458
vt 0.035747 0.893772
vt 0.039650 0.895173
vt 0.030313 0.897313
vt 0.041687 0.889349
vt 0.567039 0.794052
vt 0.567540 0.790902
vt 0.569468 0.794330
vt 0.567948 0.800213
vt 0.568086 0.786395
vt 0.570186 0.789151
vt 0.572006 0.792180
vt 0.569659 0.801799
vt 0.571304 0.779244
vt 0.574020 0.781227
vt 0.566574 0.780254
vt 0.573146 0.762717
vt 0.575111 0.765320
vt 0.595176 0.826746
vt 0.593205 0.814570
vt 0.598500 0.833765
vt 0.585354 0.826400
vt 0.586180 0.813709
vt 0.586858 0.835311
vt 0.578121 0.833553
vt 0.578938 0.823187
vt 0.578578 0.840167
vt 0.577454 0.844695
vt 0.570887 0.841896
vt 0.567474 0.844241
vt 0.567506 0.838850
vt 0.564806 0.843049
vt 0.562438 0.841584
vt 0.563855 0.836762
vt 0.564276 0.847416
vt 0.576680 0.738456
vt 0.571767 0.742521
vt 0.570847 0.739554
vt 0.575773 0.736338
vt 0.570202 0.735963
vt 0.575022 0.733132
vt 0.575060 0.729825
vt 0.569329 0.732025
vt 0.580862 0.730385
vt 0.580766 0.733032
vt 0.581120 0.727221
vt 0.581837 0.724032
vt 0.575296 0.725880
vt 0.587583 0.725834
vt 0.586551 0.728574
vt 0.588174 0.722605
vt 0.589045 0.719310
vt 0.582337 0.720380
vt 0.594154 0.722076
vt 0.593422 0.724802
vt 0.595700 0.718076
vt 0.597412 0.713318
vt 0.590312 0.714644
vt 0.602190 0.717599
vt 0.601184 0.720996
vt 0.604393 0.713325
vt 0.607513 0.708134
vt 0.599289 0.707759
vt 0.610923 0.713785
vt 0.608552 0.717274
vt 0.614378 0.708268
vt 0.618379 0.701603
vt 0.610095 0.701685
vt 0.620698 0.709549
vt 0.617727 0.714043
vt 0.625448 0.701764
vt 0.632079 0.691580
vt 0.623232 0.691055
vt 0.637131 0.680817
vt 0.641452 0.673537
vt 0.627934 0.679947
vt 0.614067 0.690962
vt 0.601618 0.700910
vt 0.591759 0.708312
vt 0.583003 0.715632
vt 0.575561 0.721888
vt 0.569029 0.727789
vt 0.564197 0.734197
vt 0.053582 0.958766
vt 0.042409 0.956397
vt 0.043822 0.952012
vt 0.054319 0.954501
vt 0.653421 0.162057
vt 0.644846 0.167226
vt 0.640635 0.161980
vt 0.648376 0.156468
vt 0.627225 0.169195
vt 0.620643 0.160605
vt 0.632487 0.152996
vt 0.612582 0.176032
vt 0.606319 0.167448
vt 0.591246 0.173594
vt 0.583172 0.162852
vt 0.597554 0.156182
vt 0.568861 0.168859
vt 0.560409 0.157888
vt 0.573831 0.151487
vt 0.555118 0.175149
vt 0.547091 0.164494
vt 0.541481 0.181497
vt 0.551728 0.147011
vt 0.564303 0.140266
vt 0.576572 0.133126
vt 0.587065 0.144507
vt 0.587017 0.124970
vt 0.599005 0.136549
vt 0.608606 0.128511
vt 0.621178 0.140876
vt 0.610240 0.148927
vt 0.616081 0.121126
vt 0.628498 0.134514
vt 0.048377 0.936584
vt 0.051771 0.923441
vt 0.065081 0.927111
vt 0.059967 0.939802
vt 0.639767 0.147172
vt 0.079384 0.931772
vt 0.075917 0.943910
vt 0.096244 0.935893
vt 0.093832 0.948542
vt 0.113509 0.940552
vt 0.111485 0.952884
vt 0.130291 0.943760
vt 0.128030 0.956511
vt 0.145220 0.946788
vt 0.140683 0.957616
vt 0.156739 0.948652
vt 0.152357 0.958145
vt 0.168607 0.948783
vt 0.164179 0.958303
vt 0.178686 0.948533
vt 0.175186 0.957795
vt 0.187526 0.950220
vt 0.182006 0.958405
vt 0.192193 0.952468
vt 0.188324 0.957406
vt 0.201654 0.944563
vt 0.195764 0.953685
vt 0.190373 0.958045
vt 0.599603 0.017863
vt 0.623957 0.014623
vt 0.650907 0.022733
vt 0.639871 0.030746
vt 0.633376 0.039794
vt 0.587790 0.043288
vt 0.687118 0.021424
vt 0.318824 0.970389
vt 0.301720 0.948125
vt 0.313172 0.946456
vt 0.330563 0.970529
vt 0.293788 0.934227
vt 0.323808 0.944405
vt 0.339535 0.968404
vt 0.334962 0.943374
vt 0.348823 0.966507
vt 0.345907 0.940487
vt 0.357721 0.963509
vt 0.358808 0.936203
vt 0.370182 0.956767
vt 0.373630 0.930429
vt 0.384149 0.946934
vt 0.389101 0.923910
vt 0.398447 0.938858
vt 0.405128 0.917206
vt 0.412031 0.930708
vt 0.418737 0.910369
vt 0.406367 0.950688
vt 0.411823 0.957996
vt 0.392953 0.959516
vt 0.398468 0.966361
vt 0.383185 0.975328
vt 0.378349 0.969120
vt 0.565334 0.800220
vt 0.565910 0.799821
vt 0.566231 0.804214
vt 0.565050 0.804470
vt 0.566445 0.797064
vt 0.567336 0.802335
vt 0.567500 0.809037
vt 0.566368 0.810266
vt 0.568537 0.806156
vt 0.569425 0.810748
vt 0.567976 0.814659
vt 0.571323 0.805601
vt 0.573182 0.808067
vt 0.573139 0.796986
vt 0.576024 0.795949
vt 0.576579 0.782613
vt 0.579084 0.782649
vt 0.579702 0.766755
vt 0.581810 0.766881
vt 0.577533 0.766713
vt 0.957205 0.236512
vt 0.953711 0.239412
vt 0.946320 0.230179
vt 0.951607 0.225080
vt 0.580018 0.755075
vt 0.578384 0.754224
vt 0.787402 0.958413
vt 0.788000 0.953907
vt 0.803610 0.959130
vt 0.804292 0.962838
vt 0.580329 0.742681
vt 0.577447 0.752143
vt 0.578709 0.741673
vt 0.594335 0.799382
vt 0.596461 0.782248
vt 0.588747 0.798968
vt 0.591675 0.782589
vt 0.584953 0.798713
vt 0.588246 0.782619
vt 0.582081 0.812221
vt 0.578526 0.811039
vt 0.581750 0.798914
vt 0.575784 0.809738
vt 0.578948 0.798099
vt 0.581964 0.783548
vt 0.585239 0.782499
vt 0.584475 0.767752
vt 0.587623 0.766413
vt 0.586505 0.752331
vt 0.590438 0.750697
vt 0.582258 0.750825
vt 0.959557 0.217508
vt 0.955958 0.221168
vt 0.947973 0.213014
vt 0.950257 0.208663
vt 0.944214 0.215816
vt 0.960337 0.232471
vt 0.938840 0.208584
vt 0.939631 0.205034
vt 0.821649 0.970491
vt 0.804900 0.966192
vt 0.821616 0.965917
vt 0.940984 0.222975
vt 0.837983 0.966681
vt 0.837869 0.970235
vt 0.821835 0.962122
vt 0.838151 0.963332
vt 0.821899 0.958511
vt 0.838381 0.960242
vt 0.803498 0.955229
vt 0.598550 0.765602
vt 0.600351 0.749194
vt 0.594231 0.766236
vt 0.596755 0.749979
vt 0.590576 0.766382
vt 0.593371 0.750335
vt 0.969920 0.206283
vt 0.966502 0.210335
vt 0.954905 0.202863
vt 0.957829 0.199417
vt 0.963339 0.214045
vt 0.952758 0.205638
vt 0.941090 0.197853
vt 0.943445 0.195284
vt 0.940432 0.201242
vt 0.823911 0.986724
vt 0.823156 0.981652
vt 0.838876 0.977757
vt 0.839782 0.981585
vt 0.822283 0.975942
vt 0.838282 0.974109
vt 0.853771 0.970621
vt 0.854545 0.973299
vt 0.853166 0.968077
vt 0.868294 0.964850
vt 0.868646 0.966501
vt 0.852877 0.965628
vt 0.868013 0.963301
vt 0.852772 0.963137
vt 0.867929 0.961567
vt 0.852754 0.960618
vt 0.867950 0.959965
vt 0.960428 0.195775
vt 0.947854 0.189362
vt 0.972930 0.202077
vt 0.945684 0.192413
vt 0.933116 0.185328
vt 0.934593 0.182971
vt 0.931314 0.187648
vt 0.920105 0.179323
vt 0.921463 0.177659
vt 0.855081 0.979324
vt 0.841132 0.985018
vt 0.855492 0.975858
vt 0.930443 0.190163
vt 0.918139 0.180436
vt 0.910161 0.171800
vt 0.911128 0.171016
vt 0.869852 0.970257
vt 0.869161 0.968445
vt 0.880077 0.965124
vt 0.880719 0.966371
vt 0.880077 0.963860
vt 0.887494 0.961827
vt 0.887945 0.962423
vt 0.880079 0.962622
vt 0.880127 0.961714
vt 0.880196 0.960751
vt 0.922770 0.175841
vt 0.912828 0.168927
vt 0.912028 0.170017
vt 0.904577 0.164228
vt 0.905253 0.163275
vt 0.903897 0.165073
vt 0.896602 0.962451
vt 0.896532 0.962802
vt 0.889498 0.963008
vt 0.898723 0.163091
vt 0.903343 0.165627
vt 0.898672 0.163503
vt 0.888433 0.962818
vt 0.566813 0.816467
vt 0.566362 0.816791
vt 0.566404 0.822184
vt 0.565964 0.810467
vt 0.605428 0.725729
vt 0.605233 0.727962
vt 0.597729 0.729852
vt 0.598541 0.727004
vt 0.612423 0.726478
vt 0.611829 0.724542
vt 0.612253 0.722241
vt 0.605535 0.723381
vt 0.612621 0.719583
vt 0.615895 0.716404
vt 0.606973 0.720308
vt 0.599670 0.724046
vt 0.592924 0.726997
vt 0.592581 0.729309
vt 0.586002 0.730778
vt 0.584822 0.732715
vt 0.580982 0.735558
vt 0.590697 0.731133
vt 0.105403 0.969505
vt 0.088339 0.966121
vt 0.089803 0.962052
vt 0.106901 0.965547
vt 0.069761 0.962016
vt 0.070899 0.957848
vt 0.072658 0.953016
vt 0.090657 0.957331
vt 0.056342 0.948928
vt 0.045709 0.946318
vt 0.107882 0.961411
vt 0.123802 0.964362
vt 0.122175 0.968383
vt 0.138758 0.965237
vt 0.137157 0.969374
vt 0.149548 0.965188
vt 0.149369 0.969577
vt 0.159248 0.964648
vt 0.158521 0.969203
vt 0.167878 0.964806
vt 0.167395 0.968073
vt 0.177167 0.962793
vt 0.174977 0.966367
vt 0.171613 0.970672
vt 0.173358 0.970650
vt 0.167215 0.972286
vt 0.158408 0.973072
vt 0.134959 0.972983
vt 0.121050 0.972069
vt 0.150030 0.974135
vt 0.174697 0.970547
vt 0.174144 0.971712
vt 0.176402 0.970616
vt 0.527254 0.021702
vt 0.535002 0.021200
vt 0.532829 0.032599
vt 0.528186 0.033022
vt 0.538648 0.021970
vt 0.535630 0.032333
vt 0.541918 0.012721
vt 0.542210 0.022382
vt 0.539501 0.029961
vt 0.542406 0.037682
vt 0.539877 0.040222
vt 0.548836 0.045332
vt 0.549084 0.048546
vt 0.555159 0.049167
vt 0.555716 0.053457
vt 0.561014 0.049018
vt 0.565604 0.049918
vt 0.564943 0.045668
vt 0.561697 0.041829
vt 0.566160 0.037612
vt 0.335960 0.993503
vt 0.331327 0.990338
vt 0.330129 0.986623
vt 0.334219 0.987343
vt 0.544588 0.048644
vt 0.537024 0.041499
vt 0.333101 0.998857
vt 0.332835 0.996245
vt 0.337352 0.996385
vt 0.530540 0.045094
vt 0.341491 0.994952
vt 0.344316 0.993368
vt 0.336246 0.984215
vt 0.349958 0.991723
vt 0.343297 0.983214
vt 0.350578 0.982952
vt 0.355712 0.990159
vt 0.357217 0.980562
vt 0.362038 0.987219
vt 0.365485 0.976890
vt 0.370003 0.982787
vt 0.810790 0.134207
vt 0.955618 0.501901
vt 0.959795 0.501875
vt 0.482139 0.844401
vt 0.482276 0.837245
vt 0.489474 0.834294
vt 0.490178 0.827584
vt 0.496444 0.825444
vt 0.497401 0.819273
vt 0.502485 0.817805
vt 0.503568 0.811974
vt 0.507800 0.810936
vt 0.508932 0.805102
vt 0.513162 0.804198
vt 0.948005 0.496223
vt 0.444414 0.061756
vt 0.448885 0.073575
vt 0.435799 0.074107
vt 0.425866 0.086857
vt 0.431967 0.096644
vt 0.418561 0.100570
vt 0.425702 0.111811
vt 0.437642 0.107447
vt 0.415491 0.117411
vt 0.423571 0.127867
vt 0.432712 0.122687
vt 0.415447 0.133876
vt 0.420465 0.140519
vt 0.429515 0.135445
vt 0.410910 0.146707
vt 0.414814 0.152170
vt 0.425000 0.146624
vt 0.400313 0.153382
vt 0.420012 0.160198
vt 0.220027 0.732348
vt 0.214305 0.730925
vt 0.206294 0.747074
vt 0.874397 0.988447
vt 0.869219 0.987846
vt 0.880242 0.980990
vt 0.890887 0.982360
vt 0.860560 0.987619
vt 0.873251 0.978346
vt 0.888649 0.967861
vt 0.898189 0.970857
vt 0.909188 0.972392
vt 0.904108 0.981436
vt 0.904246 0.953349
vt 0.919900 0.971087
vt 0.914978 0.980040
vt 0.687302 0.510077
vt 0.667200 0.524109
vt 0.641440 0.536419
vt 0.617250 0.549000
vt 0.591562 0.561048
vt 0.565099 0.566955
vt 0.545273 0.569320
vt 0.468303 0.642523
vt 0.455102 0.651960
vt 0.463295 0.667460
vt 0.450494 0.676512
vt 0.442691 0.661447
vt 0.457618 0.690739
vt 0.444217 0.699267
vt 0.438586 0.685380
vt 0.436924 0.704393
vt 0.429264 0.692678
vt 0.419525 0.700835
vt 0.411796 0.689930
vt 0.421318 0.679941
vt 0.403715 0.677536
vt 0.431152 0.670890
vt 0.217341 0.660434
vt 0.210146 0.669772
vt 0.206032 0.676050
vt 0.201121 0.667534
vt 0.034748 0.406807
vt 0.041132 0.406975
vt 0.028023 0.386965
vt 0.032591 0.385902
vt 0.215921 0.643291
vt 0.319914 0.267934
vt 0.316147 0.253028
vt 0.300887 0.257325
vt 0.297763 0.242392
vt 0.313000 0.238702
vt 0.282595 0.245620
vt 0.279725 0.230444
vt 0.294797 0.228290
vt 0.266225 0.231796
vt 0.262682 0.215653
vt 0.277031 0.215643
vt 0.252282 0.215627
vt 0.249883 0.199418
vt 0.260832 0.200565
vt 0.243108 0.198467
vt 0.242795 0.187550
vt 0.249835 0.188414
vt 0.236049 0.185901
vt 0.237281 0.178249
vt 0.243908 0.179242
vt 0.227502 0.176481
vt 0.231283 0.163130
vt 0.242470 0.166055
vt 0.217244 0.159710
vt 0.224656 0.139816
vt 0.239128 0.144423
vt 0.210106 0.135977
vt 0.220231 0.115811
vt 0.234131 0.121127
vt 0.205746 0.111033
vt 0.216630 0.092097
vt 0.230034 0.097989
vt 0.203324 0.086693
vt 0.215730 0.068906
vt 0.228140 0.075065
vt 0.203838 0.062604
vt 0.216951 0.048280
vt 0.229546 0.052204
vt 0.290306 0.540080
vt 0.292634 0.527024
vt 0.301917 0.532198
vt 0.299436 0.546051
vt 0.295954 0.560087
vt 0.284730 0.555712
vt 0.311551 0.534971
vt 0.289530 0.574300
vt 0.273016 0.552109
vt 0.277805 0.536259
vt 0.203550 0.714321
vt 0.200182 0.712958
vt 0.201993 0.705653
vt 0.198728 0.719630
vt 0.197019 0.711918
vt 0.196998 0.724442
vt 0.194663 0.727120
vt 0.192746 0.724869
vt 0.195515 0.730713
vt 0.192898 0.732360
vt 0.191338 0.728732
vt 0.195379 0.736887
vt 0.189858 0.735980
vt 0.190359 0.726671
vt 0.036898 0.915783
vt 0.042253 0.921999
vt 0.039104 0.926771
vt 0.035802 0.925035
vt 0.036871 0.931577
vt 0.033630 0.928702
vt 0.031071 0.940618
vt 0.027189 0.941990
vt 0.992353 0.521725
vt 0.996720 0.529574
vt 0.989152 0.520708
vt 0.987479 0.514771
vt 0.987219 0.512356
vt 0.979558 0.510912
vt 0.993448 0.522319
vt 0.026617 0.181334
vt 0.026409 0.178311
vt 0.029381 0.176460
vt 0.030355 0.179537
vt 0.999000 0.530926
vt 0.998921 0.531124
vt 0.022878 0.182075
vt 0.021465 0.186317
vt 0.026598 0.185597
vt 0.018696 0.182002
vt 0.017378 0.187116
vt 0.016453 0.192601
vt 0.021593 0.192044
vt 0.012716 0.186059
vt 0.013980 0.180790
vt 0.011969 0.191310
vt 0.011653 0.197493
vt 0.016626 0.198023
vt 0.007602 0.190136
vt 0.008305 0.183743
vt 0.007674 0.196431
vt 0.007452 0.203336
vt 0.012071 0.204318
vt 0.004348 0.195747
vt 0.004138 0.189934
vt 0.004229 0.202217
vt 0.985751 0.097011
vt 0.989188 0.094029
vt 0.992425 0.098335
vt 0.987580 0.102552
vt 0.990654 0.089677
vt 0.985162 0.090332
vt 0.988572 0.088585
vt 0.982754 0.093543
vt 0.979074 0.090476
vt 0.982271 0.089231
vt 0.897121 0.458096
vt 0.976312 0.088521
vt 0.973497 0.090884
vt 0.970233 0.094237
vt 0.974036 0.086896
vt 0.967515 0.097864
vt 0.965705 0.101298
vt 0.971061 0.102737
vt 0.970784 0.107338
vt 0.964605 0.105610
vt 0.976006 0.103021
vt 0.976819 0.107982
vt 0.981629 0.102730
vt 0.982636 0.108006
vt 0.988466 0.108338
vt 0.987692 0.113791
vt 0.982545 0.113320
vt 0.014282 0.210414
vt 0.017443 0.203299
vt 0.994601 0.104678
vt 0.023396 0.201497
vt 0.022513 0.196904
vt 0.028639 0.194111
vt 0.029932 0.198889
vt 0.027200 0.189703
vt 0.032974 0.187266
vt 0.034154 0.191957
vt 0.031655 0.183197
vt 0.035417 0.180977
vt 0.037256 0.185191
vt 0.033827 0.177383
vt 0.036995 0.174922
vt 0.038992 0.178958
vt 0.032369 0.174298
vt 0.035835 0.171464
vt 0.040763 0.183047
vt 0.042360 0.177274
vt 0.044472 0.182000
vt 0.039865 0.173073
vt 0.046497 0.177198
vt 0.047547 0.182462
vt 0.045210 0.173255
vt 0.048993 0.187202
vt 0.035818 0.196944
vt 0.036530 0.201587
vt 0.037615 0.206109
vt 0.043509 0.203366
vt 0.963821 0.115284
vt 0.961386 0.118493
vt 0.956998 0.116196
vt 0.970395 0.116974
vt 0.964353 0.110786
vt 0.970664 0.112280
vt 0.976813 0.113313
vt 0.975777 0.118130
vt 0.001527 0.194727
vt 0.001000 0.190968
vt 0.003982 0.184626
vt 0.902523 0.471236
vt 0.009268 0.179801
vt 0.015223 0.177980
vt 0.190508 0.740850
vt 0.950859 0.477306
vt 0.136658 0.460112
vt 0.141343 0.462854
vt 0.186686 0.712511
vt 0.351464 0.711693
vt 0.183863 0.715104
vt 0.183888 0.710182
vt 0.180444 0.717367
vt 0.052938 0.347987
vt 0.005607 0.950584
vt 0.092621 0.421673
vt 0.096233 0.420914
vt 0.952400 0.113463
vt 0.130917 0.442875
vt 0.016445 0.929280
vt 0.059429 0.361280
vt 0.067435 0.363099
vt 0.042383 0.360673
vt 0.040163 0.367307
vt 0.037114 0.361132
vt 0.031989 0.361579
vt 0.022412 0.369829
vt 0.916935 0.982615
vt 0.022112 0.541260
vt 0.018764 0.539163
vt 0.057843 0.491905
vt 0.057996 0.496108
vt 0.054891 0.493875
vt 0.055372 0.489822
vt 0.057809 0.499988
vt 0.061946 0.496376
vt 0.059216 0.500584
vt 0.060984 0.491782
vt 0.065365 0.491747
vt 0.070171 0.490160
vt 0.075661 0.491439
vt 0.075741 0.494855
vt 0.035547 0.525508
vt 0.033011 0.530288
vt 0.040153 0.525936
vt 0.055487 0.485185
vt 0.053317 0.488308
vt 0.054149 0.483780
vt 0.052363 0.491318
vt 0.057397 0.480585
vt 0.055261 0.479018
vt 0.038749 0.549600
vt 0.058432 0.476048
vt 0.063764 0.476199
vt 0.015911 0.940209
vt 0.018118 0.942753
vt 0.041352 0.371721
vt 0.020580 0.379130
vt 0.018709 0.381377
vt 0.021839 0.378755
vt 0.571208 0.012490
vt 0.565020 0.033578
vt 0.958320 0.983604
vt 0.962687 0.987639
vt 0.947968 0.977682
vt 0.400799 0.024039
vt 0.388371 0.020661
vt 0.398852 0.021715
vt 0.391796 0.016885
vt 0.314353 0.989259
vt 0.982889 0.596362
vt 0.986950 0.601811
vt 0.031434 0.427377
vt 0.403834 0.022695
vt 0.401385 0.023560
vt 0.400088 0.017881
vt 0.576496 0.004847
vt 0.319357 0.990496
vt 0.320633 0.991079
vt 0.023805 0.469812
vt 0.321011 0.983741
vt 0.298457 0.992717
vt 0.191065 0.629979
vt 0.308395 0.998500
vt 0.191144 0.633350
vt 0.403992 0.024681
vt 0.849099 0.629522
vt 0.849625 0.629453
vt 0.849722 0.628836
vt 0.568562 0.002443
vt 0.187281 0.961178
vt 0.578565 0.023851
vt 0.324805 0.983912
vt 0.323164 0.978671
vt 0.572658 0.053363
vt 0.461453 0.088970
vt 0.916730 0.983021
vt 0.056642 0.373602
vt 0.058779 0.375278
vt 0.057326 0.375071
vt 0.442187 0.001360
vt 0.442463 0.001151
vt 0.442524 0.001252
vt 0.452500 0.004635
vt 0.450996 0.004966
vt 0.452045 0.004430
vt 0.781768 0.257241
vt 0.786206 0.257567
vt 0.444887 0.001490
vt 0.444859 0.001007
vt 0.445305 0.001083
vt 0.576606 0.005264
vt 0.442907 0.003769
vt 0.443026 0.003752
vt 0.443026 0.004090
vt 0.472763 0.001307
vt 0.470982 0.002424
vt 0.468274 0.002424
vt 0.451638 0.001813
vt 0.450451 0.001813
vt 0.451940 0.001427
vt 0.289864 0.998981
vt 0.445483 0.004553
vt 0.445925 0.004453
vt 0.445925 0.004937
vt 0.447998 0.001894
vt 0.447878 0.001158
vt 0.447998 0.001174
vt 0.452182 0.005009
vt 0.445388 0.001513
vt 0.454844 0.005784
vt 0.456381 0.005363
vt 0.455894 0.005784
vt 0.470645 0.001160
vt 0.465601 0.001017
vt 0.465462 0.003576
vt 0.463585 0.004164
vt 0.442804 0.003829
vt 0.448430 0.004352
vt 0.448550 0.004368
vt 0.448550 0.005088
vt 0.475381 0.002032
vt 0.476578 0.001011
vt 0.481113 0.001011
vt 0.476877 0.002573
vt 0.455737 0.005253
vt 0.463290 0.002282
vt 0.455829 0.001369
vt 0.454292 0.001792
vt 0.455185 0.001260
vt 0.458662 0.001000
vt 0.460528 0.001620
vt 0.460621 0.004181
vt 0.717331 0.402757
vt 0.442538 0.001368
vt 0.447769 0.001209
vt 0.487080 0.003668
vt 0.488304 0.004659
vt 0.482545 0.003785
vt 0.486823 0.005238
vt 0.455342 0.001790
vt 0.719648 0.403868
vt 0.458333 0.002877
vt 0.678693 0.064027
vt 0.448322 0.004402
vt 0.451478 0.001239
vt 0.445426 0.004986
s 1
f 1/1/1 2/2/2 3/3/3 4/4/4
f 5/5/5 6/6/6 3/7/3 2/8/2
f 7/9/7 8/10/8 9/11/9 10/12/10
f 11/13/11 12/14/12 13/15/13 14/16/14
f 15/17/15 16/18/16 13/15/13 12/14/12
f 17/19/17 18/20/18 19/21/19 20/22/20
f 21/23/21 22/24/22 23/25/23 24/26/24
f 25/27/25 26/28/26 23/25/23 22/24/22
f 27/29/27 24/26/24 23/25/23 28/30/28
f 29/31/29 30/32/30 31/33/31 32/34/32
f 33/35/33 34/36/34 35/37/35 36/38/36
f 37/39/37 26/40/26 38/41/38 39/42/39
f 33/43/33 40/44/40 38/41/38 34/45/34
f 25/46/25 34/45/34 38/41/38 26/40/26
f 41/47/41 42/48/42 34/49/34 25/50/25
f 43/51/43 35/52/35 34/49/34 42/48/42
f 44/53/44 45/54/45 42/48/42 39/42/39
f 37/39/37 39/42/39 42/48/42 41/47/41
f 39/42/39 38/41/38 46/55/46 44/53/44
f 47/56/47 48/57/48 46/55/46 38/41/38
f 46/58/46 49/59/49 50/60/50 44/61/44
f 51/62/51 52/63/52 53/64/53 54/65/54
f 53/64/53 52/63/52 49/59/49 55/66/55
f 56/67/56 57/68/57 49/59/49 32/69/32
f 58/70/58 55/66/55 49/59/49 57/68/57
f 59/71/59 60/72/60 61/73/61 62/74/62
f 63/75/63 64/76/64 61/77/61 60/78/60
f 65/79/65 62/74/62 61/73/61 64/80/64
f 66/81/66 67/82/67 68/83/68 69/84/69
f 65/79/65 69/84/69 68/83/68 62/74/62
f 59/71/59 62/74/62 68/83/68 67/82/67
f 63/75/63 70/85/70 71/86/71 64/76/64
f 72/87/72 73/88/73 71/86/71 70/85/70
f 74/89/74 75/90/75 76/91/76 77/92/77
f 78/93/78 77/92/77 76/91/76 79/94/79
f 80/95/80 79/94/79 76/91/76 75/90/75
f 81/96/81 82/97/82 83/98/83 84/99/84
f 85/100/85 86/101/86 83/98/83 82/97/82
f 87/102/87 84/99/84 83/98/83 86/101/86
f 88/103/88 89/104/89 90/105/90 91/106/91
f 92/107/92 91/106/91 90/105/90 93/108/93
f 94/109/94 95/110/95 88/111/88 96/112/96
f 97/113/97 96/114/96 88/103/88 91/106/91
f 98/115/98 94/116/94 99/117/99 100/118/100
f 101/119/101 102/120/102 99/121/99 103/122/103
f 94/109/94 98/123/98 104/124/104 95/110/95
f 105/125/105 106/126/106 95/110/95 107/127/107
f 108/128/108 109/129/109 110/130/110 111/131/111
f 112/132/112 113/133/113 114/134/114 115/135/115
f 116/136/116 117/137/117 114/134/114 113/133/113
f 118/138/118 119/139/119 120/140/120 121/141/121
f 122/142/122 121/141/121 120/140/120 123/143/123
f 118/138/118 124/144/124 125/145/125 119/139/119
f 119/139/119 125/145/125 126/146/126 127/147/127
f 128/148/128 126/146/126 125/145/125 124/144/124
f 129/149/129 130/150/130 131/151/131 120/140/120
f 132/152/132 133/153/133 131/151/131 130/150/130
f 134/154/134 121/141/121 122/142/122 135/155/135
f 136/156/136 137/157/137 126/146/126 128/148/128
f 138/158/138 139/159/139 124/144/124 118/138/118
f 140/160/140 128/148/128 124/144/124 139/159/139
f 140/160/140 141/161/141 136/156/136 128/148/128
f 142/162/142 137/157/137 136/156/136 141/161/141
f 132/152/132 143/163/143 144/164/144 133/153/133
f 135/155/135 122/142/122 144/164/144 143/163/143
f 145/165/145 146/166/146 147/167/147 148/168/148
f 149/169/149 150/170/150 147/167/147 151/171/151
f 152/172/152 151/171/151 147/167/147 153/173/153
f 154/174/154 148/168/148 147/167/147 150/170/150
f 155/175/155 156/176/156 157/177/157 158/178/158
f 159/179/159 2/2/2 160/180/160 158/181/158
f 155/182/155 158/181/158 160/180/160 161/183/161
f 1/1/1 161/183/161 160/180/160 2/2/2
f 161/183/161 162/184/162 163/185/163 155/182/155
f 164/186/164 165/187/165 163/185/163 162/184/162
f 156/188/156 155/182/155 163/185/163 165/187/165
f 166/189/166 167/190/167 168/191/168 169/192/169
f 170/193/170 169/192/169 168/191/168 171/194/171
f 172/195/172 171/194/171 168/191/168 167/190/167
f 161/183/161 1/1/1 170/193/170 162/184/162
f 164/186/164 162/184/162 170/193/170 171/194/171
f 173/196/173 169/192/169 170/193/170 174/197/174
f 4/4/4 174/197/174 170/193/170 1/1/1
f 175/198/175 176/199/176 177/200/177 178/201/178
f 179/202/179 180/203/180 177/200/177 176/199/176
f 181/204/181 178/201/178 177/200/177 180/203/180
f 182/205/182 183/206/183 184/207/184 185/208/185
f 186/209/186 187/210/187 184/207/184 183/206/183
f 188/211/188 185/208/185 184/207/184 187/210/187
f 189/212/189 190/213/190 191/214/191 192/215/192
f 193/216/193 194/217/194 195/218/195 196/219/196
f 197/220/197 198/221/198 195/218/195 194/217/194
f 199/222/199 8/10/8 7/9/7 200/223/200
f 201/224/201 200/223/200 7/9/7 202/225/202
f 203/226/203 204/227/204 205/228/205 153/229/153
f 206/230/206 207/231/207 205/228/205 204/227/204
f 208/232/208 209/233/209 205/228/205 207/231/207
f 210/234/210 211/235/211 205/228/205 209/233/209
f 152/236/152 153/229/153 205/228/205 211/235/211
f 201/237/201 202/238/202 212/239/212 213/240/213
f 214/241/214 213/240/213 212/239/212 215/242/215
f 216/243/216 217/244/217 212/239/212 218/245/218
f 219/246/219 215/242/215 212/239/212 217/244/217
f 220/247/220 218/245/218 212/239/212 202/238/202
f 221/248/221 222/249/222 223/250/223 224/251/224
f 225/252/225 226/253/226 223/250/223 222/249/222
f 227/254/227 228/255/228 229/256/229 230/257/230
f 15/17/15 231/258/231 20/22/20 16/18/16
f 232/259/232 233/260/233 20/261/20 231/262/231
f 234/263/234 17/264/17 20/261/20 233/260/233
f 235/265/235 18/266/18 17/264/17 234/263/234
f 236/267/236 237/268/237 238/269/238 239/270/239
f 240/271/240 241/272/241 238/269/238 242/273/242
f 243/274/243 239/270/239 238/269/238 241/272/241
f 244/275/244 245/276/245 246/277/246 247/278/247
f 248/279/248 249/280/249 246/277/246 245/276/245
f 250/281/250 247/278/247 246/277/246 251/282/251
f 252/283/252 253/284/253 246/277/246 249/280/249
f 254/285/254 251/282/251 246/277/246 253/284/253
f 255/286/255 256/287/256 257/288/257 258/289/258
f 259/290/259 260/291/260 257/288/257 256/287/256
f 261/292/261 258/289/258 257/288/257 262/293/262
f 263/294/263 264/295/264 265/296/265 266/297/266
f 267/298/267 268/299/268 265/296/265 269/300/269
f 270/301/270 269/300/269 265/296/265 264/295/264
f 240/302/240 271/303/271 272/304/272 241/305/241
f 243/306/243 241/305/241 273/307/273 274/308/274
f 275/309/275 276/310/276 272/304/272 271/303/271
f 258/289/258 261/292/261 277/311/277 278/312/278
f 279/313/279 280/314/280 277/311/277 261/292/261
f 281/315/281 282/316/282 277/317/277 280/318/280
f 283/319/283 284/320/284 285/321/285 286/322/286
f 287/323/287 286/322/286 285/321/285 288/324/288
f 289/325/289 288/324/288 285/321/285 284/320/284
f 264/326/264 263/327/263 286/322/286 287/323/287
f 290/328/290 291/329/291 286/322/286 263/327/263
f 292/330/292 293/331/293 277/317/277 282/316/282
f 294/332/294 278/333/278 277/317/277 293/331/293
f 295/334/295 292/330/292 282/316/282 281/315/281
f 296/335/296 283/319/283 286/322/286 291/329/291
f 297/336/297 298/337/298 299/338/299 300/339/300
f 301/340/301 300/339/300 299/338/299 302/341/302
f 303/342/303 302/341/302 299/338/299 298/337/298
f 304/343/304 305/344/305 306/345/306 307/346/307
f 308/347/308 307/346/307 306/345/306 309/348/309
f 310/349/310 309/348/309 306/345/306 311/350/311
f 312/351/312 313/352/313 306/345/306 305/344/305
f 314/353/314 311/350/311 306/345/306 313/352/313
f 307/346/307 308/347/308 301/340/301 302/341/302
f 297/336/297 300/339/300 301/340/301 308/347/308
f 97/113/97 315/354/315 102/355/102 96/114/96
f 100/118/100 99/117/99 102/355/102 316/356/316
f 317/357/317 316/356/316 102/355/102 315/354/315
f 101/119/101 318/358/318 96/112/96 102/120/102
f 319/359/319 320/360/320 321/361/321 322/362/322
f 320/360/320 323/363/323 324/364/324 321/361/321
f 325/365/325 326/366/326 320/360/320 319/359/319
f 327/367/327 328/368/328 321/361/321 329/369/329
f 330/370/330 331/371/331 332/372/332 333/373/333
f 334/374/334 333/373/333 332/372/332 335/375/335
f 336/376/336 335/375/335 332/372/332 331/371/331
f 95/110/95 106/126/106 337/377/337 88/111/88
f 88/111/88 337/377/337 338/378/338 89/379/89
f 339/380/339 338/378/338 337/377/337 106/126/106
f 307/346/307 302/341/302 303/342/303 304/343/304
f 340/381/340 304/343/304 303/342/303 341/382/341
f 297/336/297 308/347/308 309/348/309 342/383/342
f 343/384/343 344/385/344 345/386/345 346/387/346
f 347/388/347 346/387/346 345/386/345 348/389/348
f 349/390/349 348/389/348 345/386/345 344/385/344
f 350/391/350 351/392/351 352/393/352 353/394/353
f 354/395/354 355/396/355 352/393/352 351/392/351
f 356/397/356 353/394/353 352/393/352 355/396/355
f 350/391/350 357/398/357 358/399/358 351/392/351
f 354/395/354 351/392/351 358/399/358 359/400/359
f 360/401/360 359/400/359 358/399/358 357/398/357
f 361/402/361 362/403/362 363/404/363 364/405/364
f 365/406/365 366/407/366 363/404/363 362/403/362
f 367/408/367 364/405/364 363/404/363 366/407/366
f 353/394/353 356/397/356 368/409/368 369/410/369
f 370/411/370 369/410/369 368/409/368 371/412/371
f 372/413/372 371/412/371 368/409/368 356/397/356
f 367/408/367 373/414/373 374/415/374 364/405/364
f 375/416/375 376/417/376 374/415/374 373/414/373
f 361/402/361 364/405/364 374/415/374 377/418/377
f 378/419/378 377/418/377 374/415/374 379/420/379
f 380/421/380 379/420/379 374/415/374 376/417/376
f 365/422/365 381/423/381 370/411/370 382/424/382
f 383/425/383 369/410/369 370/411/370 381/423/381
f 384/426/384 385/427/385 370/428/370 371/429/371
f 386/430/386 382/431/382 370/428/370 385/427/385
f 387/432/387 361/402/361 377/418/377 378/419/378
f 385/427/385 388/433/388 389/434/389 386/430/386
f 373/414/373 386/430/386 389/434/389 375/416/375
f 390/435/390 375/416/375 389/434/389 388/433/388
f 375/416/375 390/435/390 391/436/391 376/417/376
f 380/421/380 376/417/376 391/436/391 392/437/392
f 393/438/393 392/437/392 391/436/391 390/435/390
f 394/439/394 395/440/395 396/441/396 397/442/397
f 398/443/398 397/444/397 396/445/396 399/446/399
f 400/447/400 399/446/399 396/445/396 401/448/401
f 402/449/402 403/450/403 399/446/399 400/447/400
f 404/451/404 298/337/298 297/336/297 405/452/405
f 406/453/406 407/454/407 408/455/408 409/456/409
f 410/457/410 409/456/409 408/455/408 411/458/411
f 412/459/412 399/460/399 403/461/403 413/462/413
f 414/463/414 413/462/413 403/461/403 415/464/415
f 86/101/86 85/100/85 416/465/416 417/466/417
f 418/467/418 419/468/419 416/465/416 85/100/85
f 420/469/420 417/466/417 416/465/416 419/468/419
f 421/470/421 422/471/422 423/472/423 424/473/424
f 425/474/425 310/349/310 423/472/423 422/471/422
f 426/475/426 427/476/427 428/477/428 429/478/429
f 430/479/430 431/480/431 428/477/428 427/476/427
f 432/481/432 429/478/429 428/477/428 431/480/431
f 433/482/433 434/483/434 435/484/435 436/485/436
f 437/486/437 438/487/438 435/484/435 434/483/434
f 439/488/439 440/489/440 426/475/426 429/478/429
f 441/490/441 427/491/427 426/492/426 442/493/442
f 439/488/439 443/494/443 444/495/444 440/489/440
f 445/496/445 446/497/446 444/495/444 443/494/443
f 447/498/447 448/499/448 444/495/444 446/497/446
f 449/500/449 437/486/437 450/501/450 451/502/451
f 452/503/452 451/502/451 450/501/450 453/504/453
f 434/483/434 453/504/453 450/501/450 437/486/437
f 454/505/454 426/475/426 440/489/440 444/495/444
f 455/506/455 414/463/414 415/464/415 456/507/456
f 457/508/457 458/509/458 459/510/459 87/102/87
f 460/511/460 461/512/461 459/510/459 458/509/458
f 84/99/84 87/102/87 459/510/459 461/512/461
f 462/513/462 463/514/463 410/457/410 464/515/464
f 422/516/422 421/517/421 465/518/465 466/519/466
f 466/519/466 465/518/465 467/520/467 468/521/468
f 469/522/469 467/520/467 465/518/465 421/517/421
f 470/523/470 471/524/471 407/454/407 406/453/406
f 472/525/472 473/526/473 474/527/474 475/528/475
f 474/529/474 473/530/473 476/531/476 477/532/477
f 392/437/392 393/438/393 413/462/413 414/463/414
f 380/421/380 392/437/392 414/463/414 455/506/455
f 411/458/411 408/455/408 407/454/407 478/533/478
f 479/534/479 478/533/478 407/454/407 471/524/471
f 480/535/480 481/536/481 482/537/482 483/538/483
f 483/538/483 482/537/482 484/539/484 485/540/485
f 486/541/486 484/539/484 482/537/482 481/536/481
f 487/542/487 488/543/488 489/544/489 490/545/490
f 491/546/491 492/547/492 489/544/489 488/543/488
f 493/548/493 490/549/490 489/550/489 494/551/494
f 495/552/495 496/553/496 420/469/420 497/554/497
f 457/508/457 417/466/417 420/469/420 496/553/496
f 498/555/498 499/556/499 500/557/500 501/558/501
f 441/490/441 502/559/502 500/557/500 499/556/499
f 503/560/503 501/558/501 500/557/500 502/559/502
f 449/500/449 504/561/504 505/562/505 506/563/506
f 507/564/507 506/563/506 505/562/505 508/565/508
f 509/566/509 508/565/508 505/562/505 504/561/504
f 510/567/510 405/452/405 297/336/297 342/383/342
f 511/568/511 512/569/512 513/570/513 514/571/514
f 515/572/515 516/573/516 513/570/513 512/569/512
f 517/574/517 514/571/514 513/570/513 516/573/516
f 518/575/518 512/576/512 511/577/511 519/578/519
f 520/579/520 521/580/521 511/577/511 522/581/522
f 523/582/523 519/578/519 511/577/511 521/580/521
f 524/583/524 522/584/522 511/568/511 514/571/514
f 517/574/517 525/585/525 524/583/524 514/571/514
f 526/586/526 527/587/527 524/583/524 525/585/525
f 528/588/528 517/574/517 516/573/516 515/572/515
f 529/589/529 530/590/530 531/591/531 532/592/532
f 533/593/533 534/594/534 531/595/531 530/596/530
f 535/597/535 532/592/532 531/591/531 534/598/534
f 536/599/536 537/600/537 526/586/526 525/585/525
f 538/601/538 527/587/527 526/586/526 537/600/537
f 539/602/539 540/603/540 541/604/541 542/605/542
f 543/606/543 544/607/544 541/604/541 540/603/540
f 518/575/518 542/605/542 541/604/541 544/607/544
f 545/608/545 546/609/546 547/610/547 548/611/548
f 549/612/549 550/613/550 547/610/547 546/609/546
f 551/614/551 548/611/548 547/610/547 550/613/550
f 536/599/536 525/585/525 517/574/517 552/615/552
f 553/616/553 552/615/552 517/574/517 528/588/528
f 554/617/554 555/618/555 556/619/556 557/620/557
f 558/621/558 559/622/559 556/619/556 555/618/555
f 560/623/560 557/620/557 556/619/556 559/622/559
f 561/624/561 562/625/562 563/626/563 564/627/564
f 520/579/520 564/627/564 563/626/563 521/580/521
f 523/582/523 521/580/521 563/626/563 562/625/562
f 515/628/515 544/607/544 543/606/543 528/629/528
f 553/630/553 528/629/528 543/606/543 565/631/565
f 566/632/566 567/633/567 543/606/543 540/603/540
f 568/634/568 569/635/569 570/636/570 571/637/571
f 572/638/572 571/639/571 570/640/570 573/641/573
f 574/642/574 575/643/575 570/636/570 576/644/576
f 577/645/577 576/644/576 570/636/570 569/635/569
f 578/646/578 497/554/497 420/469/420 419/468/419
f 579/647/579 577/645/577 580/648/580 581/649/581
f 582/650/582 581/649/581 580/648/580 583/651/583
f 569/635/569 583/651/583 580/648/580 577/645/577
f 460/511/460 584/652/584 585/653/585 586/654/586
f 587/655/587 588/656/588 585/653/585 584/652/584
f 589/657/589 586/654/586 585/653/585 588/656/588
f 590/658/590 404/451/404 405/452/405 591/659/591
f 592/660/592 591/659/591 405/452/405 510/567/510
f 474/527/474 593/661/593 594/662/594 475/528/475
f 475/528/475 594/662/594 595/663/595 448/499/448
f 596/664/596 595/663/595 594/662/594 593/661/593
f 597/665/597 598/666/598 599/667/599 600/668/600
f 566/632/566 601/669/601 599/670/599 602/671/602
f 603/672/603 602/673/602 599/674/599 598/675/598
f 604/676/604 481/536/481 480/535/480 605/677/605
f 606/678/606 607/679/607 480/535/480 483/538/483
f 608/680/608 609/681/609 480/535/480 607/679/607
f 610/682/610 605/677/605 480/535/480 609/681/609
f 611/683/611 612/684/612 576/644/576 613/685/613
f 579/647/579 613/685/613 576/644/576 577/645/577
f 565/631/565 614/686/614 615/687/615 553/630/553
f 616/688/616 617/689/617 615/690/615 614/691/614
f 618/692/618 619/693/619 615/694/615 617/695/617
f 620/696/620 621/697/621 618/698/618 617/689/617
f 622/699/622 623/700/623 618/701/618 624/702/624
f 625/703/625 624/704/624 618/698/618 621/697/621
f 626/705/626 627/706/627 624/707/624 625/708/625
f 628/709/628 629/710/629 624/702/624 627/711/627
f 630/712/630 631/713/631 632/714/632 633/715/633
f 634/716/634 635/717/635 632/714/632 631/713/631
f 636/718/636 637/719/637 632/720/632 635/721/635
f 638/722/638 633/715/633 632/714/632 639/723/639
f 640/724/640 639/725/639 632/720/632 637/719/637
f 641/726/641 642/727/642 643/728/643 644/729/644
f 645/730/645 646/731/646 643/732/643 642/733/642
f 491/546/491 488/543/488 643/732/643 647/734/647
f 648/735/648 647/734/647 643/732/643 646/731/646
f 649/736/649 650/737/650 651/738/651 652/739/652
f 653/740/653 654/741/654 655/742/655 656/743/656
f 656/743/656 655/742/655 657/744/657 658/745/658
f 659/746/659 657/744/657 655/742/655 654/741/654
f 48/747/48 29/748/29 32/69/32 46/58/46
f 613/685/613 660/749/660 661/750/661 611/683/611
f 620/696/620 611/683/611 661/750/661 621/697/621
f 662/751/662 663/752/663 661/750/661 660/749/660
f 664/753/664 665/754/665 661/750/661 663/752/663
f 625/703/625 621/697/621 661/750/661 665/754/665
f 666/755/666 667/756/667 668/757/668 669/758/669
f 669/758/669 668/757/668 670/759/670 495/552/495
f 671/760/671 670/759/670 668/757/668 667/756/667
f 672/761/672 673/762/673 636/763/636 635/717/635
f 674/764/674 675/765/675 636/718/636 676/766/676
f 677/767/677 637/719/637 636/718/636 675/765/675
f 678/768/678 676/766/676 636/718/636 673/769/673
f 37/770/37 679/771/679 23/25/23 26/28/26
f 680/772/680 681/773/681 28/774/28 682/775/682
f 575/643/575 27/776/27 28/777/28 681/778/681
f 683/779/683 682/780/682 28/30/28 684/781/684
f 646/731/646 645/730/645 685/782/685 686/783/686
f 687/784/687 688/785/688 685/786/685 645/787/645
f 689/788/689 686/783/686 685/782/685 690/789/690
f 629/710/629 690/790/690 685/791/685 691/792/691
f 692/793/692 691/792/691 685/791/685 688/794/688
f 693/795/693 694/796/694 695/797/695 696/798/696
f 696/798/696 695/797/695 697/799/697 698/800/698
f 699/801/699 697/802/697 695/803/695 694/804/694
f 33/35/33 36/38/36 700/805/700 701/806/701
f 702/807/702 665/808/665 703/809/703 574/642/574
f 24/26/24 27/29/27 703/810/703 704/811/704
f 575/643/575 574/642/574 703/809/703 27/776/27
f 684/781/684 53/64/53 55/66/55 58/70/58
f 454/505/454 595/663/595 705/812/705 706/813/706
f 707/814/707 706/815/706 705/816/705 708/817/708
f 596/664/596 709/818/709 705/812/705 595/663/595
f 710/819/710 35/37/35 43/820/43 711/821/711
f 710/819/710 712/822/712 36/38/36 35/37/35
f 713/823/713 714/824/714 36/38/36 712/822/712
f 715/825/715 698/800/698 664/753/664 663/752/663
f 697/799/697 704/826/704 664/753/664 698/800/698
f 697/802/697 699/801/699 716/827/716 717/828/717
f 718/829/718 717/830/717 716/831/716 719/832/719
f 720/833/720 719/832/719 716/831/716 721/834/721
f 722/835/722 723/836/723 716/827/716 699/801/699
f 724/837/724 721/834/721 716/831/716 723/838/723
f 725/839/725 649/736/649 726/840/726 727/841/727
f 37/770/37 41/842/41 711/843/711 679/771/679
f 25/27/25 22/24/22 711/844/711 41/845/41
f 728/846/728 710/819/710 711/821/711 729/847/729
f 730/848/730 731/849/731 732/850/732 733/851/733
f 733/851/733 732/850/732 734/852/734 735/853/735
f 736/854/736 734/852/734 732/850/732 731/849/731
f 674/764/674 676/766/676 735/853/735 734/852/734
f 678/768/678 737/855/737 735/853/735 676/766/676
f 738/856/738 733/851/733 735/853/735 737/855/737
f 739/857/739 740/858/740 738/856/738 737/855/737
f 741/859/741 742/860/742 738/856/738 740/858/740
f 730/848/730 733/851/733 738/856/738 742/860/742
f 743/861/743 658/745/658 742/862/742 741/863/741
f 657/744/657 730/864/730 742/862/742 658/745/658
f 744/865/744 745/866/745 743/867/743 741/859/741
f 746/868/746 747/869/747 743/861/743 745/870/745
f 656/743/656 658/745/658 743/861/743 747/869/747
f 748/871/748 749/872/749 747/869/747 746/868/746
f 653/740/653 656/743/656 747/869/747 749/872/749
f 750/873/750 751/874/751 749/872/749 748/871/748
f 752/875/752 653/740/653 749/872/749 751/874/751
f 753/876/753 672/761/672 752/875/752 751/874/751
f 635/717/635 634/716/634 752/875/752 672/761/672
f 654/741/654 653/740/653 752/875/752 634/716/634
f 750/873/750 754/877/754 753/876/753 751/874/751
f 755/878/755 756/879/756 753/880/753 754/881/754
f 673/762/673 672/761/672 753/876/753 756/882/756
f 757/883/757 758/884/758 756/879/756 755/878/755
f 678/768/678 673/769/673 756/879/756 758/884/758
f 759/885/759 739/857/739 758/884/758 757/883/757
f 737/855/737 678/768/678 758/884/758 739/857/739
f 74/89/74 760/886/760 759/885/759 757/883/757
f 761/887/761 762/888/762 759/885/759 760/886/760
f 740/858/740 739/857/739 759/885/759 762/888/762
f 763/889/763 744/865/744 762/888/762 761/887/761
f 741/859/741 740/858/740 762/888/762 744/865/744
f 70/85/70 63/75/63 763/889/763 761/887/761
f 60/78/60 764/890/764 763/889/763 63/75/63
f 745/866/745 744/865/744 763/889/763 764/890/764
f 59/71/59 765/891/765 764/892/764 60/72/60
f 746/868/746 745/870/745 764/892/764 765/891/765
f 67/82/67 766/893/766 765/891/765 59/71/59
f 748/871/748 746/868/746 765/891/765 766/893/766
f 66/81/66 767/894/767 766/893/766 67/82/67
f 750/873/750 748/871/748 766/893/766 767/894/767
f 79/895/79 80/896/80 767/894/767 66/81/66
f 754/877/754 750/873/750 767/894/767 80/896/80
f 72/87/72 70/85/70 761/887/761 760/886/760
f 77/92/77 72/87/72 760/886/760 74/89/74
f 75/90/75 74/89/74 757/883/757 755/878/755
f 80/896/80 75/897/75 755/898/755 754/877/754
f 768/899/768 769/900/769 734/852/734 736/854/736
f 770/901/770 674/764/674 734/852/734 769/900/769
f 771/902/771 772/903/772 770/901/770 769/900/769
f 773/904/773 774/905/774 770/901/770 772/903/772
f 675/765/675 674/764/674 770/901/770 774/905/774
f 775/906/775 776/907/776 774/905/774 773/904/773
f 677/767/677 675/765/675 774/905/774 776/907/776
f 777/908/777 778/909/778 776/907/776 775/906/775
f 779/910/779 677/767/677 776/907/776 778/909/778
f 780/911/780 781/912/781 779/913/779 778/914/778
f 782/915/782 640/916/640 779/913/779 781/912/781
f 637/719/637 677/767/677 779/910/779 640/724/640
f 783/917/783 784/918/784 782/915/782 781/912/781
f 785/919/785 786/920/786 782/915/782 784/918/784
f 639/921/639 640/916/640 782/915/782 786/920/786
f 787/922/787 788/923/788 786/920/786 785/919/785
f 638/924/638 639/921/639 786/920/786 788/923/788
f 789/925/789 790/926/790 788/923/788 787/922/787
f 791/927/791 638/924/638 788/923/788 790/926/790
f 633/715/633 638/722/638 791/928/791 792/929/792
f 793/930/793 794/931/794 791/928/791 790/932/790
f 795/933/795 792/929/792 791/928/791 794/931/794
f 796/934/796 792/929/792 795/933/795 797/935/797
f 798/936/798 799/937/799 795/933/795 794/931/794
f 800/938/800 797/935/797 795/933/795 799/937/799
f 801/939/801 797/935/797 800/938/800 802/940/802
f 803/941/803 804/942/804 800/938/800 799/937/799
f 805/943/805 802/940/802 800/938/800 804/942/804
f 806/944/806 802/940/802 805/943/805 807/945/807
f 808/946/808 809/947/809 805/943/805 804/942/804
f 810/948/810 807/945/807 805/943/805 809/947/809
f 811/949/811 807/945/807 810/948/810 812/950/812
f 813/951/813 814/952/814 810/948/810 809/947/809
f 815/953/815 812/950/812 810/948/810 814/952/814
f 816/954/816 812/950/812 815/953/815 817/955/817
f 818/956/818 819/957/819 815/953/815 814/952/814
f 820/958/820 817/955/817 815/953/815 819/957/819
f 821/959/821 817/955/817 820/958/820 822/960/822
f 823/961/823 824/962/824 820/958/820 819/957/819
f 825/963/825 822/960/822 820/958/820 824/962/824
f 826/964/826 822/960/822 825/963/825 827/965/827
f 828/966/828 829/967/829 825/963/825 824/962/824
f 830/968/830 827/965/827 825/963/825 829/967/829
f 831/969/831 827/970/827 830/971/830 832/972/832
f 833/973/833 834/974/834 830/971/830 829/975/829
f 835/976/835 832/972/832 830/971/830 834/974/834
f 836/977/836 832/972/832 835/976/835 837/978/837
f 838/979/838 839/980/839 835/976/835 834/974/834
f 840/981/840 837/978/837 835/976/835 839/980/839
f 841/982/841 837/978/837 840/981/840 842/983/842
f 843/984/843 844/985/844 840/981/840 839/980/839
f 845/986/845 842/983/842 840/981/840 844/985/844
f 846/987/846 842/983/842 845/986/845 847/988/847
f 848/989/848 849/990/849 845/986/845 844/985/844
f 850/991/850 847/988/847 845/986/845 849/990/849
f 851/992/851 847/988/847 850/991/850 852/993/852
f 853/994/853 854/995/854 850/991/850 849/990/849
f 855/996/855 852/993/852 850/991/850 854/995/854
f 856/997/856 852/993/852 855/996/855 857/998/857
f 858/999/858 859/1000/859 860/1001/860 861/1002/861
f 856/997/856 857/998/857 860/1001/860 859/1000/859
f 862/1003/862 863/1004/863 859/1000/859 858/999/858
f 864/1005/864 856/997/856 859/1000/859 863/1004/863
f 865/1006/865 866/1007/866 864/1005/864 863/1004/863
f 867/1008/867 851/992/851 864/1005/864 866/1007/866
f 852/993/852 856/997/856 864/1005/864 851/992/851
f 868/1009/868 869/1010/869 867/1008/867 866/1007/866
f 870/1011/870 846/987/846 867/1008/867 869/1010/869
f 847/988/847 851/992/851 867/1008/867 846/987/846
f 871/1012/871 872/1013/872 870/1011/870 869/1010/869
f 873/1014/873 841/982/841 870/1011/870 872/1013/872
f 842/983/842 846/987/846 870/1011/870 841/982/841
f 874/1015/874 875/1016/875 873/1014/873 872/1013/872
f 876/1017/876 836/977/836 873/1014/873 875/1016/875
f 837/978/837 841/982/841 873/1014/873 836/977/836
f 877/1018/877 878/1019/878 876/1017/876 875/1016/875
f 879/1020/879 831/969/831 876/1017/876 878/1019/878
f 832/972/832 836/977/836 876/1017/876 831/969/831
f 880/1021/880 881/1022/881 879/1020/879 878/1019/878
f 882/1023/882 826/964/826 879/1024/879 881/1025/881
f 827/970/827 831/969/831 879/1020/879 826/1026/826
f 883/1027/883 884/1028/884 882/1023/882 881/1025/881
f 885/1029/885 821/959/821 882/1023/882 884/1028/884
f 822/960/822 826/964/826 882/1023/882 821/959/821
f 886/1030/886 887/1031/887 885/1029/885 884/1028/884
f 888/1032/888 816/954/816 885/1029/885 887/1031/887
f 817/955/817 821/959/821 885/1029/885 816/954/816
f 889/1033/889 890/1034/890 888/1032/888 887/1031/887
f 891/1035/891 811/949/811 888/1032/888 890/1034/890
f 812/950/812 816/954/816 888/1032/888 811/949/811
f 892/1036/892 893/1037/893 891/1035/891 890/1034/890
f 894/1038/894 806/944/806 891/1035/891 893/1037/893
f 807/945/807 811/949/811 891/1035/891 806/944/806
f 895/1039/895 896/1040/896 894/1038/894 893/1037/893
f 897/1041/897 801/939/801 894/1038/894 896/1040/896
f 802/940/802 806/944/806 894/1038/894 801/939/801
f 898/1042/898 899/1043/899 897/1041/897 896/1040/896
f 630/712/630 796/934/796 897/1041/897 899/1043/899
f 797/935/797 801/939/801 897/1041/897 796/934/796
f 900/1044/900 901/1045/901 899/1043/899 898/1042/898
f 631/713/631 630/712/630 899/1043/899 901/1045/901
f 659/746/659 654/741/654 901/1045/901 900/1044/900
f 634/716/634 631/713/631 901/1045/901 654/741/654
f 902/1046/902 659/746/659 900/1044/900 903/1047/903
f 904/1048/904 903/1047/903 900/1044/900 898/1042/898
f 905/1049/905 903/1047/903 904/1048/904 906/1050/906
f 896/1040/896 895/1039/895 904/1048/904 898/1042/898
f 907/1051/907 906/1050/906 904/1048/904 895/1039/895
f 908/1052/908 906/1050/906 907/1051/907 909/1053/909
f 893/1037/893 892/1036/892 907/1051/907 895/1039/895
f 910/1054/910 909/1053/909 907/1051/907 892/1036/892
f 911/1055/911 909/1053/909 910/1054/910 912/1056/912
f 890/1034/890 889/1033/889 910/1054/910 892/1036/892
f 913/1057/913 912/1056/912 910/1054/910 889/1033/889
f 914/1058/914 912/1056/912 913/1057/913 915/1059/915
f 887/1031/887 886/1030/886 913/1057/913 889/1033/889
f 916/1060/916 915/1059/915 913/1057/913 886/1030/886
f 917/1061/917 915/1059/915 916/1060/916 918/1062/918
f 884/1028/884 883/1027/883 916/1060/916 886/1030/886
f 919/1063/919 918/1062/918 916/1060/916 883/1027/883
f 920/1064/920 918/1065/918 919/1066/919 921/1067/921
f 881/1022/881 880/1021/880 919/1066/919 883/1068/883
f 922/1069/922 921/1067/921 919/1066/919 880/1021/880
f 923/1070/923 921/1067/921 922/1069/922 924/1071/924
f 878/1019/878 877/1018/877 922/1069/922 880/1021/880
f 925/1072/925 924/1071/924 922/1069/922 877/1018/877
f 926/1073/926 924/1071/924 925/1072/925 927/1074/927
f 875/1016/875 874/1015/874 925/1072/925 877/1018/877
f 928/1075/928 927/1074/927 925/1072/925 874/1015/874
f 929/1076/929 927/1074/927 928/1075/928 930/1077/930
f 872/1013/872 871/1012/871 928/1075/928 874/1015/874
f 931/1078/931 930/1077/930 928/1075/928 871/1012/871
f 932/1079/932 930/1077/930 931/1078/931 933/1080/933
f 869/1010/869 868/1009/868 931/1078/931 871/1012/871
f 934/1081/934 933/1080/933 931/1078/931 868/1009/868
f 935/1082/935 933/1080/933 934/1081/934 936/1083/936
f 866/1007/866 865/1006/865 934/1081/934 868/1009/868
f 937/1084/937 936/1083/936 934/1081/934 865/1006/865
f 938/1085/938 936/1083/936 937/1084/937 939/1086/939
f 863/1004/863 862/1003/862 937/1084/937 865/1006/865
f 940/1087/940 939/1086/939 937/1084/937 862/1003/862
f 941/1088/941 939/1086/939 940/1087/940 942/1089/942
f 858/999/858 943/1090/943 940/1087/940 862/1003/862
f 944/1091/944 942/1089/942 940/1087/940 943/1090/943
f 945/1092/945 942/1089/942 944/1091/944 946/1093/946
f 947/1094/947 948/1095/948 944/1091/944 943/1090/943
f 949/1096/949 946/1093/946 944/1091/944 948/1095/948
f 950/1097/950 946/1093/946 949/1096/949 951/1098/951
f 952/1099/952 953/1100/953 954/1101/954 955/1102/955
f 950/1097/950 951/1098/951 954/1101/954 953/1100/953
f 956/1103/956 957/1104/957 953/1100/953 952/1099/952
f 958/1105/958 950/1097/950 953/1100/953 957/1104/957
f 959/1106/959 960/1107/960 958/1105/958 957/1104/957
f 961/1108/961 945/1092/945 958/1105/958 960/1107/960
f 946/1093/946 950/1097/950 958/1105/958 945/1092/945
f 962/1109/962 963/1110/963 961/1108/961 960/1107/960
f 964/1111/964 941/1088/941 961/1108/961 963/1110/963
f 942/1089/942 945/1092/945 961/1108/961 941/1088/941
f 965/1112/965 966/1113/966 964/1111/964 963/1110/963
f 967/1114/967 938/1085/938 964/1111/964 966/1113/966
f 939/1086/939 941/1088/941 964/1111/964 938/1085/938
f 968/1115/968 969/1116/969 967/1114/967 966/1113/966
f 970/1117/970 935/1082/935 967/1114/967 969/1116/969
f 936/1083/936 938/1085/938 967/1114/967 935/1082/935
f 971/1118/971 972/1119/972 970/1117/970 969/1116/969
f 973/1120/973 932/1079/932 970/1117/970 972/1119/972
f 933/1080/933 935/1082/935 970/1117/970 932/1079/932
f 974/1121/974 975/1122/975 973/1120/973 972/1119/972
f 976/1123/976 929/1076/929 973/1120/973 975/1122/975
f 930/1077/930 932/1079/932 973/1120/973 929/1076/929
f 977/1124/977 978/1125/978 976/1123/976 975/1122/975
f 979/1126/979 926/1073/926 976/1123/976 978/1125/978
f 927/1074/927 929/1076/929 976/1123/976 926/1073/926
f 980/1127/980 981/1128/981 979/1126/979 978/1125/978
f 982/1129/982 923/1070/923 979/1126/979 981/1128/981
f 924/1071/924 926/1073/926 979/1126/979 923/1070/923
f 983/1130/983 984/1131/984 982/1129/982 981/1128/981
f 985/1132/985 920/1064/920 982/1129/982 984/1131/984
f 921/1067/921 923/1070/923 982/1129/982 920/1064/920
f 986/1133/986 987/1134/987 985/1132/985 984/1131/984
f 988/1135/988 917/1136/917 985/1132/985 987/1134/987
f 918/1065/918 920/1064/920 985/1132/985 917/1136/917
f 989/1137/989 990/1138/990 988/1135/988 987/1134/987
f 991/1139/991 914/1058/914 988/1140/988 990/1141/990
f 915/1059/915 917/1061/917 988/1140/988 914/1058/914
f 992/1142/992 993/1143/993 991/1139/991 990/1141/990
f 994/1144/994 911/1055/911 991/1139/991 993/1143/993
f 912/1056/912 914/1058/914 991/1139/991 911/1055/911
f 995/1145/995 996/1146/996 994/1144/994 993/1143/993
f 997/1147/997 908/1052/908 994/1144/994 996/1146/996
f 909/1053/909 911/1055/911 994/1144/994 908/1052/908
f 998/1148/998 999/1149/999 997/1150/997 996/1151/996
f 1000/1152/1000 905/1153/905 997/1150/997 999/1149/999
f 906/1050/906 908/1052/908 997/1147/997 905/1049/905
f 1001/1154/1001 1002/1155/1002 1000/1152/1000 999/1149/999
f 1003/1156/1003 902/1046/902 1000/1157/1000 1002/1158/1002
f 903/1047/903 905/1049/905 1000/1157/1000 902/1046/902
f 1004/1159/1004 731/849/731 1003/1160/1003 1002/1155/1002
f 730/864/730 657/744/657 1003/1156/1003 731/1161/731
f 659/746/659 902/1046/902 1003/1156/1003 657/744/657
f 1005/1162/1005 1006/1163/1006 1004/1159/1004 1007/1164/1007
f 736/854/736 731/849/731 1004/1159/1004 1006/1163/1006
f 1001/1154/1001 1007/1164/1007 1004/1159/1004 1002/1155/1002
f 1008/1165/1008 1009/1166/1009 1006/1163/1006 1005/1162/1005
f 768/899/768 736/854/736 1006/1163/1006 1009/1166/1009
f 1010/1167/1010 1011/1168/1011 1009/1166/1009 1008/1165/1008
f 1012/1169/1012 768/899/768 1009/1166/1009 1011/1168/1011
f 1013/1170/1013 1014/1171/1014 1012/1169/1012 1011/1168/1011
f 1015/1172/1015 771/902/771 1012/1169/1012 1014/1171/1014
f 769/900/769 768/899/768 1012/1169/1012 771/902/771
f 1016/1173/1016 1017/1174/1017 1015/1172/1015 1014/1171/1014
f 1018/1175/1018 1019/1176/1019 1015/1172/1015 1017/1174/1017
f 772/903/772 771/902/771 1015/1172/1015 1019/1176/1019
f 1020/1177/1020 1021/1178/1021 1019/1176/1019 1018/1175/1018
f 773/904/773 772/903/772 1019/1176/1019 1021/1178/1021
f 1022/1179/1022 1023/1180/1023 1021/1178/1021 1020/1177/1020
f 775/906/775 773/904/773 1021/1178/1021 1023/1180/1023
f 1024/1181/1024 1025/1182/1025 1023/1180/1023 1022/1179/1022
f 777/908/777 775/906/775 1023/1180/1023 1025/1182/1025
f 1026/1183/1026 1027/1184/1027 1025/1185/1025 1024/1186/1024
f 1028/1187/1028 777/1188/777 1025/1185/1025 1027/1184/1027
f 1029/1189/1029 1030/1190/1030 1028/1187/1028 1027/1184/1027
f 1031/1191/1031 780/911/780 1028/1187/1028 1030/1190/1030
f 778/914/778 777/1188/777 1028/1187/1028 780/911/780
f 1032/1192/1032 1033/1193/1033 1031/1191/1031 1030/1190/1030
f 1034/1194/1034 783/917/783 1031/1191/1031 1033/1193/1033
f 781/912/781 780/911/780 1031/1191/1031 783/917/783
f 1035/1195/1035 1036/1196/1036 1034/1194/1034 1033/1193/1033
f 1037/1197/1037 1038/1198/1038 1034/1194/1034 1036/1196/1036
f 784/918/784 783/917/783 1034/1194/1034 1038/1198/1038
f 1039/1199/1039 1040/1200/1040 1038/1198/1038 1037/1197/1037
f 785/919/785 784/918/784 1038/1198/1038 1040/1200/1040
f 1041/1201/1041 1042/1202/1042 1040/1200/1040 1039/1199/1039
f 787/922/787 785/919/785 1040/1200/1040 1042/1202/1042
f 1043/1203/1043 1044/1204/1044 1042/1202/1042 1041/1201/1041
f 789/925/789 787/922/787 1042/1202/1042 1044/1204/1044
f 1045/1205/1045 1046/1206/1046 1044/1204/1044 1043/1203/1043
f 1047/1207/1047 789/925/789 1044/1204/1044 1046/1206/1046
f 790/926/790 789/925/789 1047/1207/1047 793/1208/793
f 1048/1209/1048 1049/1210/1049 1047/1211/1047 1046/1212/1046
f 1050/1213/1050 793/930/793 1047/1211/1047 1049/1210/1049
f 794/931/794 793/930/793 1050/1213/1050 798/936/798
f 1051/1214/1051 1052/1215/1052 1050/1213/1050 1049/1210/1049
f 1053/1216/1053 798/936/798 1050/1213/1050 1052/1215/1052
f 799/937/799 798/936/798 1053/1216/1053 803/941/803
f 1054/1217/1054 1055/1218/1055 1053/1216/1053 1052/1215/1052
f 1056/1219/1056 803/941/803 1053/1216/1053 1055/1218/1055
f 804/942/804 803/941/803 1056/1219/1056 808/946/808
f 1057/1220/1057 1058/1221/1058 1056/1219/1056 1055/1218/1055
f 1059/1222/1059 808/946/808 1056/1219/1056 1058/1221/1058
f 809/947/809 808/946/808 1059/1222/1059 813/951/813
f 1060/1223/1060 1061/1224/1061 1059/1222/1059 1058/1221/1058
f 1062/1225/1062 813/951/813 1059/1222/1059 1061/1224/1061
f 814/952/814 813/951/813 1062/1225/1062 818/956/818
f 1063/1226/1063 1064/1227/1064 1062/1225/1062 1061/1224/1061
f 1065/1228/1065 818/956/818 1062/1225/1062 1064/1227/1064
f 819/957/819 818/956/818 1065/1228/1065 823/961/823
f 1066/1229/1066 1067/1230/1067 1065/1228/1065 1064/1227/1064
f 1068/1231/1068 823/961/823 1065/1228/1065 1067/1230/1067
f 824/962/824 823/961/823 1068/1231/1068 828/966/828
f 1069/1232/1069 1070/1233/1070 1068/1231/1068 1067/1230/1067
f 1071/1234/1071 828/966/828 1068/1231/1068 1070/1233/1070
f 829/967/829 828/966/828 1071/1234/1071 833/1235/833
f 1072/1236/1072 1073/1237/1073 1071/1234/1071 1070/1233/1070
f 1074/1238/1074 833/1235/833 1071/1234/1071 1073/1237/1073
f 834/974/834 833/973/833 1074/1239/1074 838/979/838
f 1075/1240/1075 1076/1241/1076 1074/1238/1074 1073/1237/1073
f 1077/1242/1077 838/979/838 1074/1239/1074 1076/1243/1076
f 839/980/839 838/979/838 1077/1242/1077 843/984/843
f 1078/1244/1078 1079/1245/1079 1077/1242/1077 1076/1243/1076
f 1080/1246/1080 843/984/843 1077/1242/1077 1079/1245/1079
f 844/985/844 843/984/843 1080/1246/1080 848/989/848
f 1081/1247/1081 1082/1248/1082 1080/1246/1080 1079/1245/1079
f 1083/1249/1083 848/989/848 1080/1246/1080 1082/1248/1082
f 849/990/849 848/989/848 1083/1249/1083 853/994/853
f 1084/1250/1084 1085/1251/1085 1086/1252/1086 1087/1253/1087
f 952/1099/952 955/1102/955 1086/1252/1086 1085/1251/1085
f 1088/1254/1088 1089/1255/1089 1085/1251/1085 1084/1250/1084
f 956/1103/956 952/1099/952 1085/1251/1085 1089/1255/1089
f 1090/1256/1090 1091/1257/1091 1089/1255/1089 1088/1254/1088
f 1092/1258/1092 956/1103/956 1089/1255/1089 1091/1257/1091
f 1093/1259/1093 1094/1260/1094 1092/1258/1092 1091/1257/1091
f 1095/1261/1095 959/1106/959 1092/1258/1092 1094/1260/1094
f 957/1104/957 956/1103/956 1092/1258/1092 959/1106/959
f 1096/1262/1096 1097/1263/1097 1095/1261/1095 1094/1260/1094
f 1098/1264/1098 962/1109/962 1095/1261/1095 1097/1263/1097
f 960/1107/960 959/1106/959 1095/1261/1095 962/1109/962
f 1099/1265/1099 1100/1266/1100 1098/1264/1098 1097/1263/1097
f 1101/1267/1101 965/1112/965 1098/1264/1098 1100/1266/1100
f 963/1110/963 962/1109/962 1098/1264/1098 965/1112/965
f 1102/1268/1102 1103/1269/1103 1101/1267/1101 1100/1266/1100
f 1104/1270/1104 968/1115/968 1101/1267/1101 1103/1269/1103
f 966/1113/966 965/1112/965 1101/1267/1101 968/1115/968
f 1105/1271/1105 1106/1272/1106 1104/1270/1104 1103/1269/1103
f 1107/1273/1107 971/1118/971 1104/1270/1104 1106/1272/1106
f 969/1116/969 968/1115/968 1104/1270/1104 971/1118/971
f 1108/1274/1108 1109/1275/1109 1107/1273/1107 1106/1272/1106
f 1110/1276/1110 974/1121/974 1107/1273/1107 1109/1275/1109
f 972/1119/972 971/1118/971 1107/1273/1107 974/1121/974
f 1111/1277/1111 1112/1278/1112 1110/1276/1110 1109/1275/1109
f 1113/1279/1113 977/1124/977 1110/1276/1110 1112/1278/1112
f 975/1122/975 974/1121/974 1110/1276/1110 977/1124/977
f 1114/1280/1114 1115/1281/1115 1113/1279/1113 1112/1278/1112
f 1116/1282/1116 980/1127/980 1113/1279/1113 1115/1281/1115
f 978/1125/978 977/1124/977 1113/1279/1113 980/1127/980
f 1117/1283/1117 1118/1284/1118 1116/1282/1116 1115/1281/1115
f 1119/1285/1119 983/1130/983 1116/1282/1116 1118/1284/1118
f 981/1128/981 980/1127/980 1116/1282/1116 983/1130/983
f 1120/1286/1120 1121/1287/1121 1119/1285/1119 1118/1284/1118
f 1122/1288/1122 986/1133/986 1119/1285/1119 1121/1287/1121
f 984/1131/984 983/1130/983 1119/1285/1119 986/1133/986
f 1123/1289/1123 1124/1290/1124 1122/1288/1122 1121/1287/1121
f 1125/1291/1125 989/1137/989 1122/1288/1122 1124/1290/1124
f 987/1134/987 986/1133/986 1122/1288/1122 989/1137/989
f 1126/1292/1126 1127/1293/1127 1125/1291/1125 1124/1290/1124
f 1128/1294/1128 992/1295/992 1125/1291/1125 1127/1293/1127
f 990/1138/990 989/1137/989 1125/1291/1125 992/1295/992
f 1129/1296/1129 1130/1297/1130 1128/1294/1128 1127/1293/1127
f 1131/1298/1131 995/1145/995 1128/1299/1128 1130/1300/1130
f 993/1143/993 992/1142/992 1128/1299/1128 995/1145/995
f 1132/1301/1132 1133/1302/1133 1131/1303/1131 1130/1304/1130
f 1134/1305/1134 998/1148/998 1131/1303/1131 1133/1302/1133
f 996/1146/996 995/1145/995 1131/1298/1131 998/1306/998
f 1135/1307/1135 1136/1308/1136 1134/1305/1134 1133/1302/1133
f 1007/1164/1007 1001/1154/1001 1134/1305/1134 1136/1308/1136
f 999/1149/999 998/1148/998 1134/1305/1134 1001/1154/1001
f 1137/1309/1137 1138/1310/1138 1136/1308/1136 1135/1307/1135
f 1005/1162/1005 1007/1164/1007 1136/1308/1136 1138/1310/1138
f 1139/1311/1139 1140/1312/1140 1138/1310/1138 1137/1309/1137
f 1008/1165/1008 1005/1162/1005 1138/1310/1138 1140/1312/1140
f 1141/1313/1141 1142/1314/1142 1140/1312/1140 1139/1311/1139
f 1010/1167/1010 1008/1165/1008 1140/1312/1140 1142/1314/1142
f 1143/1315/1143 1144/1316/1144 1142/1314/1142 1141/1313/1141
f 1145/1317/1145 1010/1167/1010 1142/1314/1142 1144/1316/1144
f 1146/1318/1146 1147/1319/1147 1145/1317/1145 1144/1316/1144
f 1148/1320/1148 1013/1170/1013 1145/1317/1145 1147/1319/1147
f 1011/1168/1011 1010/1167/1010 1145/1317/1145 1013/1170/1013
f 1149/1321/1149 1150/1322/1150 1148/1320/1148 1147/1319/1147
f 1151/1323/1151 1016/1173/1016 1148/1320/1148 1150/1322/1150
f 1014/1171/1014 1013/1170/1013 1148/1320/1148 1016/1173/1016
f 1152/1324/1152 1153/1325/1153 1151/1323/1151 1150/1322/1150
f 1154/1326/1154 1155/1327/1155 1151/1323/1151 1153/1325/1153
f 1017/1174/1017 1016/1173/1016 1151/1323/1151 1155/1327/1155
f 1156/1328/1156 1157/1329/1157 1155/1327/1155 1154/1326/1154
f 1018/1175/1018 1017/1174/1017 1155/1327/1155 1157/1329/1157
f 1158/1330/1158 1159/1331/1159 1157/1329/1157 1156/1328/1156
f 1020/1177/1020 1018/1175/1018 1157/1329/1157 1159/1331/1159
f 1160/1332/1160 1161/1333/1161 1159/1331/1159 1158/1330/1158
f 1022/1179/1022 1020/1177/1020 1159/1331/1159 1161/1333/1161
f 1162/1334/1162 1163/1335/1163 1161/1333/1161 1160/1332/1160
f 1024/1181/1024 1022/1179/1022 1161/1333/1161 1163/1335/1163
f 1164/1336/1164 1165/1337/1165 1163/1338/1163 1162/1339/1162
f 1026/1340/1026 1024/1341/1024 1163/1338/1163 1165/1337/1165
f 1166/1342/1166 1167/1343/1167 1165/1337/1165 1164/1336/1164
f 1168/1344/1168 1026/1340/1026 1165/1337/1165 1167/1343/1167
f 590/658/590 591/659/591 1168/1344/1168 1167/1343/1167
f 592/1345/592 1029/1189/1029 1168/1346/1168 591/1347/591
f 1027/1184/1027 1026/1183/1026 1168/1346/1168 1029/1189/1029
f 1169/1348/1169 590/658/590 1167/1343/1167 1166/1342/1166
f 667/756/667 666/755/666 1169/1348/1169 1166/1342/1166
f 1170/1349/1170 1171/1350/1171 1169/1348/1169 666/755/666
f 404/451/404 590/658/590 1169/1348/1169 1171/1350/1171
f 341/382/341 303/342/303 1171/1350/1171 1170/1349/1170
f 298/337/298 404/451/404 1171/1350/1171 303/342/303
f 669/758/669 1172/1351/1172 1170/1349/1170 666/755/666
f 1173/1352/1173 341/382/341 1170/1349/1170 1172/1351/1172
f 497/554/497 578/646/578 1173/1352/1173 1172/1351/1172
f 1174/1353/1174 1175/1354/1175 1173/1352/1173 578/646/578
f 340/381/340 341/382/341 1173/1352/1173 1175/1354/1175
f 1176/1355/1176 485/540/485 1175/1354/1175 1174/1353/1174
f 484/539/484 340/381/340 1175/1354/1175 485/540/485
f 418/467/418 1177/1356/1177 1176/1355/1176 1174/1353/1174
f 1178/1357/1178 606/678/606 1176/1355/1176 1177/1356/1177
f 483/538/483 485/540/485 1176/1355/1176 606/678/606
f 82/97/82 81/96/81 1178/1357/1178 1177/1356/1177
f 1179/1358/1179 1180/1359/1180 1178/1357/1178 81/96/81
f 607/679/607 606/678/606 1178/1357/1178 1180/1359/1180
f 586/654/586 589/657/589 1180/1359/1180 1179/1358/1179
f 608/680/608 607/679/607 1180/1359/1180 589/657/589
f 84/99/84 461/512/461 1179/1358/1179 81/96/81
f 460/511/460 586/654/586 1179/1358/1179 461/512/461
f 85/100/85 82/97/82 1177/1356/1177 418/467/418
f 419/468/419 418/467/418 1174/1353/1174 578/646/578
f 495/552/495 497/554/497 1172/1351/1172 669/758/669
f 1181/1360/1181 667/756/667 1166/1342/1166 1164/1336/1164
f 1182/1361/1182 1183/1362/1183 1181/1360/1181 1184/1363/1184
f 671/760/671 667/756/667 1181/1360/1181 1183/1362/1183
f 1162/1339/1162 1184/1363/1184 1181/1360/1181 1164/1336/1164
f 1185/1364/1185 1186/1365/1186 1183/1362/1183 1182/1361/1182
f 1187/1366/1187 671/760/671 1183/1362/1183 1186/1365/1186
f 1188/1367/1188 1189/1368/1189 1187/1366/1187 1186/1365/1186
f 588/656/588 587/655/587 1187/1366/1187 1189/1368/1189
f 670/759/670 671/760/671 1187/1366/1187 587/655/587
f 609/681/609 608/680/608 1189/1368/1189 1188/1367/1188
f 589/657/589 588/656/588 1189/1368/1189 608/680/608
f 610/682/610 609/681/609 1188/1367/1188 1190/1369/1190
f 1185/1364/1185 1190/1369/1190 1188/1367/1188 1186/1365/1186
f 1191/1370/1191 610/682/610 1190/1369/1190 1192/1371/1192
f 1193/1372/1193 1192/1371/1192 1190/1369/1190 1185/1364/1185
f 1194/1373/1194 1192/1371/1192 1193/1372/1193 1195/1374/1195
f 1182/1361/1182 1196/1375/1196 1193/1372/1193 1185/1364/1185
f 1197/1376/1197 1195/1374/1195 1193/1372/1193 1196/1375/1196
f 1198/1377/1198 1195/1374/1195 1197/1376/1197 1199/1378/1199
f 1200/1379/1200 1201/1380/1201 1197/1381/1197 1196/1382/1196
f 1202/1383/1202 1199/1384/1199 1197/1381/1197 1201/1380/1201
f 1203/1385/1203 1199/1384/1199 1202/1383/1202 1204/1386/1204
f 1158/1330/1158 1156/1328/1156 1202/1383/1202 1201/1380/1201
f 1154/1326/1154 1204/1386/1204 1202/1383/1202 1156/1328/1156
f 1205/1387/1205 1206/1388/1206 1203/1385/1203 1207/1389/1207
f 1198/1390/1198 1199/1384/1199 1203/1385/1203 1206/1388/1206
f 1208/1391/1208 1207/1389/1207 1203/1385/1203 1204/1386/1204
f 1209/1392/1209 1207/1389/1207 1208/1391/1208 1210/1393/1210
f 1154/1326/1154 1153/1325/1153 1208/1391/1208 1204/1386/1204
f 1152/1324/1152 1210/1393/1210 1208/1391/1208 1153/1325/1153
f 1211/1394/1211 1212/1395/1212 1209/1392/1209 1213/1396/1213
f 1205/1387/1205 1207/1389/1207 1209/1392/1209 1212/1395/1212
f 1214/1397/1214 1213/1396/1213 1209/1392/1209 1210/1393/1210
f 1215/1398/1215 1213/1396/1213 1214/1397/1214 1216/1399/1216
f 1152/1324/1152 1217/1400/1217 1214/1397/1214 1210/1393/1210
f 1218/1401/1218 1216/1399/1216 1214/1397/1214 1217/1400/1217
f 1219/1402/1219 1216/1399/1216 1218/1401/1218 1220/1403/1220
f 1149/1321/1149 1221/1404/1221 1218/1401/1218 1217/1400/1217
f 1222/1405/1222 1220/1403/1220 1218/1401/1218 1221/1404/1221
f 1223/1406/1223 1220/1403/1220 1222/1405/1222 1224/1407/1224
f 1146/1318/1146 1225/1408/1225 1222/1405/1222 1221/1404/1221
f 1226/1409/1226 1224/1407/1224 1222/1405/1222 1225/1408/1225
f 1227/1410/1227 1224/1407/1224 1226/1409/1226 1228/1411/1228
f 1143/1315/1143 1229/1412/1229 1226/1409/1226 1225/1408/1225
f 1230/1413/1230 1228/1411/1228 1226/1409/1226 1229/1412/1229
f 1231/1414/1231 1228/1415/1228 1230/1416/1230 1232/1417/1232
f 1233/1418/1233 1234/1419/1234 1230/1416/1230 1229/1420/1229
f 1235/1421/1235 1232/1417/1232 1230/1416/1230 1234/1419/1234
f 1236/1422/1236 1232/1417/1232 1235/1421/1235 1237/1423/1237
f 1238/1424/1238 1239/1425/1239 1235/1421/1235 1234/1419/1234
f 1240/1426/1240 1237/1423/1237 1235/1421/1235 1239/1425/1239
f 1241/1427/1241 1237/1423/1237 1240/1426/1240 1242/1428/1242
f 1243/1429/1243 1244/1430/1244 1240/1426/1240 1239/1425/1239
f 1245/1431/1245 1242/1428/1242 1240/1426/1240 1244/1430/1244
f 1246/1432/1246 1242/1428/1242 1245/1431/1245 1247/1433/1247
f 1248/1434/1248 1249/1435/1249 1245/1431/1245 1244/1430/1244
f 1250/1436/1250 1247/1433/1247 1245/1431/1245 1249/1435/1249
f 1251/1437/1251 1247/1433/1247 1250/1436/1250 1252/1438/1252
f 1253/1439/1253 1254/1440/1254 1250/1436/1250 1249/1435/1249
f 1255/1441/1255 1252/1438/1252 1250/1436/1250 1254/1440/1254
f 1256/1442/1256 1252/1438/1252 1255/1441/1255 1257/1443/1257
f 1258/1444/1258 1259/1445/1259 1255/1441/1255 1254/1440/1254
f 1260/1446/1260 1257/1443/1257 1255/1441/1255 1259/1445/1259
f 1261/1447/1261 1257/1443/1257 1260/1446/1260 1262/1448/1262
f 1263/1449/1263 1264/1450/1264 1260/1446/1260 1259/1445/1259
f 1265/1451/1265 1262/1448/1262 1260/1446/1260 1264/1450/1264
f 1266/1452/1266 1262/1448/1262 1265/1451/1265 1267/1453/1267
f 1268/1454/1268 1269/1455/1269 1265/1451/1265 1264/1450/1264
f 1270/1456/1270 1267/1453/1267 1265/1451/1265 1269/1455/1269
f 1271/1457/1271 1267/1453/1267 1270/1456/1270 1272/1458/1272
f 1273/1459/1273 1274/1460/1274 1270/1456/1270 1269/1455/1269
f 1275/1461/1275 1272/1458/1272 1270/1456/1270 1274/1460/1274
f 1276/1462/1276 1272/1458/1272 1275/1461/1275 1277/1463/1277
f 1278/1464/1278 1279/1465/1279 1275/1461/1275 1274/1460/1274
f 1280/1466/1280 1277/1463/1277 1275/1461/1275 1279/1465/1279
f 1281/1467/1281 1277/1463/1277 1280/1466/1280 1282/1468/1282
f 1283/1469/1283 1284/1470/1284 1280/1466/1280 1279/1465/1279
f 1285/1471/1285 1282/1468/1282 1280/1466/1280 1284/1470/1284
f 1286/1472/1286 1282/1468/1282 1285/1471/1285 1287/1473/1287
f 1288/1474/1288 1289/1475/1289 1285/1471/1285 1284/1470/1284
f 1290/1476/1290 1287/1473/1287 1285/1471/1285 1289/1475/1289
f 1291/1477/1291 1287/1473/1287 1290/1476/1290 1292/1478/1292
f 1293/1479/1293 1294/1480/1294 1290/1476/1290 1289/1475/1289
f 1295/1481/1295 1292/1478/1292 1290/1476/1290 1294/1480/1294
f 1296/1482/1296 1292/1478/1292 1295/1481/1295 1297/1483/1297
f 1298/1484/1298 1299/1485/1299 1295/1481/1295 1294/1480/1294
f 1300/1486/1300 1297/1483/1297 1295/1481/1295 1299/1485/1299
f 1301/1487/1301 1297/1483/1297 1300/1486/1300 1302/1488/1302
f 1303/1489/1303 1304/1490/1304 1300/1486/1300 1299/1485/1299
f 1305/1491/1305 1302/1488/1302 1300/1486/1300 1304/1490/1304
f 1306/1492/1306 1307/1493/1307 1305/1491/1305 1308/1494/1308
f 1309/1495/1309 1302/1488/1302 1305/1491/1305 1307/1493/1307
f 1310/1496/1310 1308/1494/1308 1305/1491/1305 1304/1490/1304
f 1303/1489/1303 1311/1497/1311 1310/1496/1310 1304/1490/1304
f 1312/1498/1312 1313/1499/1313 1310/1496/1310 1311/1497/1311
f 1314/1500/1314 1308/1494/1308 1310/1496/1310 1313/1499/1313
f 1315/1501/1315 1316/1502/1316 1314/1500/1314 1317/1503/1317
f 1306/1492/1306 1308/1494/1308 1314/1500/1314 1316/1502/1316
f 1318/1504/1318 1317/1503/1317 1314/1500/1314 1313/1499/1313
f 1312/1498/1312 1319/1505/1319 1318/1504/1318 1313/1499/1313
f 1090/1256/1090 1320/1506/1320 1318/1504/1318 1319/1505/1319
f 1321/1507/1321 1317/1503/1317 1318/1504/1318 1320/1506/1320
f 1322/1508/1322 1323/1509/1323 1321/1507/1321 1324/1510/1324
f 1315/1501/1315 1317/1503/1317 1321/1507/1321 1323/1509/1323
f 1325/1511/1325 1324/1510/1324 1321/1507/1321 1320/1506/1320
f 1090/1256/1090 1088/1254/1088 1325/1511/1325 1320/1506/1320
f 1084/1250/1084 1326/1512/1326 1325/1511/1325 1088/1254/1088
f 1327/1513/1327 1324/1510/1324 1325/1511/1325 1326/1512/1326
f 1087/1253/1087 1328/1514/1328 1326/1512/1326 1084/1250/1084
f 1329/1515/1329 1327/1513/1327 1326/1512/1326 1328/1514/1328
f 1330/1516/1330 1331/1517/1331 1332/1518/1332 1333/1519/1333
f 1334/1520/1334 1335/1521/1335 1331/1517/1331 1330/1516/1330
f 1323/1509/1323 1322/1508/1322 1331/1517/1331 1335/1521/1335
f 1336/1522/1336 1337/1523/1337 1335/1521/1335 1334/1520/1334
f 1315/1501/1315 1323/1509/1323 1335/1521/1335 1337/1523/1337
f 1338/1524/1338 1339/1525/1339 1337/1523/1337 1336/1522/1336
f 1316/1502/1316 1315/1501/1315 1337/1523/1337 1339/1525/1339
f 1340/1526/1340 1341/1527/1341 1339/1525/1339 1338/1524/1338
f 1306/1492/1306 1316/1502/1316 1339/1525/1339 1341/1527/1341
f 1342/1528/1342 1343/1529/1343 1341/1527/1341 1340/1526/1340
f 1307/1493/1307 1306/1492/1306 1341/1527/1341 1343/1529/1343
f 1344/1530/1344 1345/1531/1345 1343/1529/1343 1342/1528/1342
f 1309/1495/1309 1307/1493/1307 1343/1529/1343 1345/1531/1345
f 1346/1532/1346 1347/1533/1347 1345/1531/1345 1344/1530/1344
f 1348/1534/1348 1309/1495/1309 1345/1531/1345 1347/1533/1347
f 1349/1535/1349 1350/1536/1350 1348/1534/1348 1347/1533/1347
f 1351/1537/1351 1301/1487/1301 1348/1534/1348 1350/1536/1350
f 1302/1488/1302 1309/1495/1309 1348/1534/1348 1301/1487/1301
f 1352/1538/1352 1353/1539/1353 1351/1537/1351 1350/1536/1350
f 1354/1540/1354 1296/1482/1296 1351/1537/1351 1353/1539/1353
f 1297/1483/1297 1301/1487/1301 1351/1537/1351 1296/1482/1296
f 1355/1541/1355 1356/1542/1356 1354/1540/1354 1353/1539/1353
f 1357/1543/1357 1291/1477/1291 1354/1540/1354 1356/1542/1356
f 1292/1478/1292 1296/1482/1296 1354/1540/1354 1291/1477/1291
f 335/375/335 336/376/336 1357/1543/1357 1356/1542/1356
f 1358/1544/1358 1286/1472/1286 1357/1543/1357 336/376/336
f 1287/1473/1287 1291/1477/1291 1357/1543/1357 1286/1472/1286
f 331/371/331 1359/1545/1359 1358/1544/1358 336/376/336
f 1360/1546/1360 1281/1467/1281 1358/1544/1358 1359/1545/1359
f 1282/1468/1282 1286/1472/1286 1358/1544/1358 1281/1467/1281
f 1361/1547/1361 1362/1548/1362 1360/1546/1360 1359/1545/1359
f 1363/1549/1363 1276/1462/1276 1360/1546/1360 1362/1548/1362
f 1277/1463/1277 1281/1467/1281 1360/1546/1360 1276/1462/1276
f 1364/1550/1364 1365/1551/1365 1363/1549/1363 1362/1548/1362
f 1366/1552/1366 1271/1457/1271 1363/1549/1363 1365/1551/1365
f 1272/1458/1272 1276/1462/1276 1363/1549/1363 1271/1457/1271
f 1367/1553/1367 1368/1554/1368 1366/1552/1366 1365/1551/1365
f 1369/1555/1369 1266/1452/1266 1366/1552/1366 1368/1554/1368
f 1267/1453/1267 1271/1457/1271 1366/1552/1366 1266/1452/1266
f 1370/1556/1370 1371/1557/1371 1369/1555/1369 1368/1554/1368
f 1372/1558/1372 1261/1447/1261 1369/1555/1369 1371/1557/1371
f 1262/1448/1262 1266/1452/1266 1369/1555/1369 1261/1447/1261
f 1373/1559/1373 1374/1560/1374 1372/1558/1372 1371/1557/1371
f 1375/1561/1375 1256/1442/1256 1372/1558/1372 1374/1560/1374
f 1257/1443/1257 1261/1447/1261 1372/1558/1372 1256/1442/1256
f 1376/1562/1376 1377/1563/1377 1375/1561/1375 1374/1560/1374
f 1378/1564/1378 1251/1437/1251 1375/1561/1375 1377/1563/1377
f 1252/1438/1252 1256/1442/1256 1375/1561/1375 1251/1437/1251
f 1379/1565/1379 1380/1566/1380 1378/1564/1378 1377/1563/1377
f 1381/1567/1381 1246/1432/1246 1378/1564/1378 1380/1566/1380
f 1247/1433/1247 1251/1437/1251 1378/1564/1378 1246/1432/1246
f 1382/1568/1382 1383/1569/1383 1381/1567/1381 1380/1566/1380
f 1384/1570/1384 1241/1427/1241 1381/1567/1381 1383/1569/1383
f 1242/1428/1242 1246/1432/1246 1381/1567/1381 1241/1427/1241
f 1385/1571/1385 1386/1572/1386 1384/1570/1384 1383/1569/1383
f 1387/1573/1387 1236/1422/1236 1384/1570/1384 1386/1572/1386
f 1237/1423/1237 1241/1427/1241 1384/1570/1384 1236/1422/1236
f 1388/1574/1388 1389/1575/1389 1387/1576/1387 1386/1577/1386
f 1390/1578/1390 1231/1579/1231 1387/1576/1387 1389/1575/1389
f 1232/1417/1232 1236/1422/1236 1387/1573/1387 1231/1414/1231
f 1391/1580/1391 1392/1581/1392 1390/1578/1390 1389/1575/1389
f 1393/1582/1393 1227/1410/1227 1390/1578/1390 1392/1581/1392
f 1228/1411/1228 1231/1579/1231 1390/1578/1390 1227/1410/1227
f 1394/1583/1394 1395/1584/1395 1393/1582/1393 1392/1581/1392
f 1396/1585/1396 1223/1406/1223 1393/1582/1393 1395/1584/1395
f 1224/1407/1224 1227/1410/1227 1393/1582/1393 1223/1406/1223
f 1397/1586/1397 1398/1587/1398 1396/1585/1396 1395/1584/1395
f 1399/1588/1399 1219/1402/1219 1396/1585/1396 1398/1587/1398
f 1220/1403/1220 1223/1406/1223 1396/1585/1396 1219/1402/1219
f 719/832/719 720/833/720 1399/1588/1399 1398/1587/1398
f 1400/1589/1400 1215/1398/1215 1399/1588/1399 720/833/720
f 1216/1399/1216 1219/1402/1219 1399/1588/1399 1215/1398/1215
f 721/834/721 1401/1590/1401 1400/1589/1400 720/833/720
f 1402/1591/1402 1211/1394/1211 1400/1589/1400 1401/1590/1401
f 1213/1396/1213 1215/1398/1215 1400/1589/1400 1211/1394/1211
f 1403/1592/1403 1404/1593/1404 1402/1591/1402 1401/1590/1401
f 1405/1594/1405 1406/1595/1406 1402/1591/1402 1404/1593/1404
f 1212/1395/1212 1211/1394/1211 1402/1591/1402 1406/1595/1406
f 1407/1596/1407 1408/1597/1408 1406/1595/1406 1405/1594/1405
f 1205/1387/1205 1212/1395/1212 1406/1595/1406 1408/1597/1408
f 1409/1598/1409 1410/1599/1410 1408/1597/1408 1407/1596/1407
f 1206/1388/1206 1205/1387/1205 1408/1597/1408 1410/1599/1410
f 1411/1600/1411 1412/1601/1412 1410/1602/1410 1409/1603/1409
f 1198/1377/1198 1206/1604/1206 1410/1602/1410 1412/1601/1412
f 1413/1605/1413 1194/1373/1194 1412/1601/1412 1411/1600/1411
f 1195/1374/1195 1198/1377/1198 1412/1601/1412 1194/1373/1194
f 1414/1606/1414 1415/1607/1415 1413/1605/1413 1411/1600/1411
f 1416/1608/1416 1191/1370/1191 1413/1605/1413 1415/1607/1415
f 1192/1371/1192 1194/1373/1194 1413/1605/1413 1191/1370/1191
f 1417/1609/1417 1418/1610/1418 1416/1608/1416 1415/1607/1415
f 604/676/604 605/677/605 1416/1608/1416 1418/1610/1418
f 610/682/610 1191/1370/1191 1416/1608/1416 605/677/605
f 1419/1611/1419 1420/1612/1420 1418/1610/1418 1417/1609/1417
f 1421/1613/1421 604/676/604 1418/1610/1418 1420/1612/1420
f 1422/1614/1422 1423/1615/1423 1421/1613/1421 1420/1612/1420
f 1424/1616/1424 1425/1617/1425 1421/1613/1421 1423/1615/1423
f 481/536/481 604/676/604 1421/1613/1421 1425/1617/1425
f 1426/1618/1426 1427/1619/1427 1425/1617/1425 1424/1616/1424
f 486/541/486 481/536/481 1425/1617/1425 1427/1619/1427
f 1428/1620/1428 1429/1621/1429 1427/1619/1427 1426/1618/1426
f 312/351/312 486/541/486 1427/1619/1427 1429/1621/1429
f 1430/1622/1430 1431/1623/1431 1429/1621/1429 1428/1620/1428
f 313/352/313 312/351/312 1429/1621/1429 1431/1623/1431
f 1432/1624/1432 1433/1625/1433 1431/1623/1431 1430/1622/1430
f 314/353/314 313/352/313 1431/1623/1431 1433/1625/1433
f 1434/1626/1434 1435/1627/1435 1433/1625/1433 1432/1624/1432
f 1436/1628/1436 314/353/314 1433/1625/1433 1435/1627/1435
f 311/350/311 314/353/314 1436/1628/1436 424/473/424
f 1437/1629/1437 1438/1630/1438 1436/1628/1436 1435/1627/1435
f 421/470/421 424/473/424 1436/1628/1436 1438/1630/1438
f 1439/1631/1439 1440/1632/1440 1438/1633/1438 1437/1634/1437
f 469/522/469 421/517/421 1438/1633/1438 1440/1632/1440
f 1441/1635/1441 1442/1636/1442 1440/1632/1440 1439/1631/1439
f 1443/1637/1443 469/522/469 1440/1632/1440 1442/1636/1442
f 467/520/467 469/522/469 1443/1637/1443 1444/1638/1444
f 1445/1639/1445 1446/1640/1446 1443/1637/1443 1442/1636/1442
f 1447/1641/1447 1444/1638/1444 1443/1637/1443 1446/1640/1446
f 1448/1642/1448 1449/1643/1449 1447/1641/1447 1446/1640/1446
f 1450/1644/1450 1451/1645/1451 1447/1641/1447 1449/1643/1449
f 1452/1646/1452 1444/1638/1444 1447/1641/1447 1451/1645/1451
f 467/520/467 1444/1638/1444 1452/1646/1452 1453/1647/1453
f 1454/1648/1454 1455/1649/1455 1452/1646/1452 1451/1645/1451
f 1456/1650/1456 1453/1647/1453 1452/1646/1452 1455/1649/1455
f 1457/1651/1457 1453/1647/1453 1456/1650/1456 1458/1652/1458
f 1459/1653/1459 1460/1654/1460 1456/1650/1456 1455/1649/1455
f 1461/1655/1461 1458/1652/1458 1456/1650/1456 1460/1654/1460
f 1462/1656/1462 1458/1652/1458 1461/1655/1461 1463/1657/1463
f 1464/1658/1464 1465/1659/1465 1461/1655/1461 1460/1654/1460
f 1466/1660/1466 1463/1657/1463 1461/1655/1461 1465/1659/1465
f 1467/1661/1467 1463/1657/1463 1466/1660/1466 1468/1662/1468
f 1469/1663/1469 1470/1664/1470 1466/1660/1466 1465/1659/1465
f 1471/1665/1471 1468/1662/1468 1466/1660/1466 1470/1664/1470
f 1472/1666/1472 1468/1662/1468 1471/1665/1471 1473/1667/1473
f 1474/1668/1474 1475/1669/1475 1471/1665/1471 1470/1664/1470
f 1476/1670/1476 1473/1667/1473 1471/1665/1471 1475/1669/1475
f 1045/1205/1045 1473/1667/1473 1476/1670/1476 1477/1671/1477
f 1478/1672/1478 1479/1673/1479 1476/1670/1476 1475/1669/1475
f 1480/1674/1480 1477/1671/1477 1476/1670/1476 1479/1673/1479
f 1048/1675/1048 1477/1671/1477 1480/1674/1480 1481/1676/1481
f 1482/1677/1482 1483/1678/1483 1480/1679/1480 1479/1680/1479
f 1484/1681/1484 1481/1682/1481 1480/1679/1480 1483/1678/1483
f 1051/1214/1051 1481/1682/1481 1484/1681/1484 1485/1683/1485
f 1486/1684/1486 1487/1685/1487 1484/1681/1484 1483/1678/1483
f 1488/1686/1488 1485/1683/1485 1484/1681/1484 1487/1685/1487
f 1054/1217/1054 1485/1683/1485 1488/1686/1488 1489/1687/1489
f 1490/1688/1490 1491/1689/1491 1488/1686/1488 1487/1685/1487
f 1492/1690/1492 1489/1687/1489 1488/1686/1488 1491/1689/1491
f 1057/1220/1057 1489/1687/1489 1492/1690/1492 1493/1691/1493
f 1494/1692/1494 1495/1693/1495 1492/1690/1492 1491/1689/1491
f 1496/1694/1496 1493/1691/1493 1492/1690/1492 1495/1693/1495
f 1060/1223/1060 1493/1691/1493 1496/1694/1496 1497/1695/1497
f 1498/1696/1498 1499/1697/1499 1496/1694/1496 1495/1693/1495
f 1500/1698/1500 1497/1695/1497 1496/1694/1496 1499/1697/1499
f 1063/1226/1063 1497/1695/1497 1500/1698/1500 1501/1699/1501
f 1502/1700/1502 1503/1701/1503 1500/1698/1500 1499/1697/1499
f 1504/1702/1504 1501/1699/1501 1500/1698/1500 1503/1701/1503
f 1066/1229/1066 1501/1699/1501 1504/1702/1504 1505/1703/1505
f 1506/1704/1506 1507/1705/1507 1504/1702/1504 1503/1701/1503
f 1508/1706/1508 1505/1703/1505 1504/1702/1504 1507/1705/1507
f 1069/1232/1069 1505/1703/1505 1508/1706/1508 1509/1707/1509
f 1510/1708/1510 1511/1709/1511 1508/1706/1508 1507/1705/1507
f 1512/1710/1512 1509/1707/1509 1508/1706/1508 1511/1709/1511
f 1072/1236/1072 1509/1707/1509 1512/1710/1512 1513/1711/1513
f 1514/1712/1514 1515/1713/1515 1512/1710/1512 1511/1709/1511
f 1516/1714/1516 1513/1711/1513 1512/1710/1512 1515/1713/1515
f 1075/1240/1075 1513/1711/1513 1516/1714/1516 1517/1715/1517
f 1518/1716/1518 1519/1717/1519 1516/1714/1516 1515/1713/1515
f 1520/1718/1520 1517/1715/1517 1516/1714/1516 1519/1717/1519
f 1078/1719/1078 1517/1715/1517 1520/1718/1520 1521/1720/1521
f 1522/1721/1522 1523/1722/1523 1524/1723/1524 1525/1724/1525
f 1330/1516/1330 1333/1519/1333 1524/1723/1524 1523/1722/1523
f 1526/1725/1526 1527/1726/1527 1523/1722/1523 1522/1721/1522
f 1334/1520/1334 1330/1516/1330 1523/1722/1523 1527/1726/1527
f 1528/1727/1528 1529/1728/1529 1527/1726/1527 1526/1725/1526
f 1336/1522/1336 1334/1520/1334 1527/1726/1527 1529/1728/1529
f 1530/1729/1530 1531/1730/1531 1529/1728/1529 1528/1727/1528
f 1338/1524/1338 1336/1522/1336 1529/1728/1529 1531/1730/1531
f 1532/1731/1532 1533/1732/1533 1531/1730/1531 1530/1729/1530
f 1340/1526/1340 1338/1524/1338 1531/1730/1531 1533/1732/1533
f 1534/1733/1534 1535/1734/1535 1533/1732/1533 1532/1731/1532
f 1342/1528/1342 1340/1526/1340 1533/1732/1533 1535/1734/1535
f 1536/1735/1536 1537/1736/1537 1535/1734/1535 1534/1733/1534
f 1344/1530/1344 1342/1528/1342 1535/1734/1535 1537/1736/1537
f 1538/1737/1538 1539/1738/1539 1537/1736/1537 1536/1735/1536
f 1346/1532/1346 1344/1530/1344 1537/1736/1537 1539/1738/1539
f 1540/1739/1540 1541/1740/1541 1539/1738/1539 1538/1737/1538
f 1542/1741/1542 1346/1532/1346 1539/1738/1539 1541/1740/1541
f 1543/1742/1543 1544/1743/1544 1542/1741/1542 1541/1740/1541
f 1545/1744/1545 1349/1535/1349 1542/1741/1542 1544/1743/1544
f 1347/1533/1347 1346/1532/1346 1542/1741/1542 1349/1535/1349
f 1546/1745/1546 1547/1746/1547 1545/1744/1545 1544/1743/1544
f 1548/1747/1548 1352/1538/1352 1545/1744/1545 1547/1746/1547
f 1350/1536/1350 1349/1535/1349 1545/1744/1545 1352/1538/1352
f 1549/1748/1549 1550/1749/1550 1548/1747/1548 1547/1746/1547
f 334/374/334 1355/1541/1355 1548/1747/1548 1550/1749/1550
f 1353/1539/1353 1352/1538/1352 1548/1747/1548 1355/1541/1355
f 1551/1750/1551 1552/1751/1552 1550/1749/1550 1549/1748/1549
f 333/373/333 334/374/334 1550/1749/1550 1552/1751/1552
f 1553/1752/1553 1554/1753/1554 1552/1751/1552 1551/1750/1551
f 330/370/330 333/373/333 1552/1751/1552 1554/1753/1554
f 1555/1754/1555 1556/1755/1556 1554/1753/1554 1553/1752/1553
f 1361/1547/1361 330/370/330 1554/1753/1554 1556/1755/1556
f 1557/1756/1557 1364/1550/1364 1556/1755/1556 1555/1754/1555
f 1362/1548/1362 1361/1547/1361 1556/1755/1556 1364/1550/1364
f 1558/1757/1558 1559/1758/1559 1557/1756/1557 1555/1754/1555
f 1560/1759/1560 1367/1553/1367 1557/1756/1557 1559/1758/1559
f 1365/1551/1365 1364/1550/1364 1557/1756/1557 1367/1553/1367
f 1561/1760/1561 1562/1761/1562 1560/1759/1560 1559/1758/1559
f 1563/1762/1563 1370/1556/1370 1560/1759/1560 1562/1761/1562
f 1368/1554/1368 1367/1553/1367 1560/1759/1560 1370/1556/1370
f 1564/1763/1564 1565/1764/1565 1563/1762/1563 1562/1761/1562
f 1566/1765/1566 1373/1559/1373 1563/1762/1563 1565/1764/1565
f 1371/1557/1371 1370/1556/1370 1563/1762/1563 1373/1559/1373
f 1567/1766/1567 1568/1767/1568 1566/1765/1566 1565/1764/1565
f 1569/1768/1569 1376/1562/1376 1566/1765/1566 1568/1767/1568
f 1374/1560/1374 1373/1559/1373 1566/1765/1566 1376/1562/1376
f 1570/1769/1570 1571/1770/1571 1569/1768/1569 1568/1767/1568
f 1572/1771/1572 1379/1565/1379 1569/1768/1569 1571/1770/1571
f 1377/1563/1377 1376/1562/1376 1569/1768/1569 1379/1565/1379
f 1573/1772/1573 1574/1773/1574 1572/1771/1572 1571/1770/1571
f 1575/1774/1575 1382/1568/1382 1572/1771/1572 1574/1773/1574
f 1380/1566/1380 1379/1565/1379 1572/1771/1572 1382/1568/1382
f 1576/1775/1576 1577/1776/1577 1575/1774/1575 1574/1773/1574
f 1578/1777/1578 1385/1778/1385 1575/1779/1575 1577/1780/1577
f 1383/1569/1383 1382/1568/1382 1575/1774/1575 1385/1571/1385
f 1579/1781/1579 1580/1782/1580 1576/1775/1576 1581/1783/1581
f 725/839/725 1577/1776/1577 1576/1775/1576 1580/1782/1580
f 1573/1772/1573 1581/1783/1581 1576/1775/1576 1574/1773/1574
f 1582/1784/1582 1583/1785/1583 1579/1781/1579 1584/1786/1584
f 649/736/649 1580/1782/1580 1579/1781/1579 1583/1785/1583
f 1585/1787/1585 1584/1786/1584 1579/1781/1579 1581/1783/1581
f 1586/1788/1586 1584/1786/1584 1585/1787/1585 1587/1789/1587
f 1573/1772/1573 1588/1790/1588 1585/1787/1585 1581/1783/1581
f 1589/1791/1589 1587/1789/1587 1585/1787/1585 1588/1790/1588
f 1590/1792/1590 1587/1789/1587 1589/1791/1589 1591/1793/1591
f 1570/1769/1570 1592/1794/1592 1589/1791/1589 1588/1790/1588
f 1593/1795/1593 1591/1793/1591 1589/1791/1589 1592/1794/1592
f 1594/1796/1594 1591/1793/1591 1593/1795/1593 1595/1797/1595
f 1567/1766/1567 1596/1798/1596 1593/1795/1593 1592/1794/1592
f 1597/1799/1597 1595/1797/1595 1593/1795/1593 1596/1798/1596
f 1598/1800/1598 1595/1797/1595 1597/1799/1597 1599/1801/1599
f 1564/1763/1564 1600/1802/1600 1597/1799/1597 1596/1798/1596
f 1601/1803/1601 1599/1801/1599 1597/1799/1597 1600/1802/1600
f 1602/1804/1602 1599/1801/1599 1601/1803/1601 1603/1805/1603
f 1561/1760/1561 1604/1806/1604 1601/1803/1601 1600/1802/1600
f 1605/1807/1605 1603/1805/1603 1601/1803/1601 1604/1806/1604
f 1606/1808/1606 1603/1805/1603 1605/1807/1605 1607/1809/1607
f 1558/1757/1558 1608/1810/1608 1605/1807/1605 1604/1806/1604
f 1609/1811/1609 1607/1809/1607 1605/1807/1605 1608/1810/1608
f 1610/1812/1610 1607/1809/1607 1609/1811/1609 1611/1813/1611
f 1553/1752/1553 1551/1750/1551 1609/1811/1609 1608/1810/1608
f 1549/1748/1549 1611/1813/1611 1609/1811/1609 1551/1750/1551
f 1612/1814/1612 1613/1815/1613 1610/1812/1610 1614/1816/1614
f 1606/1808/1606 1607/1809/1607 1610/1812/1610 1613/1815/1613
f 1546/1745/1546 1614/1816/1614 1610/1812/1610 1611/1813/1611
f 1615/1817/1615 1616/1818/1616 1613/1815/1613 1612/1814/1612
f 1617/1819/1617 1606/1808/1606 1613/1815/1613 1616/1818/1616
f 1618/1820/1618 1619/1821/1619 1617/1819/1617 1616/1818/1616
f 1620/1822/1620 1602/1804/1602 1617/1819/1617 1619/1821/1619
f 1603/1805/1603 1606/1808/1606 1617/1819/1617 1602/1804/1602
f 1621/1823/1621 1622/1824/1622 1620/1822/1620 1619/1821/1619
f 1623/1825/1623 1598/1800/1598 1620/1822/1620 1622/1824/1622
f 1599/1801/1599 1602/1804/1602 1620/1822/1620 1598/1800/1598
f 1624/1826/1624 1625/1827/1625 1623/1825/1623 1622/1824/1622
f 1626/1828/1626 1594/1796/1594 1623/1825/1623 1625/1827/1625
f 1595/1797/1595 1598/1800/1598 1623/1825/1623 1594/1796/1594
f 1627/1829/1627 1628/1830/1628 1626/1828/1626 1625/1827/1625
f 1629/1831/1629 1590/1792/1590 1626/1828/1626 1628/1830/1628
f 1591/1793/1591 1594/1796/1594 1626/1828/1626 1590/1792/1590
f 1630/1832/1630 1631/1833/1631 1629/1831/1629 1628/1830/1628
f 1632/1834/1632 1586/1788/1586 1629/1831/1629 1631/1833/1631
f 1587/1789/1587 1590/1792/1590 1629/1831/1629 1586/1788/1586
f 1633/1835/1633 1634/1836/1634 1632/1834/1632 1631/1833/1631
f 1635/1837/1635 1582/1784/1582 1632/1834/1632 1634/1836/1634
f 1584/1786/1584 1586/1788/1586 1632/1834/1632 1582/1784/1582
f 1636/1838/1636 1637/1839/1637 1635/1837/1635 1634/1836/1634
f 1638/1840/1638 1639/1841/1639 1635/1837/1635 1637/1839/1637
f 1583/1785/1583 1582/1784/1582 1635/1837/1635 1639/1841/1639
f 1640/1842/1640 1641/1843/1641 1639/1841/1639 1638/1840/1638
f 649/736/649 1583/1785/1583 1639/1841/1639 1641/1843/1641
f 1642/1844/1642 1643/1845/1643 1640/1842/1640 1638/1840/1638
f 1644/1846/1644 1645/1847/1645 1640/1842/1640 1643/1845/1643
f 1646/1848/1646 1641/1843/1641 1640/1842/1640 1645/1847/1645
f 464/1849/464 1647/1850/1647 1645/1847/1645 1644/1846/1644
f 1648/1851/1648 1646/1848/1646 1645/1847/1645 1647/1850/1647
f 1649/1852/1649 1646/1848/1646 1648/1851/1648 1650/1853/1650
f 1651/1854/1651 1652/1855/1652 1648/1851/1648 1647/1850/1647
f 1653/1856/1653 1650/1853/1650 1648/1851/1648 1652/1855/1652
f 1654/1857/1654 1655/1858/1655 1653/1856/1653 1652/1855/1652
f 1656/1859/1656 1657/1860/1657 1653/1856/1653 1655/1858/1655
f 1658/1861/1658 1650/1853/1650 1653/1856/1653 1657/1860/1657
f 58/70/58 57/68/57 1657/1860/1657 1656/1859/1656
f 1659/1862/1659 1658/1861/1658 1657/1860/1657 57/68/57
f 1660/1863/1660 683/779/683 1656/1859/1656 1655/1858/1655
f 684/781/684 58/70/58 1656/1859/1656 683/779/683
f 1654/1857/1654 600/668/600 1660/1863/1660 1655/1858/1655
f 599/667/599 1661/1864/1661 1660/1863/1660 600/668/600
f 682/780/682 683/779/683 1660/1863/1660 1661/1864/1661
f 601/669/601 1662/1865/1662 1661/1866/1661 599/670/599
f 680/772/680 682/775/682 1661/1866/1661 1662/1865/1662
f 539/602/539 1663/1867/1663 1662/1865/1662 601/669/601
f 1664/1868/1664 680/772/680 1662/1865/1662 1663/1867/1663
f 1665/1869/1665 1666/1870/1666 1664/1868/1664 1663/1867/1663
f 572/638/572 573/641/573 1664/1868/1664 1666/1870/1666
f 681/773/681 680/772/680 1664/1868/1664 573/641/573
f 519/578/519 523/582/523 1666/1870/1666 1665/1869/1665
f 562/625/562 572/638/572 1666/1870/1666 523/582/523
f 539/602/539 542/605/542 1665/1869/1665 1663/1867/1663
f 518/575/518 519/578/519 1665/1869/1665 542/605/542
f 1651/1854/1651 1667/1871/1667 1654/1857/1654 1652/1855/1652
f 597/665/597 600/668/600 1654/1857/1654 1667/1871/1667
f 478/533/478 597/1872/597 1667/1873/1667 411/458/411
f 410/457/410 411/458/411 1667/1873/1667 1651/1874/1651
f 464/515/464 410/457/410 1651/1874/1651 1647/1875/1647
f 650/737/650 1649/1852/1649 1650/1853/1650 1658/1861/1658
f 1668/1876/1668 1669/1877/1669 1644/1846/1644 1643/1845/1643
f 462/1878/462 464/1849/464 1644/1846/1644 1669/1877/1669
f 1670/1879/1670 1671/1880/1671 1669/1877/1669 1668/1876/1668
f 107/127/107 462/1878/462 1669/1877/1669 1671/1880/1671
f 1672/1881/1672 1673/1882/1673 1671/1880/1671 1670/1879/1670
f 105/125/105 107/127/107 1671/1880/1671 1673/1882/1673
f 1674/1883/1674 1675/1884/1675 1673/1882/1673 1672/1881/1672
f 1676/1885/1676 105/125/105 1673/1882/1673 1675/1884/1675
f 1677/1886/1677 1678/1887/1678 1676/1885/1676 1675/1884/1675
f 1679/1888/1679 1680/1889/1680 1676/1885/1676 1678/1887/1678
f 106/126/106 105/125/105 1676/1885/1676 1680/1889/1680
f 1681/1890/1681 1682/1891/1682 1680/1889/1680 1679/1888/1679
f 339/380/339 106/126/106 1680/1889/1680 1682/1891/1682
f 1683/1892/1683 1684/1893/1684 1682/1894/1682 1681/1895/1681
f 1685/1896/1685 339/380/339 1682/1891/1682 1684/1897/1684
f 338/1898/338 339/1899/339 1685/1900/1685 1686/1901/1686
f 1687/1902/1687 1688/1903/1688 1685/1904/1685 1684/1893/1684
f 1689/1905/1689 1686/1901/1686 1685/1900/1685 1688/1906/1688
f 1690/1907/1690 1686/1901/1686 1689/1905/1689 1691/1908/1691
f 1692/1909/1692 1693/1910/1693 1689/1911/1689 1688/1903/1688
f 1694/1912/1694 1691/1908/1691 1689/1905/1689 1693/1913/1693
f 1695/1914/1695 1691/1908/1691 1694/1912/1694 1696/1915/1696
f 1697/1916/1697 1698/1917/1698 1694/1918/1694 1693/1910/1693
f 1699/1919/1699 1696/1915/1696 1694/1912/1694 1698/1920/1698
f 1700/1921/1700 1696/1922/1696 1699/1923/1699 1701/1924/1701
f 1702/1925/1702 1703/1926/1703 1699/1927/1699 1698/1917/1698
f 1704/1928/1704 1701/1924/1701 1699/1923/1699 1703/1929/1703
f 1705/1930/1705 1701/1924/1701 1704/1928/1704 1706/1931/1706
f 1707/1932/1707 1708/1933/1708 1704/1934/1704 1703/1926/1703
f 1709/1935/1709 1706/1931/1706 1704/1928/1704 1708/1936/1708
f 1405/1594/1405 1706/1931/1706 1709/1935/1709 1407/1596/1407
f 1710/1937/1710 1711/1938/1711 1709/1939/1709 1708/1933/1708
f 1409/1598/1409 1407/1596/1407 1709/1935/1709 1711/1940/1711
f 1712/1941/1712 1414/1606/1414 1711/1938/1711 1710/1937/1710
f 1411/1600/1411 1409/1603/1409 1711/1938/1711 1414/1606/1414
f 1713/1942/1713 1714/1943/1714 1712/1941/1712 1710/1937/1710
f 1419/1611/1419 1417/1609/1417 1712/1941/1712 1714/1943/1714
f 1415/1607/1415 1414/1606/1414 1712/1941/1712 1417/1609/1417
f 1715/1944/1715 1716/1945/1716 1714/1943/1714 1713/1942/1713
f 1717/1946/1717 1419/1611/1419 1714/1943/1714 1716/1945/1716
f 1718/1947/1718 1719/1948/1719 1717/1946/1717 1716/1945/1716
f 1720/1949/1720 1422/1614/1422 1717/1946/1717 1719/1948/1719
f 1420/1612/1420 1419/1611/1419 1717/1946/1717 1422/1614/1422
f 1721/1950/1721 1722/1951/1722 1720/1949/1720 1719/1948/1719
f 1723/1952/1723 1724/1953/1724 1720/1949/1720 1722/1951/1722
f 1423/1615/1423 1422/1614/1422 1720/1949/1720 1724/1953/1724
f 1725/1954/1725 1726/1955/1726 1724/1953/1724 1723/1952/1723
f 1424/1616/1424 1423/1615/1423 1724/1953/1724 1726/1955/1726
f 1727/1956/1727 1728/1957/1728 1726/1955/1726 1725/1954/1725
f 1426/1618/1426 1424/1616/1424 1726/1955/1726 1728/1957/1728
f 1729/1958/1729 1730/1959/1730 1728/1957/1728 1727/1956/1727
f 1428/1620/1428 1426/1618/1426 1728/1957/1728 1730/1959/1730
f 1731/1960/1731 1732/1961/1732 1730/1959/1730 1729/1958/1729
f 1430/1622/1430 1428/1620/1428 1730/1959/1730 1732/1961/1732
f 1733/1962/1733 1734/1963/1734 1732/1961/1732 1731/1960/1731
f 1432/1624/1432 1430/1622/1430 1732/1961/1732 1734/1963/1734
f 1735/1964/1735 1736/1965/1736 1734/1963/1734 1733/1962/1733
f 1434/1626/1434 1432/1624/1432 1734/1963/1734 1736/1965/1736
f 1737/1966/1737 1738/1967/1738 1736/1965/1736 1735/1964/1735
f 1739/1968/1739 1434/1626/1434 1736/1965/1736 1738/1967/1738
f 1435/1627/1435 1434/1626/1434 1739/1968/1739 1437/1629/1437
f 1740/1969/1740 1741/1970/1741 1739/1971/1739 1738/1972/1738
f 1439/1631/1439 1437/1634/1437 1739/1971/1739 1741/1970/1741
f 1742/1973/1742 1743/1974/1743 1741/1970/1741 1740/1969/1740
f 1441/1635/1441 1439/1631/1439 1741/1970/1741 1743/1974/1743
f 1744/1975/1744 1745/1976/1745 1743/1974/1743 1742/1973/1742
f 1746/1977/1746 1441/1635/1441 1743/1974/1743 1745/1976/1745
f 1442/1636/1442 1441/1635/1441 1746/1977/1746 1445/1639/1445
f 1747/1978/1747 1748/1979/1748 1746/1977/1746 1745/1976/1745
f 1749/1980/1749 1445/1639/1445 1746/1977/1746 1748/1979/1748
f 1446/1640/1446 1445/1639/1445 1749/1980/1749 1448/1642/1448
f 1750/1981/1750 1751/1982/1751 1749/1980/1749 1748/1979/1748
f 1752/1983/1752 1448/1642/1448 1749/1980/1749 1751/1982/1751
f 1449/1643/1449 1448/1642/1448 1752/1983/1752 1753/1984/1753
f 1754/1985/1754 1755/1986/1755 1752/1983/1752 1751/1982/1751
f 1756/1987/1756 1753/1984/1753 1752/1983/1752 1755/1986/1755
f 1757/1988/1757 1758/1989/1758 1756/1987/1756 1755/1986/1755
f 1759/1990/1759 1760/1991/1760 1756/1987/1756 1758/1989/1758
f 1761/1992/1761 1753/1984/1753 1756/1987/1756 1760/1991/1760
f 1449/1643/1449 1753/1984/1753 1761/1992/1761 1450/1644/1450
f 1762/1993/1762 1763/1994/1763 1761/1992/1761 1760/1991/1760
f 1764/1995/1764 1450/1644/1450 1761/1992/1761 1763/1994/1763
f 1451/1645/1451 1450/1644/1450 1764/1995/1764 1454/1648/1454
f 1765/1996/1765 1766/1997/1766 1764/1995/1764 1763/1994/1763
f 1767/1998/1767 1454/1648/1454 1764/1995/1764 1766/1997/1766
f 1455/1649/1455 1454/1648/1454 1767/1998/1767 1459/1653/1459
f 1768/1999/1768 1769/2000/1769 1767/1998/1767 1766/1997/1766
f 1770/2001/1770 1459/1653/1459 1767/1998/1767 1769/2000/1769
f 1460/1654/1460 1459/1653/1459 1770/2001/1770 1464/1658/1464
f 1771/2002/1771 1772/2003/1772 1770/2001/1770 1769/2000/1769
f 1773/2004/1773 1464/1658/1464 1770/2001/1770 1772/2003/1772
f 1465/1659/1465 1464/1658/1464 1773/2004/1773 1469/1663/1469
f 1774/2005/1774 1775/2006/1775 1773/2004/1773 1772/2003/1772
f 1776/2007/1776 1469/1663/1469 1773/2004/1773 1775/2006/1775
f 1470/1664/1470 1469/1663/1469 1776/2007/1776 1474/1668/1474
f 1777/2008/1777 1778/2009/1778 1776/2007/1776 1775/2006/1775
f 1779/2010/1779 1474/1668/1474 1776/2007/1776 1778/2009/1778
f 1475/1669/1475 1474/1668/1474 1779/2010/1779 1478/1672/1478
f 1780/2011/1780 1781/2012/1781 1779/2010/1779 1778/2009/1778
f 1782/2013/1782 1478/1672/1478 1779/2010/1779 1781/2012/1781
f 1479/1673/1479 1478/1672/1478 1782/2013/1782 1482/2014/1482
f 1783/2015/1783 1784/2016/1784 1782/2017/1782 1781/2018/1781
f 1785/2019/1785 1482/1677/1482 1782/2017/1782 1784/2016/1784
f 1483/1678/1483 1482/1677/1482 1785/2019/1785 1486/1684/1486
f 1786/2020/1786 1787/2021/1787 1785/2019/1785 1784/2016/1784
f 1788/2022/1788 1486/1684/1486 1785/2019/1785 1787/2021/1787
f 1487/1685/1487 1486/1684/1486 1788/2022/1788 1490/1688/1490
f 1789/2023/1789 1790/2024/1790 1788/2022/1788 1787/2021/1787
f 1791/2025/1791 1490/1688/1490 1788/2022/1788 1790/2024/1790
f 1491/1689/1491 1490/1688/1490 1791/2025/1791 1494/1692/1494
f 1792/2026/1792 1793/2027/1793 1791/2025/1791 1790/2024/1790
f 1794/2028/1794 1494/1692/1494 1791/2025/1791 1793/2027/1793
f 1495/1693/1495 1494/1692/1494 1794/2028/1794 1498/1696/1498
f 1795/2029/1795 1796/2030/1796 1794/2028/1794 1793/2027/1793
f 1797/2031/1797 1498/1696/1498 1794/2028/1794 1796/2030/1796
f 1499/1697/1499 1498/1696/1498 1797/2031/1797 1502/1700/1502
f 1798/2032/1798 1799/2033/1799 1797/2031/1797 1796/2030/1796
f 1800/2034/1800 1502/1700/1502 1797/2031/1797 1799/2033/1799
f 1503/1701/1503 1502/1700/1502 1800/2034/1800 1506/1704/1506
f 1801/2035/1801 1802/2036/1802 1800/2034/1800 1799/2033/1799
f 1803/2037/1803 1506/1704/1506 1800/2034/1800 1802/2036/1802
f 1507/1705/1507 1506/1704/1506 1803/2037/1803 1510/1708/1510
f 1804/2038/1804 1805/2039/1805 1803/2037/1803 1802/2036/1802
f 1806/2040/1806 1510/1708/1510 1803/2037/1803 1805/2039/1805
f 1511/1709/1511 1510/1708/1510 1806/2040/1806 1514/1712/1514
f 1807/2041/1807 1808/2042/1808 1806/2040/1806 1805/2039/1805
f 1809/2043/1809 1514/1712/1514 1806/2040/1806 1808/2042/1808
f 1515/1713/1515 1514/1712/1514 1809/2043/1809 1518/1716/1518
f 1810/2044/1810 1811/2045/1811 1812/2046/1812 1813/2047/1813
f 1522/1721/1522 1525/1724/1525 1812/2046/1812 1811/2045/1811
f 1814/2048/1814 1815/2049/1815 1811/2045/1811 1810/2044/1810
f 1526/1725/1526 1522/1721/1522 1811/2045/1811 1815/2049/1815
f 1816/2050/1816 1817/2051/1817 1815/2049/1815 1814/2048/1814
f 1528/1727/1528 1526/1725/1526 1815/2049/1815 1817/2051/1817
f 1818/2052/1818 1819/2053/1819 1817/2051/1817 1816/2050/1816
f 1530/1729/1530 1528/1727/1528 1817/2051/1817 1819/2053/1819
f 1820/2054/1820 1821/2055/1821 1819/2053/1819 1818/2052/1818
f 1532/1731/1532 1530/1729/1530 1819/2053/1819 1821/2055/1821
f 1534/1733/1534 1532/1731/1532 1821/2055/1821 1822/2056/1822
f 1823/2057/1823 1822/2056/1822 1821/2055/1821 1820/2054/1820
f 1824/2058/1824 1822/2056/1822 1823/2057/1823 1825/2059/1825
f 1826/2060/1826 1827/2061/1827 1823/2057/1823 1820/2054/1820
f 1828/2062/1828 1825/2059/1825 1823/2057/1823 1827/2061/1827
f 1829/2063/1829 1825/2059/1825 1828/2062/1828 1830/2064/1830
f 1831/2065/1831 1832/2066/1832 1828/2062/1828 1827/2061/1827
f 1833/2067/1833 1830/2064/1830 1828/2062/1828 1832/2066/1832
f 1834/2068/1834 1830/2064/1830 1833/2067/1833 1835/2069/1835
f 1836/2070/1836 1837/2071/1837 1833/2067/1833 1832/2066/1832
f 1838/2072/1838 1835/2069/1835 1833/2067/1833 1837/2071/1837
f 1839/2073/1839 1835/2069/1835 1838/2072/1838 1840/2074/1840
f 1841/2075/1841 1842/2076/1842 1838/2072/1838 1837/2071/1837
f 1843/2077/1843 1840/2074/1840 1838/2072/1838 1842/2076/1842
f 1844/2078/1844 1840/2074/1840 1843/2077/1843 1845/2079/1845
f 1846/2080/1846 1847/2081/1847 1843/2077/1843 1842/2076/1842
f 1848/2082/1848 1845/2079/1845 1843/2077/1843 1847/2081/1847
f 1849/2083/1849 1845/2079/1845 1848/2082/1848 322/362/322
f 1850/2084/1850 1851/2085/1851 1848/2082/1848 1847/2081/1847
f 319/359/319 322/362/322 1848/2082/1848 1851/2085/1851
f 1852/2086/1852 1853/2087/1853 1851/2085/1851 1850/2084/1850
f 325/365/325 319/359/319 1851/2085/1851 1853/2087/1853
f 1854/2088/1854 1855/2089/1855 1853/2087/1853 1852/2086/1852
f 1856/2090/1856 325/365/325 1853/2087/1853 1855/2089/1855
f 326/366/326 325/365/325 1856/2090/1856 1857/2091/1857
f 1858/2092/1858 1859/2093/1859 1856/2090/1856 1855/2089/1855
f 1860/2094/1860 1857/2091/1857 1856/2090/1856 1859/2093/1859
f 348/389/348 1857/2091/1857 1860/2094/1860 347/388/347
f 1861/2095/1861 1862/2096/1862 1860/2094/1860 1859/2093/1859
f 1863/2097/1863 347/388/347 1860/2094/1860 1862/2096/1862
f 346/387/346 347/388/347 1863/2097/1863 1864/2098/1864
f 1865/2099/1865 1866/2100/1866 1863/2097/1863 1862/2096/1862
f 1867/2101/1867 1864/2098/1864 1863/2097/1863 1866/2100/1866
f 1868/2102/1868 1864/2098/1864 1867/2101/1867 1869/2103/1869
f 1870/2104/1870 1871/2105/1871 1867/2101/1867 1866/2100/1866
f 1636/1838/1636 1869/2103/1869 1867/2101/1867 1871/2105/1871
f 1872/2106/1872 1873/2107/1873 1871/2105/1871 1870/2104/1870
f 1637/1839/1637 1636/1838/1636 1871/2105/1871 1873/2107/1873
f 1874/2108/1874 1642/1844/1642 1873/2107/1873 1872/2106/1872
f 1638/1840/1638 1637/1839/1637 1873/2107/1873 1642/1844/1642
f 1875/2109/1875 1876/2110/1876 1874/2108/1874 1872/2106/1872
f 1670/1879/1670 1668/1876/1668 1874/2108/1874 1876/2110/1876
f 1643/1845/1643 1642/1844/1642 1874/2108/1874 1668/1876/1668
f 1877/2111/1877 1878/2112/1878 1876/2110/1876 1875/2109/1875
f 1672/1881/1672 1670/1879/1670 1876/2110/1876 1878/2112/1878
f 1879/2113/1879 1880/2114/1880 1878/2112/1878 1877/2111/1877
f 1674/1883/1674 1672/1881/1672 1878/2112/1878 1880/2114/1880
f 1881/2115/1881 1882/2116/1882 1880/2114/1880 1879/2113/1879
f 1883/2117/1883 1674/1883/1674 1880/2114/1880 1882/2116/1882
f 1884/2118/1884 1885/2119/1885 1883/2117/1883 1882/2116/1882
f 1886/2120/1886 1677/1886/1677 1883/2117/1883 1885/2119/1885
f 1675/1884/1675 1674/1883/1674 1883/2117/1883 1677/1886/1677
f 1887/2121/1887 1888/2122/1888 1886/2120/1886 1885/2119/1885
f 1889/2123/1889 1890/2124/1890 1886/2120/1886 1888/2122/1888
f 1678/1887/1678 1677/1886/1677 1886/2120/1886 1890/2124/1890
f 1891/2125/1891 1892/2126/1892 1890/2124/1890 1889/2123/1889
f 1679/1888/1679 1678/1887/1678 1890/2124/1890 1892/2126/1892
f 1893/2127/1893 1894/2128/1894 1892/2126/1892 1891/2125/1891
f 1681/1890/1681 1679/1888/1679 1892/2126/1892 1894/2128/1894
f 1895/2129/1895 1896/2130/1896 1894/2131/1894 1893/2132/1893
f 1683/2133/1683 1681/1890/1681 1894/2128/1894 1896/2134/1896
f 1897/2135/1897 1898/2136/1898 1896/2130/1896 1895/2129/1895
f 1899/2137/1899 1683/1892/1683 1896/2130/1896 1898/2136/1898
f 1684/1893/1684 1683/1892/1683 1899/2137/1899 1687/1902/1687
f 1900/2138/1900 1901/2139/1901 1899/2137/1899 1898/2136/1898
f 1902/2140/1902 1687/1902/1687 1899/2137/1899 1901/2139/1901
f 1688/1903/1688 1687/1902/1687 1902/2140/1902 1692/1909/1692
f 1903/2141/1903 1904/2142/1904 1902/2140/1902 1901/2139/1901
f 1905/2143/1905 1692/1909/1692 1902/2140/1902 1904/2142/1904
f 1693/1910/1693 1692/1909/1692 1905/2143/1905 1697/1916/1697
f 1906/2144/1906 1907/2145/1907 1905/2143/1905 1904/2142/1904
f 1908/2146/1908 1697/1916/1697 1905/2143/1905 1907/2145/1907
f 1698/1917/1698 1697/1916/1697 1908/2146/1908 1702/1925/1702
f 1909/2147/1909 1910/2148/1910 1908/2146/1908 1907/2145/1907
f 1911/2149/1911 1702/1925/1702 1908/2146/1908 1910/2148/1910
f 1703/1926/1703 1702/1925/1702 1911/2149/1911 1707/1932/1707
f 1912/2150/1912 1715/1944/1715 1911/2149/1911 1910/2148/1910
f 1713/1942/1713 1707/1932/1707 1911/2149/1911 1715/1944/1715
f 1909/2147/1909 1913/2151/1913 1912/2150/1912 1910/2148/1910
f 1914/2152/1914 1718/1947/1718 1912/2150/1912 1913/2151/1913
f 1716/1945/1716 1715/1944/1715 1912/2150/1912 1718/1947/1718
f 1915/2153/1915 1916/2154/1916 1914/2152/1914 1913/2151/1913
f 1917/2155/1917 1721/1950/1721 1914/2152/1914 1916/2154/1916
f 1719/1948/1719 1718/1947/1718 1914/2152/1914 1721/1950/1721
f 1918/2156/1918 1919/2157/1919 1917/2155/1917 1916/2154/1916
f 1920/2158/1920 1921/2159/1921 1917/2155/1917 1919/2157/1919
f 1722/1951/1722 1721/1950/1721 1917/2155/1917 1921/2159/1921
f 1922/2160/1922 1923/2161/1923 1921/2159/1921 1920/2158/1920
f 1723/1952/1723 1722/1951/1722 1921/2159/1921 1923/2161/1923
f 1924/2162/1924 1925/2163/1925 1923/2161/1923 1922/2160/1922
f 1725/1954/1725 1723/1952/1723 1923/2161/1923 1925/2163/1925
f 1926/2164/1926 1927/2165/1927 1925/2163/1925 1924/2162/1924
f 1727/1956/1727 1725/1954/1725 1925/2163/1925 1927/2165/1927
f 1928/2166/1928 1929/2167/1929 1927/2165/1927 1926/2164/1926
f 1729/1958/1729 1727/1956/1727 1927/2165/1927 1929/2167/1929
f 1930/2168/1930 1931/2169/1931 1929/2167/1929 1928/2166/1928
f 1731/1960/1731 1729/1958/1729 1929/2167/1929 1931/2169/1931
f 1932/2170/1932 1933/2171/1933 1931/2169/1931 1930/2168/1930
f 1733/1962/1733 1731/1960/1731 1931/2169/1931 1933/2171/1933
f 1934/2172/1934 1935/2173/1935 1933/2171/1933 1932/2170/1932
f 1735/1964/1735 1733/1962/1733 1933/2171/1933 1935/2173/1935
f 1936/2174/1936 1937/2175/1937 1935/2173/1935 1934/2172/1934
f 1737/1966/1737 1735/1964/1735 1935/2173/1935 1937/2175/1937
f 1938/2176/1938 1939/2177/1939 1937/2178/1937 1936/2179/1936
f 1940/2180/1940 1737/2181/1737 1937/2178/1937 1939/2177/1939
f 1738/1972/1738 1737/2181/1737 1940/2180/1940 1740/1969/1740
f 1941/2182/1941 1942/2183/1942 1940/2180/1940 1939/2177/1939
f 1742/1973/1742 1740/1969/1740 1940/2180/1940 1942/2183/1942
f 1943/2184/1943 1944/2185/1944 1942/2183/1942 1941/2182/1941
f 1744/1975/1744 1742/1973/1742 1942/2183/1942 1944/2185/1944
f 1945/2186/1945 1946/2187/1946 1944/2185/1944 1943/2184/1943
f 1947/2188/1947 1744/1975/1744 1944/2185/1944 1946/2187/1946
f 1948/2189/1948 1949/2190/1949 1947/2188/1947 1946/2187/1946
f 1950/2191/1950 1747/1978/1747 1947/2188/1947 1949/2190/1949
f 1745/1976/1745 1744/1975/1744 1947/2188/1947 1747/1978/1747
f 1748/1979/1748 1747/1978/1747 1950/2191/1950 1750/1981/1750
f 1951/2192/1951 1952/2193/1952 1950/2191/1950 1949/2190/1949
f 1953/2194/1953 1750/1981/1750 1950/2191/1950 1952/2193/1952
f 1751/1982/1751 1750/1981/1750 1953/2194/1953 1754/1985/1754
f 1954/2195/1954 1955/2196/1955 1953/2194/1953 1952/2193/1952
f 1956/2197/1956 1754/1985/1754 1953/2194/1953 1955/2196/1955
f 1755/1986/1755 1754/1985/1754 1956/2197/1956 1757/1988/1757
f 1957/2198/1957 1958/2199/1958 1956/2197/1956 1955/2196/1955
f 1959/2200/1959 1757/1988/1757 1956/2197/1956 1958/2199/1958
f 1758/1989/1758 1757/1988/1757 1959/2200/1959 1960/2201/1960
f 1961/2202/1961 1962/2203/1962 1959/2200/1959 1958/2199/1958
f 1963/2204/1963 1960/2201/1960 1959/2200/1959 1962/2203/1962
f 284/320/284 283/319/283 1963/2204/1963 1962/2203/1962
f 296/335/296 1964/2205/1964 1963/2204/1963 283/319/283
f 1965/2206/1965 1960/2201/1960 1963/2204/1963 1964/2205/1964
f 1758/1989/1758 1960/2201/1960 1965/2206/1965 1759/1990/1759
f 1966/2207/1966 1967/2208/1967 1965/2206/1965 1964/2205/1964
f 1968/2209/1968 1759/1990/1759 1965/2206/1965 1967/2208/1967
f 1760/1991/1760 1759/1990/1759 1968/2209/1968 1762/1993/1762
f 1969/2210/1969 1970/2211/1970 1968/2209/1968 1967/2208/1967
f 1971/2212/1971 1762/1993/1762 1968/2209/1968 1970/2211/1970
f 1763/1994/1763 1762/1993/1762 1971/2212/1971 1765/1996/1765
f 1972/2213/1972 1973/2214/1973 1971/2212/1971 1970/2211/1970
f 1974/2215/1974 1765/1996/1765 1971/2212/1971 1973/2214/1973
f 1766/1997/1766 1765/1996/1765 1974/2215/1974 1768/1999/1768
f 1975/2216/1975 1976/2217/1976 1974/2215/1974 1973/2214/1973
f 1977/2218/1977 1768/1999/1768 1974/2215/1974 1976/2217/1976
f 1769/2000/1769 1768/1999/1768 1977/2218/1977 1771/2002/1771
f 1978/2219/1978 1979/2220/1979 1977/2218/1977 1976/2217/1976
f 1980/2221/1980 1771/2002/1771 1977/2218/1977 1979/2220/1979
f 1772/2003/1772 1771/2002/1771 1980/2221/1980 1774/2005/1774
f 1981/2222/1981 1982/2223/1982 1980/2221/1980 1979/2220/1979
f 1983/2224/1983 1774/2005/1774 1980/2221/1980 1982/2223/1982
f 1775/2006/1775 1774/2005/1774 1983/2224/1983 1777/2008/1777
f 1984/2225/1984 1985/2226/1985 1983/2224/1983 1982/2223/1982
f 1986/2227/1986 1777/2008/1777 1983/2224/1983 1985/2226/1985
f 1778/2009/1778 1777/2008/1777 1986/2227/1986 1780/2011/1780
f 1987/2228/1987 1988/2229/1988 1986/2230/1986 1985/2231/1985
f 1989/2232/1989 1780/2233/1780 1986/2230/1986 1988/2229/1988
f 1781/2012/1781 1780/2011/1780 1989/2234/1989 1783/2235/1783
f 1990/2236/1990 1991/2237/1991 1989/2232/1989 1988/2229/1988
f 1992/2238/1992 1783/2239/1783 1989/2232/1989 1991/2237/1991
f 1784/2016/1784 1783/2015/1783 1992/2240/1992 1786/2020/1786
f 1993/2241/1993 1994/2242/1994 1992/2238/1992 1991/2237/1991
f 1995/2243/1995 1786/2244/1786 1992/2238/1992 1994/2242/1994
f 1787/2021/1787 1786/2020/1786 1995/2245/1995 1789/2023/1789
f 1996/2246/1996 1997/2247/1997 1995/2243/1995 1994/2242/1994
f 1998/2248/1998 1789/2249/1789 1995/2243/1995 1997/2247/1997
f 1790/2024/1790 1789/2023/1789 1998/2250/1998 1792/2026/1792
f 1999/2251/1999 2000/2252/2000 1998/2248/1998 1997/2247/1997
f 2001/2253/2001 1792/2254/1792 1998/2248/1998 2000/2252/2000
f 1793/2027/1793 1792/2026/1792 2001/2255/2001 1795/2029/1795
f 2002/2256/2002 2003/2257/2003 2001/2253/2001 2000/2252/2000
f 2004/2258/2004 1795/2259/1795 2001/2253/2001 2003/2257/2003
f 1796/2030/1796 1795/2029/1795 2004/2260/2004 1798/2032/1798
f 2005/2261/2005 2006/2262/2006 2004/2258/2004 2003/2257/2003
f 2007/2263/2007 1798/2264/1798 2004/2258/2004 2006/2262/2006
f 1799/2033/1799 1798/2032/1798 2007/2265/2007 1801/2035/1801
f 2008/2266/2008 2009/2267/2009 2007/2263/2007 2006/2262/2006
f 2010/2268/2010 1801/2269/1801 2007/2263/2007 2009/2267/2009
f 1802/2036/1802 1801/2035/1801 2010/2270/2010 1804/2038/1804
f 2011/2271/2011 2012/2272/2012 2010/2268/2010 2009/2267/2009
f 2013/2273/2013 1804/2038/1804 2010/2270/2010 2012/2274/2012
f 1805/2039/1805 1804/2038/1804 2013/2273/2013 1807/2041/1807
f 2014/2275/2014 2015/2276/2015 2016/2277/2016 2017/2278/2017
f 1810/2044/1810 1813/2047/1813 2016/2277/2016 2015/2276/2015
f 2018/2279/2018 2019/2280/2019 2015/2276/2015 2014/2275/2014
f 1814/2048/1814 1810/2044/1810 2015/2276/2015 2019/2280/2019
f 2020/2281/2020 2021/2282/2021 2019/2280/2019 2018/2279/2018
f 1816/2050/1816 1814/2048/1814 2019/2280/2019 2021/2282/2021
f 2022/2283/2022 2023/2284/2023 2021/2282/2021 2020/2281/2020
f 1818/2052/1818 1816/2050/1816 2021/2282/2021 2023/2284/2023
f 1820/2054/1820 1818/2052/1818 2023/2284/2023 1826/2060/1826
f 2024/2285/2024 1826/2060/1826 2023/2284/2023 2022/2283/2022
f 1827/2061/1827 1826/2060/1826 2024/2285/2024 1831/2065/1831
f 2025/2286/2025 2026/2287/2026 2024/2285/2024 2022/2283/2022
f 2027/2288/2027 1831/2065/1831 2024/2285/2024 2026/2287/2026
f 1832/2066/1832 1831/2065/1831 2027/2288/2027 1836/2070/1836
f 2028/2289/2028 2029/2290/2029 2027/2288/2027 2026/2287/2026
f 2030/2291/2030 1836/2070/1836 2027/2288/2027 2029/2290/2029
f 1837/2071/1837 1836/2070/1836 2030/2291/2030 1841/2075/1841
f 2031/2292/2031 2032/2293/2032 2030/2291/2030 2029/2290/2029
f 2033/2294/2033 1841/2075/1841 2030/2291/2030 2032/2293/2032
f 1842/2076/1842 1841/2075/1841 2033/2294/2033 1846/2080/1846
f 2034/2295/2034 2035/2296/2035 2033/2294/2033 2032/2293/2032
f 2036/2297/2036 1846/2080/1846 2033/2294/2033 2035/2296/2035
f 1847/2081/1847 1846/2080/1846 2036/2297/2036 1850/2084/1850
f 2037/2298/2037 2038/2299/2038 2036/2297/2036 2035/2296/2035
f 1852/2086/1852 1850/2084/1850 2036/2297/2036 2038/2299/2038
f 2039/2300/2039 2040/2301/2040 2038/2299/2038 2037/2298/2037
f 1854/2088/1854 1852/2086/1852 2038/2299/2038 2040/2301/2040
f 2041/2302/2041 2042/2303/2042 2040/2301/2040 2039/2300/2039
f 2043/2304/2043 1854/2088/1854 2040/2301/2040 2042/2303/2042
f 1855/2089/1855 1854/2088/1854 2043/2304/2043 1858/2092/1858
f 2044/2305/2044 2045/2306/2045 2043/2304/2043 2042/2303/2042
f 2046/2307/2046 1858/2092/1858 2043/2304/2043 2045/2306/2045
f 1859/2093/1859 1858/2092/1858 2046/2307/2046 1861/2095/1861
f 2047/2308/2047 2048/2309/2048 2046/2307/2046 2045/2306/2045
f 2049/2310/2049 1861/2095/1861 2046/2307/2046 2048/2309/2048
f 1862/2096/1862 1861/2095/1861 2049/2310/2049 1865/2099/1865
f 2050/2311/2050 2051/2312/2051 2049/2310/2049 2048/2309/2048
f 2052/2313/2052 1865/2099/1865 2049/2310/2049 2051/2312/2051
f 1866/2100/1866 1865/2099/1865 2052/2313/2052 1870/2104/1870
f 1877/2111/1877 1875/2109/1875 2052/2313/2052 2051/2312/2051
f 1872/2106/1872 1870/2104/1870 2052/2313/2052 1875/2109/1875
f 1879/2113/1879 1877/2111/1877 2051/2312/2051 2050/2311/2050
f 2047/2308/2047 2053/2314/2053 2050/2311/2050 2048/2309/2048
f 1881/2115/1881 1879/2113/1879 2050/2311/2050 2053/2314/2053
f 2054/2315/2054 2055/2316/2055 2053/2314/2053 2047/2308/2047
f 2056/2317/2056 1881/2115/1881 2053/2314/2053 2055/2316/2055
f 2057/2318/2057 2058/2319/2058 2056/2317/2056 2055/2316/2055
f 2059/2320/2059 1884/2118/1884 2056/2317/2056 2058/2319/2058
f 1882/2116/1882 1881/2115/1881 2056/2317/2056 1884/2118/1884
f 2060/2321/2060 2061/2322/2061 2059/2320/2059 2058/2319/2058
f 2062/2323/2062 1887/2121/1887 2059/2320/2059 2061/2322/2061
f 1885/2119/1885 1884/2118/1884 2059/2320/2059 1887/2121/1887
f 2063/2324/2063 2064/2325/2064 2062/2323/2062 2061/2322/2061
f 2065/2326/2065 2066/2327/2066 2062/2323/2062 2064/2325/2064
f 1888/2122/1888 1887/2121/1887 2062/2323/2062 2066/2327/2066
f 2067/2328/2067 2068/2329/2068 2066/2327/2066 2065/2326/2065
f 1889/2123/1889 1888/2122/1888 2066/2327/2066 2068/2329/2068
f 2069/2330/2069 2070/2331/2070 2068/2329/2068 2067/2328/2067
f 1891/2125/1891 1889/2123/1889 2068/2329/2068 2070/2331/2070
f 2071/2332/2071 2072/2333/2072 2070/2331/2070 2069/2330/2069
f 1893/2127/1893 1891/2125/1891 2070/2331/2070 2072/2333/2072
f 2073/2334/2073 2074/2335/2074 2072/2336/2072 2071/2337/2071
f 1895/2338/1895 1893/2127/1893 2072/2333/2072 2074/2339/2074
f 2075/2340/2075 2076/2341/2076 2074/2335/2074 2073/2334/2073
f 1897/2135/1897 1895/2129/1895 2074/2335/2074 2076/2341/2076
f 2077/2342/2077 2078/2343/2078 2076/2341/2076 2075/2340/2075
f 2079/2344/2079 1897/2135/1897 2076/2341/2076 2078/2343/2078
f 1898/2136/1898 1897/2135/1897 2079/2344/2079 1900/2138/1900
f 2080/2345/2080 2081/2346/2081 2079/2344/2079 2078/2343/2078
f 2082/2347/2082 1900/2138/1900 2079/2344/2079 2081/2346/2081
f 1901/2139/1901 1900/2138/1900 2082/2347/2082 1903/2141/1903
f 2083/2348/2083 2084/2349/2084 2082/2347/2082 2081/2346/2081
f 2085/2350/2085 1903/2141/1903 2082/2347/2082 2084/2349/2084
f 1904/2142/1904 1903/2141/1903 2085/2350/2085 1906/2144/1906
f 2086/2351/2086 2087/2352/2087 2085/2350/2085 2084/2349/2084
f 2088/2353/2088 1906/2144/1906 2085/2350/2085 2087/2352/2087
f 1907/2145/1907 1906/2144/1906 2088/2353/2088 1909/2147/1909
f 2089/2354/2089 1915/2153/1915 2088/2353/2088 2087/2352/2087
f 1913/2151/1913 1909/2147/1909 2088/2353/2088 1915/2153/1915
f 2086/2351/2086 2090/2355/2090 2089/2354/2089 2087/2352/2087
f 2091/2356/2091 1918/2156/1918 2089/2354/2089 2090/2355/2090
f 1916/2154/1916 1915/2153/1915 2089/2354/2089 1918/2156/1918
f 2092/2357/2092 2093/2358/2093 2091/2356/2091 2090/2355/2090
f 2094/2359/2094 2095/2360/2095 2091/2356/2091 2093/2358/2093
f 1919/2157/1919 1918/2156/1918 2091/2356/2091 2095/2360/2095
f 2096/2361/2096 2097/2362/2097 2095/2360/2095 2094/2359/2094
f 1920/2158/1920 1919/2157/1919 2095/2360/2095 2097/2362/2097
f 2098/2363/2098 2099/2364/2099 2097/2362/2097 2096/2361/2096
f 1922/2160/1922 1920/2158/1920 2097/2362/2097 2099/2364/2099
f 2100/2365/2100 2101/2366/2101 2099/2364/2099 2098/2363/2098
f 1924/2162/1924 1922/2160/1922 2099/2364/2099 2101/2366/2101
f 2102/2367/2102 2103/2368/2103 2101/2366/2101 2100/2365/2100
f 1926/2164/1926 1924/2162/1924 2101/2366/2101 2103/2368/2103
f 2104/2369/2104 2105/2370/2105 2103/2368/2103 2102/2367/2102
f 1928/2166/1928 1926/2164/1926 2103/2368/2103 2105/2370/2105
f 2106/2371/2106 2107/2372/2107 2105/2370/2105 2104/2369/2104
f 1930/2168/1930 1928/2166/1928 2105/2370/2105 2107/2372/2107
f 2108/2373/2108 2109/2374/2109 2107/2372/2107 2106/2371/2106
f 1932/2170/1932 1930/2168/1930 2107/2372/2107 2109/2374/2109
f 2110/2375/2110 2111/2376/2111 2109/2374/2109 2108/2373/2108
f 1934/2172/1934 1932/2170/1932 2109/2374/2109 2111/2376/2111
f 2112/2377/2112 2113/2378/2113 2111/2376/2111 2110/2375/2110
f 1936/2174/1936 1934/2172/1934 2111/2376/2111 2113/2378/2113
f 2114/2379/2114 2115/2380/2115 2113/2381/2113 2112/2382/2112
f 1938/2176/1938 1936/2179/1936 2113/2381/2113 2115/2380/2115
f 2116/2383/2116 2117/2384/2117 2115/2380/2115 2114/2379/2114
f 2118/2385/2118 1938/2176/1938 2115/2380/2115 2117/2384/2117
f 2119/2386/2119 2120/2387/2120 2118/2385/2118 2117/2384/2117
f 1943/2184/1943 1941/2182/1941 2118/2385/2118 2120/2387/2120
f 1939/2177/1939 1938/2176/1938 2118/2385/2118 1941/2182/1941
f 2121/2388/2121 2122/2389/2122 2120/2387/2120 2119/2386/2119
f 1945/2186/1945 1943/2184/1943 2120/2387/2120 2122/2389/2122
f 2123/2390/2123 2124/2391/2124 2122/2389/2122 2121/2388/2121
f 2125/2392/2125 1945/2186/1945 2122/2389/2122 2124/2391/2124
f 2126/2393/2126 2127/2394/2127 2125/2392/2125 2124/2391/2124
f 2128/2395/2128 1948/2189/1948 2125/2392/2125 2127/2394/2127
f 1946/2187/1946 1945/2186/1945 2125/2392/2125 1948/2189/1948
f 2129/2396/2129 2130/2397/2130 2128/2395/2128 2127/2394/2127
f 2131/2398/2131 1951/2192/1951 2128/2395/2128 2130/2397/2130
f 1949/2190/1949 1948/2189/1948 2128/2395/2128 1951/2192/1951
f 2132/2399/2132 2133/2400/2133 2131/2398/2131 2130/2397/2130
f 2134/2401/2134 1954/2195/1954 2131/2398/2131 2133/2400/2133
f 1952/2193/1952 1951/2192/1951 2131/2398/2131 1954/2195/1954
f 1955/2196/1955 1954/2195/1954 2134/2401/2134 1957/2198/1957
f 2135/2402/2135 2136/2403/2136 2134/2401/2134 2133/2400/2133
f 2137/2404/2137 1957/2198/1957 2134/2401/2134 2136/2403/2136
f 1958/2199/1958 1957/2198/1957 2137/2404/2137 1961/2202/1961
f 2138/2405/2138 2139/2406/2139 2137/2404/2137 2136/2403/2136
f 289/325/289 1961/2202/1961 2137/2404/2137 2139/2406/2139
f 2140/2407/2140 2141/2408/2141 2139/2406/2139 2138/2405/2138
f 288/324/288 289/325/289 2139/2406/2139 2141/2408/2141
f 2142/2409/2142 2143/2410/2143 2141/2408/2141 2140/2407/2140
f 287/323/287 288/324/288 2141/2408/2141 2143/2410/2143
f 2144/2411/2144 270/301/270 2143/2412/2143 2142/2413/2142
f 264/326/264 287/323/287 2143/2410/2143 270/2414/270
f 2145/2415/2145 2146/2416/2146 2144/2411/2144 2147/2417/2147
f 269/300/269 270/301/270 2144/2411/2144 2146/2416/2146
f 2148/2418/2148 2147/2419/2147 2144/2420/2144 2142/2409/2142
f 2140/2407/2140 2149/2421/2149 2148/2418/2148 2142/2409/2142
f 2150/2422/2150 275/309/275 2148/2418/2148 2149/2421/2149
f 271/303/271 2147/2419/2147 2148/2418/2148 275/309/275
f 276/310/276 275/309/275 2150/2422/2150 2151/2423/2151
f 2152/2424/2152 2153/2425/2153 2150/2422/2150 2149/2421/2149
f 2154/2426/2154 2151/2423/2151 2150/2422/2150 2153/2425/2153
f 2155/2427/2155 2151/2423/2151 2154/2426/2154 2156/2428/2156
f 2157/2429/2157 2158/2430/2158 2154/2426/2154 2153/2425/2153
f 2159/2431/2159 2156/2428/2156 2154/2426/2154 2158/2430/2158
f 2160/2432/2160 2156/2428/2156 2159/2431/2159 2161/2433/2161
f 2162/2434/2162 2163/2435/2163 2159/2431/2159 2158/2430/2158
f 2164/2436/2164 2161/2433/2161 2159/2431/2159 2163/2435/2163
f 2165/2437/2165 2161/2433/2161 2164/2436/2164 2166/2438/2166
f 2167/2439/2167 2168/2440/2168 2164/2436/2164 2163/2435/2163
f 2169/2441/2169 2166/2438/2166 2164/2436/2164 2168/2440/2168
f 2170/2442/2170 2166/2438/2166 2169/2441/2169 2171/2443/2171
f 2172/2444/2172 2173/2445/2173 2169/2441/2169 2168/2440/2168
f 2174/2446/2174 2171/2443/2171 2169/2441/2169 2173/2445/2173
f 2175/2447/2175 2171/2443/2171 2174/2446/2174 2176/2448/2176
f 2177/2449/2177 2178/2450/2178 2174/2446/2174 2173/2445/2173
f 2179/2451/2179 2176/2448/2176 2174/2446/2174 2178/2450/2178
f 2180/2452/2180 2176/2448/2176 2179/2451/2179 2181/2453/2181
f 2182/2454/2182 2183/2455/2183 2179/2451/2179 2178/2450/2178
f 2184/2456/2184 2181/2453/2181 2179/2451/2179 2183/2455/2183
f 2185/2457/2185 2181/2453/2181 2184/2456/2184 2186/2458/2186
f 2187/2459/2187 2188/2460/2188 2184/2456/2184 2183/2455/2183
f 2189/2461/2189 2186/2458/2186 2184/2456/2184 2188/2460/2188
f 2190/2462/2190 2186/2458/2186 2189/2461/2189 2191/2463/2191
f 2192/2464/2192 2193/2465/2193 2189/2461/2189 2188/2460/2188
f 2194/2466/2194 2191/2463/2191 2189/2461/2189 2193/2465/2193
f 2195/2467/2195 2191/2463/2191 2194/2466/2194 2196/2468/2196
f 2197/2469/2197 2198/2470/2198 2194/2466/2194 2193/2465/2193
f 2199/2471/2199 2196/2468/2196 2194/2466/2194 2198/2470/2198
f 2200/2472/2200 2201/2473/2201 2199/2471/2199 2198/2470/2198
f 2202/2474/2202 2190/2462/2190 2203/2475/2203 2204/2476/2204
f 2191/2463/2191 2195/2467/2195 2203/2475/2203 2190/2462/2190
f 2205/2477/2205 2206/2478/2206 2202/2474/2202 2204/2476/2204
f 2207/2479/2207 2185/2457/2185 2202/2474/2202 2206/2478/2206
f 2186/2458/2186 2190/2462/2190 2202/2474/2202 2185/2457/2185
f 2208/2480/2208 2209/2481/2209 2207/2479/2207 2206/2478/2206
f 2210/2482/2210 2180/2452/2180 2207/2479/2207 2209/2481/2209
f 2181/2453/2181 2185/2457/2185 2207/2479/2207 2180/2452/2180
f 2211/2483/2211 2212/2484/2212 2210/2482/2210 2209/2481/2209
f 2213/2485/2213 2175/2447/2175 2210/2482/2210 2212/2484/2212
f 2176/2448/2176 2180/2452/2180 2210/2482/2210 2175/2447/2175
f 2214/2486/2214 2215/2487/2215 2213/2485/2213 2212/2484/2212
f 2216/2488/2216 2170/2442/2170 2213/2485/2213 2215/2487/2215
f 2171/2443/2171 2175/2447/2175 2213/2485/2213 2170/2442/2170
f 2217/2489/2217 2218/2490/2218 2216/2488/2216 2215/2487/2215
f 2219/2491/2219 2165/2437/2165 2216/2488/2216 2218/2490/2218
f 2166/2438/2166 2170/2442/2170 2216/2488/2216 2165/2437/2165
f 2220/2492/2220 2221/2493/2221 2219/2491/2219 2218/2490/2218
f 2222/2494/2222 2160/2432/2160 2219/2491/2219 2221/2493/2221
f 2161/2433/2161 2165/2437/2165 2219/2491/2219 2160/2432/2160
f 2223/2495/2223 274/308/274 2222/2494/2222 2221/2493/2221
f 273/307/273 2155/2427/2155 2222/2494/2222 274/308/274
f 2156/2428/2156 2160/2432/2160 2222/2494/2222 2155/2427/2155
f 2224/2496/2224 2225/2497/2225 2223/2495/2223 2226/2498/2226
f 243/306/243 274/308/274 2223/2495/2223 2225/2497/2225
f 2220/2492/2220 2226/2498/2226 2223/2495/2223 2221/2493/2221
f 2227/2499/2227 2228/2500/2228 2225/2501/2225 2224/2502/2224
f 239/270/239 243/274/243 2225/2501/2225 2228/2500/2228
f 2229/2503/2229 2230/2504/2230 2228/2500/2228 2227/2499/2227
f 236/267/236 239/270/239 2228/2500/2228 2230/2504/2230
f 2231/2505/2231 2232/2506/2232 2230/2504/2230 2229/2503/2229
f 2233/2507/2233 236/267/236 2230/2504/2230 2232/2506/2232
f 2234/2508/2234 2235/2509/2235 2233/2507/2233 2232/2506/2232
f 2236/2510/2236 2237/2511/2237 2233/2507/2233 2235/2509/2235
f 237/268/237 236/267/236 2233/2507/2233 2237/2511/2237
f 2238/2512/2238 237/268/237 2237/2511/2237 2239/2513/2239
f 2240/2514/2240 2239/2513/2239 2237/2511/2237 2236/2510/2236
f 2241/2515/2241 2239/2516/2239 2240/2517/2240 2242/2518/2242
f 2243/2519/2243 2244/2520/2244 2240/2514/2240 2236/2510/2236
f 2245/2521/2245 2242/2518/2242 2240/2517/2240 2244/2522/2244
f 2246/2523/2246 2242/2518/2242 2245/2521/2245 2247/2524/2247
f 2248/2525/2248 2249/2526/2249 2245/2521/2245 2244/2522/2244
f 2250/2527/2250 2247/2524/2247 2245/2521/2245 2249/2526/2249
f 2251/2528/2251 2252/2529/2252 2250/2527/2250 2249/2526/2249
f 2253/2530/2253 2254/2531/2254 2250/2527/2250 2252/2529/2252
f 2255/2532/2255 2247/2524/2247 2250/2527/2250 2254/2531/2254
f 2256/2533/2256 2257/2534/2257 2255/2532/2255 2254/2531/2254
f 2258/2535/2258 2259/2536/2259 2255/2532/2255 2257/2534/2257
f 2246/2523/2246 2247/2524/2247 2255/2532/2255 2259/2536/2259
f 2260/2537/2260 2261/2538/2261 2259/2536/2259 2258/2535/2258
f 2262/2539/2262 2246/2523/2246 2259/2536/2259 2261/2538/2261
f 2263/2540/2263 2264/2541/2264 2262/2539/2262 2261/2538/2261
f 2265/2542/2265 2241/2515/2241 2262/2539/2262 2264/2541/2264
f 2242/2518/2242 2246/2523/2246 2262/2539/2262 2241/2515/2241
f 2266/2543/2266 2267/2544/2267 2265/2542/2265 2264/2541/2264
f 2268/2545/2268 2238/2546/2238 2265/2542/2265 2267/2544/2267
f 2239/2516/2239 2241/2515/2241 2265/2542/2265 2238/2546/2238
f 206/230/206 2269/2547/2269 2268/2545/2268 2267/2544/2267
f 242/273/242 238/269/238 2268/2548/2268 2269/2549/2269
f 237/268/237 2238/2512/2238 2268/2548/2268 238/269/238
f 204/227/204 2270/2550/2270 2269/2547/2269 206/230/206
f 2271/2551/2271 242/273/242 2269/2549/2269 2270/2552/2270
f 2272/2553/2272 2273/2554/2273 2271/2555/2271 2270/2556/2270
f 2146/2416/2146 2145/2415/2145 2271/2557/2271 2273/2558/2273
f 240/271/240 242/273/242 2271/2551/2271 2145/2559/2145
f 2274/2560/2274 267/2561/267 2273/2554/2273 2272/2553/2272
f 269/300/269 2146/2416/2146 2273/2558/2273 267/298/267
f 203/2562/203 146/166/146 2274/2560/2274 2272/2553/2272
f 145/165/145 2275/2563/2275 2274/2560/2274 146/166/146
f 268/2564/268 267/2561/267 2274/2560/2274 2275/2563/2275
f 2276/2565/2276 2277/2566/2277 2275/2563/2275 145/165/145
f 2278/2567/2278 268/2564/268 2275/2563/2275 2277/2566/2277
f 2279/2568/2279 2280/2569/2280 2278/2570/2278 2277/2571/2277
f 2281/2572/2281 2282/2573/2282 2278/2570/2278 2280/2569/2280
f 265/296/265 268/299/268 2278/2570/2278 2282/2573/2282
f 2283/2574/2283 2284/2575/2284 2282/2573/2282 2281/2572/2281
f 266/297/266 265/296/265 2282/2573/2282 2284/2575/2284
f 2285/2576/2285 2286/2577/2286 2284/2575/2284 2283/2574/2283
f 2287/2578/2287 266/297/266 2284/2575/2284 2286/2577/2286
f 263/294/263 266/297/266 2287/2578/2287 290/2579/290
f 2288/2580/2288 2289/2581/2289 2287/2578/2287 2286/2577/2286
f 2290/2582/2290 290/2579/290 2287/2578/2287 2289/2581/2289
f 291/2583/291 290/2579/290 2290/2582/2290 2291/2584/2291
f 2292/2585/2292 2293/2586/2293 2290/2582/2290 2289/2581/2289
f 2294/2587/2294 2291/2584/2291 2290/2582/2290 2293/2586/2293
f 2295/2588/2295 2291/2589/2291 2294/2590/2294 2296/2591/2296
f 255/286/255 2297/2592/2297 2294/2587/2294 2293/2586/2293
f 2298/2593/2298 2296/2591/2296 2294/2590/2294 2297/2594/2297
f 2299/2595/2299 2296/2591/2296 2298/2593/2298 2300/2596/2300
f 278/333/278 294/332/294 2298/2593/2298 2297/2594/2297
f 2301/2597/2301 2300/2596/2300 2298/2593/2298 294/332/294
f 2302/2598/2302 2300/2596/2300 2301/2597/2301 2303/2599/2303
f 293/331/293 2304/2600/2304 2301/2597/2301 294/332/294
f 2305/2601/2305 2303/2599/2303 2301/2597/2301 2304/2600/2304
f 2306/2602/2306 2303/2599/2303 2305/2601/2305 2307/2603/2307
f 2308/2604/2308 2309/2605/2309 2305/2601/2305 2304/2600/2304
f 2310/2606/2310 2307/2603/2307 2305/2601/2305 2309/2605/2309
f 2311/2607/2311 2307/2603/2307 2310/2606/2310 2312/2608/2312
f 2313/2609/2313 2314/2610/2314 2310/2606/2310 2309/2605/2309
f 2315/2611/2315 2312/2608/2312 2310/2606/2310 2314/2610/2314
f 2316/2612/2316 2312/2608/2312 2315/2611/2315 2317/2613/2317
f 2318/2614/2318 2319/2615/2319 2315/2611/2315 2314/2610/2314
f 2320/2616/2320 2317/2613/2317 2315/2611/2315 2319/2615/2319
f 2321/2617/2321 2317/2613/2317 2320/2616/2320 2322/2618/2322
f 2323/2619/2323 2324/2620/2324 2320/2616/2320 2319/2615/2319
f 2325/2621/2325 2322/2618/2322 2320/2616/2320 2324/2620/2324
f 2326/2622/2326 2322/2618/2322 2325/2621/2325 2327/2623/2327
f 2328/2624/2328 2329/2625/2329 2325/2626/2325 2324/2627/2324
f 2330/2628/2330 2327/2629/2327 2325/2626/2325 2329/2625/2329
f 2331/2630/2331 2327/2629/2327 2330/2628/2330 2332/2631/2332
f 2333/2632/2333 2334/2633/2334 2330/2628/2330 2329/2625/2329
f 2335/2634/2335 2332/2631/2332 2330/2628/2330 2334/2633/2334
f 2336/2635/2336 2332/2631/2332 2335/2634/2335 2337/2636/2337
f 2338/2637/2338 2339/2638/2339 2335/2634/2335 2334/2633/2334
f 2340/2639/2340 2337/2636/2337 2335/2634/2335 2339/2638/2339
f 2341/2640/2341 2337/2636/2337 2340/2639/2340 2342/2641/2342
f 2343/2642/2343 2344/2643/2344 2340/2639/2340 2339/2638/2339
f 2345/2644/2345 2342/2641/2342 2340/2639/2340 2344/2643/2344
f 2346/2645/2346 2342/2641/2342 2345/2644/2345 2347/2646/2347
f 2348/2647/2348 2349/2648/2349 2345/2644/2345 2344/2643/2344
f 2350/2649/2350 2347/2646/2347 2345/2644/2345 2349/2648/2349
f 2351/2650/2351 2347/2646/2347 2350/2649/2350 2352/2651/2352
f 2353/2652/2353 2354/2653/2354 2350/2649/2350 2349/2648/2349
f 2355/2654/2355 2352/2651/2352 2350/2649/2350 2354/2653/2354
f 2356/2655/2356 2352/2651/2352 2355/2654/2355 2357/2656/2357
f 2358/2657/2358 2359/2658/2359 2355/2654/2355 2354/2653/2354
f 2360/2659/2360 2357/2656/2357 2355/2654/2355 2359/2658/2359
f 2361/2660/2361 2357/2656/2357 2360/2659/2360 2362/2661/2362
f 2009/2267/2009 2008/2266/2008 2363/2662/2363 2011/2271/2011
f 2361/2660/2361 2362/2661/2362 2363/2662/2363 2008/2266/2008
f 2364/2663/2364 2365/2664/2365 2366/2665/2366 2367/2666/2367
f 2368/2667/2368 2369/2668/2369 2366/2665/2366 2365/2664/2365
f 2370/2669/2370 2371/2670/2371 2369/2668/2369 2368/2667/2368
f 2372/2671/2372 2373/2672/2373 2371/2670/2371 2370/2669/2370
f 2374/2673/2374 2375/2674/2375 2370/2669/2370 2368/2667/2368
f 2376/2675/2376 2372/2671/2372 2370/2669/2370 2375/2674/2375
f 2377/2676/2377 2378/2677/2378 2376/2675/2376 2375/2674/2375
f 2379/2678/2379 2380/2679/2380 2376/2675/2376 2378/2677/2378
f 2381/2680/2381 2372/2671/2372 2376/2675/2376 2380/2679/2380
f 2382/2681/2382 2383/2682/2383 2380/2679/2380 2379/2678/2379
f 2384/2683/2384 2381/2680/2381 2380/2679/2380 2383/2682/2383
f 2385/2684/2385 2386/2685/2386 2384/2683/2384 2383/2682/2383
f 2385/2684/2385 2387/2686/2387 2388/2687/2388 2386/2685/2386
f 2014/2275/2014 2017/2278/2017 2388/2687/2388 2387/2686/2387
f 2389/2688/2389 2390/2689/2390 2387/2686/2387 2385/2684/2385
f 2018/2279/2018 2014/2275/2014 2387/2686/2387 2390/2689/2390
f 2391/2690/2391 2392/2691/2392 2390/2689/2390 2389/2688/2389
f 2020/2281/2020 2018/2279/2018 2390/2689/2390 2392/2691/2392
f 2393/2692/2393 2025/2286/2025 2392/2691/2392 2391/2690/2391
f 2022/2283/2022 2020/2281/2020 2392/2691/2392 2025/2286/2025
f 2026/2287/2026 2025/2286/2025 2393/2692/2393 2028/2289/2028
f 2394/2693/2394 2395/2694/2395 2393/2692/2393 2391/2690/2391
f 2396/2695/2396 2028/2289/2028 2393/2692/2393 2395/2694/2395
f 2029/2290/2029 2028/2289/2028 2396/2695/2396 2031/2292/2031
f 2397/2696/2397 2398/2697/2398 2396/2695/2396 2395/2694/2395
f 2399/2698/2399 2031/2292/2031 2396/2695/2396 2398/2697/2398
f 2032/2293/2032 2031/2292/2031 2399/2698/2399 2034/2295/2034
f 2400/2699/2400 2401/2700/2401 2399/2698/2399 2398/2697/2398
f 2402/2701/2402 2034/2295/2034 2399/2698/2399 2401/2700/2401
f 2035/2296/2035 2034/2295/2034 2402/2701/2402 2037/2298/2037
f 2403/2702/2403 2404/2703/2404 2402/2701/2402 2401/2700/2401
f 2039/2300/2039 2037/2298/2037 2402/2701/2402 2404/2703/2404
f 2405/2704/2405 2406/2705/2406 2404/2703/2404 2403/2702/2403
f 2041/2302/2041 2039/2300/2039 2404/2703/2404 2406/2705/2406
f 2407/2706/2407 2408/2707/2408 2406/2705/2406 2405/2704/2405
f 2409/2708/2409 2041/2302/2041 2406/2705/2406 2408/2707/2408
f 2042/2303/2042 2041/2302/2041 2409/2708/2409 2044/2305/2044
f 2410/2709/2410 2411/2710/2411 2409/2708/2409 2408/2707/2408
f 2054/2315/2054 2044/2305/2044 2409/2708/2409 2411/2710/2411
f 2412/2711/2412 2057/2318/2057 2411/2710/2411 2410/2709/2410
f 2055/2316/2055 2054/2315/2054 2411/2710/2411 2057/2318/2057
f 2413/2712/2413 2414/2713/2414 2412/2711/2412 2410/2709/2410
f 2415/2714/2415 2060/2321/2060 2412/2711/2412 2414/2713/2414
f 2058/2319/2058 2057/2318/2057 2412/2711/2412 2060/2321/2060
f 2416/2715/2416 2417/2716/2417 2415/2714/2415 2414/2713/2414
f 2418/2717/2418 2063/2324/2063 2415/2714/2415 2417/2716/2417
f 2061/2322/2061 2060/2321/2060 2415/2714/2415 2063/2324/2063
f 2419/2718/2419 2420/2719/2420 2418/2717/2418 2417/2716/2417
f 2421/2720/2421 2422/2721/2422 2418/2717/2418 2420/2719/2420
f 2064/2325/2064 2063/2324/2063 2418/2717/2418 2422/2721/2422
f 2423/2722/2423 2424/2723/2424 2422/2721/2422 2421/2720/2421
f 2065/2326/2065 2064/2325/2064 2422/2721/2422 2424/2723/2424
f 2425/2724/2425 2426/2725/2426 2424/2723/2424 2423/2722/2423
f 2067/2328/2067 2065/2326/2065 2424/2723/2424 2426/2725/2426
f 2427/2726/2427 2428/2727/2428 2426/2725/2426 2425/2724/2425
f 2069/2330/2069 2067/2328/2067 2426/2725/2426 2428/2727/2428
f 2429/2728/2429 2430/2729/2430 2428/2727/2428 2427/2726/2427
f 2071/2332/2071 2069/2330/2069 2428/2727/2428 2430/2729/2430
f 2431/2730/2431 2432/2731/2432 2430/2729/2430 2429/2728/2429
f 2073/2732/2073 2071/2332/2071 2430/2729/2430 2432/2731/2432
f 2433/2733/2433 2434/2734/2434 2432/2735/2432 2431/2736/2431
f 2075/2340/2075 2073/2334/2073 2432/2735/2432 2434/2734/2434
f 2435/2737/2435 2436/2738/2436 2434/2734/2434 2433/2733/2433
f 2077/2342/2077 2075/2340/2075 2434/2734/2434 2436/2738/2436
f 2437/2739/2437 2438/2740/2438 2436/2738/2436 2435/2737/2435
f 2439/2741/2439 2077/2342/2077 2436/2738/2436 2438/2740/2438
f 2440/2742/2440 2441/2743/2441 2439/2741/2439 2438/2740/2438
f 2442/2744/2442 2080/2345/2080 2439/2741/2439 2441/2743/2441
f 2078/2343/2078 2077/2342/2077 2439/2741/2439 2080/2345/2080
f 2443/2745/2443 2444/2746/2444 2442/2744/2442 2441/2743/2441
f 2445/2747/2445 2083/2348/2083 2442/2744/2442 2444/2746/2444
f 2081/2346/2081 2080/2345/2080 2442/2744/2442 2083/2348/2083
f 2084/2349/2084 2083/2348/2083 2445/2747/2445 2086/2351/2086
f 2446/2748/2446 2092/2357/2092 2445/2747/2445 2444/2746/2444
f 2090/2355/2090 2086/2351/2086 2445/2747/2445 2092/2357/2092
f 2447/2749/2447 2448/2750/2448 2446/2748/2446 2449/2751/2449
f 2093/2358/2093 2092/2357/2092 2446/2748/2446 2448/2750/2448
f 2443/2745/2443 2449/2751/2449 2446/2748/2446 2444/2746/2444
f 2450/2752/2450 2451/2753/2451 2448/2750/2448 2447/2749/2447
f 2094/2359/2094 2093/2358/2093 2448/2750/2448 2451/2753/2451
f 2452/2754/2452 2453/2755/2453 2451/2753/2451 2450/2752/2450
f 2096/2361/2096 2094/2359/2094 2451/2753/2451 2453/2755/2453
f 2454/2756/2454 2455/2757/2455 2453/2755/2453 2452/2754/2452
f 2098/2363/2098 2096/2361/2096 2453/2755/2453 2455/2757/2455
f 2456/2758/2456 2457/2759/2457 2455/2757/2455 2454/2756/2454
f 2100/2365/2100 2098/2363/2098 2455/2757/2455 2457/2759/2457
f 2458/2760/2458 2459/2761/2459 2457/2759/2457 2456/2758/2456
f 2102/2367/2102 2100/2365/2100 2457/2759/2457 2459/2761/2459
f 2460/2762/2460 2461/2763/2461 2459/2761/2459 2458/2760/2458
f 2104/2369/2104 2102/2367/2102 2459/2761/2459 2461/2763/2461
f 2462/2764/2462 2463/2765/2463 2461/2763/2461 2460/2762/2460
f 2106/2371/2106 2104/2369/2104 2461/2763/2461 2463/2765/2463
f 2464/2766/2464 2465/2767/2465 2463/2765/2463 2462/2764/2462
f 2108/2373/2108 2106/2371/2106 2463/2765/2463 2465/2767/2465
f 2466/2768/2466 2467/2769/2467 2465/2767/2465 2464/2766/2464
f 2110/2375/2110 2108/2373/2108 2465/2767/2465 2467/2769/2467
f 2468/2770/2468 2469/2771/2469 2467/2769/2467 2466/2768/2466
f 2112/2377/2112 2110/2375/2110 2467/2769/2467 2469/2771/2469
f 2470/2772/2470 2471/2773/2471 2469/2771/2469 2468/2770/2468
f 2114/2774/2114 2112/2377/2112 2469/2771/2469 2471/2773/2471
f 2472/2775/2472 2473/2776/2473 2471/2777/2471 2470/2778/2470
f 2116/2383/2116 2114/2379/2114 2471/2777/2471 2473/2776/2473
f 2187/2459/2187 2474/2779/2474 2473/2776/2473 2472/2775/2472
f 2475/2780/2475 2116/2383/2116 2473/2776/2473 2474/2779/2474
f 2182/2454/2182 2476/2781/2476 2475/2780/2475 2474/2779/2474
f 2121/2388/2121 2119/2386/2119 2475/2780/2475 2476/2781/2476
f 2117/2384/2117 2116/2383/2116 2475/2780/2475 2119/2386/2119
f 2178/2450/2178 2177/2449/2177 2476/2781/2476 2182/2454/2182
f 2123/2390/2123 2121/2388/2121 2476/2781/2476 2177/2449/2177
f 2183/2455/2183 2182/2454/2182 2474/2779/2474 2187/2459/2187
f 2188/2460/2188 2187/2459/2187 2472/2775/2472 2192/2464/2192
f 2477/2782/2477 2192/2464/2192 2472/2775/2472 2470/2778/2470
f 2193/2465/2193 2192/2464/2192 2477/2782/2477 2197/2469/2197
f 2468/2770/2468 2478/2783/2478 2477/2784/2477 2470/2772/2470
f 2479/2785/2479 2197/2786/2197 2477/2784/2477 2478/2783/2478
f 2198/2470/2198 2197/2469/2197 2479/2787/2479 2200/2472/2200
f 2480/2788/2480 2481/2789/2481 2479/2785/2479 2478/2783/2478
f 2482/2790/2482 2200/2791/2200 2479/2785/2479 2481/2789/2481
f 2201/2792/2201 2200/2791/2200 2482/2790/2482 2483/2793/2483
f 2484/2794/2484 2485/2795/2485 2482/2790/2482 2481/2789/2481
f 2486/2796/2486 2483/2793/2483 2482/2790/2482 2485/2795/2485
f 2487/2797/2487 2488/2798/2488 2486/2796/2486 2485/2795/2485
f 2489/2799/2489 2208/2480/2208 2490/2800/2490 2491/2801/2491
f 2206/2478/2206 2205/2477/2205 2490/2800/2490 2208/2480/2208
f 2492/2802/2490 2493/2803/2492 2489/2799/2489 2491/2801/2491
f 2494/2804/2493 2211/2483/2211 2489/2799/2489 2493/2803/2492
f 2209/2481/2209 2208/2480/2208 2489/2799/2489 2211/2483/2211
f 2495/2805/2494 2496/2806/2495 2494/2804/2493 2493/2803/2492
f 2497/2807/2496 2214/2486/2214 2494/2804/2493 2496/2806/2495
f 2212/2484/2212 2211/2483/2211 2494/2804/2493 2214/2486/2214
f 2498/2808/2497 2499/2809/2498 2497/2807/2496 2496/2806/2495
f 2500/2810/2499 2217/2489/2217 2497/2807/2496 2499/2809/2498
f 2215/2487/2215 2214/2486/2214 2497/2807/2496 2217/2489/2217
f 232/259/232 2501/2811/2500 2500/2810/2499 2499/2809/2498
f 2226/2498/2226 2220/2492/2220 2500/2810/2499 2501/2811/2500
f 2218/2490/2218 2217/2489/2217 2500/2810/2499 2220/2492/2220
f 231/262/231 2502/2812/2501 2501/2811/2500 232/259/232
f 2224/2496/2224 2226/2498/2226 2501/2811/2500 2502/2812/2501
f 15/17/15 2503/2813/2502 2502/2814/2501 231/258/231
f 2227/2499/2227 2224/2502/2224 2502/2814/2501 2503/2813/2502
f 12/14/12 2504/2815/2503 2503/2813/2502 15/17/15
f 2229/2503/2229 2227/2499/2227 2503/2813/2502 2504/2815/2503
f 11/13/11 2505/2816/2504 2504/2815/2503 12/14/12
f 2231/2505/2231 2229/2503/2229 2504/2815/2503 2505/2816/2504
f 2506/2817/2505 2507/2818/2506 2505/2816/2504 11/13/11
f 2508/2819/2507 2231/2505/2231 2505/2816/2504 2507/2818/2506
f 2509/2820/2508 2510/2821/2509 2508/2819/2507 2507/2818/2506
f 2511/2822/2510 2234/2508/2234 2508/2819/2507 2510/2821/2509
f 2232/2506/2232 2231/2505/2231 2508/2819/2507 2234/2508/2234
f 2512/2823/2511 2513/2824/2512 2511/2822/2510 2510/2821/2509
f 2514/2825/2513 2515/2826/2514 2511/2822/2510 2513/2824/2512
f 2235/2509/2235 2234/2508/2234 2511/2822/2510 2515/2826/2514
f 2516/2827/2515 2243/2519/2243 2515/2826/2514 2514/2825/2513
f 2236/2510/2236 2235/2509/2235 2515/2826/2514 2243/2519/2243
f 2517/2828/2516 2518/2829/2517 2516/2827/2515 2514/2825/2513
f 2519/2830/2518 2248/2831/2248 2516/2827/2515 2518/2829/2517
f 2244/2520/2244 2243/2519/2243 2516/2827/2515 2248/2831/2248
f 2520/2832/2519 2521/2833/2520 2519/2830/2518 2518/2829/2517
f 2522/2834/2521 2251/2528/2251 2519/2835/2518 2521/2836/2520
f 2249/2526/2249 2248/2525/2248 2519/2835/2518 2251/2528/2251
f 2523/2837/2522 2524/2838/2523 2522/2834/2521 2521/2836/2520
f 2525/2839/2524 2526/2840/2525 2522/2834/2521 2524/2838/2523
f 2252/2529/2252 2251/2528/2251 2522/2834/2521 2526/2840/2525
f 2527/2841/2526 2528/2842/2527 2526/2840/2525 2525/2839/2524
f 2253/2530/2253 2252/2529/2252 2526/2840/2525 2528/2842/2527
f 2529/2843/2528 2530/2844/2529 2528/2842/2527 2527/2841/2526
f 2531/2845/2530 2253/2530/2253 2528/2842/2527 2530/2844/2529
f 2532/2846/2531 2533/2847/2532 2531/2845/2530 2530/2844/2529
f 2534/2848/2533 2256/2533/2256 2531/2845/2530 2533/2847/2532
f 2254/2531/2254 2253/2530/2253 2531/2845/2530 2256/2533/2256
f 2535/2849/2534 2536/2850/2535 2534/2851/2533 2533/2852/2532
f 2537/2853/2536 2538/2854/2537 2534/2851/2533 2536/2850/2535
f 2257/2534/2257 2256/2533/2256 2534/2848/2533 2538/2855/2537
f 2506/2817/2505 2539/2856/2538 2538/2854/2537 2537/2853/2536
f 2258/2535/2258 2257/2534/2257 2538/2855/2537 2539/2857/2538
f 2540/2858/2539 2509/2820/2508 2537/2853/2536 2536/2850/2535
f 2507/2818/2506 2506/2817/2505 2537/2853/2536 2509/2820/2508
f 2535/2849/2534 2541/2859/2540 2540/2858/2539 2536/2850/2535
f 2542/2860/2541 2512/2823/2511 2540/2858/2539 2541/2859/2540
f 2510/2821/2509 2509/2820/2508 2540/2858/2539 2512/2823/2511
f 2543/2861/2542 2544/2862/2543 2542/2860/2541 2541/2859/2540
f 2545/2863/2544 2546/2864/2545 2542/2860/2541 2544/2862/2543
f 2513/2824/2512 2512/2823/2511 2542/2860/2541 2546/2864/2545
f 2547/2865/2546 2517/2828/2516 2546/2864/2545 2545/2863/2544
f 2514/2825/2513 2513/2824/2512 2546/2864/2545 2517/2828/2516
f 2548/2866/2547 2549/2867/2548 2547/2865/2546 2545/2863/2544
f 2550/2868/2549 2520/2832/2519 2547/2865/2546 2549/2867/2548
f 2518/2829/2517 2517/2828/2516 2547/2865/2546 2520/2832/2519
f 2551/2869/2550 2552/2870/2551 2550/2868/2549 2549/2867/2548
f 2553/2871/2552 2523/2872/2522 2550/2868/2549 2552/2870/2551
f 2521/2833/2520 2520/2832/2519 2550/2868/2549 2523/2872/2522
f 2554/2873/2553 2555/2874/2554 2553/2871/2552 2552/2870/2551
f 2556/2875/2555 2557/2876/2556 2553/2877/2552 2555/2878/2554
f 2524/2838/2523 2523/2837/2522 2553/2877/2552 2557/2876/2556
f 2558/2879/2557 2559/2880/2558 2557/2876/2556 2556/2875/2555
f 2525/2839/2524 2524/2838/2523 2557/2876/2556 2559/2880/2558
f 2560/2881/2559 2561/2882/2560 2559/2880/2558 2558/2879/2557
f 2527/2841/2526 2525/2839/2524 2559/2880/2558 2561/2882/2560
f 2562/2883/2561 2563/2884/2562 2561/2882/2560 2560/2881/2559
f 2529/2843/2528 2527/2841/2526 2561/2882/2560 2563/2884/2562
f 2564/2885/2563 2565/2886/2564 2563/2884/2562 2562/2883/2561
f 2566/2887/2565 2529/2843/2528 2563/2884/2562 2565/2886/2564
f 2567/2888/2566 2568/2889/2567 2566/2890/2565 2565/2891/2564
f 2569/2892/2568 2532/2893/2531 2566/2890/2565 2568/2889/2567
f 2530/2844/2529 2529/2843/2528 2566/2887/2565 2532/2846/2531
f 2570/2894/2569 2543/2861/2542 2569/2892/2568 2568/2889/2567
f 2541/2859/2540 2535/2849/2534 2569/2892/2568 2543/2861/2542
f 2533/2852/2532 2532/2893/2531 2569/2892/2568 2535/2849/2534
f 2567/2888/2566 2571/2895/2570 2570/2894/2569 2568/2889/2567
f 2572/2896/2571 2573/2897/2572 2570/2894/2569 2571/2895/2570
f 2544/2862/2543 2543/2861/2542 2570/2894/2569 2573/2897/2572
f 2574/2898/2573 2548/2866/2547 2573/2897/2572 2572/2896/2571
f 2545/2863/2544 2544/2862/2543 2573/2897/2572 2548/2866/2547
f 2575/2899/2574 2576/2900/2575 2574/2898/2573 2572/2896/2571
f 2577/2901/2576 2551/2869/2550 2574/2898/2573 2576/2900/2575
f 2549/2867/2548 2548/2866/2547 2574/2898/2573 2551/2869/2550
f 2578/2902/2577 2579/2903/2578 2577/2901/2576 2576/2900/2575
f 2580/2904/2579 2554/2873/2553 2577/2901/2576 2579/2903/2578
f 2552/2870/2551 2551/2869/2550 2577/2901/2576 2554/2873/2553
f 2581/2905/2580 2582/2906/2581 2580/2904/2579 2579/2903/2578
f 2583/2907/2582 2584/2908/2583 2580/2904/2579 2582/2906/2581
f 2555/2874/2554 2554/2873/2553 2580/2904/2579 2584/2908/2583
f 2585/2909/2584 2586/2910/2585 2584/2911/2583 2583/2912/2582
f 2556/2875/2555 2555/2878/2554 2584/2911/2583 2586/2910/2585
f 2587/2913/2586 2588/2914/2587 2586/2910/2585 2585/2909/2584
f 2558/2879/2557 2556/2875/2555 2586/2910/2585 2588/2914/2587
f 197/220/197 2589/2915/2588 2588/2914/2587 2587/2913/2586
f 2560/2881/2559 2558/2879/2557 2588/2914/2587 2589/2915/2588
f 194/217/194 2590/2916/2589 2589/2915/2588 197/220/197
f 2562/2883/2561 2560/2881/2559 2589/2915/2588 2590/2916/2589
f 193/216/193 2591/2917/2590 2590/2916/2589 194/217/194
f 2564/2885/2563 2562/2883/2561 2590/2916/2589 2591/2917/2590
f 2592/2918/2591 2593/2919/2592 2591/2917/2590 193/216/193
f 2594/2920/2593 2564/2921/2563 2591/2922/2590 2593/2923/2592
f 2595/2924/2594 2596/2925/2595 2594/2920/2593 2593/2923/2592
f 2571/2895/2570 2567/2888/2566 2594/2920/2593 2596/2925/2595
f 2565/2891/2564 2564/2921/2563 2594/2920/2593 2567/2888/2566
f 2597/2926/2596 2575/2899/2574 2596/2925/2595 2595/2924/2594
f 2572/2896/2571 2571/2895/2570 2596/2925/2595 2575/2899/2574
f 2598/2927/2597 2599/2928/2598 2597/2929/2596 2595/2930/2594
f 2600/2931/2599 2578/2902/2577 2597/2926/2596 2599/2932/2598
f 2576/2900/2575 2575/2899/2574 2597/2926/2596 2578/2902/2577
f 2601/2933/2600 2602/2934/2601 2600/2931/2599 2599/2932/2598
f 2603/2935/2602 2581/2905/2580 2600/2931/2599 2602/2934/2601
f 2579/2903/2578 2578/2902/2577 2600/2931/2599 2581/2905/2580
f 2582/2906/2581 2581/2905/2580 2603/2935/2602 2604/2936/2603
f 2583/2907/2582 2582/2906/2581 2604/2936/2603 189/212/189
f 2598/2927/2597 2605/2937/2604 2601/2938/2600 2599/2928/2598
f 2606/2939/2605 2601/2938/2600 2607/2940/2606 2608/2941/2607
f 2592/2918/2591 2607/2940/2606 2605/2937/2604 2598/2927/2597
f 193/216/193 196/219/196 2607/2940/2606 2592/2918/2591
f 2593/2919/2592 2592/2918/2591 2598/2927/2597 2595/2930/2594
f 192/2942/192 2609/2943/2608 2587/2913/2586 2585/2909/2584
f 198/221/198 197/220/197 2587/2913/2586 2609/2943/2608
f 189/212/189 192/215/192 2585/2944/2584 2583/2907/2582
f 233/260/233 232/259/232 2499/2809/2498 2498/2808/2497
f 234/263/234 233/260/233 2498/2808/2497 2610/2945/2609
f 2495/2805/2494 2610/2945/2609 2498/2808/2497 2496/2806/2495
f 235/265/235 234/263/234 2610/2945/2609 2611/2946/2610
f 2612/2947/2203 2611/2946/2610 2610/2945/2609 2495/2805/2494
f 2493/2803/2492 2492/2802/2490 2612/2947/2203 2495/2805/2494
f 2613/2948/2611 2614/2949/2612 2615/2950/2613 2616/2951/2614
f 2617/2952/2615 2618/2953/2616 2615/2950/2613 2614/2949/2612
f 2619/2954/2617 2620/2955/2618 2614/2949/2612 2613/2948/2611
f 2260/2537/2260 2617/2952/2615 2614/2949/2612 2620/2955/2618
f 2621/2956/2619 2263/2540/2263 2620/2955/2618 2619/2954/2617
f 2261/2538/2261 2260/2537/2260 2620/2955/2618 2263/2540/2263
f 2622/2957/2620 208/232/208 2621/2956/2619 2619/2954/2617
f 207/231/207 2266/2543/2266 2621/2956/2619 208/232/208
f 2264/2541/2264 2263/2540/2263 2621/2956/2619 2266/2543/2266
f 2623/2958/2621 2624/2959/2622 2622/2957/2620 2625/2960/2623
f 209/233/209 208/232/208 2622/2957/2620 2624/2959/2622
f 2613/2948/2611 2625/2960/2623 2622/2957/2620 2619/2954/2617
f 2626/2961/2624 2627/2962/2625 2624/2959/2622 2623/2958/2621
f 210/234/210 209/233/209 2624/2959/2622 2627/2962/2625
f 2628/2963/2626 2629/2964/2627 2627/2962/2625 2626/2961/2624
f 2630/2965/2628 210/234/210 2627/2962/2625 2629/2964/2627
f 2631/2966/2629 2632/2967/2630 2630/2965/2628 2633/2968/2631
f 211/235/211 210/234/210 2630/2965/2628 2632/2967/2630
f 2634/2969/2632 2633/2968/2631 2630/2965/2628 2629/2964/2627
f 2635/2970/2633 2633/2968/2631 2634/2969/2632 2636/2971/2634
f 2628/2963/2626 2637/2972/2635 2634/2969/2632 2629/2964/2627
f 2638/2973/2636 2636/2971/2634 2634/2969/2632 2637/2972/2635
f 2639/2974/2637 2636/2971/2634 2638/2973/2636 2640/2975/2638
f 2641/2976/2639 2642/2977/2640 2638/2973/2636 2637/2972/2635
f 2643/2978/2641 2640/2975/2638 2638/2973/2636 2642/2977/2640
f 2644/2979/2642 2640/2975/2638 2643/2978/2641 2645/2980/2643
f 2646/2981/2644 2647/2982/2645 2648/2983/2646 2649/2984/2647
f 2644/2979/2642 2645/2980/2643 2648/2983/2646 2647/2982/2645
f 2650/2985/2648 2651/2986/2649 2647/2982/2645 2646/2981/2644
f 2652/2987/2650 2644/2979/2642 2647/2982/2645 2651/2986/2649
f 2653/2988/2651 2654/2989/2652 2652/2987/2650 2651/2986/2649
f 2655/2990/2653 2639/2974/2637 2652/2987/2650 2654/2989/2652
f 2640/2975/2638 2644/2979/2642 2652/2987/2650 2639/2974/2637
f 2656/2991/2654 2657/2992/2655 2655/2990/2653 2654/2989/2652
f 2658/2993/2656 2635/2970/2633 2655/2990/2653 2657/2992/2655
f 2636/2971/2634 2639/2974/2637 2655/2990/2653 2635/2970/2633
f 2659/2994/2657 2660/2995/2658 2658/2993/2656 2657/2992/2655
f 2661/2996/2659 2631/2966/2629 2658/2993/2656 2660/2995/2658
f 2633/2968/2631 2635/2970/2633 2658/2993/2656 2631/2966/2629
f 2662/2997/2660 2663/2998/2661 2661/2996/2659 2660/2995/2658
f 2664/2999/2662 2665/3000/2663 2661/3001/2659 2663/3002/2661
f 2632/2967/2630 2631/2966/2629 2661/2996/2659 2665/3003/2663
f 151/171/151 152/172/152 2665/3000/2663 2664/2999/2662
f 211/235/211 2632/2967/2630 2665/3003/2663 152/236/152
f 2666/3004/2664 2667/3005/2665 2664/2999/2662 2663/3002/2661
f 149/169/149 151/171/151 2664/2999/2662 2667/3005/2665
f 2668/3006/2666 2669/3007/2667 2667/3005/2665 2666/3004/2664
f 2670/3008/2668 149/169/149 2667/3005/2665 2669/3007/2667
f 214/241/214 215/242/215 2670/3008/2668 2669/3007/2667
f 219/246/219 2671/3009/2669 2670/3008/2668 215/242/215
f 150/170/150 149/169/149 2670/3008/2668 2671/3009/2669
f 2672/3010/2670 2673/3011/2671 2671/3009/2669 219/246/219
f 154/174/154 150/170/150 2671/3009/2669 2673/3011/2671
f 2674/3012/2672 2675/3013/2673 2673/3011/2671 2672/3010/2670
f 2676/3014/2674 154/174/154 2673/3011/2671 2675/3013/2673
f 2677/3015/2675 2678/3016/2676 2676/3014/2674 2675/3013/2673
f 2679/3017/2677 2680/3018/2678 2676/3014/2674 2678/3016/2676
f 148/168/148 154/174/154 2676/3014/2674 2680/3018/2678
f 2681/3019/2679 2276/2565/2276 2680/3018/2678 2679/3017/2677
f 145/165/145 148/168/148 2680/3018/2678 2276/2565/2276
f 2682/3020/2680 2683/3021/2681 2681/3019/2679 2679/3017/2677
f 2684/3022/2682 2279/3023/2279 2681/3019/2679 2683/3021/2681
f 2277/2566/2277 2276/2565/2276 2681/3019/2679 2279/3023/2279
f 2685/3024/2683 2686/3025/2684 2684/3022/2682 2683/3021/2681
f 2687/3026/2685 2688/3027/2686 2684/3028/2682 2686/3029/2684
f 2280/2569/2280 2279/2568/2279 2684/3028/2682 2688/3027/2686
f 2689/3030/2687 2690/3031/2688 2688/3027/2686 2687/3026/2685
f 2281/2572/2281 2280/2569/2280 2688/3027/2686 2690/3031/2688
f 2691/3032/2689 2692/3033/2690 2690/3031/2688 2689/3030/2687
f 2283/2574/2283 2281/2572/2281 2690/3031/2688 2692/3033/2690
f 2693/3034/2691 2694/3035/2692 2692/3033/2690 2691/3032/2689
f 2285/2576/2285 2283/2574/2283 2692/3033/2690 2694/3035/2692
f 2695/3036/2693 2696/3037/2694 2694/3035/2692 2693/3034/2691
f 2697/3038/2695 2285/2576/2285 2694/3035/2692 2696/3037/2694
f 2286/2577/2286 2285/2576/2285 2697/3038/2695 2288/2580/2288
f 2698/3039/2696 2699/3040/2697 2697/3038/2695 2696/3037/2694
f 2700/3041/2698 2288/2580/2288 2697/3038/2695 2699/3040/2697
f 2289/2581/2289 2288/2580/2288 2700/3041/2698 2292/2585/2292
f 2701/3042/2699 259/290/259 2700/3041/2698 2699/3040/2697
f 256/287/256 2292/2585/2292 2700/3041/2698 259/290/259
f 2698/3039/2696 2702/3043/2700 2701/3042/2699 2699/3040/2697
f 2703/3044/2701 2704/3045/2702 2701/3042/2699 2702/3043/2700
f 260/291/260 259/290/259 2701/3042/2699 2704/3045/2702
f 2705/3046/2703 2706/3047/2704 2704/3045/2702 2703/3044/2701
f 2707/3048/2705 260/291/260 2704/3045/2702 2706/3047/2704
f 257/288/257 260/291/260 2707/3048/2705 2708/3049/2706
f 2709/3050/2707 2710/3051/2708 2707/3052/2705 2706/3053/2704
f 2711/3054/2709 2708/3055/2706 2707/3052/2705 2710/3051/2708
f 216/243/216 2708/3055/2706 2711/3054/2709 217/244/217
f 2674/3012/2672 2672/3010/2670 2711/3054/2709 2710/3051/2708
f 219/246/219 217/244/217 2711/3054/2709 2672/3010/2670
f 2712/3056/2710 2674/3012/2672 2710/3051/2708 2709/3050/2707
f 2713/3057/2711 2714/3058/2712 2712/3056/2710 2709/3050/2707
f 2715/3059/2713 2677/3015/2675 2712/3056/2710 2714/3058/2712
f 2675/3013/2673 2674/3012/2672 2712/3056/2710 2677/3015/2675
f 2716/3060/2714 2717/3061/2715 2715/3059/2713 2714/3058/2712
f 2718/3062/2716 2719/3063/2717 2715/3059/2713 2717/3061/2715
f 2678/3016/2676 2677/3015/2675 2715/3059/2713 2719/3063/2717
f 2720/3064/2718 2682/3020/2680 2719/3063/2717 2718/3062/2716
f 2679/3017/2677 2678/3016/2676 2719/3063/2717 2682/3020/2680
f 2721/3065/2719 2722/3066/2720 2720/3064/2718 2718/3062/2716
f 2723/3067/2721 2685/3024/2683 2720/3064/2718 2722/3066/2720
f 2683/3021/2681 2682/3020/2680 2720/3064/2718 2685/3024/2683
f 2724/3068/2722 2725/3069/2723 2723/3067/2721 2722/3066/2720
f 2726/3070/2724 2727/3071/2725 2723/3067/2721 2725/3069/2723
f 2686/3025/2684 2685/3024/2683 2723/3067/2721 2727/3071/2725
f 2728/3072/2726 2729/3073/2727 2727/3074/2725 2726/3075/2724
f 2687/3026/2685 2686/3029/2684 2727/3074/2725 2729/3073/2727
f 2730/3076/2728 2731/3077/2729 2729/3073/2727 2728/3072/2726
f 2689/3030/2687 2687/3026/2685 2729/3073/2727 2731/3077/2729
f 2732/3078/2730 2733/3079/2731 2731/3077/2729 2730/3076/2728
f 2691/3032/2689 2689/3030/2687 2731/3077/2729 2733/3079/2731
f 2734/3080/2732 2735/3081/2733 2733/3079/2731 2732/3078/2730
f 2693/3034/2691 2691/3032/2689 2733/3079/2731 2735/3081/2733
f 2736/3082/2734 2737/3083/2735 2735/3081/2733 2734/3080/2732
f 2695/3036/2693 2693/3034/2691 2735/3081/2733 2737/3083/2735
f 2738/3084/2736 2739/3085/2737 2737/3083/2735 2736/3082/2734
f 2740/3086/2738 2695/3036/2693 2737/3083/2735 2739/3085/2737
f 2696/3037/2694 2695/3036/2693 2740/3086/2738 2698/3039/2696
f 2741/3087/2739 2742/3088/2740 2740/3086/2738 2739/3085/2737
f 2702/3043/2700 2698/3039/2696 2740/3086/2738 2742/3088/2740
f 2743/3089/2741 2744/3090/2742 2742/3088/2740 2741/3087/2739
f 2703/3044/2701 2702/3043/2700 2742/3088/2740 2744/3090/2742
f 2745/3091/2743 2746/3092/2744 2744/3090/2742 2743/3089/2741
f 2705/3046/2703 2703/3044/2701 2744/3090/2742 2746/3092/2744
f 2747/3093/2745 2748/3094/2746 2746/3095/2744 2745/3096/2743
f 2713/3057/2711 2705/3097/2703 2746/3095/2744 2748/3094/2746
f 2749/3098/2747 2716/3060/2714 2748/3094/2746 2747/3093/2745
f 2714/3058/2712 2713/3057/2711 2748/3094/2746 2716/3060/2714
f 2750/3099/2748 2751/3100/2749 2749/3098/2747 2747/3093/2745
f 2752/3101/2750 2753/3102/2751 2749/3098/2747 2751/3100/2749
f 2717/3061/2715 2716/3060/2714 2749/3098/2747 2753/3102/2751
f 2754/3103/2752 2721/3065/2719 2753/3102/2751 2752/3101/2750
f 2718/3062/2716 2717/3061/2715 2753/3102/2751 2721/3065/2719
f 2755/3104/2753 2756/3105/2754 2754/3103/2752 2752/3101/2750
f 2757/3106/2755 2724/3068/2722 2754/3103/2752 2756/3105/2754
f 2722/3066/2720 2721/3065/2719 2754/3103/2752 2724/3068/2722
f 2758/3107/2756 2759/3108/2757 2757/3106/2755 2756/3105/2754
f 2760/3109/2758 2761/3110/2759 2757/3106/2755 2759/3108/2757
f 2725/3069/2723 2724/3068/2722 2757/3106/2755 2761/3110/2759
f 2762/3111/2760 2763/3112/2761 2761/3110/2759 2760/3109/2758
f 2726/3070/2724 2725/3069/2723 2761/3110/2759 2763/3112/2761
f 2764/3113/2762 2765/3114/2763 2763/3115/2761 2762/3116/2760
f 2728/3072/2726 2726/3075/2724 2763/3115/2761 2765/3114/2763
f 2766/3117/2764 2767/3118/2765 2765/3114/2763 2764/3113/2762
f 2730/3076/2728 2728/3072/2726 2765/3114/2763 2767/3118/2765
f 2768/3119/2766 2769/3120/2767 2767/3118/2765 2766/3117/2764
f 2732/3078/2730 2730/3076/2728 2767/3118/2765 2769/3120/2767
f 2770/3121/2768 2771/3122/2769 2769/3120/2767 2768/3119/2766
f 2734/3080/2732 2732/3078/2730 2769/3120/2767 2771/3122/2769
f 2772/3123/2770 2773/3124/2771 2771/3122/2769 2770/3121/2768
f 2736/3082/2734 2734/3080/2732 2771/3122/2769 2773/3124/2771
f 2774/3125/2772 2775/3126/2773 2773/3124/2771 2772/3123/2770
f 2738/3084/2736 2736/3082/2734 2773/3124/2771 2775/3126/2773
f 2776/3127/2774 2777/3128/2775 2775/3126/2773 2774/3125/2772
f 2778/3129/2776 2738/3084/2736 2775/3126/2773 2777/3128/2775
f 2739/3085/2737 2738/3084/2736 2778/3129/2776 2741/3087/2739
f 2779/3130/2777 2780/3131/2778 2778/3129/2776 2777/3128/2775
f 2743/3089/2741 2741/3087/2739 2778/3129/2776 2780/3131/2778
f 2781/3132/2779 2782/3133/2780 2780/3131/2778 2779/3130/2777
f 2745/3091/2743 2743/3089/2741 2780/3131/2778 2782/3133/2780
f 2783/3134/2781 2750/3099/2748 2782/3135/2780 2781/3136/2779
f 2747/3093/2745 2745/3096/2743 2782/3135/2780 2750/3099/2748
f 2784/3137/2782 2785/3138/2783 2783/3134/2781 2781/3136/2779
f 2786/3139/2784 2787/3140/2785 2783/3134/2781 2785/3138/2783
f 2751/3100/2749 2750/3099/2748 2783/3134/2781 2787/3140/2785
f 2788/3141/2786 2755/3104/2753 2787/3140/2785 2786/3139/2784
f 2752/3101/2750 2751/3100/2749 2787/3140/2785 2755/3104/2753
f 2789/3142/2787 2790/3143/2788 2788/3141/2786 2786/3139/2784
f 2791/3144/2789 2758/3107/2756 2788/3141/2786 2790/3143/2788
f 2756/3105/2754 2755/3104/2753 2788/3141/2786 2758/3107/2756
f 2792/3145/2790 2793/3146/2791 2791/3144/2789 2790/3143/2788
f 2794/3147/2792 2795/3148/2793 2791/3144/2789 2793/3146/2791
f 2759/3108/2757 2758/3107/2756 2791/3144/2789 2795/3148/2793
f 2796/3149/2794 2797/3150/2795 2795/3148/2793 2794/3147/2792
f 2760/3109/2758 2759/3108/2757 2795/3148/2793 2797/3150/2795
f 2798/3151/2796 2799/3152/2797 2797/3150/2795 2796/3149/2794
f 2762/3111/2760 2760/3109/2758 2797/3150/2795 2799/3152/2797
f 2800/3153/2798 2801/3154/2799 2799/3155/2797 2798/3156/2796
f 2764/3113/2762 2762/3116/2760 2799/3155/2797 2801/3154/2799
f 2802/3157/2800 2803/3158/2801 2801/3154/2799 2800/3153/2798
f 2766/3117/2764 2764/3113/2762 2801/3154/2799 2803/3158/2801
f 2804/3159/2802 2805/3160/2803 2803/3158/2801 2802/3157/2800
f 2768/3119/2766 2766/3117/2764 2803/3158/2801 2805/3160/2803
f 2806/3161/2804 2807/3162/2805 2805/3160/2803 2804/3159/2802
f 2770/3121/2768 2768/3119/2766 2805/3160/2803 2807/3162/2805
f 2808/3163/2806 2809/3164/2807 2807/3162/2805 2806/3161/2804
f 2772/3123/2770 2770/3121/2768 2807/3162/2805 2809/3164/2807
f 2810/3165/2808 2811/3166/2809 2809/3164/2807 2808/3163/2806
f 2774/3125/2772 2772/3123/2770 2809/3164/2807 2811/3166/2809
f 2812/3167/2810 2813/3168/2811 2811/3166/2809 2810/3165/2808
f 2776/3127/2774 2774/3125/2772 2811/3166/2809 2813/3168/2811
f 2814/3169/2812 2815/3170/2813 2813/3168/2811 2812/3167/2810
f 2816/3171/2814 2776/3127/2774 2813/3168/2811 2815/3170/2813
f 2777/3128/2775 2776/3127/2774 2816/3171/2814 2779/3130/2777
f 2817/3172/2815 2784/3173/2782 2816/3171/2814 2815/3170/2813
f 2781/3132/2779 2779/3130/2777 2816/3171/2814 2784/3173/2782
f 2814/3169/2812 2818/3174/2816 2817/3172/2815 2815/3170/2813
f 2819/3175/2817 2820/3176/2818 2817/3177/2815 2818/3178/2816
f 2785/3138/2783 2784/3137/2782 2817/3177/2815 2820/3176/2818
f 2821/3179/2819 2789/3142/2787 2820/3176/2818 2819/3175/2817
f 2786/3139/2784 2785/3138/2783 2820/3176/2818 2789/3142/2787
f 2822/3180/2820 2823/3181/2821 2821/3179/2819 2819/3175/2817
f 2824/3182/2822 2792/3145/2790 2821/3179/2819 2823/3181/2821
f 2790/3143/2788 2789/3142/2787 2821/3179/2819 2792/3145/2790
f 2825/3183/2823 2826/3184/2824 2824/3182/2822 2823/3181/2821
f 2827/3185/2825 2828/3186/2826 2824/3182/2822 2826/3184/2824
f 2793/3146/2791 2792/3145/2790 2824/3182/2822 2828/3186/2826
f 2829/3187/2827 2830/3188/2828 2828/3186/2826 2827/3185/2825
f 2794/3147/2792 2793/3146/2791 2828/3186/2826 2830/3188/2828
f 111/3189/111 2831/3190/2829 2830/3188/2828 2829/3187/2827
f 2796/3149/2794 2794/3147/2792 2830/3188/2828 2831/3190/2829
f 110/3191/110 2832/3192/2830 2831/3190/2829 111/3189/111
f 2798/3151/2796 2796/3149/2794 2831/3190/2829 2832/3192/2830
f 109/129/109 2833/3193/2831 2832/3194/2830 110/130/110
f 2800/3153/2798 2798/3156/2796 2832/3194/2830 2833/3193/2831
f 2834/3195/2832 2835/3196/2833 2833/3193/2831 109/129/109
f 2802/3157/2800 2800/3153/2798 2833/3193/2831 2835/3196/2833
f 115/135/115 2836/3197/2834 2835/3196/2833 2834/3195/2832
f 2804/3159/2802 2802/3157/2800 2835/3196/2833 2836/3197/2834
f 114/134/114 117/137/117 2836/3197/2834 115/135/115
f 2806/3161/2804 2804/3159/2802 2836/3197/2834 117/137/117
f 108/128/108 2837/3198/2835 2834/3195/2832 109/129/109
f 112/132/112 115/135/115 2834/3195/2832 2837/3198/2835
f 2838/3199/2836 2839/3200/2837 2837/3198/2835 108/128/108
f 2840/3201/2838 112/3202/112 2837/3203/2835 2839/3204/2837
f 2841/3205/2839 2842/3206/2840 2840/3201/2838 2839/3204/2837
f 2843/3207/2841 2844/3208/2842 2840/3201/2838 2842/3206/2840
f 113/3209/113 112/3202/112 2840/3201/2838 2844/3208/2842
f 116/3210/116 113/3209/113 2844/3208/2842 2845/3211/2843
f 2846/3212/2844 2845/3211/2843 2844/3208/2842 2843/3207/2841
f 2810/3165/2808 2845/3213/2843 2846/3214/2844 2812/3167/2810
f 2847/3215/2845 2848/3216/2846 2846/3212/2844 2843/3207/2841
f 2814/3169/2812 2812/3167/2810 2846/3214/2844 2848/3217/2846
f 2849/3218/2847 2850/3219/2848 2848/3216/2846 2847/3215/2845
f 2818/3174/2816 2814/3169/2812 2848/3217/2846 2850/3220/2848
f 2851/3221/2849 2822/3180/2820 2850/3219/2848 2849/3218/2847
f 2819/3222/2817 2818/3174/2816 2850/3220/2848 2822/3223/2820
f 2852/3224/2850 2853/3225/2851 2851/3221/2849 2849/3218/2847
f 2854/3226/2852 2825/3183/2823 2851/3221/2849 2853/3225/2851
f 2823/3181/2821 2822/3180/2820 2851/3221/2849 2825/3183/2823
f 2826/3184/2824 2825/3183/2823 2854/3226/2852 2855/3227/2853
f 2841/3205/2839 2856/3228/2854 2855/3227/2853 2857/3229/2855
f 2827/3185/2825 2826/3184/2824 2855/3227/2853 2856/3228/2854
f 2839/3200/2837 2838/3199/2836 2856/3230/2854 2841/3231/2839
f 2829/3187/2827 2827/3185/2825 2856/3228/2854 2838/3232/2836
f 2854/3226/2852 2858/3233/2856 2857/3229/2855 2855/3227/2853
f 2842/3206/2840 2841/3205/2839 2857/3229/2855 2859/3234/2857
f 2843/3207/2841 2842/3206/2840 2859/3234/2857 2847/3215/2845
f 2849/3218/2847 2847/3215/2845 2859/3234/2857 2852/3224/2850
f 2808/3163/2806 116/136/116 2845/3213/2843 2810/3165/2808
f 111/131/111 2829/3235/2827 2838/3199/2836 108/128/108
f 117/137/117 116/136/116 2808/3163/2806 2806/3161/2804
f 2706/3053/2704 2705/3097/2703 2713/3057/2711 2709/3050/2707
f 262/293/262 257/288/257 2708/3049/2706 216/3236/216
f 2860/3237/2858 214/241/214 2669/3007/2667 2668/3006/2666
f 2861/3238/2859 2862/3239/2860 2860/3240/2858 2863/3241/2861
f 213/240/213 214/241/214 2860/3237/2858 2862/3242/2860
f 2864/3243/2862 2863/3241/2861 2860/3240/2858 2668/3244/2666
f 2865/3245/2863 2863/3241/2861 2864/3243/2862 2866/3246/2864
f 2666/3247/2664 2867/3248/2865 2864/3243/2862 2668/3244/2666
f 2868/3249/2866 2866/3246/2864 2864/3243/2862 2867/3248/2865
f 2869/3250/2867 2866/3246/2864 2868/3249/2866 2870/3251/2868
f 2662/2997/2660 2871/3252/2869 2868/3249/2866 2867/3248/2865
f 2872/3253/2870 2870/3251/2868 2868/3249/2866 2871/3252/2869
f 2873/3254/2871 2870/3251/2868 2872/3253/2870 2874/3255/2872
f 2659/2994/2657 2875/3256/2873 2872/3253/2870 2871/3252/2869
f 2876/3257/2874 2874/3255/2872 2872/3253/2870 2875/3256/2873
f 2877/3258/2875 2874/3255/2872 2876/3257/2874 2878/3259/2876
f 2656/2991/2654 2879/3260/2877 2876/3257/2874 2875/3256/2873
f 2880/3261/2878 2878/3259/2876 2876/3257/2874 2879/3260/2877
f 2881/3262/2879 2878/3259/2876 2880/3261/2878 2882/3263/2880
f 2653/2988/2651 2883/3264/2881 2880/3261/2878 2879/3260/2877
f 2884/3265/2882 2882/3263/2880 2880/3261/2878 2883/3264/2881
f 2885/3266/2883 2882/3263/2880 2884/3265/2882 2886/3267/2884
f 2650/2985/2648 2887/3268/2885 2884/3265/2882 2883/3264/2881
f 2888/3269/2886 2886/3267/2884 2884/3265/2882 2887/3268/2885
f 2889/3270/2887 2886/3267/2884 2888/3269/2886 2890/3271/2888
f 2891/3272/2889 2892/3273/2890 2888/3269/2886 2887/3268/2885
f 2893/3274/2891 2890/3271/2888 2888/3269/2886 2892/3273/2890
f 2894/3275/2892 2890/3271/2888 2893/3274/2891 2895/3276/2893
f 2896/3277/2894 2897/3278/2895 2893/3274/2891 2892/3273/2890
f 2898/3279/2896 2895/3276/2893 2893/3274/2891 2897/3278/2895
f 2899/3280/2897 2895/3276/2893 2898/3279/2896 2900/3281/2898
f 2901/3282/2899 2902/3283/2900 2903/3284/2901 2904/3285/2902
f 2899/3280/2897 2900/3281/2898 2903/3284/2901 2902/3283/2900
f 2905/3286/2903 2906/3287/2904 2902/3283/2900 2901/3282/2899
f 2907/3288/2905 2899/3280/2897 2902/3283/2900 2906/3287/2904
f 2908/3289/2906 2909/3290/2907 2907/3288/2905 2906/3287/2904
f 2910/3291/2908 2894/3275/2892 2907/3288/2905 2909/3290/2907
f 2895/3276/2893 2899/3280/2897 2907/3288/2905 2894/3275/2892
f 2911/3292/2909 2912/3293/2910 2910/3291/2908 2909/3290/2907
f 2913/3294/2911 2889/3270/2887 2910/3291/2908 2912/3293/2910
f 2890/3271/2888 2894/3275/2892 2910/3291/2908 2889/3270/2887
f 2914/3295/2912 2915/3296/2913 2913/3294/2911 2912/3293/2910
f 2916/3297/2914 2885/3266/2883 2913/3294/2911 2915/3296/2913
f 2886/3267/2884 2889/3270/2887 2913/3294/2911 2885/3266/2883
f 2917/3298/2915 2918/3299/2916 2916/3297/2914 2915/3296/2913
f 2919/3300/2917 2881/3262/2879 2916/3297/2914 2918/3299/2916
f 2882/3263/2880 2885/3266/2883 2916/3297/2914 2881/3262/2879
f 2920/3301/2918 2921/3302/2919 2919/3300/2917 2918/3299/2916
f 2922/3303/2920 2877/3258/2875 2919/3300/2917 2921/3302/2919
f 2878/3259/2876 2881/3262/2879 2919/3300/2917 2877/3258/2875
f 2923/3304/2921 2924/3305/2922 2922/3303/2920 2921/3302/2919
f 2925/3306/2923 2873/3254/2871 2922/3303/2920 2924/3305/2922
f 2874/3255/2872 2877/3258/2875 2922/3303/2920 2873/3254/2871
f 2926/3307/2924 2927/3308/2925 2925/3306/2923 2924/3305/2922
f 2928/3309/2926 2869/3250/2867 2925/3306/2923 2927/3308/2925
f 2870/3251/2868 2873/3254/2871 2925/3306/2923 2869/3250/2867
f 2929/3310/2927 2930/3311/2928 2928/3309/2926 2927/3308/2925
f 2931/3312/2929 2865/3245/2863 2928/3309/2926 2930/3311/2928
f 2866/3246/2864 2869/3250/2867 2928/3309/2926 2865/3245/2863
f 2932/3313/2930 2933/3314/2931 2931/3312/2929 2930/3311/2928
f 2934/3315/2932 2861/3238/2859 2931/3312/2929 2933/3314/2931
f 2863/3241/2861 2865/3245/2863 2931/3312/2929 2861/3238/2859
f 2935/3316/2933 2936/3317/2934 2934/3318/2932 2933/3319/2931
f 2937/3320/2935 2938/3321/2936 2934/3318/2932 2936/3317/2934
f 2862/3322/2860 2861/3323/2859 2934/3318/2932 2938/3321/2936
f 200/223/200 201/224/201 2938/3324/2936 2937/3325/2935
f 213/240/213 2862/3242/2860 2938/3326/2936 201/237/201
f 2939/3327/2937 2940/3328/2938 2937/3320/2935 2936/3317/2934
f 199/222/199 200/223/200 2937/3325/2935 2940/3329/2938
f 2623/2958/2621 2625/2960/2623 2941/3330/2939 2942/3331/2940
f 2613/2948/2611 2616/2951/2614 2941/3330/2939 2625/2960/2623
f 2626/2961/2624 2623/2958/2621 2942/3331/2940 2943/3332/2941
f 2628/2963/2626 2626/2961/2624 2943/3332/2941 2944/3333/2942
f 2637/2972/2635 2628/2963/2626 2944/3333/2942 2641/2976/2639
f 2892/3273/2890 2891/3272/2889 2945/3334/2943 2896/3277/2894
f 2646/2981/2644 2649/2984/2647 2945/3334/2943 2891/3272/2889
f 2946/3335/2944 182/205/182 2947/3336/2945 2948/3337/2946
f 185/208/185 2949/3338/2947 2947/3336/2945 182/205/182
f 188/211/188 2950/3339/2948 2949/3338/2947 185/208/185
f 2901/3282/2899 2904/3285/2902 2950/3339/2948 188/211/188
f 2951/3340/2949 2952/3341/2950 2946/3335/2944 2948/3337/2946
f 2953/3342/2951 2954/3343/2952 2946/3335/2944 2952/3341/2950
f 183/206/183 182/205/182 2946/3335/2944 2954/3343/2952
f 2955/3344/2953 2956/3345/2954 2954/3343/2952 2953/3342/2951
f 186/209/186 183/206/183 2954/3343/2952 2956/3345/2954
f 2957/3346/2955 2958/3347/2956 2956/3345/2954 2955/3344/2953
f 2959/3348/2957 186/209/186 2956/3345/2954 2958/3347/2956
f 2960/3349/2958 2908/3289/2906 2959/3348/2957 2958/3347/2956
f 2906/3287/2904 2905/3286/2903 2959/3348/2957 2908/3289/2906
f 187/210/187 186/209/186 2959/3348/2957 2905/3286/2903
f 2957/3346/2955 2961/3350/2959 2960/3349/2958 2958/3347/2956
f 2962/3351/2960 2911/3292/2909 2960/3349/2958 2961/3350/2959
f 2909/3290/2907 2908/3289/2906 2960/3349/2958 2911/3292/2909
f 2963/3352/2961 2964/3353/2962 2962/3351/2960 2961/3350/2959
f 2965/3354/2963 2914/3295/2912 2962/3351/2960 2964/3353/2962
f 2912/3293/2910 2911/3292/2909 2962/3351/2960 2914/3295/2912
f 2966/3355/2964 2967/3356/2965 2965/3354/2963 2964/3353/2962
f 2968/3357/2966 2917/3298/2915 2965/3354/2963 2967/3356/2965
f 2915/3296/2913 2914/3295/2912 2965/3354/2963 2917/3298/2915
f 2969/3358/2967 2970/3359/2968 2968/3357/2966 2967/3356/2965
f 2971/3360/2969 2920/3301/2918 2968/3357/2966 2970/3359/2968
f 2918/3299/2916 2917/3298/2915 2968/3357/2966 2920/3301/2918
f 2972/3361/2970 2973/3362/2971 2971/3360/2969 2970/3359/2968
f 2974/3363/2972 2923/3304/2921 2971/3360/2969 2973/3362/2971
f 2921/3302/2919 2920/3301/2918 2971/3360/2969 2923/3304/2921
f 2975/3364/2973 2976/3365/2974 2974/3363/2972 2973/3362/2971
f 2977/3366/2975 2926/3307/2924 2974/3363/2972 2976/3365/2974
f 2924/3305/2922 2923/3304/2921 2974/3363/2972 2926/3307/2924
f 2978/3367/2976 2979/3368/2977 2977/3366/2975 2976/3365/2974
f 2980/3369/2978 2929/3310/2927 2977/3366/2975 2979/3368/2977
f 2927/3308/2925 2926/3307/2924 2977/3366/2975 2929/3310/2927
f 2981/3370/2979 2982/3371/2980 2980/3372/2978 2979/3373/2977
f 2983/3374/2981 2932/3375/2930 2980/3372/2978 2982/3371/2980
f 2930/3311/2928 2929/3310/2927 2980/3369/2978 2932/3313/2930
f 2984/3376/2982 2985/3377/2983 2983/3374/2981 2982/3371/2980
f 2986/3378/2984 2935/3316/2933 2983/3374/2981 2985/3377/2983
f 2933/3319/2931 2932/3375/2930 2983/3374/2981 2935/3316/2933
f 2936/3317/2934 2935/3316/2933 2986/3378/2984 2939/3327/2937
f 2987/3379/2985 2988/3380/2986 2989/3381/2987 2990/3382/2988
f 2952/3341/2950 2951/3340/2949 2989/3381/2987 2988/3380/2986
f 2991/3383/2989 2992/3384/2990 2988/3380/2986 2987/3379/2985
f 2953/3342/2951 2952/3341/2950 2988/3380/2986 2992/3384/2990
f 2993/3385/2991 2994/3386/2992 2992/3384/2990 2991/3383/2989
f 2955/3344/2953 2953/3342/2951 2992/3384/2990 2994/3386/2992
f 2995/3387/2993 2996/3388/2994 2994/3386/2992 2993/3385/2991
f 2957/3346/2955 2955/3344/2953 2994/3386/2992 2996/3388/2994
f 2997/3389/2995 2963/3352/2961 2996/3388/2994 2995/3387/2993
f 2961/3350/2959 2957/3346/2955 2996/3388/2994 2963/3352/2961
f 2998/3390/2996 2999/3391/2997 2997/3389/2995 2995/3387/2993
f 3000/3392/2998 2966/3355/2964 2997/3389/2995 2999/3391/2997
f 2964/3353/2962 2963/3352/2961 2997/3389/2995 2966/3355/2964
f 3001/3393/2999 3002/3394/3000 3000/3392/2998 2999/3391/2997
f 3003/3395/3001 2969/3358/2967 3000/3392/2998 3002/3394/3000
f 2967/3356/2965 2966/3355/2964 3000/3392/2998 2969/3358/2967
f 3004/3396/3002 3005/3397/3003 3003/3395/3001 3002/3394/3000
f 3006/3398/3004 2972/3361/2970 3003/3395/3001 3005/3397/3003
f 2970/3359/2968 2969/3358/2967 3003/3395/3001 2972/3361/2970
f 3007/3399/3005 3008/3400/3006 3006/3398/3004 3005/3397/3003
f 3009/3401/3007 2975/3364/2973 3006/3398/3004 3008/3400/3006
f 2973/3362/2971 2972/3361/2970 3006/3398/3004 2975/3364/2973
f 3010/3402/3008 3011/3403/3009 3009/3404/3007 3008/3405/3006
f 3012/3406/3010 2978/3407/2976 3009/3404/3007 3011/3403/3009
f 2976/3365/2974 2975/3364/2973 3009/3401/3007 2978/3367/2976
f 3013/3408/3011 3014/3409/3012 3012/3406/3010 3011/3403/3009
f 3015/3410/3013 2981/3370/2979 3012/3406/3010 3014/3409/3012
f 2979/3373/2977 2978/3407/2976 3012/3406/3010 2981/3370/2979
f 2982/3371/2980 2981/3370/2979 3015/3410/3013 2984/3376/2982
f 3016/3411/3014 3017/3412/3015 3018/3413/3016 3019/3414/3017
f 2987/3379/2985 2990/3382/2988 3018/3413/3016 3017/3412/3015
f 175/198/175 3020/3415/3018 3017/3412/3015 3016/3411/3014
f 2991/3383/2989 2987/3379/2985 3017/3412/3015 3020/3415/3018
f 178/201/178 3021/3416/3019 3020/3415/3018 175/198/175
f 2993/3385/2991 2991/3383/2989 3020/3415/3018 3021/3416/3019
f 181/204/181 2998/3390/2996 3021/3416/3019 178/201/178
f 2995/3387/2993 2993/3385/2991 3021/3416/3019 2998/3390/2996
f 3022/3417/3020 3023/3418/3021 3016/3419/3014 3019/3420/3017
f 176/199/176 175/198/175 3016/3411/3014 3023/3421/3021
f 3024/3422/3022 3025/3423/3023 3023/3418/3021 3022/3417/3020
f 179/202/179 176/199/176 3023/3421/3021 3025/3424/3023
f 3026/3425/3024 3027/3426/3025 3025/3423/3023 3024/3422/3022
f 3028/3427/3026 179/3428/179 3025/3423/3023 3027/3426/3025
f 3029/3429/3027 3030/3430/3028 3028/3427/3026 3027/3426/3025
f 3004/3396/3002 3031/3431/3029 3028/3432/3026 3030/3433/3028
f 180/203/180 179/202/179 3028/3432/3026 3031/3431/3029
f 3002/3394/3000 3001/3393/2999 3031/3431/3029 3004/3396/3002
f 181/204/181 180/203/180 3031/3431/3029 3001/3393/2999
f 3032/3434/3030 3007/3435/3005 3030/3430/3028 3029/3429/3027
f 3005/3397/3003 3004/3396/3002 3030/3433/3028 3007/3399/3005
f 3033/3436/3031 3034/3437/3032 3032/3434/3030 3029/3429/3027
f 3035/3438/3033 3010/3402/3008 3032/3434/3030 3034/3437/3032
f 3008/3405/3006 3007/3435/3005 3032/3434/3030 3010/3402/3008
f 3011/3403/3009 3010/3402/3008 3035/3438/3033 3013/3408/3011
f 3027/3426/3025 3026/3425/3024 3033/3436/3031 3029/3429/3027
f 2998/3390/2996 181/204/181 3001/3393/2999 2999/3391/2997
f 3036/3439/3034 3037/3440/3035 3038/3441/3036 3039/3442/3037
f 3040/3443/3038 3041/3444/3039 3038/3441/3036 3037/3440/3035
f 3042/3445/3040 3043/3446/3041 3040/3443/3038 3037/3440/3035
f 3044/3447/3042 3045/3448/3043 3040/3443/3038 3043/3446/3041
f 3046/3449/3044 3041/3444/3039 3040/3443/3038 3045/3448/3043
f 3047/3450/3045 3048/3451/3046 3046/3449/3044 3045/3448/3043
f 3049/3452/3047 3050/3453/3048 3051/3454/3049 3052/3455/3050
f 3053/3456/3051 3054/3457/3052 3051/3454/3049 3050/3453/3048
f 3055/3458/3053 3056/3459/3054 3050/3453/3048 3049/3452/3047
f 3057/3460/3055 3053/3456/3051 3050/3453/3048 3056/3459/3054
f 9/11/9 3053/3456/3051 3057/3460/3055 10/12/10
f 3058/3461/3056 3059/3462/3057 3057/3460/3055 3056/3459/3054
f 3060/3463/3058 10/12/10 3057/3460/3055 3059/3462/3057
f 7/9/7 10/12/10 3060/3463/3058 3061/3464/3059
f 251/282/251 254/285/254 3060/3463/3058 3059/3462/3057
f 3062/3465/3060 3061/3464/3059 3060/3463/3058 254/285/254
f 220/3466/220 3061/3464/3059 3062/3465/3060 3063/3467/3061
f 253/284/253 3064/3468/3062 3062/3465/3060 254/285/254
f 3065/3469/3063 3063/3467/3061 3062/3465/3060 3064/3468/3062
f 3066/3470/3064 3067/3471/3065 3065/3469/3063 3064/3468/3062
f 280/314/280 279/313/279 3065/3472/3063 3067/3473/3065
f 3068/3474/3066 3063/3475/3061 3065/3472/3063 279/313/279
f 261/292/261 262/293/262 3068/3474/3066 279/313/279
f 216/243/216 218/245/218 3068/3476/3066 262/3477/262
f 220/3466/220 3063/3467/3061 3068/3478/3066 218/3479/218
f 3069/3480/3067 3070/3481/3068 3067/3482/3065 3066/3483/3064
f 281/315/281 280/318/280 3067/3482/3065 3070/3481/3068
f 295/334/295 281/315/281 3070/3481/3068 3071/3484/3069
f 3072/3485/3070 3071/3484/3069 3070/3481/3068 3069/3480/3067
f 3073/3486/3071 3071/3484/3069 3072/3485/3070 3074/3487/3072
f 3075/3488/3073 3076/3489/3074 3072/3485/3070 3069/3480/3067
f 3077/3490/3075 3074/3487/3072 3072/3485/3070 3076/3489/3074
f 3078/3491/3076 3074/3487/3072 3077/3490/3075 3079/3492/3077
f 3080/3493/3078 3081/3494/3079 3077/3490/3075 3076/3489/3074
f 3082/3495/3080 3079/3492/3077 3077/3490/3075 3081/3494/3079
f 3083/3496/3081 3079/3492/3077 3082/3495/3080 3084/3497/3082
f 3085/3498/3083 3086/3499/3084 3082/3500/3080 3081/3501/3079
f 3087/3502/3085 3084/3503/3082 3082/3500/3080 3086/3499/3084
f 3088/3504/3086 3084/3503/3082 3087/3502/3085 3089/3505/3087
f 3090/3506/3088 3091/3507/3089 3087/3502/3085 3086/3499/3084
f 3092/3508/3090 3089/3505/3087 3087/3502/3085 3091/3507/3089
f 3093/3509/3091 3089/3505/3087 3092/3508/3090 3094/3510/3092
f 3095/3511/3093 3096/3512/3094 3092/3508/3090 3091/3507/3089
f 3097/3513/3095 3094/3510/3092 3092/3508/3090 3096/3512/3094
f 3098/3514/3096 3094/3510/3092 3097/3513/3095 3099/3515/3097
f 3100/3516/3098 3101/3517/3099 3097/3513/3095 3096/3512/3094
f 3102/3518/3100 3099/3515/3097 3097/3513/3095 3101/3517/3099
f 3103/3519/3101 3099/3515/3097 3102/3518/3100 3104/3520/3102
f 3105/3521/3103 3106/3522/3104 3102/3518/3100 3101/3517/3099
f 3107/3523/3105 3104/3520/3102 3102/3518/3100 3106/3522/3104
f 3108/3524/3106 3104/3520/3102 3107/3523/3105 3109/3525/3107
f 2353/2652/2353 3110/3526/3108 3111/3527/3109 3112/3528/3110
f 3108/3524/3106 3109/3525/3107 3111/3527/3109 3110/3526/3108
f 2349/2648/2349 2348/2647/2348 3110/3526/3108 2353/2652/2353
f 3113/3529/3111 3108/3524/3106 3110/3526/3108 2348/2647/2348
f 2344/2643/2344 2343/2642/2343 3113/3529/3111 2348/2647/2348
f 3114/3530/3112 3103/3519/3101 3113/3529/3111 2343/2642/2343
f 3104/3520/3102 3108/3524/3106 3113/3529/3111 3103/3519/3101
f 2339/2638/2339 2338/2637/2338 3114/3530/3112 2343/2642/2343
f 3115/3531/3113 3098/3514/3096 3114/3530/3112 2338/2637/2338
f 3099/3515/3097 3103/3519/3101 3114/3530/3112 3098/3514/3096
f 2334/2633/2334 2333/2632/2333 3115/3531/3113 2338/2637/2338
f 3116/3532/3114 3093/3509/3091 3115/3531/3113 2333/2632/2333
f 3094/3510/3092 3098/3514/3096 3115/3531/3113 3093/3509/3091
f 2329/2625/2329 2328/2624/2328 3116/3532/3114 2333/2632/2333
f 3117/3533/3115 3088/3504/3086 3116/3532/3114 2328/2624/2328
f 3089/3505/3087 3093/3509/3091 3116/3532/3114 3088/3504/3086
f 2324/2620/2324 2323/2619/2323 3117/3534/3115 2328/3535/2328
f 3118/3536/3116 3083/3496/3081 3117/3534/3115 2323/2619/2323
f 3084/3503/3082 3088/3504/3086 3117/3533/3115 3083/3537/3081
f 2319/2615/2319 2318/2614/2318 3118/3536/3116 2323/2619/2323
f 3119/3538/3117 3078/3491/3076 3118/3536/3116 2318/2614/2318
f 3079/3492/3077 3083/3496/3081 3118/3536/3116 3078/3491/3076
f 2314/2610/2314 2313/2609/2313 3119/3538/3117 2318/2614/2318
f 3120/3539/3118 3073/3486/3071 3119/3538/3117 2313/2609/2313
f 3074/3487/3072 3078/3491/3076 3119/3538/3117 3073/3486/3071
f 2309/2605/2309 2308/2604/2308 3120/3539/3118 2313/2609/2313
f 292/330/292 295/334/295 3120/3539/3118 2308/2604/2308
f 3071/3484/3069 3073/3486/3071 3120/3539/3118 295/334/295
f 2354/2653/2354 2353/2652/2353 3112/3528/3110 2358/2657/2358
f 3121/3540/3119 3122/3541/3120 3123/3542/3121 3124/3543/3122
f 3125/3544/3123 3126/3545/3124 3123/3542/3121 3122/3541/3120
f 3127/3546/3125 3128/3547/3126 3125/3544/3123 3122/3541/3120
f 3129/3548/3127 2364/2663/2364 3125/3544/3123 3128/3547/3126
f 2367/2666/2367 3126/3545/3124 3125/3544/3123 2364/2663/2364
f 3130/3549/3128 3131/3550/3129 3129/3548/3127 3128/3547/3126
f 3132/3551/3130 3133/3552/3131 3129/3548/3127 3131/3550/3129
f 2365/2664/2365 2364/2663/2364 3129/3548/3127 3133/3552/3131
f 3134/3553/3132 2374/2673/2374 3133/3552/3131 3132/3551/3130
f 2368/2667/2368 2365/2664/2365 3133/3552/3131 2374/2673/2374
f 3135/3554/3133 3136/3555/3134 3134/3553/3132 3132/3551/3130
f 3137/3556/3135 2377/2676/2377 3134/3553/3132 3136/3555/3134
f 2375/2674/2375 2374/2673/2374 3134/3553/3132 2377/2676/2377
f 3138/3557/3136 3139/3558/3137 3137/3556/3135 3136/3555/3134
f 3140/3559/3138 3141/3560/3139 3137/3556/3135 3139/3558/3137
f 2378/2677/2378 2377/2676/2377 3137/3556/3135 3141/3560/3139
f 2397/2696/2397 3142/3561/3140 3141/3560/3139 3140/3559/3138
f 2379/2678/2379 2378/2677/2378 3141/3560/3139 3142/3561/3140
f 2395/2694/2395 2394/2693/2394 3142/3561/3140 2397/2696/2397
f 2382/2681/2382 2379/2678/2379 3142/3561/3140 2394/2693/2394
f 2398/2697/2398 2397/2696/2397 3140/3559/3138 2400/2699/2400
f 3143/3562/3141 2400/2699/2400 3140/3559/3138 3139/3558/3137
f 2401/2700/2401 2400/2699/2400 3143/3562/3141 2403/2702/2403
f 3138/3557/3136 3144/3563/3142 3143/3562/3141 3139/3558/3137
f 2405/2704/2405 2403/2702/2403 3143/3562/3141 3144/3563/3142
f 3145/3564/3143 3146/3565/3144 3144/3563/3142 3138/3557/3136
f 2407/2706/2407 2405/2704/2405 3144/3563/3142 3146/3565/3144
f 3147/3566/3145 3148/3567/3146 3146/3565/3144 3145/3564/3143
f 2413/2712/2413 2407/2706/2407 3146/3565/3144 3148/3567/3146
f 3149/3568/3147 2416/2715/2416 3148/3567/3146 3147/3566/3145
f 2414/2713/2414 2413/2712/2413 3148/3567/3146 2416/2715/2416
f 3150/3569/3148 3151/3570/3149 3149/3568/3147 3147/3566/3145
f 3152/3571/3150 2419/2718/2419 3149/3568/3147 3151/3570/3149
f 2417/2716/2417 2416/2715/2416 3149/3568/3147 2419/2718/2419
f 3153/3572/3151 3154/3573/3152 3152/3571/3150 3155/3574/3153
f 2420/2719/2420 2419/2718/2419 3152/3571/3150 3154/3573/3152
f 3130/3549/3128 3155/3574/3153 3152/3571/3150 3151/3570/3149
f 3156/3575/3154 3157/3576/3155 3154/3573/3152 3153/3572/3151
f 2421/2720/2421 2420/2719/2420 3154/3573/3152 3157/3576/3155
f 3158/3577/3156 3159/3578/3157 3157/3576/3155 3156/3575/3154
f 2423/2722/2423 2421/2720/2421 3157/3576/3155 3159/3578/3157
f 3160/3579/3158 3161/3580/3159 3159/3578/3157 3158/3577/3156
f 2425/2724/2425 2423/2722/2423 3159/3578/3157 3161/3580/3159
f 3162/3581/3160 3163/3582/3161 3161/3580/3159 3160/3579/3158
f 2427/2726/2427 2425/2724/2425 3161/3580/3159 3163/3582/3161
f 3164/3583/3162 3165/3584/3163 3163/3582/3161 3162/3581/3160
f 2429/2728/2429 2427/2726/2427 3163/3582/3161 3165/3584/3163
f 3166/3585/3164 3167/3586/3165 3165/3584/3163 3164/3583/3162
f 2431/2730/2431 2429/2728/2429 3165/3584/3163 3167/3586/3165
f 3168/3587/3166 3169/3588/3167 3167/3586/3165 3166/3585/3164
f 2433/3589/2433 2431/2730/2431 3167/3586/3165 3169/3588/3167
f 3170/3590/3168 3171/3591/3169 3169/3592/3167 3168/3593/3166
f 2435/2737/2435 2433/2733/2433 3169/3592/3167 3171/3591/3169
f 3172/3594/3170 3173/3595/3171 3171/3591/3169 3170/3590/3168
f 2437/2739/2437 2435/2737/2435 3171/3591/3169 3173/3595/3171
f 3174/3596/3172 3175/3597/3173 3173/3595/3171 3172/3594/3170
f 3176/3598/3174 2437/2739/2437 3173/3595/3171 3175/3597/3173
f 3177/3599/3175 3178/3600/3176 3176/3598/3174 3175/3597/3173
f 3179/3601/3177 2440/2742/2440 3176/3598/3174 3178/3600/3176
f 2438/2740/2438 2437/2739/2437 3176/3598/3174 2440/2742/2440
f 3180/3602/3178 3181/3603/3179 3179/3601/3177 3178/3600/3176
f 2449/2751/2449 2443/2745/2443 3179/3601/3177 3181/3603/3179
f 2441/2743/2441 2440/2742/2440 3179/3601/3177 2443/2745/2443
f 3182/3604/3180 3183/3605/3181 3181/3603/3179 3180/3602/3178
f 2447/2749/2447 2449/2751/2449 3181/3603/3179 3183/3605/3181
f 3184/3606/3182 3185/3607/3183 3183/3605/3181 3182/3604/3180
f 2450/2752/2450 2447/2749/2447 3183/3605/3181 3185/3607/3183
f 3186/3608/3184 3187/3609/3185 3185/3607/3183 3184/3606/3182
f 2452/2754/2452 2450/2752/2450 3185/3607/3183 3187/3609/3185
f 3188/3610/3186 3189/3611/3187 3187/3609/3185 3186/3608/3184
f 2454/2756/2454 2452/2754/2452 3187/3609/3185 3189/3611/3187
f 3190/3612/3188 3191/3613/3189 3189/3611/3187 3188/3610/3186
f 2456/2758/2456 2454/2756/2454 3189/3611/3187 3191/3613/3189
f 3192/3614/3190 3193/3615/3191 3191/3613/3189 3190/3612/3188
f 2458/2760/2458 2456/2758/2456 3191/3613/3189 3193/3615/3191
f 3194/3616/3192 3195/3617/3193 3193/3615/3191 3192/3614/3190
f 2460/2762/2460 2458/2760/2458 3193/3615/3191 3195/3617/3193
f 3196/3618/3194 3197/3619/3195 3195/3617/3193 3194/3616/3192
f 2462/2764/2462 2460/2762/2460 3195/3617/3193 3197/3619/3195
f 2484/2794/2484 3198/3620/3196 3197/3619/3195 3196/3618/3194
f 2464/2766/2464 2462/2764/2462 3197/3619/3195 3198/3620/3196
f 2481/2789/2481 2480/2788/2480 3198/3620/3196 2484/2794/2484
f 2466/2768/2466 2464/2766/2464 3198/3620/3196 2480/2788/2480
f 2485/2795/2485 2484/2794/2484 3196/3618/3194 2487/2797/2487
f 3199/3621/3197 2487/2797/2487 3196/3618/3194 3194/3616/3192
f 2488/2798/2488 2487/2797/2487 3199/3621/3197 3200/3622/3198
f 3192/3614/3190 3201/3623/3199 3199/3621/3197 3194/3616/3192
f 3202/3624/3200 3200/3622/3198 3199/3621/3197 3201/3623/3199
f 3203/3625/3201 3204/3626/3202 3202/3624/3200 3201/3623/3199
f 3205/3627/3203 3206/3628/3204 3207/3629/3205 3208/3630/3206
f 3209/3631/3207 3210/3632/3208 3207/3629/3205 3206/3628/3204
f 3211/3633/3209 3212/3634/3210 3209/3631/3207 3206/3628/3204
f 3213/3635/3211 3036/3439/3034 3209/3631/3207 3212/3634/3210
f 3039/3442/3037 3210/3632/3208 3209/3631/3207 3036/3439/3034
f 3214/3636/3212 3215/3637/3213 3213/3635/3211 3212/3634/3210
f 3216/3638/3214 3042/3445/3040 3213/3635/3211 3215/3637/3213
f 3037/3440/3035 3036/3439/3034 3213/3635/3211 3042/3445/3040
f 244/275/244 3217/3639/3215 3216/3638/3214 3215/3637/3213
f 3218/3640/3216 3219/3641/3217 3216/3638/3214 3217/3639/3215
f 3043/3446/3041 3042/3445/3040 3216/3638/3214 3219/3641/3217
f 3220/3642/3218 3221/3643/3219 3219/3641/3217 3218/3640/3216
f 3044/3447/3042 3043/3446/3041 3219/3641/3217 3221/3643/3219
f 3222/3644/3220 3223/3645/3221 3221/3643/3219 3220/3642/3218
f 3224/3646/3222 3044/3447/3042 3221/3643/3219 3223/3645/3221
f 3225/3647/3223 3226/3648/3224 3224/3649/3222 3223/3650/3221
f 3227/3651/3225 3047/3652/3045 3224/3649/3222 3226/3648/3224
f 3045/3448/3043 3044/3447/3042 3224/3646/3222 3047/3450/3045
f 3228/3653/3226 3229/3654/3227 3227/3651/3225 3226/3648/3224
f 3230/3655/3228 3231/3656/3229 3227/3651/3225 3229/3654/3227
f 3048/3451/3046 3047/3450/3045 3227/3657/3225 3231/3658/3229
f 3232/3659/3230 3233/3660/3231 3234/3661/3232 3235/3662/3233
f 3049/3452/3047 3052/3455/3050 3234/3661/3232 3233/3660/3231
f 3236/3663/3234 3237/3664/3235 3233/3660/3231 3232/3659/3230
f 3055/3458/3053 3049/3452/3047 3233/3660/3231 3237/3664/3235
f 3238/3665/3236 3239/3666/3237 3237/3664/3235 3236/3663/3234
f 3240/3667/3238 3055/3458/3053 3237/3664/3235 3239/3666/3237
f 3056/3459/3054 3055/3458/3053 3240/3667/3238 3058/3461/3056
f 3241/3668/3239 3242/3669/3240 3240/3667/3238 3239/3666/3237
f 250/281/250 3058/3461/3056 3240/3667/3238 3242/3669/3240
f 3243/3670/3241 3244/3671/3242 3242/3669/3240 3241/3668/3239
f 247/278/247 250/281/250 3242/3669/3240 3244/3671/3242
f 3218/3640/3216 3217/3639/3215 3244/3671/3242 3243/3670/3241
f 244/275/244 247/278/247 3244/3671/3242 3217/3639/3215
f 3245/3672/3243 3246/3673/3244 3243/3670/3241 3241/3668/3239
f 3220/3642/3218 3218/3640/3216 3243/3670/3241 3246/3673/3244
f 3247/3674/3245 3248/3675/3246 3246/3673/3244 3245/3672/3243
f 3222/3644/3220 3220/3642/3218 3246/3673/3244 3248/3675/3246
f 3249/3676/3247 3250/3677/3248 3248/3678/3246 3247/3679/3245
f 3251/3680/3249 3222/3681/3220 3248/3678/3246 3250/3677/3248
f 3252/3682/3250 3253/3683/3251 3251/3680/3249 3250/3677/3248
f 3254/3684/3252 3225/3647/3223 3251/3680/3249 3253/3683/3251
f 3223/3645/3221 3222/3644/3220 3251/3685/3249 3225/3686/3223
f 3255/3687/3253 3256/3688/3254 3254/3684/3252 3253/3683/3251
f 3257/3689/3255 3228/3653/3226 3254/3684/3252 3256/3688/3254
f 3226/3648/3224 3225/3647/3223 3254/3684/3252 3228/3653/3226
f 3258/3690/3256 3259/3691/3257 3257/3689/3255 3256/3688/3254
f 3260/3692/3258 3261/3693/3259 3257/3689/3255 3259/3691/3257
f 3229/3654/3227 3228/3653/3226 3257/3689/3255 3261/3693/3259
f 3262/3694/3260 3263/3695/3261 3261/3693/3259 3260/3692/3258
f 3230/3655/3228 3229/3654/3227 3261/3693/3259 3263/3695/3261
f 3264/3696/3262 3265/3697/3263 3266/3698/3264 3267/3699/3265
f 3232/3659/3230 3235/3662/3233 3266/3698/3264 3265/3697/3263
f 3268/3700/3266 3269/3701/3267 3265/3697/3263 3264/3696/3262
f 3236/3663/3234 3232/3659/3230 3265/3697/3263 3269/3701/3267
f 3270/3702/3268 3271/3703/3269 3269/3701/3267 3268/3700/3266
f 3238/3665/3236 3236/3663/3234 3269/3701/3267 3271/3703/3269
f 3249/3704/3247 3247/3674/3245 3271/3703/3269 3270/3702/3268
f 3245/3672/3243 3238/3665/3236 3271/3703/3269 3247/3674/3245
f 3272/3705/3270 3273/3706/3271 3270/3707/3268 3268/3708/3266
f 3274/3709/3272 3249/3676/3247 3270/3707/3268 3273/3706/3271
f 3275/3710/3273 3276/3711/3274 3274/3709/3272 3273/3706/3271
f 3277/3712/3275 3252/3682/3250 3274/3709/3272 3276/3711/3274
f 3250/3677/3248 3249/3676/3247 3274/3709/3272 3252/3682/3250
f 3278/3713/3276 3279/3714/3277 3277/3712/3275 3276/3711/3274
f 3280/3715/3278 3255/3687/3253 3277/3712/3275 3279/3714/3277
f 3253/3683/3251 3252/3682/3250 3277/3712/3275 3255/3687/3253
f 3281/3716/3279 3282/3717/3280 3280/3715/3278 3279/3714/3277
f 3283/3718/3281 3258/3690/3256 3280/3715/3278 3282/3717/3280
f 3256/3688/3254 3255/3687/3253 3280/3715/3278 3258/3690/3256
f 3284/3719/3282 3285/3720/3283 3283/3718/3281 3282/3717/3280
f 3286/3721/3284 3287/3722/3285 3283/3718/3281 3285/3720/3283
f 3259/3691/3257 3258/3690/3256 3283/3718/3281 3287/3722/3285
f 3288/3723/3286 3289/3724/3287 3287/3722/3285 3286/3721/3284
f 3260/3692/3258 3259/3691/3257 3287/3722/3285 3289/3724/3287
f 3290/3725/3288 3291/3726/3289 3289/3724/3287 3288/3723/3286
f 3262/3694/3260 3260/3692/3258 3289/3724/3287 3291/3726/3289
f 3292/3727/3290 3293/3728/3291 3294/3729/3292 3295/3730/3293
f 3264/3731/3262 3267/3732/3265 3294/3729/3292 3293/3728/3291
f 3296/3733/3294 3272/3705/3270 3293/3728/3291 3292/3727/3290
f 3268/3708/3266 3264/3731/3262 3293/3728/3291 3272/3705/3270
f 3297/3734/3295 3298/3735/3296 3296/3733/3294 3292/3727/3290
f 3299/3736/3297 3275/3710/3273 3296/3733/3294 3298/3735/3296
f 3273/3706/3271 3272/3705/3270 3296/3733/3294 3275/3710/3273
f 3300/3737/3298 3301/3738/3299 3299/3736/3297 3298/3735/3296
f 3302/3739/3300 3278/3713/3276 3299/3736/3297 3301/3738/3299
f 3276/3711/3274 3275/3710/3273 3299/3736/3297 3278/3713/3276
f 3303/3740/3301 3304/3741/3302 3302/3739/3300 3301/3738/3299
f 3305/3742/3303 3281/3716/3279 3302/3739/3300 3304/3741/3302
f 3279/3714/3277 3278/3713/3276 3302/3739/3300 3281/3716/3279
f 3306/3743/3304 3307/3744/3305 3305/3742/3303 3304/3741/3302
f 3308/3745/3306 3284/3719/3282 3305/3742/3303 3307/3744/3305
f 3282/3717/3280 3281/3716/3279 3305/3742/3303 3284/3719/3282
f 3309/3746/3307 3310/3747/3308 3308/3748/3306 3307/3749/3305
f 172/195/172 3311/3750/3309 3308/3748/3306 3310/3747/3308
f 3285/3720/3283 3284/3719/3282 3308/3745/3306 3311/3751/3309
f 167/190/167 3312/3752/3310 3311/3750/3309 172/195/172
f 3286/3721/3284 3285/3720/3283 3311/3751/3309 3312/3753/3310
f 166/189/166 3313/3754/3311 3312/3752/3310 167/190/167
f 3288/3723/3286 3286/3721/3284 3312/3753/3310 3313/3755/3311
f 3314/3756/3312 3315/3757/3313 3313/3754/3311 166/189/166
f 3290/3725/3288 3288/3723/3286 3313/3755/3311 3315/3758/3313
f 3316/3759/3314 3317/3760/3315 3318/3761/3316 3319/3762/3317
f 3297/3734/3295 3320/3763/3318 3318/3761/3316 3317/3760/3315
f 3321/3764/3319 3300/3737/3298 3317/3760/3315 3316/3759/3314
f 3298/3735/3296 3297/3734/3295 3317/3760/3315 3300/3737/3298
f 5/5/5 3322/3765/3320 3321/3764/3319 3316/3759/3314
f 3323/3766/3321 3303/3740/3301 3321/3764/3319 3322/3765/3320
f 3301/3738/3299 3300/3737/3298 3321/3764/3319 3303/3740/3301
f 159/3767/159 3324/3768/3322 3323/3766/3321 3322/3765/3320
f 3325/3769/3323 3306/3743/3304 3323/3766/3321 3324/3768/3322
f 3304/3741/3302 3303/3740/3301 3323/3766/3321 3306/3743/3304
f 157/177/157 156/176/156 3325/3769/3323 3324/3768/3322
f 165/187/165 3309/3746/3307 3325/3770/3323 156/188/156
f 3307/3749/3305 3306/3771/3304 3325/3770/3323 3309/3746/3307
f 158/178/158 157/177/157 3324/3768/3322 159/3767/159
f 2/8/2 159/3767/159 3322/3765/3320 5/5/5
f 6/6/6 5/5/5 3316/3759/3314 3319/3762/3317
f 169/192/169 173/196/173 3314/3756/3312 166/189/166
f 165/187/165 164/186/164 3310/3747/3308 3309/3746/3307
f 171/194/171 172/195/172 3310/3747/3308 164/186/164
f 3295/3730/3293 3320/3763/3318 3297/3734/3295 3292/3727/3290
f 3239/3666/3237 3238/3665/3236 3245/3672/3243 3241/3668/3239
f 245/276/245 244/275/244 3215/3637/3213 3214/3636/3212
f 248/279/248 245/276/245 3214/3636/3212 3326/3772/3324
f 3211/3633/3209 3326/3772/3324 3214/3636/3212 3212/3634/3210
f 3327/3773/3325 248/279/248 3326/3772/3324 3328/3774/3326
f 3329/3775/3327 3328/3774/3326 3326/3772/3324 3211/3633/3209
f 3330/3776/3328 3328/3777/3326 3329/3778/3327 3331/3779/3329
f 3206/3628/3204 3205/3627/3203 3329/3775/3327 3211/3633/3209
f 3332/3780/3330 3331/3779/3329 3329/3778/3327 3205/3781/3203
f 3333/3782/3331 3331/3779/3329 3332/3780/3330 3334/3783/3332
f 3208/3784/3206 3335/3785/3333 3332/3780/3330 3205/3781/3203
f 3336/3786/3334 3334/3783/3332 3332/3780/3330 3335/3785/3333
f 3337/3787/3335 3334/3783/3332 3336/3786/3334 3338/3788/3336
f 3100/3516/3098 3339/3789/3337 3340/3790/3338 3341/3791/3339
f 3337/3787/3335 3338/3788/3336 3340/3790/3338 3339/3789/3337
f 3096/3512/3094 3095/3511/3093 3339/3789/3337 3100/3516/3098
f 3342/3792/3340 3337/3787/3335 3339/3789/3337 3095/3511/3093
f 3091/3507/3089 3090/3506/3088 3342/3792/3340 3095/3511/3093
f 3343/3793/3341 3333/3782/3331 3342/3792/3340 3090/3506/3088
f 3334/3783/3332 3337/3787/3335 3342/3792/3340 3333/3782/3331
f 3086/3499/3084 3085/3498/3083 3343/3793/3341 3090/3506/3088
f 3344/3794/3342 3330/3776/3328 3343/3793/3341 3085/3498/3083
f 3331/3779/3329 3333/3782/3331 3343/3793/3341 3330/3776/3328
f 3081/3494/3079 3080/3493/3078 3344/3795/3342 3085/3796/3083
f 3345/3797/3343 3327/3798/3325 3344/3795/3342 3080/3493/3078
f 3328/3799/3326 3330/3800/3328 3344/3795/3342 3327/3798/3325
f 3076/3489/3074 3075/3488/3073 3345/3797/3343 3080/3493/3078
f 252/283/252 249/280/249 3345/3801/3343 3075/3802/3073
f 248/279/248 3327/3773/3325 3345/3801/3343 249/280/249
f 3101/3517/3099 3100/3516/3098 3341/3791/3339 3105/3521/3103
f 3346/3803/3344 3347/3804/3345 3348/3805/3346 3349/3806/3347
f 3350/3807/3348 3351/3808/3349 3348/3805/3346 3347/3804/3345
f 3352/3809/3350 3353/3810/3351 3350/3807/3348 3347/3804/3345
f 3354/3811/3352 3121/3540/3119 3350/3807/3348 3353/3810/3351
f 3124/3543/3122 3351/3808/3349 3350/3807/3348 3121/3540/3119
f 3156/3575/3154 3153/3572/3151 3354/3811/3352 3353/3810/3351
f 3155/3574/3153 3127/3546/3125 3354/3811/3352 3153/3572/3151
f 3122/3541/3120 3121/3540/3119 3354/3811/3352 3127/3546/3125
f 3158/3577/3156 3156/3575/3154 3353/3810/3351 3352/3809/3350
f 3346/3803/3344 3355/3812/3353 3352/3809/3350 3347/3804/3345
f 3160/3579/3158 3158/3577/3156 3352/3809/3350 3355/3812/3353
f 3356/3813/3354 3357/3814/3355 3355/3812/3353 3346/3803/3344
f 3162/3581/3160 3160/3579/3158 3355/3812/3353 3357/3814/3355
f 3358/3815/3356 3359/3816/3357 3357/3814/3355 3356/3813/3354
f 3164/3583/3162 3162/3581/3160 3357/3814/3355 3359/3816/3357
f 3360/3817/3358 3361/3818/3359 3359/3816/3357 3358/3815/3356
f 3166/3585/3164 3164/3583/3162 3359/3816/3357 3361/3818/3359
f 3362/3819/3360 3363/3820/3361 3361/3818/3359 3360/3817/3358
f 3168/3587/3166 3166/3585/3164 3361/3818/3359 3363/3820/3361
f 3364/3821/3362 3365/3822/3363 3363/3823/3361 3362/3824/3360
f 3170/3590/3168 3168/3593/3166 3363/3823/3361 3365/3822/3363
f 3366/3825/3364 3367/3826/3365 3365/3822/3363 3364/3821/3362
f 3172/3594/3170 3170/3590/3168 3365/3822/3363 3367/3826/3365
f 224/251/224 223/250/223 3367/3826/3365 3366/3825/3364
f 3174/3596/3172 3172/3594/3170 3367/3826/3365 223/250/223
f 3368/3827/3366 224/251/224 3366/3825/3364 3369/3828/3367
f 3370/3829/3368 3369/3828/3367 3366/3825/3364 3364/3821/3362
f 3362/3824/3360 3371/3830/3369 3370/3829/3368 3364/3821/3362
f 3358/3815/3356 3356/3813/3354 3372/3831/3370 3373/3832/3371
f 3346/3803/3344 3349/3806/3347 3372/3831/3370 3356/3813/3354
f 3360/3817/3358 3358/3815/3356 3373/3832/3371 3374/3833/3372
f 3362/3819/3360 3360/3817/3358 3374/3833/3372 3371/3834/3369
f 221/248/221 224/251/224 3368/3827/3366 3375/3835/3373
f 3376/3836/3374 221/248/221 3375/3835/3373 3377/3837/3375
f 3378/3838/3376 3379/3839/3377 3376/3836/3374 3377/3837/3375
f 3380/3840/3378 3381/3841/3379 3376/3836/3374 3379/3839/3377
f 222/249/222 221/248/221 3376/3836/3374 3381/3841/3379
f 3382/3842/3380 3383/3843/3381 3381/3841/3379 3380/3840/3378
f 225/252/225 222/249/222 3381/3841/3379 3383/3843/3381
f 138/158/138 134/154/134 3383/3843/3381 3382/3842/3380
f 135/155/135 225/252/225 3383/3843/3381 134/154/134
f 3384/3844/3382 3385/3845/3383 3382/3842/3380 3380/3840/3378
f 139/159/139 138/158/138 3382/3842/3380 3385/3845/3383
f 3386/3846/3384 3387/3847/3385 3385/3845/3383 3384/3844/3382
f 140/160/140 139/159/139 3385/3845/3383 3387/3847/3385
f 3388/3848/3386 3389/3849/3387 3387/3847/3385 3386/3846/3384
f 141/161/141 140/160/140 3387/3847/3385 3389/3849/3387
f 3390/3850/3388 3391/3851/3389 3389/3849/3387 3388/3848/3386
f 142/162/142 141/161/141 3389/3849/3387 3391/3851/3389
f 229/256/229 3392/3852/3390 3391/3851/3389 3390/3850/3388
f 3393/3853/3391 142/162/142 3391/3851/3389 3392/3852/3390
f 228/255/228 3394/3854/3392 3392/3852/3390 229/256/229
f 126/146/126 3393/3853/3391 3392/3852/3390 3394/3854/3392
f 3395/3855/3393 3388/3848/3386 3386/3846/3384 3396/3856/3394
f 3397/3857/3395 3396/3856/3394 3386/3846/3384 3384/3844/3382
f 3398/3858/3396 3396/3856/3394 3397/3857/3395 3399/3859/3397
f 3380/3840/3378 3379/3839/3377 3397/3857/3395 3384/3844/3382
f 3378/3838/3376 3399/3859/3397 3397/3857/3395 3379/3839/3377
f 3395/3855/3393 3396/3856/3394 3398/3858/3396 3400/3860/3398
f 3401/3861/3399 3395/3855/3393 3400/3860/3398 3402/3862/3400
f 3403/3863/3401 3401/3861/3399 3402/3862/3400 3404/3864/3402
f 3405/3865/3403 3406/3866/3404 3403/3863/3401 3404/3864/3402
f 3184/3606/3182 3182/3604/3180 3403/3863/3401 3406/3866/3404
f 3180/3602/3178 3401/3861/3399 3403/3863/3401 3182/3604/3180
f 3407/3867/3405 3408/3868/3406 3406/3866/3404 3405/3865/3403
f 3186/3608/3184 3184/3606/3182 3406/3866/3404 3408/3868/3406
f 3409/3869/3407 3410/3870/3408 3408/3868/3406 3407/3867/3405
f 3188/3610/3186 3186/3608/3184 3408/3868/3406 3410/3870/3408
f 3204/3626/3202 3203/3625/3201 3410/3870/3408 3409/3869/3407
f 3190/3612/3188 3188/3610/3186 3410/3870/3408 3203/3625/3201
f 3192/3614/3190 3190/3612/3188 3203/3625/3201 3201/3623/3199
f 3128/3547/3126 3127/3546/3125 3155/3574/3153 3130/3549/3128
f 3131/3550/3129 3130/3549/3128 3151/3570/3149 3150/3569/3148
f 3145/3564/3143 3135/3554/3133 3150/3569/3148 3147/3566/3145
f 3132/3551/3130 3131/3550/3129 3150/3569/3148 3135/3554/3133
f 3136/3555/3134 3135/3554/3133 3145/3564/3143 3138/3557/3136
f 3066/3483/3064 252/3871/252 3075/3488/3073 3069/3480/3067
f 253/284/253 252/283/252 3066/3470/3064 3064/3468/3062
f 202/225/202 7/9/7 3061/3464/3059 220/3466/220
f 250/281/250 251/282/251 3059/3462/3057 3058/3461/3056
f 188/211/188 187/210/187 2905/3286/2903 2901/3282/2899
f 2650/2985/2648 2646/2981/2644 2891/3272/2889 2887/3268/2885
f 2651/2986/2649 2650/2985/2648 2883/3264/2881 2653/2988/2651
f 2654/2989/2652 2653/2988/2651 2879/3260/2877 2656/2991/2654
f 2657/2992/2655 2656/2991/2654 2875/3256/2873 2659/2994/2657
f 2660/2995/2658 2659/2994/2657 2871/3252/2869 2662/2997/2660
f 2663/2998/2661 2662/2997/2660 2867/3248/2865 2666/3247/2664
f 2468/2770/2468 2466/2768/2466 2480/2788/2480 2478/2783/2478
f 2408/2707/2408 2407/2706/2407 2413/2712/2413 2410/2709/2410
f 2389/2688/2389 2382/2681/2382 2394/2693/2394 2391/2690/2391
f 2383/2682/2383 2382/2681/2382 2389/2688/2389 2385/2684/2385
f 2006/2262/2006 2005/2261/2005 2361/2660/2361 2008/2266/2008
f 2356/2655/2356 2357/2656/2357 2361/2660/2361 2005/2261/2005
f 2003/2257/2003 2002/2256/2002 2356/2655/2356 2005/2261/2005
f 2351/2650/2351 2352/2651/2352 2356/2655/2356 2002/2256/2002
f 2000/2252/2000 1999/2251/1999 2351/2650/2351 2002/2256/2002
f 2346/2645/2346 2347/2646/2347 2351/2650/2351 1999/2251/1999
f 1997/2247/1997 1996/2246/1996 2346/2645/2346 1999/2251/1999
f 2341/2640/2341 2342/2641/2342 2346/2645/2346 1996/2246/1996
f 1994/2242/1994 1993/2241/1993 2341/2640/2341 1996/2246/1996
f 2336/2635/2336 2337/2636/2337 2341/2640/2341 1993/2241/1993
f 1991/2237/1991 1990/2236/1990 2336/2635/2336 1993/2241/1993
f 2331/2630/2331 2332/2631/2332 2336/2635/2336 1990/2236/1990
f 1988/2229/1988 1987/2228/1987 2331/2630/2331 1990/2236/1990
f 2326/3872/2326 2327/2629/2327 2331/2630/2331 1987/2228/1987
f 1985/2226/1985 1984/2225/1984 2326/2622/2326 1987/3873/1987
f 2321/2617/2321 2322/2618/2322 2326/2622/2326 1984/2225/1984
f 1982/2223/1982 1981/2222/1981 2321/2617/2321 1984/2225/1984
f 2316/2612/2316 2317/2613/2317 2321/2617/2321 1981/2222/1981
f 1979/2220/1979 1978/2219/1978 2316/2612/2316 1981/2222/1981
f 2311/2607/2311 2312/2608/2312 2316/2612/2316 1978/2219/1978
f 1976/2217/1976 1975/2216/1975 2311/2607/2311 1978/2219/1978
f 2306/2602/2306 2307/2603/2307 2311/2607/2311 1975/2216/1975
f 293/331/293 292/330/292 2308/2604/2308 2304/2600/2304
f 1973/2214/1973 1972/2213/1972 2306/2602/2306 1975/2216/1975
f 2302/2598/2302 2303/2599/2303 2306/2602/2306 1972/2213/1972
f 1970/2211/1970 1969/2210/1969 2302/2598/2302 1972/2213/1972
f 2299/2595/2299 2300/2596/2300 2302/2598/2302 1969/2210/1969
f 1967/2208/1967 1966/2207/1966 2299/2595/2299 1969/2210/1969
f 2295/2588/2295 2296/2591/2296 2299/2595/2299 1966/2207/1966
f 258/289/258 278/312/278 2297/2592/2297 255/286/255
f 1964/2205/1964 296/335/296 2295/2588/2295 1966/2207/1966
f 291/329/291 2291/2589/2291 2295/2588/2295 296/335/296
f 256/287/256 255/286/255 2293/2586/2293 2292/2585/2292
f 204/227/204 203/226/203 2272/3874/2272 2270/2550/2270
f 207/231/207 206/230/206 2267/2544/2267 2266/2543/2266
f 2539/2857/2538 2617/2952/2615 2260/2537/2260 2258/2535/2258
f 2172/2444/2172 2123/2390/2123 2177/2449/2177 2173/2445/2173
f 2167/2439/2167 2126/2393/2126 2172/2444/2172 2168/2440/2168
f 2124/2391/2124 2123/2390/2123 2172/2444/2172 2126/2393/2126
f 2162/2434/2162 2129/2396/2129 2167/2439/2167 2163/2435/2163
f 2127/2394/2127 2126/2393/2126 2167/2439/2167 2129/2396/2129
f 2157/2429/2157 2132/2399/2132 2162/2434/2162 2158/2430/2158
f 2130/2397/2130 2129/2396/2129 2162/2434/2162 2132/2399/2132
f 2152/2424/2152 2135/2402/2135 2157/2429/2157 2153/2425/2153
f 2133/2400/2133 2132/2399/2132 2157/2429/2157 2135/2402/2135
f 276/310/276 2151/2423/2151 2155/2427/2155 273/307/273
f 2136/2403/2136 2135/2402/2135 2152/2424/2152 2138/2405/2138
f 2140/2407/2140 2138/2405/2138 2152/2424/2152 2149/2421/2149
f 271/303/271 240/302/240 2145/3875/2145 2147/2419/2147
f 2045/2306/2045 2044/2305/2044 2054/2315/2054 2047/2308/2047
f 289/325/289 284/320/284 1962/2203/1962 1961/2202/1961
f 3411/3876/3409 343/384/343 1868/2102/1868 3412/3877/3410
f 346/387/346 1864/2098/1864 1868/2102/1868 343/384/343
f 1633/1835/1633 3412/3877/3410 1868/2102/1868 1869/2103/1869
f 344/385/344 343/384/343 3411/3876/3409 329/369/329
f 1630/1832/1630 3413/3878/3411 3411/3876/3409 3412/3877/3410
f 327/367/327 329/369/329 3411/3876/3409 3413/3878/3411
f 1628/1830/1628 1627/1829/1627 3413/3878/3411 1630/1832/1630
f 3414/3879/3412 327/367/327 3413/3878/3411 1627/1829/1627
f 328/368/328 327/367/327 3414/3879/3412 3415/3880/3413
f 1625/1827/1625 1624/1826/1624 3414/3879/3412 1627/1829/1627
f 3416/3881/3414 3415/3880/3413 3414/3879/3412 1624/1826/1624
f 3417/3882/3415 3415/3880/3413 3416/3881/3414 3418/3883/3416
f 1622/1824/1622 1621/1823/1621 3416/3881/3414 1624/1826/1624
f 3419/3884/3417 3418/3883/3416 3416/3881/3414 1621/1823/1621
f 3420/3885/3418 3418/3883/3416 3419/3884/3417 3421/3886/3419
f 1619/1821/1619 1618/1820/1618 3419/3884/3417 1621/1823/1621
f 3422/3887/3420 3421/3886/3419 3419/3884/3417 1618/1820/1618
f 3423/3888/3421 3421/3886/3419 3422/3887/3420 3424/3889/3422
f 1616/1818/1616 1615/1817/1615 3422/3887/3420 1618/1820/1618
f 3425/3890/3423 3424/3889/3422 3422/3887/3420 1615/1817/1615
f 3426/3891/3424 3424/3889/3422 3425/3890/3423 3427/3892/3425
f 1612/1814/1612 3428/3893/3426 3425/3890/3423 1615/1817/1615
f 1540/1739/1540 3427/3892/3425 3425/3890/3423 3428/3893/3426
f 1614/1816/1614 1543/1742/1543 3428/3893/3426 1612/1814/1612
f 1541/1740/1541 1540/1739/1540 3428/3893/3426 1543/1742/1543
f 3429/3894/3427 1829/2063/1829 3426/3891/3424 3427/3892/3425
f 1830/2064/1830 1834/2068/1834 3426/3891/3424 1829/2063/1829
f 3423/3888/3421 3424/3889/3422 3426/3891/3424 1834/2068/1834
f 1825/2059/1825 1829/2063/1829 3429/3894/3427 1824/2058/1824
f 1540/1739/1540 1538/1737/1538 3429/3894/3427 3427/3892/3425
f 1536/1735/1536 1824/2058/1824 3429/3894/3427 1538/1737/1538
f 1835/2069/1835 1839/2073/1839 3423/3888/3421 1834/2068/1834
f 3420/3885/3418 3421/3886/3419 3423/3888/3421 1839/2073/1839
f 1840/2074/1840 1844/2078/1844 3420/3885/3418 1839/2073/1839
f 3417/3882/3415 3418/3883/3416 3420/3885/3418 1844/2078/1844
f 1845/2079/1845 1849/2083/1849 3417/3882/3415 1844/2078/1844
f 328/368/328 3415/3880/3413 3417/3882/3415 1849/2083/1849
f 1631/1833/1631 1630/1832/1630 3412/3877/3410 1633/1835/1633
f 1634/1836/1634 1633/1835/1633 1869/2103/1869 1636/1838/1636
f 349/390/349 326/366/326 1857/2091/1857 348/389/348
f 321/361/321 328/368/328 1849/2083/1849 322/362/322
f 1534/1733/1534 1822/2056/1822 1824/2058/1824 1536/1735/1536
f 1708/1933/1708 1707/1932/1707 1713/1942/1713 1710/1937/1710
f 1403/1592/1403 3430/3895/3428 1705/1930/1705 1404/1593/1404
f 1700/1921/1700 1701/1924/1701 1705/1930/1705 3430/3895/3428
f 1405/1594/1405 1404/1593/1404 1705/1930/1705 1706/1931/1706
f 724/837/724 3431/3896/3429 3430/3895/3428 1403/1592/1403
f 3432/3897/3430 1700/3898/1700 3430/3899/3428 3431/3900/3429
f 709/818/709 596/664/596 3432/3897/3430 3431/3900/3429
f 593/661/593 1695/1914/1695 3432/3897/3430 596/664/596
f 1696/1915/1696 1700/3898/1700 3432/3897/3430 1695/1914/1695
f 723/3901/723 709/818/709 3431/3900/3429 724/3902/724
f 1690/1907/1690 1691/1908/1691 1695/1914/1695 593/661/593
f 474/527/474 3433/3903/3431 1690/1907/1690 593/661/593
f 338/1898/338 1686/1901/1686 1690/1907/1690 3433/3903/3431
f 477/532/477 3434/3904/3432 3433/3905/3431 474/529/474
f 89/104/89 338/3906/338 3433/3905/3431 3434/3904/3432
f 1544/1743/1544 1543/1742/1543 1614/1816/1614 1546/1745/1546
f 1547/1746/1547 1546/1745/1546 1611/1813/1611 1549/1748/1549
f 1555/1754/1555 1553/1752/1553 1608/1810/1608 1558/1757/1558
f 1559/1758/1559 1558/1757/1558 1604/1806/1604 1561/1760/1561
f 1562/1761/1562 1561/1760/1561 1600/1802/1600 1564/1763/1564
f 1565/1764/1565 1564/1763/1564 1596/1798/1596 1567/1766/1567
f 1568/1767/1568 1567/1766/1567 1592/1794/1592 1570/1769/1570
f 1571/1770/1571 1570/1769/1570 1588/1790/1588 1573/1772/1573
f 1079/1245/1079 1078/1244/1078 1521/3907/1521 1081/1247/1081
f 1076/1241/1076 1075/1240/1075 1517/1715/1517 1078/1719/1078
f 1073/1237/1073 1072/1236/1072 1513/1711/1513 1075/1240/1075
f 1070/1233/1070 1069/1232/1069 1509/1707/1509 1072/1236/1072
f 1067/1230/1067 1066/1229/1066 1505/1703/1505 1069/1232/1069
f 1064/1227/1064 1063/1226/1063 1501/1699/1501 1066/1229/1066
f 1061/1224/1061 1060/1223/1060 1497/1695/1497 1063/1226/1063
f 1058/1221/1058 1057/1220/1057 1493/1691/1493 1060/1223/1060
f 1055/1218/1055 1054/1217/1054 1489/1687/1489 1057/1220/1057
f 1052/1215/1052 1051/1214/1051 1485/1683/1485 1054/1217/1054
f 1049/1210/1049 1048/1209/1048 1481/1682/1481 1051/1214/1051
f 1046/1206/1046 1045/1205/1045 1477/1671/1477 1048/1675/1048
f 1041/1201/1041 3435/3908/3433 1472/1666/1472 1043/1203/1043
f 1467/1661/1467 1468/1662/1468 1472/1666/1472 3435/3908/3433
f 1045/1205/1045 1043/1203/1043 1472/1666/1472 1473/1667/1473
f 1039/1199/1039 3436/3909/3434 3435/3908/3433 1041/1201/1041
f 3437/3910/3435 1467/1661/1467 3435/3908/3433 3436/3909/3434
f 3438/3911/3436 3439/3912/3437 3437/3910/3435 3436/3909/3434
f 3440/3913/3438 1462/1656/1462 3437/3910/3435 3439/3912/3437
f 1463/1657/1463 1467/1661/1467 3437/3910/3435 1462/1656/1462
f 3441/3914/3439 3442/3915/3440 3440/3913/3438 3439/3912/3437
f 468/521/468 1457/1651/1457 3440/3913/3438 3442/3915/3440
f 1458/1652/1458 1462/1656/1462 3440/3913/3438 1457/1651/1457
f 3443/3916/3441 3444/3917/3442 3442/3915/3440 3441/3914/3439
f 466/519/466 468/521/468 3442/3915/3440 3444/3917/3442
f 3445/3918/3443 425/3919/425 3444/3917/3442 3443/3916/3441
f 422/516/422 466/519/466 3444/3917/3442 425/3919/425
f 342/383/342 309/348/309 3445/3920/3443 3446/3921/3444
f 310/349/310 425/474/425 3445/3920/3443 309/348/309
f 3447/3922/3445 3446/3923/3444 3445/3918/3443 3443/3916/3441
f 3448/3924/3446 3446/3923/3444 3447/3922/3445 1035/1195/1035
f 3441/3914/3439 3449/3925/3447 3447/3922/3445 3443/3916/3441
f 1036/1196/1036 1035/1195/1035 3447/3922/3445 3449/3925/3447
f 3439/3912/3437 3438/3911/3436 3449/3925/3447 3441/3914/3439
f 1037/1197/1037 1036/1196/1036 3449/3925/3447 3438/3911/3436
f 592/1345/592 510/3926/510 3448/3924/3446 1032/1192/1032
f 342/3927/342 3446/3923/3444 3448/3924/3446 510/3926/510
f 1033/1193/1033 1032/1192/1032 3448/3924/3446 1035/1195/1035
f 1039/1199/1039 1037/1197/1037 3438/3911/3436 3436/3909/3434
f 467/520/467 1453/1647/1453 1457/1651/1457 468/521/468
f 721/834/721 724/837/724 1403/1592/1403 1401/1590/1401
f 718/829/718 719/832/719 1398/1587/1398 1397/1586/1397
f 3450/3928/3448 718/829/718 1397/1586/1397 3451/3929/3449
f 1394/1583/1394 3451/3929/3449 1397/1586/1397 1395/1584/1395
f 21/3930/21 3452/3931/3450 3450/3928/3448 729/847/729
f 717/830/717 718/829/718 3450/3928/3448 3452/3931/3450
f 728/846/728 729/847/729 3450/3928/3448 3451/3929/3449
f 24/26/24 704/811/704 3452/3932/3450 21/23/21
f 697/3933/697 717/830/717 3452/3931/3450 704/3934/704
f 3453/3935/3451 728/846/728 3451/3929/3449 1394/1583/1394
f 710/819/710 728/846/728 3453/3935/3451 712/822/712
f 1392/1581/1392 1391/1580/1391 3453/3935/3451 1394/1583/1394
f 713/823/713 712/822/712 3453/3935/3451 1391/1580/1391
f 1388/1574/1388 713/823/713 1391/1580/1391 1389/1575/1389
f 714/824/714 713/823/713 1388/1574/1388 1578/1777/1578
f 1385/1778/1385 1578/1777/1578 1388/1574/1388 1386/1577/1386
f 331/371/331 330/370/330 1361/1547/1361 1359/1545/1359
f 334/374/334 335/375/335 1356/1542/1356 1355/1541/1355
f 1327/1513/1327 3454/3936/3452 1322/1508/1322 1324/1510/1324
f 3455/3937/3453 1093/1259/1093 1319/1505/1319 1312/1498/1312
f 1091/1257/1091 1090/1256/1090 1319/1505/1319 1093/1259/1093
f 1311/1497/1311 3456/3938/3454 3455/3937/3453 1312/1498/1312
f 3457/3939/3455 1096/1262/1096 3455/3937/3453 3456/3938/3454
f 1094/1260/1094 1093/1259/1093 3455/3937/3453 1096/1262/1096
f 3458/3940/3456 3459/3941/3457 3457/3939/3455 3456/3938/3454
f 3460/3942/3458 1099/1265/1099 3457/3939/3455 3459/3941/3457
f 1097/1263/1097 1096/1262/1096 3457/3939/3455 1099/1265/1099
f 3461/3943/3459 3462/3944/3460 3460/3942/3458 3459/3941/3457
f 3463/3945/3461 1102/1268/1102 3460/3942/3458 3462/3944/3460
f 1100/1266/1100 1099/1265/1099 3460/3942/3458 1102/1268/1102
f 3464/3946/3462 3465/3947/3463 3463/3945/3461 3462/3944/3460
f 3466/3948/3464 1105/1271/1105 3463/3945/3461 3465/3947/3463
f 1103/1269/1103 1102/1268/1102 3463/3945/3461 1105/1271/1105
f 3467/3949/3465 3468/3950/3466 3466/3948/3464 3465/3947/3463
f 3469/3951/3467 1108/1274/1108 3466/3948/3464 3468/3950/3466
f 1106/1272/1106 1105/1271/1105 3466/3948/3464 1108/1274/1108
f 3470/3952/3468 3471/3953/3469 3469/3951/3467 3468/3950/3466
f 3472/3954/3470 1111/1277/1111 3469/3951/3467 3471/3953/3469
f 1109/1275/1109 1108/1274/1108 3469/3951/3467 1111/1277/1111
f 3473/3955/3471 3474/3956/3472 3472/3954/3470 3471/3953/3469
f 3475/3957/3473 1114/1280/1114 3472/3954/3470 3474/3956/3472
f 1112/1278/1112 1111/1277/1111 3472/3954/3470 1114/1280/1114
f 3476/3958/3474 3477/3959/3475 3475/3957/3473 3474/3956/3472
f 3478/3960/3476 1117/1283/1117 3475/3957/3473 3477/3959/3475
f 1115/1281/1115 1114/1280/1114 3475/3957/3473 1117/1283/1117
f 3479/3961/3477 3480/3962/3478 3478/3960/3476 3477/3959/3475
f 3481/3963/3479 1120/1286/1120 3478/3960/3476 3480/3962/3478
f 1118/1284/1118 1117/1283/1117 3478/3960/3476 1120/1286/1120
f 3482/3964/3480 3483/3965/3481 3481/3963/3479 3480/3962/3478
f 3484/3966/3482 1123/1289/1123 3481/3963/3479 3483/3965/3481
f 1121/1287/1121 1120/1286/1120 3481/3963/3479 1123/1289/1123
f 3485/3967/3483 3486/3968/3484 3484/3966/3482 3483/3965/3481
f 3487/3969/3485 1126/1292/1126 3484/3966/3482 3486/3968/3484
f 1124/1290/1124 1123/1289/1123 3484/3966/3482 1126/1292/1126
f 3488/3970/3486 3489/3971/3487 3487/3969/3485 3486/3968/3484
f 3490/3972/3488 1129/1296/1129 3487/3969/3485 3489/3971/3487
f 1127/1293/1127 1126/1292/1126 3487/3969/3485 1129/1296/1129
f 3491/3973/3489 3492/3974/3490 3490/3972/3488 3489/3971/3487
f 3493/3975/3491 1132/3976/1132 3490/3972/3488 3492/3974/3490
f 1130/1297/1130 1129/1296/1129 3490/3972/3488 1132/3976/1132
f 3494/3977/3492 3495/3978/3493 3493/3975/3491 3492/3974/3490
f 1137/1309/1137 1135/1307/1135 3493/3979/3491 3495/3980/3493
f 1133/1302/1133 1132/1301/1132 3493/3979/3491 1135/1307/1135
f 1238/1424/1238 3496/3981/3494 3495/3978/3493 3494/3977/3492
f 1139/1311/1139 1137/1309/1137 3495/3980/3493 3496/3982/3494
f 1234/1419/1234 1233/1418/1233 3496/3981/3494 1238/1424/1238
f 1141/1313/1141 1139/1311/1139 3496/3982/3494 1233/3983/1233
f 1239/1425/1239 1238/1424/1238 3494/3977/3492 1243/1429/1243
f 3491/3973/3489 1243/1429/1243 3494/3977/3492 3492/3974/3490
f 1244/1430/1244 1243/1429/1243 3491/3973/3489 1248/1434/1248
f 3488/3970/3486 1248/1434/1248 3491/3973/3489 3489/3971/3487
f 1249/1435/1249 1248/1434/1248 3488/3970/3486 1253/1439/1253
f 3485/3967/3483 1253/1439/1253 3488/3970/3486 3486/3968/3484
f 1254/1440/1254 1253/1439/1253 3485/3967/3483 1258/1444/1258
f 3482/3964/3480 1258/1444/1258 3485/3967/3483 3483/3965/3481
f 1259/1445/1259 1258/1444/1258 3482/3964/3480 1263/1449/1263
f 3479/3961/3477 1263/1449/1263 3482/3964/3480 3480/3962/3478
f 1264/1450/1264 1263/1449/1263 3479/3961/3477 1268/1454/1268
f 3476/3958/3474 1268/1454/1268 3479/3961/3477 3477/3959/3475
f 1269/1455/1269 1268/1454/1268 3476/3958/3474 1273/1459/1273
f 3473/3955/3471 1273/1459/1273 3476/3958/3474 3474/3956/3472
f 1274/1460/1274 1273/1459/1273 3473/3955/3471 1278/1464/1278
f 3470/3952/3468 1278/1464/1278 3473/3955/3471 3471/3953/3469
f 1279/1465/1279 1278/1464/1278 3470/3952/3468 1283/1469/1283
f 3467/3949/3465 1283/1469/1283 3470/3952/3468 3468/3950/3466
f 1284/1470/1284 1283/1469/1283 3467/3949/3465 1288/1474/1288
f 3464/3946/3462 1288/1474/1288 3467/3949/3465 3465/3947/3463
f 1289/1475/1289 1288/1474/1288 3464/3946/3462 1293/1479/1293
f 3461/3943/3459 1293/1479/1293 3464/3946/3462 3462/3944/3460
f 1294/1480/1294 1293/1479/1293 3461/3943/3459 1298/1484/1298
f 3458/3940/3456 1298/1484/1298 3461/3943/3459 3459/3941/3457
f 1299/1485/1299 1298/1484/1298 3458/3940/3456 1303/1489/1303
f 1311/1497/1311 1303/1489/1303 3458/3940/3456 3456/3938/3454
f 1143/1315/1143 1141/1313/1141 1233/3983/1233 1229/1412/1229
f 1144/1316/1144 1143/1315/1143 1225/1408/1225 1146/1318/1146
f 1147/1319/1147 1146/1318/1146 1221/1404/1221 1149/1321/1149
f 1150/1322/1150 1149/1321/1149 1217/1400/1217 1152/1324/1152
f 1160/1332/1160 1158/1330/1158 1201/1380/1201 1200/1379/1200
f 1182/1361/1182 1184/1363/1184 1200/3984/1200 1196/1375/1196
f 1162/1334/1162 1160/1332/1160 1200/1379/1200 1184/3985/1184
f 1029/1189/1029 592/1345/592 1032/1192/1032 1030/1190/1030
f 858/999/858 861/1002/861 947/1094/947 943/1090/943
f 633/715/633 792/929/792 796/934/796 630/712/630
f 705/812/705 709/818/709 723/3901/723 722/3986/722
f 694/804/694 3497/3987/3495 722/835/722 699/801/699
f 708/817/708 705/816/705 722/835/722 3497/3987/3495
f 3498/3988/3496 3499/3989/3497 3497/3987/3495 694/804/694
f 3500/3990/3498 708/817/708 3497/3987/3495 3499/3989/3497
f 692/3991/692 688/785/688 3500/3990/3498 3499/3989/3497
f 687/784/687 3501/3992/3499 3500/3990/3498 688/785/688
f 707/814/707 708/817/708 3500/3990/3498 3501/3992/3499
f 3502/3993/3500 3503/3994/3501 3501/3992/3499 687/784/687
f 3504/3995/3502 707/814/707 3501/3992/3499 3503/3994/3501
f 503/560/503 502/559/502 3504/3995/3502 3503/3994/3501
f 441/490/441 442/493/442 3504/3995/3502 502/559/502
f 706/815/706 707/814/707 3504/3995/3502 442/493/442
f 3505/3996/3503 503/560/503 3503/3994/3501 3502/3993/3500
f 642/727/642 641/726/641 3505/3996/3503 3502/3993/3500
f 3506/3997/3504 3507/3998/3505 3505/3996/3503 641/726/641
f 501/558/501 503/560/503 3505/3996/3503 3507/3998/3505
f 3508/3999/3506 3509/4000/3507 3507/3998/3505 3506/3997/3504
f 498/555/498 501/558/501 3507/3998/3505 3509/4000/3507
f 451/4001/451 452/4002/452 3509/4000/3507 3508/3999/3506
f 3510/4003/3508 498/555/498 3509/4000/3507 452/4002/452
f 453/504/453 3511/4004/3509 3510/4005/3508 452/503/452
f 431/480/431 430/479/430 3510/4005/3508 3511/4004/3509
f 499/556/499 498/555/498 3510/4003/3508 430/4006/430
f 434/483/434 433/482/433 3511/4004/3509 453/504/453
f 432/481/432 431/480/431 3511/4004/3509 433/482/433
f 509/4007/509 504/4008/504 3508/3999/3506 3506/3997/3504
f 449/4009/449 451/4001/451 3508/3999/3506 504/4008/504
f 644/729/644 509/4007/509 3506/3997/3504 641/726/641
f 645/787/645 642/727/642 3502/3993/3500 687/784/687
f 3512/4010/3510 692/3991/692 3499/3989/3497 3498/3988/3496
f 623/700/623 622/699/622 3512/4011/3510 3513/4012/3511
f 691/792/691 692/793/692 3512/4011/3510 622/699/622
f 3514/4013/3512 3513/4014/3511 3512/4015/3510 3498/4016/3496
f 3515/4017/3513 3513/4014/3511 3514/4013/3512 3516/4018/3514
f 694/796/694 693/795/693 3514/4013/3512 3498/4016/3496
f 3517/4019/3515 3516/4018/3514 3514/4013/3512 693/795/693
f 3518/4020/3516 3516/4018/3514 3517/4019/3515 3519/4021/3517
f 696/798/696 3520/4022/3518 3517/4019/3515 693/795/693
f 3521/4023/3519 3519/4021/3517 3517/4019/3515 3520/4022/3518
f 3522/4024/3520 3519/4021/3517 3521/4023/3519 3523/4025/3521
f 715/825/715 3524/4026/3522 3521/4023/3519 3520/4022/3518
f 3525/4027/3523 3523/4025/3521 3521/4023/3519 3524/4026/3522
f 3526/4028/3524 3523/4025/3521 3525/4027/3523 3527/4029/3525
f 662/751/662 3528/4030/3526 3525/4027/3523 3524/4026/3522
f 3529/4031/3527 3527/4029/3525 3525/4027/3523 3528/4030/3526
f 3530/4032/3528 3527/4029/3525 3529/4031/3527 3531/4033/3529
f 3532/4034/3530 3533/4035/3531 3529/4031/3527 3528/4030/3526
f 3534/4036/3532 3531/4033/3529 3529/4031/3527 3533/4035/3531
f 3535/4037/3533 3531/4033/3529 3534/4036/3532 3536/4038/3534
f 581/649/581 582/650/582 3534/4036/3532 3533/4035/3531
f 3537/4039/3535 3536/4038/3534 3534/4036/3532 582/650/582
f 533/593/533 3536/4038/3534 3537/4039/3535 534/594/534
f 583/651/583 3538/4040/3536 3537/4039/3535 582/650/582
f 535/4041/535 534/594/534 3537/4039/3535 3538/4040/3536
f 569/635/569 568/634/568 3538/4040/3536 583/651/583
f 3539/4042/3537 535/4041/535 3538/4040/3536 568/634/568
f 532/592/532 535/597/535 3539/4043/3537 3540/4044/3538
f 571/639/571 561/624/561 3539/4045/3537 568/4046/568
f 564/627/564 3540/4047/3538 3539/4045/3537 561/624/561
f 520/579/520 3541/4048/3539 3540/4047/3538 564/627/564
f 529/589/529 532/592/532 3540/4044/3538 3541/4049/3539
f 522/584/522 3542/4050/3540 3541/4049/3539 520/4051/520
f 3543/4052/3541 529/589/529 3541/4049/3539 3542/4050/3540
f 3544/4053/3542 3545/4054/3543 3543/4052/3541 3542/4050/3540
f 3546/4055/3544 3547/4056/3545 3543/4052/3541 3545/4054/3543
f 530/590/530 529/589/529 3543/4052/3541 3547/4056/3545
f 3548/4057/3546 3549/4058/3547 3547/4059/3545 3546/4060/3544
f 533/593/533 530/596/530 3547/4059/3545 3549/4058/3547
f 3550/4061/3548 3535/4037/3533 3549/4058/3547 3548/4057/3546
f 3536/4038/3534 533/593/533 3549/4058/3547 3535/4037/3533
f 557/620/557 560/623/560 3550/4061/3548 3548/4057/3546
f 3551/4062/3549 3530/4032/3528 3550/4061/3548 560/623/560
f 3531/4033/3529 3535/4037/3533 3550/4061/3548 3530/4032/3528
f 559/622/559 3552/4063/3550 3551/4062/3549 560/623/560
f 3553/4064/3551 3526/4028/3524 3551/4062/3549 3552/4063/3550
f 3527/4029/3525 3530/4032/3528 3551/4062/3549 3526/4028/3524
f 3554/4065/3552 3555/4066/3553 3553/4064/3551 3552/4063/3550
f 3556/4067/3554 3522/4024/3520 3553/4064/3551 3555/4066/3553
f 3523/4025/3521 3526/4028/3524 3553/4064/3551 3522/4024/3520
f 3557/4068/3555 3558/4069/3556 3556/4067/3554 3555/4066/3553
f 3559/4070/3557 3518/4020/3516 3556/4067/3554 3558/4069/3556
f 3519/4021/3517 3522/4024/3520 3556/4067/3554 3518/4020/3516
f 3560/4071/3558 3561/4072/3559 3559/4073/3557 3558/4074/3556
f 3562/4075/3560 3515/4076/3513 3559/4073/3557 3561/4072/3559
f 3516/4018/3514 3518/4020/3516 3559/4070/3557 3515/4017/3513
f 3563/4077/3561 619/693/619 3562/4075/3560 3561/4072/3559
f 618/692/618 623/4078/623 3562/4075/3560 619/693/619
f 3513/4079/3511 3515/4076/3513 3562/4075/3560 623/4078/623
f 3564/4080/3562 3565/4081/3563 3563/4077/3561 3566/4082/3564
f 615/694/615 619/693/619 3563/4077/3561 3565/4081/3563
f 3560/4071/3558 3566/4082/3564 3563/4077/3561 3561/4072/3559
f 536/599/536 552/615/552 3565/4081/3563 3564/4080/3562
f 553/616/553 615/694/615 3565/4081/3563 552/615/552
f 537/600/537 536/599/536 3564/4080/3562 545/608/545
f 546/609/546 545/608/545 3564/4080/3562 3566/4082/3564
f 549/612/549 546/609/546 3566/4082/3564 3560/4071/3558
f 3557/4068/3555 549/4083/549 3560/4084/3558 3558/4069/3556
f 550/613/550 549/612/549 3557/4085/3555 3567/4086/3565
f 3554/4065/3552 3567/4087/3565 3557/4068/3555 3555/4066/3553
f 551/614/551 550/613/550 3567/4086/3565 3568/4088/3566
f 558/621/558 3568/4089/3566 3567/4087/3565 3554/4065/3552
f 555/618/555 3569/4090/3567 3568/4089/3566 558/621/558
f 3570/4091/3568 551/614/551 3568/4088/3566 3569/4092/3567
f 548/611/548 551/614/551 3570/4091/3568 538/601/538
f 3571/4093/3569 3572/4094/3570 3570/4091/3568 3569/4092/3567
f 527/587/527 538/601/538 3570/4091/3568 3572/4094/3570
f 3545/4054/3543 3544/4053/3542 3572/4094/3570 3571/4093/3569
f 524/583/524 527/587/527 3572/4094/3570 3544/4053/3542
f 555/4095/555 554/4096/554 3571/4093/3569 3569/4092/3567
f 3546/4055/3544 3545/4054/3543 3571/4093/3569 554/4096/554
f 559/622/559 558/621/558 3554/4065/3552 3552/4063/3550
f 554/617/554 557/620/557 3548/4057/3546 3546/4060/3544
f 522/584/522 524/583/524 3544/4053/3542 3542/4050/3540
f 579/647/579 581/649/581 3533/4035/3531 3532/4034/3530
f 662/751/662 660/749/660 3532/4034/3530 3528/4030/3526
f 613/685/613 579/647/579 3532/4034/3530 660/749/660
f 663/752/663 662/751/662 3524/4026/3522 715/825/715
f 698/800/698 715/825/715 3520/4022/3518 696/798/696
f 426/475/426 454/505/454 706/813/706 442/4097/442
f 576/644/576 612/684/612 702/807/702 574/642/574
f 3573/4098/3571 626/705/626 702/807/702 612/684/612
f 625/708/625 665/808/665 702/807/702 626/705/626
f 611/683/611 620/696/620 3573/4098/3571 612/684/612
f 617/689/617 616/688/616 3573/4098/3571 620/696/620
f 627/706/627 626/705/626 3573/4098/3571 616/688/616
f 624/702/624 629/710/629 691/792/691 622/699/622
f 3574/4099/3572 567/633/567 689/4100/689 690/790/690
f 566/632/566 602/671/602 689/4100/689 567/633/567
f 603/672/603 686/783/686 689/788/689 602/673/602
f 629/710/629 628/709/628 3574/4099/3572 690/790/690
f 614/686/614 565/631/565 3574/4099/3572 628/709/628
f 543/606/543 567/633/567 3574/4099/3572 565/631/565
f 648/735/648 646/731/646 686/783/686 603/672/603
f 570/636/570 575/643/575 681/778/681 573/4101/573
f 584/652/584 3575/4102/3573 670/759/670 587/655/587
f 496/553/496 495/552/495 670/759/670 3575/4102/3573
f 460/511/460 458/509/458 3575/4102/3573 584/652/584
f 457/508/457 496/553/496 3575/4102/3573 458/509/458
f 598/675/598 479/534/479 648/735/648 603/672/603
f 471/524/471 647/734/647 648/735/648 479/534/479
f 470/523/470 491/546/491 647/734/647 471/524/471
f 488/543/488 487/542/487 644/4103/644 643/732/643
f 508/4104/508 509/4007/509 644/729/644 487/4105/487
f 616/688/616 614/691/614 628/4106/628 627/706/627
f 540/603/540 539/602/539 601/669/601 566/632/566
f 478/533/478 479/534/479 598/675/598 597/1872/597
f 444/495/444 448/499/448 595/663/595 454/505/454
f 561/624/561 571/639/571 572/638/572 562/625/562
f 538/601/538 537/600/537 545/608/545 548/611/548
f 512/576/512 518/575/518 544/607/544 515/628/515
f 487/4107/487 490/549/490 507/564/507 508/565/508
f 493/548/493 3576/4108/3574 507/564/507 490/549/490
f 438/487/438 506/563/506 507/564/507 3576/4108/3574
f 446/497/446 445/496/445 3576/4108/3574 493/548/493
f 435/484/435 438/487/438 3576/4108/3574 445/496/445
f 437/486/437 449/500/449 506/563/506 438/487/438
f 427/491/427 441/490/441 499/556/499 430/4006/430
f 447/498/447 446/497/446 493/548/493 494/551/494
f 472/525/472 447/498/447 494/551/494 395/440/395
f 396/445/396 395/4109/395 494/4110/494 489/544/489
f 401/448/401 396/445/396 489/544/489 492/547/492
f 470/523/470 3577/4111/3575 492/547/492 491/546/491
f 317/357/317 401/448/401 492/547/492 3577/4111/3575
f 406/453/406 3578/4112/3576 3577/4111/3575 470/523/470
f 316/356/316 317/357/317 3577/4111/3575 3578/4112/3576
f 409/456/409 3579/4113/3577 3578/4112/3576 406/453/406
f 100/118/100 316/356/316 3578/4112/3576 3579/4113/3577
f 410/457/410 463/514/463 3579/4113/3577 409/456/409
f 98/115/98 100/118/100 3579/4113/3577 463/514/463
f 312/351/312 305/344/305 484/539/484 486/541/486
f 304/343/304 340/381/340 484/539/484 305/344/305
f 447/498/447 472/525/472 475/528/475 448/499/448
f 402/449/402 92/107/92 477/532/477 476/531/476
f 93/108/93 3434/3904/3432 477/532/477 92/107/92
f 86/101/86 417/466/417 457/508/457 87/102/87
f 379/420/379 380/421/380 455/506/455 3580/4114/3578
f 3581/4115/3579 3580/4114/3578 455/506/455 456/507/456
f 3582/4116/3580 3580/4114/3578 3581/4115/3579 3583/4117/3581
f 395/440/395 394/439/394 3581/4115/3579 456/507/456
f 3584/4118/3582 3583/4117/3581 3581/4115/3579 394/439/394
f 360/401/360 3583/4119/3581 3584/4120/3582 359/400/359
f 397/444/397 3585/4121/3583 3584/4120/3582 394/4122/394
f 354/395/354 359/400/359 3584/4120/3582 3585/4121/3583
f 398/443/398 3586/4123/3584 3585/4121/3583 397/444/397
f 355/396/355 354/395/354 3585/4121/3583 3586/4123/3584
f 3587/4124/3585 372/413/372 3586/4123/3584 398/443/398
f 356/397/356 355/396/355 3586/4123/3584 372/413/372
f 399/460/399 412/459/412 3587/4125/3585 398/4126/398
f 3588/4127/3586 384/426/384 3587/4125/3585 412/459/412
f 371/412/371 372/413/372 3587/4124/3585 384/4128/384
f 413/462/413 393/438/393 3588/4127/3586 412/459/412
f 390/435/390 388/433/388 3588/4127/3586 393/438/393
f 385/427/385 384/426/384 3588/4127/3586 388/433/388
f 387/432/387 378/419/378 3582/4116/3580 3589/4129/3587
f 379/420/379 3580/4114/3578 3582/4116/3580 378/419/378
f 360/401/360 3589/4130/3587 3582/4131/3580 3583/4119/3581
f 3590/4132/3588 387/4133/387 3589/4130/3587 3591/4134/3589
f 357/398/357 3591/4134/3589 3589/4130/3587 360/401/360
f 365/422/365 362/4135/362 3590/4132/3588 381/423/381
f 361/4136/361 387/4133/387 3590/4132/3588 362/4135/362
f 383/425/383 381/423/381 3590/4132/3588 3591/4134/3589
f 350/391/350 383/425/383 3591/4134/3589 357/398/357
f 3592/4137/3590 435/484/435 445/496/445 443/494/443
f 3593/4138/3591 3592/4137/3590 443/494/443 439/488/439
f 432/481/432 3593/4138/3591 439/488/439 429/478/429
f 3593/4138/3591 432/481/432 433/482/433 436/485/436
f 310/349/310 311/350/311 424/473/424 423/472/423
f 315/354/315 97/113/97 402/449/402 400/447/400
f 91/106/91 92/107/92 402/449/402 97/113/97
f 317/357/317 315/354/315 400/447/400 401/448/401
f 367/408/367 382/431/382 386/430/386 373/414/373
f 353/394/353 369/410/369 383/425/383 350/391/350
f 366/407/366 365/406/365 382/431/382 367/408/367
f 103/4139/103 99/4140/99 318/4141/318 3594/4142/3592
f 94/109/94 96/112/96 318/358/318 99/4143/99
f 3595/4144/3593 3594/4142/3592 318/4141/318 101/4145/101
f 132/152/132 130/150/130 230/257/230 3596/4146/3594
f 129/149/129 227/254/227 230/257/230 130/150/130
f 143/163/143 132/152/132 3596/4146/3594 226/253/226
f 135/155/135 143/163/143 226/253/226 225/252/225
f 147/167/147 146/166/146 203/2562/203 153/173/153
f 127/147/127 3597/4147/3595 227/254/227 129/149/129
f 127/147/127 126/146/126 3394/3854/3392 3597/4147/3595
f 121/141/121 134/154/134 138/158/138 118/138/118
f 119/139/119 127/147/127 129/149/129 120/140/120
f 463/514/463 462/513/462 104/4148/104 98/115/98
f 107/127/107 95/110/95 104/124/104 462/1878/462
f 89/104/89 3434/3904/3432 93/108/93 90/105/90
f 66/81/66 69/84/69 78/4149/78 79/895/79
f 65/79/65 73/4150/73 78/4149/78 69/84/69
f 72/87/72 77/92/77 78/93/78 73/88/73
f 64/76/64 71/86/71 73/88/73 65/4151/65
f 56/67/56 727/841/727 726/840/726 3598/4152/3596
f 57/68/57 56/67/56 3598/4152/3596 1659/1862/1659
f 38/41/38 40/44/40 3599/4153/3597 47/56/47
f 30/32/30 29/31/29 3599/4154/3597 40/4155/40
f 701/806/701 30/32/30 40/4155/40 33/35/33
f 2539/2856/2538 2506/2817/2505 2618/4156/2616 2617/4157/2615
f 2506/2817/2505 11/13/11 14/16/14 2618/4156/2616
f 142/162/142 3393/3853/3391 126/146/126 137/157/137
f 228/255/228 227/254/227 3597/4147/3595 3394/3854/3392
f 273/307/273 241/305/241 272/304/272 276/310/276
f 3593/4138/3591 436/485/436 435/484/435 3592/4137/3590
f 21/3930/21 729/847/729 711/821/711 22/4158/22
f 1658/1861/1658 1659/1862/1659 651/738/651 650/737/650
f 47/56/47 3599/4153/3597 29/4159/29 48/57/48
f 3454/3936/3452 1332/1518/1332 1331/1517/1331 1322/1508/1322
f 2857/3229/2855 2858/3233/2856 2852/3224/2850 2859/3234/2857
f 703/4160/703 665/754/665 664/753/664 704/826/704
f 28/30/28 23/25/23 53/64/53 684/781/684
s 0
f 52/63/3598 51/62/3598 50/60/3598 49/59/3598
s 1
f 23/25/23 679/771/679 54/65/54 53/64/53
f 51/62/51 54/65/54 711/843/711 43/4161/43
f 50/4162/50 51/4163/51 43/51/43 45/54/45
f 701/806/701 3600/4164/3599 31/33/31 30/32/30
f 1577/1780/1577 3600/4164/3599 714/824/714 1578/1777/1578
f 32/69/32 31/4165/31 727/841/727 56/67/56
f 714/824/714 3600/4164/3599 700/805/700 36/38/36
f 1646/1848/1646 1649/1852/1649 649/736/649 1641/1843/1641
f 652/739/652 651/738/651 1659/1862/1659 3598/4152/3596
f 649/736/649 652/739/652 3598/4152/3596 726/840/726
f 123/143/123 120/140/120 131/151/131 133/153/133
f 122/142/122 123/143/123 133/153/133 144/164/144
f 2608/4166/2607 191/214/191 190/213/190 2606/4167/2605
f 195/218/195 198/221/198 2608/2941/2607 196/219/196
f 192/215/192 191/214/191 2608/4166/2607 2609/4168/2608
f 190/213/190 3601/4169/3600 2602/2934/2601 2606/4167/2605
f 2604/2936/2603 3601/4169/3600 190/213/190 189/212/189
f 2602/2934/2601 3601/4169/3600 2604/2936/2603 2603/2935/2602
f 3174/3596/3172 223/250/223 226/253/226 3596/4146/3594
f 3175/3597/3173 3174/3596/3172 3596/4146/3594 3177/3599/3175
f 229/256/229 3177/3599/3175 3596/4146/3594 230/257/230
f 3395/3855/3393 3602/4170/3601 3390/3850/3388 3388/3848/3386
f 3180/3602/3178 3602/4170/3601 3395/3855/3393 3401/3861/3399
f 3390/3850/3388 3602/4170/3601 3180/3602/3178 229/256/229
f 3177/3599/3175 229/256/229 3180/3602/3178 3178/3600/3176
f 329/369/329 321/361/321 349/390/349 344/385/344
f 349/390/349 3603/4171/3602 320/360/320 326/366/326
f 324/364/324 3603/4171/3602 349/390/349 321/361/321
f 403/450/403 402/449/402 476/531/476 473/530/473
f 415/464/415 403/461/403 473/526/473 456/507/456
f 395/440/395 456/507/456 473/526/473 472/525/472
f 4/4/4 3/3/3 3604/4172/3603 3605/4173/3604
f 3604/4172/3603 3/3/3 6/4174/6 3606/4175/3605
f 3607/4176/3606 9/11/9 8/10/8 3608/4177/3607
f 14/4178/14 13/4179/13 3609/4180/3608 3610/4181/3609
f 3609/4180/3608 13/4179/13 16/4182/16 3611/4183/3610
f 3612/4184/3611 19/4185/19 18/4186/18 3613/4187/3612
f 3614/4188/3613 3615/4189/3614 3616/4190/3615 3617/4191/3616
f 3616/4190/3615 3615/4189/3614 3618/4192/3617 3619/4193/3618
f 3620/4194/3619 3615/4189/3614 3614/4188/3613 3621/4195/3620
f 3622/4196/3621 3623/4197/3622 3624/4198/3623 3625/4199/3624
f 3626/4200/3625 3627/4201/3626 3628/4202/3627 3629/4203/3628
f 3630/4204/3629 3631/4205/3630 3618/4206/3617 3632/4207/3631
f 3628/4202/3627 3631/4205/3630 3633/4208/3632 3629/4203/3628
f 3618/4206/3617 3631/4205/3630 3628/4202/3627 3619/4209/3618
f 3619/4210/3618 3628/4211/3627 3634/4212/3633 3635/4213/3634
f 3634/4214/3633 3628/4202/3627 3627/4201/3626 3636/4215/3635
f 3630/4204/3629 3634/4216/3633 3637/4217/3636 3638/4218/3637
f 3635/4213/3634 3634/4212/3633 3630/4219/3629 3632/4220/3631
f 3638/4218/3637 3639/4221/3638 3631/4205/3630 3630/4204/3629
f 3631/4205/3630 3639/4221/3638 3640/4222/3639 3641/4223/3640
f 3638/4218/3637 3642/4224/3641 3643/4225/3642 3639/4221/3638
f 3644/4226/3643 3645/4227/3644 3646/4228/3645 3647/4229/3646
f 3648/4230/3647 3643/4231/3642 3646/4228/3645 3645/4227/3644
f 3622/4196/3621 3643/4225/3642 3649/4232/3648 3650/4233/3649
f 3649/4234/3648 3643/4231/3642 3648/4230/3647 3651/4235/3650
f 3652/4236/3651 3653/4237/3652 3654/4238/3653 3655/4239/3654
f 3654/4238/3653 3653/4237/3652 3656/4240/3655 3657/4241/3656
f 3656/4240/3655 3653/4237/3652 3652/4236/3651 3658/4242/3657
f 3659/4243/3658 3660/4244/3659 3661/4245/3660 3662/4246/3661
f 3652/4236/3651 3660/4244/3659 3659/4243/3658 3658/4242/3657
f 3661/4245/3660 3660/4244/3659 3652/4236/3651 3655/4239/3654
f 3656/4240/3655 3663/4247/3662 3664/4248/3663 3657/4241/3656
f 3664/4248/3663 3663/4247/3662 3665/4249/3664 3666/4250/3665
f 3667/4251/3666 3668/4252/3667 3669/4253/3668 3670/4254/3669
f 3671/4255/3670 3668/4252/3667 3667/4251/3666 3672/4256/3671
f 3669/4253/3668 3668/4252/3667 3671/4255/3670 3673/4257/3672
f 3674/4258/3673 3675/4259/3674 3676/4260/3675 3677/4261/3676
f 3676/4260/3675 3675/4259/3674 3678/4262/3677 3679/4263/3678
f 3678/4262/3677 3675/4259/3674 3674/4258/3673 3680/4264/3679
f 3681/4265/3680 3682/4266/3681 3683/4267/3682 3684/4268/3683
f 3685/4269/3684 3682/4266/3681 3681/4265/3680 3686/4270/3685
f 3687/4271/3686 3684/4268/3683 3688/4272/3687 3689/4273/3688
f 3681/4265/3680 3684/4268/3683 3687/4271/3686 3690/4274/3689
f 3691/4275/3690 3692/4276/3691 3689/4273/3688 3693/4277/3692
f 3694/4278/3693 3692/4279/3691 3695/4280/3694 3696/4281/3695
f 3688/4272/3687 3697/4282/3696 3693/4277/3692 3689/4273/3688
f 3698/4283/3697 3688/4284/3687 3699/4285/3698 3700/4286/3699
f 3701/4287/3700 3702/4288/3701 3703/4289/3702 3704/4290/3703
f 3705/4291/3704 3706/4292/3705 3707/4293/3706 3708/4294/3707
f 3707/4293/3706 3706/4292/3705 3709/4295/3708 3710/4296/3709
f 3711/4297/3710 3712/4298/3711 3713/4299/3712 3714/4300/3713
f 3715/4301/3714 3712/4298/3711 3711/4297/3710 3716/4302/3715
f 3713/4299/3712 3717/4303/3716 3718/4304/3717 3714/4300/3713
f 3719/4305/3718 3720/4306/3719 3717/4303/3716 3713/4299/3712
f 3718/4304/3717 3717/4303/3716 3720/4306/3719 3721/4307/3720
f 3712/4298/3711 3722/4308/3721 3723/4309/3722 3724/4310/3723
f 3723/4309/3722 3722/4308/3721 3725/4311/3724 3726/4312/3725
f 3727/4313/3726 3716/4302/3715 3711/4297/3710 3728/4314/3727
f 3721/4307/3720 3720/4306/3719 3729/4315/3728 3730/4316/3729
f 3714/4300/3713 3718/4304/3717 3731/4317/3730 3732/4318/3731
f 3731/4317/3730 3718/4304/3717 3721/4307/3720 3733/4319/3732
f 3721/4307/3720 3730/4316/3729 3734/4320/3733 3733/4319/3732
f 3734/4320/3733 3730/4316/3729 3729/4315/3728 3735/4321/3734
f 3725/4311/3724 3736/4322/3735 3737/4323/3736 3726/4312/3725
f 3737/4323/3736 3736/4322/3735 3716/4302/3715 3727/4313/3726
f 3738/4324/3737 3739/4325/3738 3740/4326/3739 3741/4327/3740
f 3742/4328/3741 3739/4325/3738 3743/4329/3742 3744/4330/3743
f 3745/4331/3744 3739/4325/3738 3742/4328/3741 3746/4332/3745
f 3743/4329/3742 3739/4325/3738 3738/4324/3737 3747/4333/3746
f 3748/4334/3747 3749/4335/3748 3750/4336/3749 3751/4337/3750
f 3748/4334/3747 3752/4338/3751 3604/4172/3603 3753/4339/3752
f 3754/4340/3753 3752/4338/3751 3748/4334/3747 3751/4337/3750
f 3604/4172/3603 3752/4338/3751 3754/4340/3753 3605/4173/3604
f 3751/4337/3750 3755/4341/3754 3756/4342/3755 3754/4340/3753
f 3756/4342/3755 3755/4341/3754 3757/4343/3756 3758/4344/3757
f 3757/4343/3756 3755/4341/3754 3751/4337/3750 3750/4336/3749
f 3759/4345/3758 3760/4346/3759 3761/4347/3760 3762/4348/3761
f 3763/4349/3762 3760/4346/3759 3759/4345/3758 3764/4350/3763
f 3761/4347/3760 3760/4346/3759 3763/4349/3762 3765/4351/3764
f 3756/4342/3755 3764/4350/3763 3605/4173/3604 3754/4340/3753
f 3763/4349/3762 3764/4350/3763 3756/4342/3755 3758/4344/3757
f 174/197/174 3764/4350/3763 3759/4345/3758 173/196/173
f 3605/4173/3604 3764/4350/3763 174/197/174 4/4/4
f 3766/4352/3765 3767/4353/3766 3768/4354/3767 3769/4355/3768
f 3768/4354/3767 3767/4353/3766 3770/4356/3769 3771/4357/3770
f 3770/4356/3769 3767/4353/3766 3766/4352/3765 3772/4358/3771
f 3773/4359/3772 3774/4360/3773 3775/4361/3774 3776/4362/3775
f 3775/4361/3774 3774/4360/3773 3777/4363/3776 3778/4364/3777
f 3777/4363/3776 3774/4360/3773 3773/4359/3772 3779/4365/3778
f 3780/4366/3779 3781/4367/3780 3782/4368/3781 3783/4369/3782
f 3784/4370/3783 3785/4371/3784 3786/4372/3785 3787/4373/3786
f 3786/4372/3785 3785/4371/3784 3788/4374/3787 3789/4375/3788
f 3790/4376/3789 3608/4177/3607 8/10/8 199/222/199
f 3791/4377/3790 3608/4177/3607 3790/4376/3789 3792/4378/3791
f 3745/4379/3744 3793/4380/3792 3794/4381/3793 3795/4382/3794
f 3794/4381/3793 3793/4380/3792 3796/4383/3795 3797/4384/3796
f 3796/4383/3795 3793/4380/3792 3798/4385/3797 3799/4386/3798
f 3798/4385/3797 3793/4380/3792 3800/4387/3799 3801/4388/3800
f 3800/4387/3799 3793/4380/3792 3745/4379/3744 3746/4389/3745
f 3802/4390/3801 3803/4391/3802 3791/4377/3790 3792/4378/3791
f 3804/4392/3803 3803/4391/3802 3802/4390/3801 3805/4393/3804
f 3806/4394/3805 3803/4391/3802 3807/4395/3806 3808/4396/3807
f 3807/4395/3806 3803/4391/3802 3804/4392/3803 3809/4397/3808
f 3791/4377/3790 3803/4391/3802 3806/4394/3805 3810/4398/3809
f 3811/4399/3810 3812/4400/3811 3813/4401/3812 3814/4402/3813
f 3813/4403/3812 3812/4404/3811 3815/4405/3814 3816/4406/3815
f 3817/4407/3816 3818/4408/3817 3819/4409/3818 3820/4410/3819
f 16/4182/16 3612/4184/3611 3821/4411/3820 3611/4183/3610
f 3821/4412/3820 3612/4413/3611 3822/4414/3821 3823/4415/3822
f 3822/4414/3821 3612/4413/3611 3613/4416/3612 3824/4417/3823
f 3824/4417/3823 3613/4416/3612 18/266/18 235/265/235
f 3825/4418/3824 3826/4419/3825 3827/4420/3826 3828/4421/3827
f 3829/4422/3828 3826/4419/3825 3830/4423/3829 3831/4424/3830
f 3830/4423/3829 3826/4419/3825 3825/4418/3824 3832/4425/3831
f 3833/4426/3832 3834/4427/3833 3835/4428/3834 3836/4429/3835
f 3835/4428/3834 3834/4427/3833 3837/4430/3836 3838/4431/3837
f 3839/4432/3838 3834/4427/3833 3833/4426/3832 3840/4433/3839
f 3837/4430/3836 3834/4427/3833 3841/4434/3840 3842/4435/3841
f 3841/4434/3840 3834/4427/3833 3839/4432/3838 3843/4436/3842
f 3844/4437/3843 3845/4438/3844 3846/4439/3845 3847/4440/3846
f 3846/4439/3845 3845/4438/3844 3848/4441/3847 3849/4442/3848
f 3850/4443/3849 3845/4438/3844 3844/4437/3843 3851/4444/3850
f 3852/4445/3851 3853/4446/3852 3854/4447/3853 3855/4448/3854
f 3856/4449/3855 3853/4446/3852 3857/4450/3856 3858/4451/3857
f 3854/4447/3853 3853/4446/3852 3856/4449/3855 3859/4452/3858
f 3830/4423/3829 3860/4453/3859 3861/4454/3860 3831/4424/3830
f 3862/4455/3861 3863/4456/3862 3830/4457/3829 3832/4458/3831
f 3861/4459/3860 3860/4460/3859 3864/4461/3863 3865/4462/3864
f 3866/4463/3865 3867/4464/3866 3851/4444/3850 3844/4437/3843
f 3851/4444/3850 3867/4464/3866 3868/4465/3867 3869/4466/3868
f 3868/4467/3867 3867/4468/3866 3870/4469/3869 3871/4470/3870
f 3872/4471/3871 3873/4472/3872 3874/4473/3873 3875/4474/3874
f 3876/4475/3875 3873/4472/3872 3872/4471/3871 3877/4476/3876
f 3874/4473/3873 3873/4472/3872 3876/4475/3875 3878/4477/3877
f 3877/4478/3876 3872/4479/3871 3855/4480/3854 3854/4481/3853
f 3855/4480/3854 3872/4479/3871 3879/4482/3878 3880/4483/3879
f 3870/4469/3869 3867/4468/3866 3881/4484/3880 3882/4485/3881
f 3881/4484/3880 3867/4468/3866 3866/4486/3865 3883/4487/3882
f 3871/4470/3870 3870/4469/3869 3882/4485/3881 3884/4488/3883
f 3879/4489/3878 3872/4471/3871 3875/4474/3874 3885/4490/3884
f 3886/4491/3885 3887/4492/3886 3888/4493/3887 3889/4494/3888
f 3890/4495/3889 3887/4492/3886 3886/4491/3885 3891/4496/3890
f 3888/4493/3887 3887/4492/3886 3890/4495/3889 3892/4497/3891
f 3893/4498/3892 3894/4499/3893 3895/4500/3894 3896/4501/3895
f 3897/4502/3896 3894/4499/3893 3893/4498/3892 3898/4503/3897
f 3899/4504/3898 3894/4499/3893 3897/4502/3896 3900/4505/3899
f 3895/4500/3894 3894/4499/3893 3901/4506/3900 3902/4507/3901
f 3901/4506/3900 3894/4499/3893 3899/4504/3898 3903/4508/3902
f 3890/4495/3889 3891/4496/3890 3898/4503/3897 3893/4498/3892
f 3898/4503/3897 3891/4496/3890 3886/4491/3885 3889/4494/3888
f 3687/4271/3686 3695/4509/3694 3904/4510/3903 3690/4274/3689
f 3905/4511/3904 3695/4280/3694 3692/4279/3691 3691/4512/3690
f 3904/4510/3903 3695/4509/3694 3905/4513/3904 3906/4514/3905
f 3695/4509/3694 3687/4271/3686 3907/4515/3906 3696/4516/3695
f 3908/4517/3907 3909/4518/3908 3910/4519/3909 3911/4520/3910
f 3909/4518/3908 3912/4521/3911 3913/4522/3912 3910/4519/3909
f 3911/4520/3910 3910/4519/3909 3914/4523/3913 3915/4524/3914
f 3916/4525/3915 3909/4518/3908 3917/4526/3916 3918/4527/3917
f 3919/4528/3918 3920/4529/3919 3921/4530/3920 3922/4531/3921
f 3923/4532/3922 3920/4529/3919 3919/4528/3918 3924/4533/3923
f 3921/4530/3920 3920/4529/3919 3923/4532/3922 3925/4534/3924
f 3684/4268/3683 3926/4535/3925 3699/4536/3698 3688/4272/3687
f 3683/4267/3682 3927/4537/3926 3926/4535/3925 3684/4268/3683
f 3699/4538/3698 3926/4539/3925 3927/4540/3926 3928/4541/3927
f 3896/4501/3895 3892/4497/3891 3890/4495/3889 3893/4498/3892
f 3929/4542/3928 3892/4497/3891 3896/4501/3895 3930/4543/3929
f 3931/4544/3930 3897/4502/3896 3898/4503/3897 3889/4494/3888
f 3932/4545/3931 3933/4546/3932 3934/4547/3933 3935/4548/3934
f 3936/4549/3935 3933/4546/3932 3932/4545/3931 3937/4550/3936
f 3934/4547/3933 3933/4546/3932 3936/4549/3935 3938/4551/3937
f 3939/4552/3938 3940/4553/3939 3941/4554/3940 3942/4555/3941
f 3941/4554/3940 3940/4553/3939 3943/4556/3942 3944/4557/3943
f 3943/4556/3942 3940/4553/3939 3939/4552/3938 3945/4558/3944
f 3941/4554/3940 3946/4559/3945 3947/4560/3946 3942/4555/3941
f 3948/4561/3947 3946/4559/3945 3941/4554/3940 3944/4557/3943
f 3947/4560/3946 3946/4559/3945 3948/4561/3947 3949/4562/3948
f 3950/4563/3949 3951/4564/3950 3952/4565/3951 3953/4566/3952
f 3952/4565/3951 3951/4564/3950 3954/4567/3953 3955/4568/3954
f 3954/4567/3953 3951/4564/3950 3950/4563/3949 3956/4569/3955
f 3957/4570/3956 3958/4571/3957 3945/4558/3944 3939/4552/3938
f 3959/4572/3958 3958/4571/3957 3957/4570/3956 3960/4573/3959
f 3945/4558/3944 3958/4571/3957 3959/4572/3958 3961/4574/3960
f 3950/4563/3949 3962/4575/3961 3963/4576/3962 3956/4569/3955
f 3963/4576/3962 3962/4575/3961 3964/4577/3963 3965/4578/3964
f 3966/4579/3965 3962/4575/3961 3950/4563/3949 3953/4566/3952
f 3967/4580/3966 3962/4575/3961 3966/4579/3965 3968/4581/3967
f 3964/4577/3963 3962/4575/3961 3967/4580/3966 3969/4582/3968
f 3970/4583/3969 3960/4584/3959 3971/4585/3970 3955/4568/3954
f 3971/4585/3970 3960/4584/3959 3957/4586/3956 3972/4587/3971
f 3959/4588/3958 3960/4584/3959 3973/4589/3972 3974/4590/3973
f 3973/4589/3972 3960/4584/3959 3970/4583/3969 3975/4591/3974
f 3968/4581/3967 3966/4579/3965 3953/4566/3952 3976/4592/3975
f 3975/4591/3974 3977/4593/3976 3978/4594/3977 3973/4589/3972
f 3965/4578/3964 3977/4593/3976 3975/4591/3974 3963/4576/3962
f 3978/4594/3977 3977/4593/3976 3965/4578/3964 3979/4595/3978
f 3964/4577/3963 3980/4596/3979 3979/4595/3978 3965/4578/3964
f 3981/4597/3980 3980/4596/3979 3964/4577/3963 3969/4582/3968
f 3979/4595/3978 3980/4596/3979 3981/4597/3980 3982/4598/3981
f 3983/4599/3982 3984/4600/3983 3985/4601/3984 3986/4602/3985
f 3987/4603/3986 3984/4604/3983 3983/4605/3982 3988/4606/3987
f 3989/4607/3988 3984/4600/3983 3987/4608/3986 3990/4609/3989
f 3990/4610/3989 3987/4611/3986 3991/4612/3990 3992/4613/3991
f 3993/4614/3992 3889/4494/3888 3888/4493/3887 3994/4615/3993
f 3995/4616/3994 3996/4617/3995 3997/4618/3996 3998/4619/3997
f 3999/4620/3998 3996/4617/3995 3995/4616/3994 4000/4621/3999
f 4001/4622/4000 3991/4623/3990 3987/4624/3986 4002/4625/4001
f 4003/4626/4002 3991/4623/3990 4001/4622/4000 4004/4627/4003
f 4005/4628/4004 4006/4629/4005 3679/4263/3678 3678/4262/3677
f 3679/4263/3678 4006/4629/4005 4007/4630/4006 4008/4631/4007
f 4007/4630/4006 4006/4629/4005 4005/4628/4004 4009/4632/4008
f 4010/4633/4009 4011/4634/4010 4012/4635/4011 4013/4636/4012
f 4012/4635/4011 4011/4634/4010 3900/4505/3899 4014/4637/4013
f 4015/4638/4014 4016/4639/4015 4017/4640/4016 4018/4641/4017
f 4017/4640/4016 4016/4639/4015 4019/4642/4018 4020/4643/4019
f 4019/4642/4018 4016/4639/4015 4015/4638/4014 4021/4644/4020
f 4022/4645/4021 4023/4646/4022 4024/4647/4023 4025/4648/4024
f 4024/4647/4023 4023/4646/4022 4026/4649/4025 4027/4650/4026
f 4015/4638/4014 4018/4641/4017 4028/4651/4027 4029/4652/4028
f 4030/4653/4029 4018/4641/4017 4017/4640/4016 4031/4654/4030
f 4028/4651/4027 4032/4655/4031 4033/4656/4032 4029/4652/4028
f 4033/4656/4032 4032/4655/4031 4034/4657/4033 4035/4658/4034
f 4034/4657/4033 4032/4655/4031 4036/4659/4035 4037/4660/4036
f 4038/4661/4037 4039/4662/4038 4027/4650/4026 4040/4663/4039
f 4041/4664/4040 4039/4662/4038 4038/4661/4037 4042/4665/4041
f 4027/4650/4026 4039/4662/4038 4041/4664/4040 4024/4647/4023
f 4032/4655/4031 4028/4651/4027 4018/4641/4017 4043/4666/4042
f 4044/4667/4043 4003/4626/4002 4004/4627/4003 4045/4668/4044
f 3680/4264/3679 4046/4669/4045 4047/4670/4046 4048/4671/4047
f 4047/4670/4046 4046/4669/4045 4049/4672/4048 4050/4673/4049
f 4049/4672/4048 4046/4669/4045 3680/4264/3679 3674/4258/3673
f 4051/4674/4050 4000/4621/3999 4052/4675/4051 4053/4676/4052
f 4054/4677/4053 4055/4678/4054 4013/4636/4012 4012/4635/4011
f 4056/4679/4055 4057/4680/4056 4055/4678/4054 4054/4677/4053
f 4013/4636/4012 4055/4678/4054 4057/4680/4056 4058/4681/4057
f 3998/4619/3997 3997/4618/3996 4059/4682/4058 4060/4683/4059
f 4061/4684/4060 4062/4685/4061 4063/4686/4062 4064/4687/4063
f 4065/4688/4064 4066/4689/4065 4063/4686/4062 4062/4685/4061
f 4004/4627/4003 4001/4622/4000 3982/4598/3981 3981/4597/3980
f 4045/4668/4044 4004/4627/4003 3981/4597/3980 3969/4582/3968
f 4067/4690/4066 3997/4618/3996 3996/4617/3995 3999/4620/3998
f 4059/4682/4058 3997/4618/3996 4067/4690/4066 4068/4691/4067
f 4069/4692/4068 4070/4693/4069 4071/4694/4070 4072/4695/4071
f 4073/4696/4072 4074/4697/4073 4070/4693/4069 4069/4692/4068
f 4071/4694/4070 4070/4693/4069 4074/4697/4073 4075/4698/4074
f 4076/4699/4075 4077/4700/4076 4078/4701/4077 4079/4702/4078
f 4078/4703/4077 4077/4704/4076 4080/4705/4079 4081/4706/4080
f 4082/4707/4081 4077/4700/4076 4076/4699/4075 4083/4708/4082
f 4084/4709/4083 4009/4632/4008 4085/4710/4084 4086/4711/4085
f 4085/4710/4084 4009/4632/4008 4005/4628/4004 4048/4671/4047
f 4087/4712/4086 4088/4713/4087 4089/4714/4088 4090/4715/4089
f 4089/4714/4088 4088/4713/4087 4091/4716/4090 4031/4654/4030
f 4091/4716/4090 4088/4713/4087 4087/4712/4086 4092/4717/4091
f 4093/4718/4092 4094/4719/4093 4095/4720/4094 4040/4663/4039
f 4096/4721/4095 4094/4719/4093 4093/4718/4092 4097/4722/4096
f 4095/4720/4094 4094/4719/4093 4096/4721/4095 4098/4723/4097
f 3931/4544/3930 3889/4494/3888 3993/4614/3992 4099/4724/4098
f 4100/4725/4099 4101/4726/4100 4102/4727/4101 4103/4728/4102
f 4102/4727/4101 4101/4726/4100 4104/4729/4103 4105/4730/4104
f 4104/4729/4103 4101/4726/4100 4100/4725/4099 4106/4731/4105
f 4107/4732/4106 4103/4728/4102 4102/4727/4101 4108/4733/4107
f 4109/4734/4108 4103/4728/4102 4110/4735/4109 4111/4736/4110
f 4110/4735/4109 4103/4728/4102 4107/4732/4106 4112/4737/4111
f 4100/4725/4099 4103/4728/4102 4109/4734/4108 4113/4738/4112
f 4100/4725/4099 4113/4738/4112 4114/4739/4113 4106/4731/4105
f 4114/4739/4113 4113/4738/4112 4115/4740/4114 4116/4741/4115
f 4105/4730/4104 4104/4729/4103 4106/4731/4105 4117/4742/4116
f 4118/4743/4117 4119/4744/4118 4120/4745/4119 4121/4746/4120
f 4120/4745/4119 4119/4744/4118 4122/4747/4121 4123/4748/4122
f 4122/4747/4121 4119/4744/4118 4118/4743/4117 4124/4749/4123
f 4114/4739/4113 4116/4741/4115 4125/4750/4124 4126/4751/4125
f 4125/4750/4124 4116/4741/4115 4115/4740/4114 4127/4752/4126
f 4128/4753/4127 4129/4754/4128 4130/4755/4129 4131/4756/4130
f 4130/4755/4129 4129/4754/4128 4132/4757/4131 4133/4758/4132
f 4132/4757/4131 4129/4754/4128 4128/4753/4127 4108/4759/4107
f 4134/4760/4133 4135/4761/4134 4136/4762/4135 4137/4763/4136
f 4136/4762/4135 4135/4761/4134 4138/4764/4137 4139/4765/4138
f 4138/4764/4137 4135/4761/4134 4134/4760/4133 4140/4766/4139
f 4141/4767/4140 4106/4731/4105 4114/4739/4113 4126/4751/4125
f 4117/4768/4116 4106/4769/4105 4141/4770/4140 4142/4771/4141
f 4143/4772/4142 4144/4773/4143 4145/4774/4144 4146/4775/4145
f 4145/4774/4144 4144/4773/4143 4147/4776/4146 4148/4777/4147
f 4147/4776/4146 4144/4773/4143 4143/4772/4142 4149/4778/4148
f 4150/4779/4149 4151/4780/4150 4152/4781/4151 4153/4782/4152
f 4110/4735/4109 4151/4780/4150 4150/4779/4149 4111/4736/4110
f 4152/4781/4151 4151/4780/4150 4110/4735/4109 4112/4737/4111
f 4117/4768/4116 4133/4758/4132 4132/4757/4131 4105/4783/4104
f 4154/4784/4153 4133/4758/4132 4117/4768/4116 4142/4771/4141
f 4130/4755/4129 4133/4758/4132 4155/4785/4154 4156/4786/4155
f 4157/4787/4156 4158/4788/4157 4159/4789/4158 4160/4790/4159
f 4161/4791/4160 4158/4788/4157 4157/4787/4156 4162/4792/4161
f 4163/4793/4162 4158/4788/4157 4164/4794/4163 4165/4795/4164
f 4159/4789/4158 4158/4788/4157 4163/4793/4162 4166/4796/4165
f 4007/4630/4006 4009/4632/4008 4084/4709/4083 4167/4797/4166
f 4168/4798/4167 4169/4799/4168 4166/4796/4165 4170/4800/4169
f 4171/4801/4170 4169/4799/4168 4168/4798/4167 4172/4802/4171
f 4166/4796/4165 4169/4799/4168 4171/4801/4170 4159/4789/4158
f 4173/4803/4172 4174/4804/4173 4175/4805/4174 4050/4673/4049
f 4175/4805/4174 4174/4804/4173 4176/4806/4175 4177/4807/4176
f 4176/4806/4175 4174/4804/4173 4173/4803/4172 4178/4808/4177
f 4179/4809/4178 3993/4614/3992 3994/4615/3993 4180/4810/4179
f 4099/4724/4098 3993/4614/3992 4179/4809/4178 4181/4811/4180
f 4061/4684/4060 4182/4812/4181 4183/4813/4182 4062/4685/4061
f 4036/4814/4035 4184/4815/4183 4182/4812/4181 4061/4684/4060
f 4183/4813/4182 4182/4812/4181 4184/4815/4183 4185/4816/4184
f 4186/4817/4185 4187/4818/4186 4188/4819/4187 4189/4820/4188
f 4190/4821/4189 4187/4822/4186 4191/4823/4190 4156/4786/4155
f 4188/4824/4187 4187/4822/4186 4190/4821/4189 4192/4825/4191
f 4193/4826/4192 4072/4695/4071 4071/4694/4070 4194/4827/4193
f 4069/4692/4068 4072/4695/4071 4195/4828/4194 4196/4829/4195
f 4195/4828/4194 4072/4695/4071 4197/4830/4196 4198/4831/4197
f 4197/4830/4196 4072/4695/4071 4193/4826/4192 4199/4832/4198
f 4200/4833/4199 4163/4793/4162 4201/4834/4200 4202/4835/4201
f 4166/4796/4165 4163/4793/4162 4200/4833/4199 4170/4800/4169
f 4142/4771/4141 4203/4836/4202 4204/4837/4203 4154/4784/4153
f 4204/4838/4203 4203/4839/4202 4205/4840/4204 4206/4841/4205
f 4205/4840/4204 4203/4839/4202 4207/4842/4206 4208/4843/4207
f 4205/4840/4204 4208/4843/4207 4209/4844/4208 4210/4845/4209
f 4211/4846/4210 4208/4847/4207 4212/4848/4211 4213/4849/4212
f 4209/4850/4208 4208/4847/4207 4211/4846/4210 4214/4851/4213
f 4214/4851/4213 4211/4846/4210 4215/4852/4214 4216/4853/4215
f 4215/4852/4214 4211/4846/4210 4217/4854/4216 4218/4855/4217
f 4219/4856/4218 4220/4857/4219 4221/4858/4220 4222/4859/4221
f 4221/4860/4220 4220/4861/4219 4223/4862/4222 4224/4863/4223
f 4223/4862/4222 4220/4861/4219 4225/4864/4224 4226/4865/4225
f 4227/4866/4226 4220/4857/4219 4219/4856/4218 4228/4867/4227
f 4225/4864/4224 4220/4861/4219 4227/4868/4226 4229/4869/4228
f 4230/4870/4229 4231/4871/4230 4232/4872/4231 4233/4873/4232
f 4232/4874/4231 4231/4875/4230 4234/4876/4233 4235/4877/4234
f 4236/4878/4235 4231/4875/4230 4078/4879/4077 4081/4880/4080
f 4234/4876/4233 4231/4875/4230 4236/4878/4235 4237/4881/4236
f 4238/4882/4237 4239/4883/4238 4240/4884/4239 4241/4885/4240
f 4242/4886/4241 4243/4887/4242 4239/4883/4238 4238/4882/4237
f 4240/4884/4239 4239/4883/4238 4243/4887/4242 4244/4888/4243
f 3639/4221/3638 3622/4196/3621 3625/4199/3624 3640/4222/3639
f 4202/4835/4201 4245/4889/4244 4246/4890/4245 4200/4833/4199
f 4209/4844/4208 4245/4889/4244 4202/4835/4201 4210/4845/4209
f 4246/4890/4245 4245/4889/4244 4247/4891/4246 4248/4892/4247
f 4247/4893/4246 4245/4894/4244 4249/4895/4248 4250/4896/4249
f 4249/4895/4248 4245/4894/4244 4209/4850/4208 4214/4851/4213
f 4251/4897/4250 4252/4898/4251 4253/4899/4252 4254/4900/4253
f 4086/4711/4085 4255/4901/4254 4252/4898/4251 4251/4897/4250
f 4253/4899/4252 4252/4898/4251 4255/4901/4254 4256/4902/4255
f 4223/4862/4222 4226/4865/4225 4257/4903/4256 4258/4904/4257
f 4259/4905/4258 4226/4865/4225 4260/4906/4259 4261/4907/4260
f 4260/4906/4259 4226/4865/4225 4225/4864/4224 4262/4908/4261
f 4257/4903/4256 4226/4865/4225 4259/4905/4258 4263/4909/4262
f 3618/4192/3617 3615/4189/3614 4264/4910/4263 3632/4220/3631
f 4265/4911/4264 3620/4194/3619 4266/4912/4265 4267/4913/4266
f 4266/4914/4265 3620/4915/3619 3621/4916/3620 4164/4794/4163
f 4268/4917/4267 3620/4194/3619 4265/4911/4264 4269/4918/4268
f 4270/4919/4269 4271/4920/4270 4235/4877/4234 4234/4876/4233
f 4235/4877/4234 4271/4920/4270 4272/4921/4271 4273/4922/4272
f 4274/4923/4273 4271/4924/4270 4270/4925/4269 4275/4926/4274
f 4276/4927/4275 4271/4924/4270 4274/4923/4273 4217/4928/4216
f 4272/4929/4271 4271/4924/4270 4276/4927/4275 4277/4930/4276
f 4278/4931/4277 4279/4932/4278 4280/4933/4279 4281/4934/4280
f 4282/4935/4281 4283/4936/4282 4279/4937/4278 4278/4938/4277
f 4280/4939/4279 4279/4940/4278 4283/4941/4282 4284/4942/4283
f 4285/4943/4284 4286/4944/4285 3626/4200/3625 3629/4203/3628
f 4165/4795/4164 4287/4945/4286 4249/4895/4248 4288/4946/4287
f 4289/4947/4288 4287/4945/4286 3621/4916/3620 3614/4948/3613
f 3621/4916/3620 4287/4945/4286 4165/4795/4164 4164/4794/4163
f 3651/4235/3650 3648/4230/3647 3645/4227/3644 4268/4917/4267
f 4290/4949/4289 4291/4950/4290 4184/4951/4183 4043/4952/4042
f 4292/4953/4291 4291/4950/4290 4290/4949/4289 4293/4954/4292
f 4184/4951/4183 4291/4950/4290 4294/4955/4293 4185/4956/4184
f 4295/4957/4294 3636/4958/3635 3627/4959/3626 4296/4960/4295
f 3627/4959/3626 3626/4961/3625 4297/4962/4296 4296/4960/4295
f 4297/4962/4296 3626/4961/3625 4298/4963/4297 4299/4964/4298
f 4247/4893/4246 4250/4896/4249 4282/4935/4281 4300/4965/4299
f 4282/4935/4281 4250/4896/4249 4289/4947/4288 4283/4936/4282
f 4301/4966/4300 4302/4967/4301 4284/4942/4283 4283/4941/4282
f 4303/4968/4302 4302/4967/4301 4301/4966/4300 4304/4969/4303
f 4305/4970/4304 4302/4967/4301 4303/4968/4302 4306/4971/4305
f 4284/4942/4283 4302/4967/4301 4307/4972/4306 4308/4973/4307
f 4307/4972/4306 4302/4967/4301 4305/4970/4304 4309/4974/4308
f 4310/4975/4309 4311/4976/4310 4312/4977/4311 4313/4978/4312
f 4264/4910/4263 4295/4979/4294 3635/4213/3634 3632/4220/3631
f 3635/4980/3634 4295/4981/4294 3616/4190/3615 3619/4193/3618
f 4314/4982/4313 4295/4957/4294 4296/4960/4295 4315/4983/4314
f 4316/4984/4315 4317/4985/4316 4318/4986/4317 4319/4987/4318
f 4320/4988/4319 4321/4989/4320 4317/4985/4316 4316/4984/4315
f 4318/4986/4317 4317/4985/4316 4321/4989/4320 4322/4990/4321
f 4321/4989/4320 4320/4988/4319 4259/4905/4258 4261/4907/4260
f 4259/4905/4258 4320/4988/4319 4323/4991/4322 4263/4909/4262
f 4323/4991/4322 4320/4988/4319 4316/4984/4315 4324/4992/4323
f 4323/4991/4322 4324/4992/4323 4325/4993/4324 4326/4994/4325
f 4325/4993/4324 4324/4992/4323 4327/4995/4326 4328/4996/4327
f 4327/4995/4326 4324/4992/4323 4316/4984/4315 4319/4987/4318
f 4328/4997/4327 4327/4998/4326 4242/4886/4241 4329/4999/4328
f 4242/4886/4241 4327/4998/4326 4319/5000/4318 4243/4887/4242
f 4328/4997/4327 4329/4999/4328 4330/5001/4329 4331/5002/4330
f 4330/5001/4329 4329/4999/4328 4332/5003/4331 4333/5004/4332
f 4332/5003/4331 4329/4999/4328 4242/4886/4241 4238/4882/4237
f 4333/5004/4332 4332/5003/4331 4334/5005/4333 4335/5006/4334
f 4334/5005/4333 4332/5003/4331 4238/4882/4237 4241/4885/4240
f 4335/5006/4334 4334/5005/4333 4336/5007/4335 4337/5008/4336
f 4336/5007/4335 4334/5005/4333 4241/4885/4240 4338/5009/4337
f 4336/5007/4335 4338/5009/4337 4258/5010/4257 4339/5011/4338
f 4258/5010/4257 4338/5009/4337 4224/5012/4223 4223/5013/4222
f 4224/5012/4223 4338/5009/4337 4241/4885/4240 4240/4884/4239
f 4336/5007/4335 4339/5011/4338 4340/5014/4339 4337/5008/4336
f 4340/5014/4339 4339/5011/4338 4341/5015/4340 4342/5016/4341
f 4341/5015/4340 4339/5011/4338 4258/5010/4257 4257/5017/4256
f 4342/5018/4341 4341/5019/4340 4343/5020/4342 4344/5021/4343
f 4343/5020/4342 4341/5019/4340 4257/4903/4256 4263/4909/4262
f 4344/5021/4343 4343/5020/4342 4326/4994/4325 4345/5022/4344
f 4326/4994/4325 4343/5020/4342 4263/4909/4262 4323/4991/4322
f 4344/5021/4343 4345/5022/4344 4346/5023/4345 3670/4254/3669
f 4346/5023/4345 4345/5022/4344 4347/5024/4346 4348/5025/4347
f 4347/5024/4346 4345/5022/4344 4326/4994/4325 4325/4993/4324
f 4348/5025/4347 4347/5024/4346 4331/5026/4330 4349/5027/4348
f 4331/5026/4330 4347/5024/4346 4325/4993/4324 4328/4996/4327
f 4348/5025/4347 4349/5027/4348 3657/4241/3656 3664/4248/3663
f 3657/4241/3656 4349/5027/4348 4350/5028/4349 3654/4238/3653
f 4350/5028/4349 4349/5027/4348 4331/5026/4330 4330/5029/4329
f 3654/5030/3653 4350/5031/4349 4351/5032/4350 3655/5033/3654
f 4351/5032/4350 4350/5031/4349 4330/5001/4329 4333/5004/4332
f 3655/5033/3654 4351/5032/4350 4352/5034/4351 3661/5035/3660
f 4352/5034/4351 4351/5032/4350 4333/5004/4332 4335/5006/4334
f 3661/5035/3660 4352/5034/4351 4353/5036/4352 3662/5037/3661
f 4353/5036/4352 4352/5034/4351 4335/5006/4334 4337/5008/4336
f 3662/4246/3661 4353/5038/4352 3673/4257/3672 3671/4255/3670
f 3673/5039/3672 4353/5036/4352 4337/5008/4336 4340/5014/4339
f 4346/5023/4345 4348/5025/4347 3664/4248/3663 3666/4250/3665
f 3670/4254/3669 4346/5023/4345 3666/4250/3665 3667/4251/3666
f 4342/5018/4341 4344/5021/4343 3670/4254/3669 3669/4253/3668
f 4340/5040/4339 4342/5018/4341 3669/4253/3668 3673/4257/3672
f 4322/4990/4321 4321/4989/4320 4354/5041/4353 4355/5042/4354
f 4354/5041/4353 4321/4989/4320 4261/4907/4260 4356/5043/4355
f 4354/5041/4353 4356/5043/4355 4357/5044/4356 4358/5045/4357
f 4357/5044/4356 4356/5043/4355 4359/5046/4358 4360/5047/4359
f 4359/5046/4358 4356/5043/4355 4261/4907/4260 4260/4906/4259
f 4360/5047/4359 4359/5046/4358 4361/5048/4360 4362/5049/4361
f 4361/5048/4360 4359/5046/4358 4260/4906/4259 4262/4908/4261
f 4362/5049/4361 4361/5048/4360 4363/5050/4362 4364/5051/4363
f 4363/5050/4362 4361/5048/4360 4262/4908/4261 4365/5052/4364
f 4363/5050/4362 4365/5052/4364 4366/5053/4365 4367/5054/4366
f 4366/5053/4365 4365/5052/4364 4229/4869/4228 4368/5055/4367
f 4229/4869/4228 4365/5052/4364 4262/4908/4261 4225/4864/4224
f 4366/5053/4365 4368/5055/4367 4369/5056/4368 4370/5057/4369
f 4369/5056/4368 4368/5055/4367 4371/5058/4370 4372/5059/4371
f 4371/5058/4370 4368/5055/4367 4229/4869/4228 4227/4868/4226
f 4372/5059/4371 4371/5058/4370 4373/5060/4372 4374/5061/4373
f 4373/5060/4372 4371/5058/4370 4227/4868/4226 4228/5062/4227
f 4374/5061/4373 4373/5060/4372 4375/5063/4374 4376/5064/4375
f 4375/5063/4374 4373/5060/4372 4228/5062/4227 4377/5065/4376
f 4378/5066/4377 4377/5067/4376 4228/4867/4227 4219/4856/4218
f 4375/5063/4374 4377/5065/4376 4379/5068/4378 4380/5069/4379
f 4379/5070/4378 4377/5067/4376 4378/5066/4377 4381/5071/4380
f 4382/5072/4381 4381/5071/4380 4378/5066/4377 4383/5073/4382
f 4379/5070/4378 4381/5071/4380 4384/5074/4383 4385/5075/4384
f 4384/5074/4383 4381/5071/4380 4382/5072/4381 4386/5076/4385
f 4387/5077/4386 4386/5076/4385 4382/5072/4381 4388/5078/4387
f 4384/5074/4383 4386/5076/4385 4389/5079/4388 4390/5080/4389
f 4389/5079/4388 4386/5076/4385 4387/5077/4386 4391/5081/4390
f 4392/5082/4391 4391/5081/4390 4387/5077/4386 4393/5083/4392
f 4389/5079/4388 4391/5081/4390 4394/5084/4393 4395/5085/4394
f 4394/5084/4393 4391/5081/4390 4392/5082/4391 4396/5086/4395
f 4397/5087/4396 4396/5086/4395 4392/5082/4391 4398/5088/4397
f 4394/5084/4393 4396/5086/4395 4399/5089/4398 4400/5090/4399
f 4399/5089/4398 4396/5086/4395 4397/5087/4396 4401/5091/4400
f 4402/5092/4401 4401/5091/4400 4397/5087/4396 4403/5093/4402
f 4399/5089/4398 4401/5091/4400 4404/5094/4403 4405/5095/4404
f 4404/5094/4403 4401/5091/4400 4402/5092/4401 4406/5096/4405
f 4407/5097/4406 4406/5096/4405 4402/5092/4401 4408/5098/4407
f 4404/5094/4403 4406/5096/4405 4409/5099/4408 4410/5100/4409
f 4409/5099/4408 4406/5096/4405 4407/5097/4406 4411/5101/4410
f 4412/5102/4411 4411/5101/4410 4407/5097/4406 4413/5103/4412
f 4409/5099/4408 4411/5101/4410 4414/5104/4413 4415/5105/4414
f 4414/5104/4413 4411/5101/4410 4412/5102/4411 4416/5106/4415
f 4417/5107/4416 4416/5106/4415 4412/5102/4411 4418/5108/4417
f 4414/5104/4413 4416/5106/4415 4419/5109/4418 4420/5110/4419
f 4419/5109/4418 4416/5106/4415 4417/5107/4416 4421/5111/4420
f 4422/5112/4421 4421/5111/4420 4417/5107/4416 4423/5113/4422
f 4419/5109/4418 4421/5111/4420 4424/5114/4423 4425/5115/4424
f 4424/5114/4423 4421/5111/4420 4422/5112/4421 4426/5116/4425
f 4427/5117/4426 4426/5116/4425 4422/5112/4421 4428/5118/4427
f 4424/5114/4423 4426/5116/4425 4429/5119/4428 4430/5120/4429
f 4429/5119/4428 4426/5116/4425 4427/5117/4426 4431/5121/4430
f 4432/5122/4431 4431/5121/4430 4427/5117/4426 4433/5123/4432
f 4429/5119/4428 4431/5121/4430 4434/5124/4433 4435/5125/4434
f 4434/5124/4433 4431/5121/4430 4432/5122/4431 4436/5126/4435
f 4437/5127/4436 4436/5126/4435 4432/5122/4431 4438/5128/4437
f 4434/5124/4433 4436/5126/4435 854/995/854 853/994/853
f 854/995/854 4436/5126/4435 4437/5127/4436 855/996/855
f 857/998/857 855/996/855 4437/5127/4436 4439/5129/4438
f 861/1002/861 860/1001/860 4440/5130/4439 4441/5131/4440
f 4440/5130/4439 860/1001/860 857/998/857 4439/5129/4438
f 4441/5131/4440 4440/5130/4439 4442/5132/4441 4443/5133/4442
f 4442/5132/4441 4440/5130/4439 4439/5129/4438 4444/5134/4443
f 4442/5132/4441 4444/5134/4443 4445/5135/4444 4446/5136/4445
f 4445/5135/4444 4444/5134/4443 4438/5128/4437 4447/5137/4446
f 4438/5128/4437 4444/5134/4443 4439/5129/4438 4437/5127/4436
f 4445/5135/4444 4447/5137/4446 4448/5138/4447 4449/5139/4448
f 4448/5138/4447 4447/5137/4446 4433/5123/4432 4450/5140/4449
f 4433/5123/4432 4447/5137/4446 4438/5128/4437 4432/5122/4431
f 4448/5138/4447 4450/5140/4449 4451/5141/4450 4452/5142/4451
f 4451/5141/4450 4450/5140/4449 4428/5118/4427 4453/5143/4452
f 4428/5118/4427 4450/5140/4449 4433/5123/4432 4427/5117/4426
f 4451/5141/4450 4453/5143/4452 4454/5144/4453 4455/5145/4454
f 4454/5144/4453 4453/5143/4452 4423/5113/4422 4456/5146/4455
f 4423/5113/4422 4453/5143/4452 4428/5118/4427 4422/5112/4421
f 4454/5144/4453 4456/5146/4455 4457/5147/4456 4458/5148/4457
f 4457/5147/4456 4456/5146/4455 4418/5108/4417 4459/5149/4458
f 4418/5108/4417 4456/5146/4455 4423/5113/4422 4417/5107/4416
f 4457/5147/4456 4459/5149/4458 4460/5150/4459 4461/5151/4460
f 4460/5150/4459 4459/5149/4458 4413/5103/4412 4462/5152/4461
f 4413/5103/4412 4459/5149/4458 4418/5108/4417 4412/5102/4411
f 4460/5150/4459 4462/5152/4461 4463/5153/4462 4464/5154/4463
f 4463/5153/4462 4462/5152/4461 4408/5098/4407 4465/5155/4464
f 4408/5098/4407 4462/5152/4461 4413/5103/4412 4407/5097/4406
f 4463/5153/4462 4465/5155/4464 4466/5156/4465 4467/5157/4466
f 4466/5156/4465 4465/5155/4464 4403/5093/4402 4468/5158/4467
f 4403/5093/4402 4465/5155/4464 4408/5098/4407 4402/5092/4401
f 4466/5156/4465 4468/5158/4467 4469/5159/4468 4470/5160/4469
f 4469/5159/4468 4468/5158/4467 4398/5088/4397 4471/5161/4470
f 4398/5088/4397 4468/5158/4467 4403/5093/4402 4397/5087/4396
f 4469/5159/4468 4471/5161/4470 4472/5162/4471 4473/5163/4472
f 4472/5162/4471 4471/5161/4470 4393/5083/4392 4474/5164/4473
f 4393/5083/4392 4471/5161/4470 4398/5088/4397 4392/5082/4391
f 4472/5162/4471 4474/5164/4473 4475/5165/4474 4476/5166/4475
f 4475/5165/4474 4474/5164/4473 4388/5078/4387 4477/5167/4476
f 4388/5078/4387 4474/5164/4473 4393/5083/4392 4387/5077/4386
f 4475/5165/4474 4477/5167/4476 4478/5168/4477 4479/5169/4478
f 4478/5168/4477 4477/5167/4476 4383/5073/4382 4222/4859/4221
f 4383/5073/4382 4477/5167/4476 4388/5078/4387 4382/5072/4381
f 4479/5169/4478 4478/5168/4477 4480/5170/4479 4481/5171/4480
f 4480/5170/4479 4478/5168/4477 4222/4859/4221 4221/4858/4220
f 4481/5171/4480 4480/5170/4479 4240/4884/4239 4244/4888/4243
f 4240/4884/4239 4480/5170/4479 4221/4858/4220 4224/5012/4223
f 4482/5172/4481 4481/5171/4480 4244/4888/4243 4483/5173/4482
f 4479/5169/4478 4481/5171/4480 4482/5172/4481 4484/5174/4483
f 4485/5175/4484 4484/5174/4483 4482/5172/4481 4486/5176/4485
f 4479/5169/4478 4484/5174/4483 4476/5166/4475 4475/5165/4474
f 4476/5166/4475 4484/5174/4483 4485/5175/4484 4487/5177/4486
f 4488/5178/4487 4487/5177/4486 4485/5175/4484 4489/5179/4488
f 4476/5166/4475 4487/5177/4486 4473/5163/4472 4472/5162/4471
f 4473/5163/4472 4487/5177/4486 4488/5178/4487 4490/5180/4489
f 4491/5181/4490 4490/5180/4489 4488/5178/4487 4492/5182/4491
f 4473/5163/4472 4490/5180/4489 4470/5160/4469 4469/5159/4468
f 4470/5160/4469 4490/5180/4489 4491/5181/4490 4493/5183/4492
f 4494/5184/4493 4493/5183/4492 4491/5181/4490 4495/5185/4494
f 4470/5160/4469 4493/5183/4492 4467/5157/4466 4466/5156/4465
f 4467/5157/4466 4493/5183/4492 4494/5184/4493 4496/5186/4495
f 4497/5187/4496 4496/5186/4495 4494/5184/4493 4498/5188/4497
f 4467/5157/4466 4496/5186/4495 4464/5154/4463 4463/5153/4462
f 4464/5154/4463 4496/5186/4495 4497/5187/4496 4499/5189/4498
f 4500/5190/4499 4499/5189/4498 4497/5187/4496 4501/5191/4500
f 4464/5154/4463 4499/5189/4498 4461/5151/4460 4460/5150/4459
f 4461/5151/4460 4499/5189/4498 4500/5190/4499 4502/5192/4501
f 4503/5193/4502 4502/5192/4501 4500/5190/4499 4504/5194/4503
f 4461/5151/4460 4502/5192/4501 4458/5148/4457 4457/5147/4456
f 4458/5148/4457 4502/5192/4501 4503/5193/4502 4505/5195/4504
f 4506/5196/4505 4505/5195/4504 4503/5193/4502 4507/5197/4506
f 4458/5148/4457 4505/5195/4504 4455/5145/4454 4454/5144/4453
f 4455/5145/4454 4505/5195/4504 4506/5196/4505 4508/5198/4507
f 4509/5199/4508 4508/5198/4507 4506/5196/4505 4510/5200/4509
f 4455/5145/4454 4508/5198/4507 4452/5142/4451 4451/5141/4450
f 4452/5142/4451 4508/5198/4507 4509/5199/4508 4511/5201/4510
f 4512/5202/4511 4511/5201/4510 4509/5199/4508 4513/5203/4512
f 4452/5142/4451 4511/5201/4510 4449/5139/4448 4448/5138/4447
f 4449/5139/4448 4511/5201/4510 4512/5202/4511 4514/5204/4513
f 4515/5205/4514 4514/5204/4513 4512/5202/4511 4516/5206/4515
f 4449/5139/4448 4514/5204/4513 4446/5136/4445 4445/5135/4444
f 4446/5136/4445 4514/5204/4513 4515/5205/4514 4517/5207/4516
f 4518/5208/4517 4517/5207/4516 4515/5205/4514 4519/5209/4518
f 4446/5136/4445 4517/5207/4516 4443/5133/4442 4442/5132/4441
f 4443/5133/4442 4517/5207/4516 4518/5208/4517 4520/5210/4519
f 4521/5211/4520 4520/5210/4519 4518/5208/4517 4522/5212/4521
f 4443/5133/4442 4520/5210/4519 4523/5213/4522 4441/5131/4440
f 4523/5213/4522 4520/5210/4519 4521/5211/4520 4524/5214/4523
f 4525/5215/4524 4524/5214/4523 4521/5211/4520 4526/5216/4525
f 4523/5213/4522 4524/5214/4523 948/1095/948 947/1094/947
f 948/1095/948 4524/5214/4523 4525/5215/4524 949/1096/949
f 951/1098/951 949/1096/949 4525/5215/4524 4527/5217/4526
f 955/1102/955 954/1101/954 4528/5218/4527 4529/5219/4528
f 4528/5218/4527 954/1101/954 951/1098/951 4527/5217/4526
f 4529/5219/4528 4528/5218/4527 4530/5220/4529 4531/5221/4530
f 4530/5220/4529 4528/5218/4527 4527/5217/4526 4532/5222/4531
f 4530/5220/4529 4532/5222/4531 4533/5223/4532 4534/5224/4533
f 4533/5223/4532 4532/5222/4531 4526/5216/4525 4535/5225/4534
f 4526/5216/4525 4532/5222/4531 4527/5217/4526 4525/5215/4524
f 4533/5223/4532 4535/5225/4534 4536/5226/4535 4537/5227/4536
f 4536/5226/4535 4535/5225/4534 4522/5212/4521 4538/5228/4537
f 4522/5212/4521 4535/5225/4534 4526/5216/4525 4521/5211/4520
f 4536/5226/4535 4538/5228/4537 4539/5229/4538 4540/5230/4539
f 4539/5229/4538 4538/5228/4537 4519/5209/4518 4541/5231/4540
f 4519/5209/4518 4538/5228/4537 4522/5212/4521 4518/5208/4517
f 4539/5229/4538 4541/5231/4540 4542/5232/4541 4543/5233/4542
f 4542/5232/4541 4541/5231/4540 4516/5206/4515 4544/5234/4543
f 4516/5206/4515 4541/5231/4540 4519/5209/4518 4515/5205/4514
f 4542/5232/4541 4544/5234/4543 4545/5235/4544 4546/5236/4545
f 4545/5235/4544 4544/5234/4543 4513/5203/4512 4547/5237/4546
f 4513/5203/4512 4544/5234/4543 4516/5206/4515 4512/5202/4511
f 4545/5235/4544 4547/5237/4546 4548/5238/4547 4549/5239/4548
f 4548/5238/4547 4547/5237/4546 4510/5200/4509 4550/5240/4549
f 4510/5200/4509 4547/5237/4546 4513/5203/4512 4509/5199/4508
f 4548/5238/4547 4550/5240/4549 4551/5241/4550 4552/5242/4551
f 4551/5241/4550 4550/5240/4549 4507/5197/4506 4553/5243/4552
f 4507/5197/4506 4550/5240/4549 4510/5200/4509 4506/5196/4505
f 4551/5241/4550 4553/5243/4552 4554/5244/4553 4555/5245/4554
f 4554/5244/4553 4553/5243/4552 4504/5194/4503 4556/5246/4555
f 4504/5194/4503 4553/5243/4552 4507/5197/4506 4503/5193/4502
f 4554/5244/4553 4556/5246/4555 4557/5247/4556 4558/5248/4557
f 4557/5247/4556 4556/5246/4555 4501/5191/4500 4559/5249/4558
f 4501/5191/4500 4556/5246/4555 4504/5194/4503 4500/5190/4499
f 4557/5247/4556 4559/5249/4558 4560/5250/4559 4561/5251/4560
f 4560/5250/4559 4559/5249/4558 4498/5188/4497 4562/5252/4561
f 4498/5188/4497 4559/5249/4558 4501/5191/4500 4497/5187/4496
f 4560/5250/4559 4562/5252/4561 4563/5253/4562 4564/5254/4563
f 4563/5253/4562 4562/5252/4561 4495/5185/4494 4565/5255/4564
f 4495/5185/4494 4562/5252/4561 4498/5188/4497 4494/5184/4493
f 4563/5253/4562 4565/5255/4564 4566/5256/4565 4567/5257/4566
f 4566/5256/4565 4565/5255/4564 4492/5182/4491 4568/5258/4567
f 4492/5182/4491 4565/5255/4564 4495/5185/4494 4491/5181/4490
f 4566/5256/4565 4568/5258/4567 4569/5259/4568 4570/5260/4569
f 4569/5259/4568 4568/5258/4567 4489/5179/4488 4571/5261/4570
f 4489/5179/4488 4568/5258/4567 4492/5182/4491 4488/5178/4487
f 4569/5259/4568 4571/5261/4570 4572/5262/4571 4573/5263/4572
f 4572/5262/4571 4571/5261/4570 4486/5176/4485 4574/5264/4573
f 4486/5176/4485 4571/5261/4570 4489/5179/4488 4485/5175/4484
f 4572/5262/4571 4574/5264/4573 4575/5265/4574 4576/5266/4575
f 4575/5265/4574 4574/5264/4573 4483/5173/4482 4577/5267/4576
f 4483/5173/4482 4574/5264/4573 4486/5176/4485 4482/5172/4481
f 4575/5265/4574 4577/5267/4576 4318/5268/4317 4578/5269/4577
f 4318/5268/4317 4577/5267/4576 4243/4887/4242 4319/5000/4318
f 4243/4887/4242 4577/5267/4576 4483/5173/4482 4244/4888/4243
f 4579/5270/4578 4578/5269/4577 4580/5271/4579 4581/5272/4580
f 4580/5273/4579 4578/5274/4577 4318/4986/4317 4322/4990/4321
f 4575/5265/4574 4578/5269/4577 4579/5270/4578 4576/5266/4575
f 4581/5275/4580 4580/5273/4579 4582/5276/4581 4583/5277/4582
f 4582/5276/4581 4580/5273/4579 4322/4990/4321 4355/5042/4354
f 4583/5277/4582 4582/5276/4581 4584/5278/4583 4585/5279/4584
f 4584/5278/4583 4582/5276/4581 4355/5042/4354 4586/5280/4585
f 4584/5278/4583 4586/5280/4585 4587/5281/4586 4588/5282/4587
f 4587/5281/4586 4586/5280/4585 4358/5045/4357 4589/5283/4588
f 4358/5045/4357 4586/5280/4585 4355/5042/4354 4354/5041/4353
f 4587/5281/4586 4589/5283/4588 4590/5284/4589 4591/5285/4590
f 4590/5284/4589 4589/5283/4588 4592/5286/4591 4593/5287/4592
f 4592/5286/4591 4589/5283/4588 4358/5045/4357 4357/5044/4356
f 4593/5287/4592 4592/5286/4591 4594/5288/4593 4595/5289/4594
f 4594/5288/4593 4592/5286/4591 4357/5044/4356 4360/5047/4359
f 4595/5289/4594 4594/5288/4593 4596/5290/4595 4597/5291/4596
f 4596/5290/4595 4594/5288/4593 4360/5047/4359 4362/5049/4361
f 4597/5291/4596 4596/5290/4595 4598/5292/4597 4599/5293/4598
f 4598/5292/4597 4596/5290/4595 4362/5049/4361 4364/5051/4363
f 4599/5293/4598 4598/5292/4597 4600/5294/4599 4601/5295/4600
f 4600/5294/4599 4598/5292/4597 4364/5051/4363 4602/5296/4601
f 4600/5294/4599 4602/5296/4601 4603/5297/4602 4604/5298/4603
f 4603/5297/4602 4602/5296/4601 4367/5054/4366 4605/5299/4604
f 4367/5054/4366 4602/5296/4601 4364/5051/4363 4363/5050/4362
f 4603/5297/4602 4605/5299/4604 4606/5300/4605 4607/5301/4606
f 4606/5300/4605 4605/5299/4604 4370/5057/4369 4608/5302/4607
f 4370/5057/4369 4605/5299/4604 4367/5054/4366 4366/5053/4365
f 4606/5300/4605 4608/5302/4607 4609/5303/4608 4610/5304/4609
f 4609/5303/4608 4608/5302/4607 4611/5305/4610 4612/5306/4611
f 4611/5305/4610 4608/5302/4607 4370/5057/4369 4369/5056/4368
f 4612/5306/4611 4611/5305/4610 4613/5307/4612 4614/5308/4613
f 4613/5307/4612 4611/5305/4610 4369/5056/4368 4372/5059/4371
f 4614/5308/4613 4613/5307/4612 4615/5309/4614 4616/5310/4615
f 4615/5309/4614 4613/5307/4612 4372/5059/4371 4374/5061/4373
f 4616/5310/4615 4615/5309/4614 4617/5311/4616 4618/5312/4617
f 4617/5311/4616 4615/5309/4614 4374/5061/4373 4376/5064/4375
f 4618/5312/4617 4617/5311/4616 4619/5313/4618 4620/5314/4619
f 4619/5313/4618 4617/5311/4616 4376/5064/4375 4621/5315/4620
f 4380/5069/4379 4621/5315/4620 4376/5064/4375 4375/5063/4374
f 4619/5313/4618 4621/5315/4620 4622/5316/4621 4623/5317/4622
f 4622/5316/4621 4621/5315/4620 4380/5069/4379 4624/5318/4623
f 4385/5319/4384 4624/5318/4623 4380/5069/4379 4379/5068/4378
f 4622/5316/4621 4624/5318/4623 4625/5320/4624 4626/5321/4625
f 4625/5320/4624 4624/5318/4623 4385/5319/4384 4627/5322/4626
f 4390/5080/4389 4627/5323/4626 4385/5075/4384 4384/5074/4383
f 4625/5324/4624 4627/5323/4626 4628/5325/4627 4629/5326/4628
f 4628/5325/4627 4627/5323/4626 4390/5080/4389 4630/5327/4629
f 4395/5085/4394 4630/5327/4629 4390/5080/4389 4389/5079/4388
f 4628/5325/4627 4630/5327/4629 4631/5328/4630 4632/5329/4631
f 4631/5328/4630 4630/5327/4629 4395/5085/4394 4633/5330/4632
f 4400/5090/4399 4633/5330/4632 4395/5085/4394 4394/5084/4393
f 4631/5328/4630 4633/5330/4632 4634/5331/4633 4635/5332/4634
f 4634/5331/4633 4633/5330/4632 4400/5090/4399 4636/5333/4635
f 4405/5095/4404 4636/5333/4635 4400/5090/4399 4399/5089/4398
f 4634/5331/4633 4636/5333/4635 4637/5334/4636 4638/5335/4637
f 4637/5334/4636 4636/5333/4635 4405/5095/4404 4639/5336/4638
f 4410/5100/4409 4639/5336/4638 4405/5095/4404 4404/5094/4403
f 4637/5334/4636 4639/5336/4638 4640/5337/4639 4641/5338/4640
f 4640/5337/4639 4639/5336/4638 4410/5100/4409 4642/5339/4641
f 4415/5105/4414 4642/5339/4641 4410/5100/4409 4409/5099/4408
f 4640/5337/4639 4642/5339/4641 4643/5340/4642 4644/5341/4643
f 4643/5340/4642 4642/5339/4641 4415/5105/4414 4645/5342/4644
f 4420/5110/4419 4645/5342/4644 4415/5105/4414 4414/5104/4413
f 4643/5340/4642 4645/5342/4644 4646/5343/4645 4647/5344/4646
f 4646/5343/4645 4645/5342/4644 4420/5110/4419 4648/5345/4647
f 4425/5115/4424 4648/5345/4647 4420/5110/4419 4419/5109/4418
f 4646/5343/4645 4648/5345/4647 4649/5346/4648 4650/5347/4649
f 4649/5346/4648 4648/5345/4647 4425/5115/4424 4651/5348/4650
f 4430/5120/4429 4651/5348/4650 4425/5115/4424 4424/5114/4423
f 4649/5346/4648 4651/5348/4650 4652/5349/4651 4653/5350/4652
f 4652/5349/4651 4651/5348/4650 4430/5120/4429 4654/5351/4653
f 4435/5125/4434 4654/5351/4653 4430/5120/4429 4429/5119/4428
f 4652/5349/4651 4654/5351/4653 1082/1248/1082 1081/1247/1081
f 1082/1248/1082 4654/5351/4653 4435/5125/4434 1083/1249/1083
f 853/994/853 1083/1249/1083 4435/5125/4434 4434/5124/4433
f 1087/1253/1087 1086/1252/1086 4655/5352/4654 4656/5353/4655
f 4655/5352/4654 1086/1252/1086 955/1102/955 4529/5219/4528
f 4656/5353/4655 4655/5352/4654 4657/5354/4656 4658/5355/4657
f 4657/5354/4656 4655/5352/4654 4529/5219/4528 4531/5221/4530
f 4658/5355/4657 4657/5354/4656 4659/5356/4658 4660/5357/4659
f 4659/5356/4658 4657/5354/4656 4531/5221/4530 4661/5358/4660
f 4659/5356/4658 4661/5358/4660 4662/5359/4661 4663/5360/4662
f 4662/5359/4661 4661/5358/4660 4534/5224/4533 4664/5361/4663
f 4534/5224/4533 4661/5358/4660 4531/5221/4530 4530/5220/4529
f 4662/5359/4661 4664/5361/4663 4665/5362/4664 4666/5363/4665
f 4665/5362/4664 4664/5361/4663 4537/5227/4536 4667/5364/4666
f 4537/5227/4536 4664/5361/4663 4534/5224/4533 4533/5223/4532
f 4665/5362/4664 4667/5364/4666 4668/5365/4667 4669/5366/4668
f 4668/5365/4667 4667/5364/4666 4540/5230/4539 4670/5367/4669
f 4540/5230/4539 4667/5364/4666 4537/5227/4536 4536/5226/4535
f 4668/5365/4667 4670/5367/4669 4671/5368/4670 4672/5369/4671
f 4671/5368/4670 4670/5367/4669 4543/5233/4542 4673/5370/4672
f 4543/5233/4542 4670/5367/4669 4540/5230/4539 4539/5229/4538
f 4671/5368/4670 4673/5370/4672 4674/5371/4673 4675/5372/4674
f 4674/5371/4673 4673/5370/4672 4546/5236/4545 4676/5373/4675
f 4546/5236/4545 4673/5370/4672 4543/5233/4542 4542/5232/4541
f 4674/5371/4673 4676/5373/4675 4677/5374/4676 4678/5375/4677
f 4677/5374/4676 4676/5373/4675 4549/5239/4548 4679/5376/4678
f 4549/5239/4548 4676/5373/4675 4546/5236/4545 4545/5235/4544
f 4677/5374/4676 4679/5376/4678 4680/5377/4679 4681/5378/4680
f 4680/5377/4679 4679/5376/4678 4552/5242/4551 4682/5379/4681
f 4552/5242/4551 4679/5376/4678 4549/5239/4548 4548/5238/4547
f 4680/5377/4679 4682/5379/4681 4683/5380/4682 4684/5381/4683
f 4683/5380/4682 4682/5379/4681 4555/5245/4554 4685/5382/4684
f 4555/5245/4554 4682/5379/4681 4552/5242/4551 4551/5241/4550
f 4683/5380/4682 4685/5382/4684 4686/5383/4685 4687/5384/4686
f 4686/5383/4685 4685/5382/4684 4558/5248/4557 4688/5385/4687
f 4558/5248/4557 4685/5382/4684 4555/5245/4554 4554/5244/4553
f 4686/5383/4685 4688/5385/4687 4689/5386/4688 4690/5387/4689
f 4689/5386/4688 4688/5385/4687 4561/5251/4560 4691/5388/4690
f 4561/5251/4560 4688/5385/4687 4558/5248/4557 4557/5247/4556
f 4689/5386/4688 4691/5388/4690 4692/5389/4691 4693/5390/4692
f 4692/5389/4691 4691/5388/4690 4564/5254/4563 4694/5391/4693
f 4564/5254/4563 4691/5388/4690 4561/5251/4560 4560/5250/4559
f 4692/5389/4691 4694/5391/4693 4695/5392/4694 4696/5393/4695
f 4695/5392/4694 4694/5391/4693 4567/5257/4566 4697/5394/4696
f 4567/5257/4566 4694/5391/4693 4564/5254/4563 4563/5253/4562
f 4695/5392/4694 4697/5394/4696 4698/5395/4697 4699/5396/4698
f 4698/5395/4697 4697/5394/4696 4570/5260/4569 4700/5397/4699
f 4570/5260/4569 4697/5394/4696 4567/5257/4566 4566/5256/4565
f 4698/5395/4697 4700/5397/4699 4701/5398/4700 4702/5399/4701
f 4701/5398/4700 4700/5397/4699 4573/5263/4572 4703/5400/4702
f 4573/5263/4572 4700/5397/4699 4570/5260/4569 4569/5259/4568
f 4701/5398/4700 4703/5400/4702 4704/5401/4703 4705/5402/4704
f 4704/5401/4703 4703/5400/4702 4576/5266/4575 4579/5270/4578
f 4576/5266/4575 4703/5400/4702 4573/5263/4572 4572/5262/4571
f 4705/5403/4704 4704/5404/4703 4706/5405/4705 4707/5406/4706
f 4706/5405/4705 4704/5404/4703 4579/5407/4578 4581/5275/4580
f 4707/5406/4706 4706/5405/4705 4708/5408/4707 4709/5409/4708
f 4708/5408/4707 4706/5405/4705 4581/5275/4580 4583/5277/4582
f 4709/5409/4708 4708/5408/4707 4710/5410/4709 4711/5411/4710
f 4710/5410/4709 4708/5408/4707 4583/5277/4582 4585/5279/4584
f 4711/5411/4710 4710/5410/4709 4712/5412/4711 4713/5413/4712
f 4712/5412/4711 4710/5410/4709 4585/5279/4584 4714/5414/4713
f 4712/5412/4711 4714/5414/4713 4715/5415/4714 4716/5416/4715
f 4715/5415/4714 4714/5414/4713 4588/5282/4587 4717/5417/4716
f 4588/5282/4587 4714/5414/4713 4585/5279/4584 4584/5278/4583
f 4715/5415/4714 4717/5417/4716 4718/5418/4717 4719/5419/4718
f 4718/5418/4717 4717/5417/4716 4591/5285/4590 4720/5420/4719
f 4591/5285/4590 4717/5417/4716 4588/5282/4587 4587/5281/4586
f 4718/5418/4717 4720/5420/4719 4721/5421/4720 4722/5422/4721
f 4721/5421/4720 4720/5420/4719 4723/5423/4722 4724/5424/4723
f 4723/5423/4722 4720/5420/4719 4591/5285/4590 4590/5284/4589
f 4724/5424/4723 4723/5423/4722 4725/5425/4724 4726/5426/4725
f 4725/5425/4724 4723/5423/4722 4590/5284/4589 4593/5287/4592
f 4726/5426/4725 4725/5425/4724 4727/5427/4726 4728/5428/4727
f 4727/5427/4726 4725/5425/4724 4593/5287/4592 4595/5289/4594
f 4728/5428/4727 4727/5427/4726 4729/5429/4728 4730/5430/4729
f 4729/5429/4728 4727/5427/4726 4595/5289/4594 4597/5291/4596
f 4730/5430/4729 4729/5429/4728 4731/5431/4730 4732/5432/4731
f 4731/5431/4730 4729/5429/4728 4597/5291/4596 4599/5293/4598
f 4732/5432/4731 4731/5431/4730 4733/5433/4732 4734/5434/4733
f 4733/5433/4732 4731/5431/4730 4599/5293/4598 4601/5295/4600
f 4734/5434/4733 4733/5433/4732 4735/5435/4734 4736/5436/4735
f 4735/5435/4734 4733/5433/4732 4601/5295/4600 4737/5437/4736
f 4735/5435/4734 4737/5437/4736 4179/4809/4178 4180/4810/4179
f 4179/4809/4178 4737/5437/4736 4604/5298/4603 4181/4811/4180
f 4604/5298/4603 4737/5437/4736 4601/5295/4600 4600/5294/4599
f 4736/5436/4735 4735/5435/4734 4180/4810/4179 4738/5438/4737
f 4736/5436/4735 4738/5438/4737 4254/4900/4253 4253/4899/4252
f 4254/4900/4253 4738/5438/4737 4739/5439/4738 4740/5440/4739
f 4739/5439/4738 4738/5438/4737 4180/4810/4179 3994/4615/3993
f 4740/5440/4739 4739/5439/4738 3892/4497/3891 3929/4542/3928
f 3892/4497/3891 4739/5439/4738 3994/4615/3993 3888/4493/3887
f 4254/4900/4253 4740/5440/4739 4741/5441/4740 4251/4897/4250
f 4741/5441/4740 4740/5440/4739 3929/4542/3928 4742/5442/4741
f 4741/5441/4740 4742/5442/4741 4167/4797/4166 4084/4709/4083
f 4167/4797/4166 4742/5442/4741 4743/5443/4742 4744/5444/4743
f 4743/5443/4742 4742/5442/4741 3929/4542/3928 3930/4543/3929
f 4744/5444/4743 4743/5443/4742 4073/4696/4072 4745/5445/4744
f 4073/4696/4072 4743/5443/4742 3930/4543/3929 4074/4697/4073
f 4744/5444/4743 4745/5445/4744 4746/5446/4745 4008/4631/4007
f 4746/5446/4745 4745/5445/4744 4196/4829/4195 4747/5447/4746
f 4196/4829/4195 4745/5445/4744 4073/4696/4072 4069/4692/4068
f 4746/5446/4745 4747/5447/4746 3677/4261/3676 3676/4260/3675
f 3677/4261/3676 4747/5447/4746 4748/5448/4747 4749/5449/4748
f 4748/5448/4747 4747/5447/4746 4196/4829/4195 4195/4828/4194
f 4749/5449/4748 4748/5448/4747 4178/4808/4177 4173/4803/4172
f 4178/4808/4177 4748/5448/4747 4195/4828/4194 4198/4831/4197
f 3677/4261/3676 4749/5449/4748 4049/4672/4048 3674/4258/3673
f 4049/4672/4048 4749/5449/4748 4173/4803/4172 4050/4673/4049
f 4008/4631/4007 4746/5446/4745 3676/4260/3675 3679/4263/3678
f 4167/4797/4166 4744/5444/4743 4008/4631/4007 4007/4630/4006
f 4251/4897/4250 4741/5441/4740 4084/4709/4083 4086/4711/4085
f 4734/5434/4733 4736/5436/4735 4253/4899/4252 4750/5450/4749
f 4751/5451/4750 4750/5450/4749 4752/5452/4751 4753/5453/4752
f 4752/5452/4751 4750/5450/4749 4253/4899/4252 4256/4902/4255
f 4734/5434/4733 4750/5450/4749 4751/5451/4750 4732/5432/4731
f 4753/5453/4752 4752/5452/4751 4754/5454/4753 4755/5455/4754
f 4754/5454/4753 4752/5452/4751 4256/4902/4255 4756/5456/4755
f 4754/5454/4753 4756/5456/4755 4757/5457/4756 4758/5458/4757
f 4757/5457/4756 4756/5456/4755 4177/4807/4176 4176/4806/4175
f 4177/4807/4176 4756/5456/4755 4256/4902/4255 4255/4901/4254
f 4758/5458/4757 4757/5457/4756 4198/4831/4197 4197/4830/4196
f 4198/4831/4197 4757/5457/4756 4176/4806/4175 4178/4808/4177
f 4759/5459/4758 4758/5458/4757 4197/4830/4196 4199/4832/4198
f 4754/5454/4753 4758/5458/4757 4759/5459/4758 4755/5455/4754
f 4760/5460/4759 4759/5459/4758 4199/4832/4198 4761/5461/4760
f 4755/5455/4754 4759/5459/4758 4760/5460/4759 4762/5462/4761
f 4763/5463/4762 4762/5462/4761 4760/5460/4759 4764/5464/4763
f 4755/5455/4754 4762/5462/4761 4765/5465/4764 4753/5453/4752
f 4765/5465/4764 4762/5462/4761 4763/5463/4762 4766/5466/4765
f 4767/5467/4766 4766/5466/4765 4763/5463/4762 4768/5468/4767
f 4765/5465/4764 4766/5466/4765 4769/5469/4768 4770/5470/4769
f 4769/5469/4768 4766/5466/4765 4767/5467/4766 4771/5471/4770
f 4772/5472/4771 4771/5471/4770 4767/5467/4766 4773/5473/4772
f 4769/5469/4768 4771/5471/4770 4726/5426/4725 4728/5428/4727
f 4726/5426/4725 4771/5471/4770 4772/5472/4771 4724/5424/4723
f 4774/5474/4773 4773/5473/4772 4775/5475/4774 4776/5476/4775
f 4775/5475/4774 4773/5473/4772 4767/5467/4766 4768/5468/4767
f 4772/5472/4771 4773/5473/4772 4774/5474/4773 4777/5477/4776
f 4778/5478/4777 4777/5477/4776 4774/5474/4773 4779/5479/4778
f 4772/5472/4771 4777/5477/4776 4721/5421/4720 4724/5424/4723
f 4721/5421/4720 4777/5477/4776 4778/5478/4777 4722/5422/4721
f 4780/5480/4779 4779/5479/4778 4781/5481/4780 4782/5482/4781
f 4781/5481/4780 4779/5479/4778 4774/5474/4773 4776/5476/4775
f 4778/5478/4777 4779/5479/4778 4780/5480/4779 4783/5483/4782
f 4784/5484/4783 4783/5483/4782 4780/5480/4779 4785/5485/4784
f 4778/5478/4777 4783/5483/4782 4786/5486/4785 4722/5422/4721
f 4786/5486/4785 4783/5483/4782 4784/5484/4783 4787/5487/4786
f 4788/5488/4787 4787/5487/4786 4784/5484/4783 4789/5489/4788
f 4786/5486/4785 4787/5487/4786 4790/5490/4789 4719/5419/4718
f 4790/5490/4789 4787/5487/4786 4788/5488/4787 4791/5491/4790
f 4792/5492/4791 4791/5491/4790 4788/5488/4787 4793/5493/4792
f 4790/5490/4789 4791/5491/4790 4794/5494/4793 4716/5416/4715
f 4794/5494/4793 4791/5491/4790 4792/5492/4791 4795/5495/4794
f 4796/5496/4795 4795/5495/4794 4792/5492/4791 4797/5497/4796
f 4794/5494/4793 4795/5495/4794 4798/5498/4797 4713/5413/4712
f 4798/5498/4797 4795/5495/4794 4796/5496/4795 4799/5499/4798
f 4800/5500/4799 4799/5499/4798 4796/5496/4795 4801/5501/4800
f 4798/5498/4797 4799/5499/4798 4802/5502/4801 4803/5503/4802
f 4802/5502/4801 4799/5499/4798 4800/5500/4799 4804/5504/4803
f 4805/5505/4804 4804/5504/4803 4800/5500/4799 4806/5506/4805
f 4802/5502/4801 4804/5504/4803 4807/5507/4806 4808/5508/4807
f 4807/5507/4806 4804/5504/4803 4805/5505/4804 4809/5509/4808
f 4810/5510/4809 4809/5511/4808 4805/5512/4804 4811/5513/4810
f 4807/5514/4806 4809/5511/4808 4812/5515/4811 4813/5516/4812
f 4812/5515/4811 4809/5511/4808 4810/5510/4809 4814/5517/4813
f 4815/5518/4814 4814/5517/4813 4810/5510/4809 4816/5519/4815
f 4812/5515/4811 4814/5517/4813 4817/5520/4816 4818/5521/4817
f 4817/5520/4816 4814/5517/4813 4815/5518/4814 4819/5522/4818
f 4820/5523/4819 4819/5522/4818 4815/5518/4814 4821/5524/4820
f 4817/5520/4816 4819/5522/4818 4822/5525/4821 4823/5526/4822
f 4822/5525/4821 4819/5522/4818 4820/5523/4819 4824/5527/4823
f 4825/5528/4824 4824/5527/4823 4820/5523/4819 4826/5529/4825
f 4822/5525/4821 4824/5527/4823 4827/5530/4826 4828/5531/4827
f 4827/5530/4826 4824/5527/4823 4825/5528/4824 4829/5532/4828
f 4830/5533/4829 4829/5532/4828 4825/5528/4824 4831/5534/4830
f 4827/5530/4826 4829/5532/4828 4832/5535/4831 4833/5536/4832
f 4832/5535/4831 4829/5532/4828 4830/5533/4829 4834/5537/4833
f 4835/5538/4834 4834/5537/4833 4830/5533/4829 4836/5539/4835
f 4832/5535/4831 4834/5537/4833 4837/5540/4836 4838/5541/4837
f 4837/5540/4836 4834/5537/4833 4835/5538/4834 4839/5542/4838
f 4840/5543/4839 4839/5542/4838 4835/5538/4834 4841/5544/4840
f 4837/5540/4836 4839/5542/4838 4842/5545/4841 4843/5546/4842
f 4842/5545/4841 4839/5542/4838 4840/5543/4839 4844/5547/4843
f 4845/5548/4844 4844/5547/4843 4840/5543/4839 4846/5549/4845
f 4842/5545/4841 4844/5547/4843 4847/5550/4846 4848/5551/4847
f 4847/5550/4846 4844/5547/4843 4845/5548/4844 4849/5552/4848
f 4850/5553/4849 4849/5552/4848 4845/5548/4844 4851/5554/4850
f 4847/5550/4846 4849/5552/4848 4852/5555/4851 4853/5556/4852
f 4852/5555/4851 4849/5552/4848 4850/5553/4849 4854/5557/4853
f 4855/5558/4854 4854/5557/4853 4850/5553/4849 4856/5559/4855
f 4852/5555/4851 4854/5557/4853 4857/5560/4856 4858/5561/4857
f 4857/5560/4856 4854/5557/4853 4855/5558/4854 4859/5562/4858
f 4860/5563/4859 4859/5562/4858 4855/5558/4854 4861/5564/4860
f 4857/5560/4856 4859/5562/4858 4862/5565/4861 4863/5566/4862
f 4862/5565/4861 4859/5562/4858 4860/5563/4859 4864/5567/4863
f 4865/5568/4864 4864/5567/4863 4860/5563/4859 4866/5569/4865
f 4862/5565/4861 4864/5567/4863 4867/5570/4866 4868/5571/4867
f 4867/5570/4866 4864/5567/4863 4865/5568/4864 4869/5572/4868
f 4870/5573/4869 4869/5572/4868 4865/5568/4864 4871/5574/4870
f 4867/5570/4866 4869/5572/4868 4872/5575/4871 4873/5576/4872
f 4872/5575/4871 4869/5572/4868 4870/5573/4869 4874/5577/4873
f 4875/5578/4874 4874/5577/4873 4876/5579/4875 4877/5580/4876
f 4876/5579/4875 4874/5577/4873 4870/5573/4869 4878/5581/4877
f 4872/5575/4871 4874/5577/4873 4875/5578/4874 4879/5582/4878
f 4872/5575/4871 4879/5582/4878 4880/5583/4879 4873/5576/4872
f 4880/5583/4879 4879/5582/4878 4881/5584/4880 4882/5585/4881
f 4881/5584/4880 4879/5582/4878 4875/5578/4874 4883/5586/4882
f 4884/5587/4883 4883/5586/4882 4885/5588/4884 4886/5589/4885
f 4885/5588/4884 4883/5586/4882 4875/5578/4874 4877/5580/4876
f 4881/5584/4880 4883/5586/4882 4884/5587/4883 4887/5590/4886
f 4881/5584/4880 4887/5590/4886 4888/5591/4887 4882/5585/4881
f 4888/5591/4887 4887/5590/4886 4889/5592/4888 4660/5357/4659
f 4889/5592/4888 4887/5590/4886 4884/5587/4883 4890/5593/4889
f 4891/5594/4890 4890/5593/4889 4892/5595/4891 4893/5596/4892
f 4892/5595/4891 4890/5593/4889 4884/5587/4883 4886/5589/4885
f 4889/5592/4888 4890/5593/4889 4891/5594/4890 4894/5597/4893
f 4889/5592/4888 4894/5597/4893 4658/5355/4657 4660/5357/4659
f 4658/5355/4657 4894/5597/4893 4895/5598/4894 4656/5353/4655
f 4895/5598/4894 4894/5597/4893 4891/5594/4890 4896/5599/4895
f 4656/5353/4655 4895/5598/4894 1328/1514/1328 1087/1253/1087
f 1328/1514/1328 4895/5598/4894 4896/5599/4895 1329/1515/1329
f 1333/1519/1333 1332/1518/1332 4897/5600/4896 4898/5601/4897
f 4898/5601/4897 4897/5600/4896 4899/5602/4898 4900/5603/4899
f 4899/5602/4898 4897/5600/4896 4893/5596/4892 4892/5595/4891
f 4900/5603/4899 4899/5602/4898 4901/5604/4900 4902/5605/4901
f 4901/5604/4900 4899/5602/4898 4892/5595/4891 4886/5589/4885
f 4902/5605/4901 4901/5604/4900 4903/5606/4902 4904/5607/4903
f 4903/5606/4902 4901/5604/4900 4886/5589/4885 4885/5588/4884
f 4904/5607/4903 4903/5606/4902 4905/5608/4904 4906/5609/4905
f 4905/5608/4904 4903/5606/4902 4885/5588/4884 4877/5580/4876
f 4906/5609/4905 4905/5608/4904 4907/5610/4906 4908/5611/4907
f 4907/5610/4906 4905/5608/4904 4877/5580/4876 4876/5579/4875
f 4908/5611/4907 4907/5610/4906 4909/5612/4908 4910/5613/4909
f 4909/5612/4908 4907/5610/4906 4876/5579/4875 4878/5581/4877
f 4910/5613/4909 4909/5612/4908 4911/5614/4910 4912/5615/4911
f 4911/5614/4910 4909/5612/4908 4878/5581/4877 4913/5616/4912
f 4911/5614/4910 4913/5616/4912 4914/5617/4913 4915/5618/4914
f 4914/5617/4913 4913/5616/4912 4871/5574/4870 4916/5619/4915
f 4871/5574/4870 4913/5616/4912 4878/5581/4877 4870/5573/4869
f 4914/5617/4913 4916/5619/4915 4917/5620/4916 4918/5621/4917
f 4917/5620/4916 4916/5619/4915 4866/5569/4865 4919/5622/4918
f 4866/5569/4865 4916/5619/4915 4871/5574/4870 4865/5568/4864
f 4917/5620/4916 4919/5622/4918 4920/5623/4919 4921/5624/4920
f 4920/5623/4919 4919/5622/4918 4861/5564/4860 4922/5625/4921
f 4861/5564/4860 4919/5622/4918 4866/5569/4865 4860/5563/4859
f 4920/5623/4919 4922/5625/4921 3925/4534/3924 3923/4532/3922
f 3925/4534/3924 4922/5625/4921 4856/5559/4855 4923/5626/4922
f 4856/5559/4855 4922/5625/4921 4861/5564/4860 4855/5558/4854
f 3925/4534/3924 4923/5626/4922 4924/5627/4923 3921/4530/3920
f 4924/5627/4923 4923/5626/4922 4851/5554/4850 4925/5628/4924
f 4851/5554/4850 4923/5626/4922 4856/5559/4855 4850/5553/4849
f 4924/5627/4923 4925/5628/4924 4926/5629/4925 4927/5630/4926
f 4926/5629/4925 4925/5628/4924 4846/5549/4845 4928/5631/4927
f 4846/5549/4845 4925/5628/4924 4851/5554/4850 4845/5548/4844
f 4926/5629/4925 4928/5631/4927 4929/5632/4928 4930/5633/4929
f 4929/5632/4928 4928/5631/4927 4841/5544/4840 4931/5634/4930
f 4841/5544/4840 4928/5631/4927 4846/5549/4845 4840/5543/4839
f 4929/5632/4928 4931/5634/4930 4932/5635/4931 4933/5636/4932
f 4932/5635/4931 4931/5634/4930 4836/5539/4835 4934/5637/4933
f 4836/5539/4835 4931/5634/4930 4841/5544/4840 4835/5538/4834
f 4932/5635/4931 4934/5637/4933 4935/5638/4934 4936/5639/4935
f 4935/5638/4934 4934/5637/4933 4831/5534/4830 4937/5640/4936
f 4831/5534/4830 4934/5637/4933 4836/5539/4835 4830/5533/4829
f 4935/5638/4934 4937/5640/4936 4938/5641/4937 4939/5642/4938
f 4938/5641/4937 4937/5640/4936 4826/5529/4825 4940/5643/4939
f 4826/5529/4825 4937/5640/4936 4831/5534/4830 4825/5528/4824
f 4938/5641/4937 4940/5643/4939 4941/5644/4940 4942/5645/4941
f 4941/5644/4940 4940/5643/4939 4821/5524/4820 4943/5646/4942
f 4821/5524/4820 4940/5643/4939 4826/5529/4825 4820/5523/4819
f 4941/5644/4940 4943/5646/4942 4944/5647/4943 4945/5648/4944
f 4944/5647/4943 4943/5646/4942 4816/5519/4815 4946/5649/4945
f 4816/5519/4815 4943/5646/4942 4821/5524/4820 4815/5518/4814
f 4944/5647/4943 4946/5649/4945 4947/5650/4946 4948/5651/4947
f 4947/5652/4946 4946/5653/4945 4811/5654/4810 4949/5655/4948
f 4811/5513/4810 4946/5649/4945 4816/5519/4815 4810/5510/4809
f 4947/5652/4946 4949/5655/4948 4950/5656/4949 4951/5657/4950
f 4950/5656/4949 4949/5655/4948 4806/5506/4805 4952/5658/4951
f 4806/5506/4805 4949/5655/4948 4811/5654/4810 4805/5505/4804
f 4950/5656/4949 4952/5658/4951 4953/5659/4952 4954/5660/4953
f 4953/5659/4952 4952/5658/4951 4801/5501/4800 4955/5661/4954
f 4801/5501/4800 4952/5658/4951 4806/5506/4805 4800/5500/4799
f 4953/5659/4952 4955/5661/4954 4956/5662/4955 4957/5663/4956
f 4956/5662/4955 4955/5661/4954 4797/5497/4796 4958/5664/4957
f 4797/5497/4796 4955/5661/4954 4801/5501/4800 4796/5496/4795
f 4956/5662/4955 4958/5664/4957 4959/5665/4958 4960/5666/4959
f 4959/5665/4958 4958/5664/4957 4793/5493/4792 4961/5667/4960
f 4793/5493/4792 4958/5664/4957 4797/5497/4796 4792/5492/4791
f 4959/5665/4958 4961/5667/4960 4962/5668/4961 4963/5669/4962
f 4962/5668/4961 4961/5667/4960 4789/5489/4788 4964/5670/4963
f 4789/5489/4788 4961/5667/4960 4793/5493/4792 4788/5488/4787
f 4962/5668/4961 4964/5670/4963 4306/4971/4305 4303/4968/4302
f 4306/4971/4305 4964/5670/4963 4785/5485/4784 4965/5671/4964
f 4785/5485/4784 4964/5670/4963 4789/5489/4788 4784/5484/4783
f 4306/4971/4305 4965/5671/4964 4966/5672/4965 4305/4970/4304
f 4966/5672/4965 4965/5671/4964 4782/5482/4781 4967/5673/4966
f 4782/5482/4781 4965/5671/4964 4785/5485/4784 4780/5480/4779
f 4966/5672/4965 4967/5673/4966 4968/5674/4967 4969/5675/4968
f 4968/5674/4967 4967/5673/4966 4970/5676/4969 4971/5677/4970
f 4970/5676/4969 4967/5673/4966 4782/5482/4781 4781/5481/4780
f 4971/5677/4970 4970/5676/4969 4972/5678/4971 4973/5679/4972
f 4972/5678/4971 4970/5676/4969 4781/5481/4780 4776/5476/4775
f 4973/5679/4972 4972/5678/4971 4974/5680/4973 4975/5681/4974
f 4974/5680/4973 4972/5678/4971 4776/5476/4775 4775/5475/4774
f 4975/5681/4974 4974/5680/4973 4976/5682/4975 4977/5683/4976
f 4976/5682/4975 4974/5680/4973 4775/5475/4774 4768/5468/4767
f 4977/5683/4976 4976/5682/4975 4764/5464/4763 4978/5684/4977
f 4764/5464/4763 4976/5682/4975 4768/5468/4767 4763/5463/4762
f 4977/5683/4976 4978/5684/4977 4979/5685/4978 4980/5686/4979
f 4979/5685/4978 4978/5684/4977 4761/5461/4760 4981/5687/4980
f 4761/5461/4760 4978/5684/4977 4764/5464/4763 4760/5460/4759
f 4979/5685/4978 4981/5687/4980 4982/5688/4981 4983/5689/4982
f 4982/5688/4981 4981/5687/4980 4193/4826/4192 4194/4827/4193
f 4193/4826/4192 4981/5687/4980 4761/5461/4760 4199/4832/4198
f 4983/5689/4982 4982/5688/4981 4984/5690/4983 4985/5691/4984
f 4984/5690/4983 4982/5688/4981 4194/4827/4193 4986/5692/4985
f 4984/5690/4983 4986/5692/4985 4987/5693/4986 4988/5694/4987
f 4987/5693/4986 4986/5692/4985 4989/5695/4988 4990/5696/4989
f 4989/5695/4988 4986/5692/4985 4194/4827/4193 4071/4694/4070
f 4990/5696/4989 4989/5695/4988 4991/5697/4990 4992/5698/4991
f 4991/5697/4990 4989/5695/4988 4071/4694/4070 4075/4698/4074
f 4992/5698/4991 4991/5697/4990 4993/5699/4992 4994/5700/4993
f 4993/5699/4992 4991/5697/4990 4075/4698/4074 3902/4507/3901
f 4994/5700/4993 4993/5699/4992 4995/5701/4994 4996/5702/4995
f 4995/5701/4994 4993/5699/4992 3902/4507/3901 3901/4506/3900
f 4996/5702/4995 4995/5701/4994 4997/5703/4996 4998/5704/4997
f 4997/5703/4996 4995/5701/4994 3901/4506/3900 3903/4508/3902
f 4998/5704/4997 4997/5703/4996 4999/5705/4998 5000/5706/4999
f 4999/5705/4998 4997/5703/4996 3903/4508/3902 5001/5707/5000
f 4010/4633/4009 5001/5707/5000 3903/4508/3902 3899/4504/3898
f 4999/5705/4998 5001/5707/5000 5002/5708/5001 5003/5709/5002
f 5002/5708/5001 5001/5707/5000 4010/4633/4009 4013/4636/4012
f 5003/5709/5002 5002/5708/5001 5004/5710/5003 5005/5711/5004
f 5004/5710/5003 5002/5708/5001 4013/4636/4012 4058/4681/4057
f 5005/5711/5004 5004/5710/5003 5006/5712/5005 5007/5713/5006
f 5006/5712/5005 5004/5710/5003 4058/4681/4057 5008/5714/5007
f 5009/5715/5008 5008/5714/5007 4058/4681/4057 4057/4680/4056
f 5006/5712/5005 5008/5714/5007 5010/5716/5009 5011/5717/5010
f 5010/5716/5009 5008/5714/5007 5009/5715/5008 5012/5718/5011
f 5010/5716/5009 5012/5718/5011 5013/5719/5012 5014/5720/5013
f 5013/5719/5012 5012/5718/5011 5015/5721/5014 5016/5722/5015
f 5015/5721/5014 5012/5718/5011 5009/5715/5008 5017/5723/5016
f 5018/5724/5017 5017/5723/5016 5009/5715/5008 4057/4680/4056
f 5015/5721/5014 5017/5723/5016 5019/5725/5018 5020/5726/5019
f 5019/5725/5018 5017/5723/5016 5018/5724/5017 5021/5727/5020
f 5022/5728/5021 5021/5727/5020 5018/5724/5017 5023/5729/5022
f 5019/5725/5018 5021/5727/5020 5024/5730/5023 5025/5731/5024
f 5024/5730/5023 5021/5727/5020 5022/5728/5021 5026/5732/5025
f 5027/5733/5026 5026/5732/5025 5022/5728/5021 5028/5734/5027
f 5024/5730/5023 5026/5732/5025 5029/5735/5028 5030/5736/5029
f 5029/5735/5028 5026/5732/5025 5027/5733/5026 5031/5737/5030
f 5032/5738/5031 5031/5737/5030 5027/5733/5026 5033/5739/5032
f 5029/5735/5028 5031/5737/5030 5034/5740/5033 5035/5741/5034
f 5034/5740/5033 5031/5737/5030 5032/5738/5031 5036/5742/5035
f 5037/5743/5036 5036/5742/5035 5032/5738/5031 5038/5744/5037
f 5034/5740/5033 5036/5742/5035 5039/5745/5038 5040/5746/5039
f 5039/5745/5038 5036/5742/5035 5037/5743/5036 5041/5747/5040
f 5042/5748/5041 5041/5747/5040 5037/5743/5036 4620/5314/4619
f 5039/5745/5038 5041/5747/5040 5043/5749/5042 5044/5750/5043
f 5043/5749/5042 5041/5747/5040 5042/5748/5041 5045/5751/5044
f 5046/5752/5045 5045/5751/5044 5042/5748/5041 4623/5317/4622
f 5043/5749/5042 5045/5751/5044 5047/5753/5046 5048/5754/5047
f 5047/5753/5046 5045/5751/5044 5046/5752/5045 5049/5755/5048
f 5050/5756/5049 5049/5755/5048 5046/5752/5045 4626/5321/4625
f 5047/5753/5046 5049/5755/5048 5051/5757/5050 5052/5758/5051
f 5051/5757/5050 5049/5755/5048 5050/5756/5049 5053/5759/5052
f 5054/5760/5053 5053/5759/5052 5050/5756/5049 4629/5761/4628
f 5051/5757/5050 5053/5759/5052 5055/5762/5054 5056/5763/5055
f 5055/5762/5054 5053/5759/5052 5054/5760/5053 5057/5764/5056
f 5058/5765/5057 5057/5764/5056 5054/5760/5053 4632/5766/4631
f 5055/5762/5054 5057/5764/5056 5059/5767/5058 5060/5768/5059
f 5059/5767/5058 5057/5764/5056 5058/5765/5057 5061/5769/5060
f 5062/5770/5061 5061/5769/5060 5058/5765/5057 4635/5771/4634
f 5059/5767/5058 5061/5769/5060 5063/5772/5062 5064/5773/5063
f 5063/5772/5062 5061/5769/5060 5062/5770/5061 5065/5774/5064
f 5066/5775/5065 5065/5774/5064 5062/5770/5061 4638/5776/4637
f 5063/5772/5062 5065/5774/5064 5067/5777/5066 5068/5778/5067
f 5067/5777/5066 5065/5774/5064 5066/5775/5065 5069/5779/5068
f 5070/5780/5069 5069/5779/5068 5066/5775/5065 4641/5781/4640
f 5067/5777/5066 5069/5779/5068 5071/5782/5070 5072/5783/5071
f 5071/5782/5070 5069/5779/5068 5070/5780/5069 5073/5784/5072
f 5074/5785/5073 5073/5784/5072 5070/5780/5069 4644/5786/4643
f 5071/5782/5070 5073/5784/5072 5075/5787/5074 5076/5788/5075
f 5075/5787/5074 5073/5784/5072 5074/5785/5073 5077/5789/5076
f 5078/5790/5077 5077/5789/5076 5074/5785/5073 4647/5791/4646
f 5075/5787/5074 5077/5789/5076 5079/5792/5078 5080/5793/5079
f 5079/5792/5078 5077/5789/5076 5078/5790/5077 5081/5794/5080
f 5082/5795/5081 5081/5794/5080 5078/5790/5077 4650/5796/4649
f 5079/5792/5078 5081/5794/5080 1519/5797/1519 1518/5798/1518
f 1519/5797/1519 5081/5794/5080 5082/5795/5081 1520/5799/1520
f 1521/3907/1521 1520/5800/1520 5082/5801/5081 4653/5350/4652
f 1525/1724/1525 1524/1723/1524 5083/5802/5082 5084/5803/5083
f 5083/5802/5082 1524/1723/1524 1333/1519/1333 4898/5601/4897
f 5084/5803/5083 5083/5802/5082 5085/5804/5084 5086/5805/5085
f 5085/5804/5084 5083/5802/5082 4898/5601/4897 4900/5603/4899
f 5086/5805/5085 5085/5804/5084 5087/5806/5086 5088/5807/5087
f 5087/5806/5086 5085/5804/5084 4900/5603/4899 4902/5605/4901
f 5088/5807/5087 5087/5806/5086 5089/5808/5088 5090/5809/5089
f 5089/5808/5088 5087/5806/5086 4902/5605/4901 4904/5607/4903
f 5090/5809/5089 5089/5808/5088 5091/5810/5090 5092/5811/5091
f 5091/5810/5090 5089/5808/5088 4904/5607/4903 4906/5609/4905
f 5092/5811/5091 5091/5810/5090 5093/5812/5092 5094/5813/5093
f 5093/5812/5092 5091/5810/5090 4906/5609/4905 4908/5611/4907
f 5094/5813/5093 5093/5812/5092 5095/5814/5094 5096/5815/5095
f 5095/5814/5094 5093/5812/5092 4908/5611/4907 4910/5613/4909
f 5096/5815/5095 5095/5814/5094 5097/5816/5096 5098/5817/5097
f 5097/5816/5096 5095/5814/5094 4910/5613/4909 4912/5615/4911
f 5098/5817/5097 5097/5816/5096 5099/5818/5098 5100/5819/5099
f 5099/5818/5098 5097/5816/5096 4912/5615/4911 5101/5820/5100
f 5099/5818/5098 5101/5820/5100 5102/5821/5101 5103/5822/5102
f 5102/5821/5101 5101/5820/5100 4915/5618/4914 5104/5823/5103
f 4915/5618/4914 5101/5820/5100 4912/5615/4911 4911/5614/4910
f 5102/5821/5101 5104/5823/5103 5105/5824/5104 5106/5825/5105
f 5105/5824/5104 5104/5823/5103 4918/5621/4917 5107/5826/5106
f 4918/5621/4917 5104/5823/5103 4915/5618/4914 4914/5617/4913
f 5105/5824/5104 5107/5826/5106 5108/5827/5107 5109/5828/5108
f 5108/5827/5107 5107/5826/5106 4921/5624/4920 3924/4533/3923
f 4921/5624/4920 5107/5826/5106 4918/5621/4917 4917/5620/4916
f 5109/5828/5108 5108/5827/5107 5110/5829/5109 5111/5830/5110
f 5110/5829/5109 5108/5827/5107 3924/4533/3923 3919/4528/3918
f 5111/5830/5110 5110/5829/5109 5112/5831/5111 5113/5832/5112
f 5112/5831/5111 5110/5829/5109 3919/4528/3918 3922/4531/3921
f 5113/5832/5112 5112/5831/5111 5114/5833/5113 5115/5834/5114
f 5114/5833/5113 5112/5831/5111 3922/4531/3921 4927/5630/4926
f 5115/5834/5114 5114/5833/5113 4930/5633/4929 5116/5835/5115
f 4930/5633/4929 5114/5833/5113 4927/5630/4926 4926/5629/4925
f 5115/5834/5114 5116/5835/5115 5117/5836/5116 5118/5837/5117
f 5117/5836/5116 5116/5835/5115 4933/5636/4932 5119/5838/5118
f 4933/5636/4932 5116/5835/5115 4930/5633/4929 4929/5632/4928
f 5117/5836/5116 5119/5838/5118 5120/5839/5119 5121/5840/5120
f 5120/5839/5119 5119/5838/5118 4936/5639/4935 5122/5841/5121
f 4936/5639/4935 5119/5838/5118 4933/5636/4932 4932/5635/4931
f 5120/5839/5119 5122/5841/5121 5123/5842/5122 5124/5843/5123
f 5123/5842/5122 5122/5841/5121 4939/5642/4938 5125/5844/5124
f 4939/5642/4938 5122/5841/5121 4936/5639/4935 4935/5638/4934
f 5123/5842/5122 5125/5844/5124 5126/5845/5125 5127/5846/5126
f 5126/5845/5125 5125/5844/5124 4942/5645/4941 5128/5847/5127
f 4942/5645/4941 5125/5844/5124 4939/5642/4938 4938/5641/4937
f 5126/5845/5125 5128/5847/5127 5129/5848/5128 5130/5849/5129
f 5129/5848/5128 5128/5847/5127 4945/5648/4944 5131/5850/5130
f 4945/5648/4944 5128/5847/5127 4942/5645/4941 4941/5644/4940
f 5129/5848/5128 5131/5850/5130 5132/5851/5131 5133/5852/5132
f 5132/5851/5131 5131/5850/5130 4948/5651/4947 5134/5853/5133
f 4948/5651/4947 5131/5850/5130 4945/5648/4944 4944/5647/4943
f 5132/5851/5131 5134/5853/5133 5135/5854/5134 5136/5855/5135
f 5135/5856/5134 5134/5857/5133 4951/5657/4950 5137/5858/5136
f 4951/5859/4950 5134/5853/5133 4948/5651/4947 4947/5650/4946
f 5138/5860/5137 5136/5855/5135 5139/5861/5138 5140/5862/5139
f 5139/5861/5138 5136/5855/5135 5135/5854/5134 4313/4978/4312
f 5132/5851/5131 5136/5855/5135 5138/5860/5137 5133/5852/5132
f 5141/5863/5140 5140/5862/5139 5142/5864/5141 5143/5865/5142
f 5142/5864/5141 5140/5862/5139 5139/5861/5138 4312/4977/4311
f 5138/5860/5137 5140/5862/5139 5141/5863/5140 5144/5866/5143
f 5145/5867/5144 5144/5866/5143 5141/5863/5140 5146/5868/5145
f 5138/5860/5137 5144/5866/5143 5147/5869/5146 5133/5852/5132
f 5147/5869/5146 5144/5866/5143 5145/5867/5144 5148/5870/5147
f 5149/5871/5148 5148/5870/5147 5145/5867/5144 5150/5872/5149
f 5147/5869/5146 5148/5870/5147 5151/5873/5150 5130/5849/5129
f 5151/5873/5150 5148/5870/5147 5149/5871/5148 5152/5874/5151
f 5153/5875/5152 5152/5874/5151 5149/5871/5148 5154/5876/5153
f 5151/5873/5150 5152/5874/5151 5155/5877/5154 5127/5846/5126
f 5155/5877/5154 5152/5874/5151 5153/5875/5152 5156/5878/5155
f 5157/5879/5156 5156/5878/5155 5153/5875/5152 5158/5880/5157
f 5155/5877/5154 5156/5878/5155 5159/5881/5158 5124/5843/5123
f 5159/5881/5158 5156/5878/5155 5157/5879/5156 5160/5882/5159
f 5161/5883/5160 5160/5882/5159 5157/5879/5156 5162/5884/5161
f 5159/5881/5158 5160/5882/5159 5163/5885/5162 5121/5840/5120
f 5163/5885/5162 5160/5882/5159 5161/5883/5160 5164/5886/5163
f 5165/5887/5164 5164/5886/5163 5161/5883/5160 5166/5888/5165
f 5163/5885/5162 5164/5886/5163 5167/5889/5166 5118/5837/5117
f 5167/5889/5166 5164/5886/5163 5165/5887/5164 5168/5890/5167
f 5169/5891/5168 5168/5890/5167 5165/5887/5164 5170/5892/5169
f 5167/5889/5166 5168/5890/5167 5111/5830/5110 5113/5832/5112
f 5111/5830/5110 5168/5890/5167 5169/5891/5168 5109/5828/5108
f 5171/5893/5170 5170/5892/5169 5172/5894/5171 5173/5895/5172
f 5172/5894/5171 5170/5892/5169 5165/5887/5164 5166/5888/5165
f 5169/5891/5168 5170/5892/5169 5171/5893/5170 5106/5825/5105
f 5173/5895/5172 5172/5894/5171 5174/5896/5173 5175/5897/5174
f 5174/5896/5173 5172/5894/5171 5166/5888/5165 5176/5898/5175
f 5174/5896/5173 5176/5898/5175 5177/5899/5176 5178/5900/5177
f 5177/5899/5176 5176/5898/5175 5162/5884/5161 5179/5901/5178
f 5162/5884/5161 5176/5898/5175 5166/5888/5165 5161/5883/5160
f 5177/5899/5176 5179/5901/5178 5180/5902/5179 5181/5903/5180
f 5180/5902/5179 5179/5901/5178 5158/5880/5157 5182/5904/5181
f 5158/5880/5157 5179/5901/5178 5162/5884/5161 5157/5879/5156
f 5180/5902/5179 5182/5904/5181 5183/5905/5182 5184/5906/5183
f 5183/5905/5182 5182/5904/5181 5154/5876/5153 5185/5907/5184
f 5154/5876/5153 5182/5904/5181 5158/5880/5157 5153/5875/5152
f 5183/5905/5182 5185/5907/5184 5186/5908/5185 5187/5909/5186
f 5186/5908/5185 5185/5907/5184 5150/5872/5149 5188/5910/5187
f 5150/5872/5149 5185/5907/5184 5154/5876/5153 5149/5871/5148
f 5186/5908/5185 5188/5910/5187 5189/5911/5188 5190/5912/5189
f 5189/5911/5188 5188/5910/5187 5146/5868/5145 5191/5913/5190
f 5146/5868/5145 5188/5910/5187 5150/5872/5149 5145/5867/5144
f 5189/5911/5188 5191/5913/5190 5192/5914/5191 5193/5915/5192
f 5192/5914/5191 5191/5913/5190 5143/5865/5142 5194/5916/5193
f 5143/5865/5142 5191/5913/5190 5146/5868/5145 5141/5863/5140
f 5192/5914/5191 5194/5916/5193 5195/5917/5194 5196/5918/5195
f 5195/5917/5194 5194/5916/5193 5197/5919/5196 5198/5920/5197
f 5197/5919/5196 5194/5916/5193 5143/5865/5142 5142/5864/5141
f 5198/5920/5197 5197/5919/5196 5199/5921/5198 5200/5922/5199
f 5199/5921/5198 5197/5919/5196 5142/5864/5141 4312/4977/4311
f 5198/5920/5197 5200/5922/5199 5201/5923/5200 5202/5924/5201
f 5201/5923/5200 5200/5922/5199 5203/5925/5202 5204/5926/5203
f 5203/5925/5202 5200/5922/5199 5199/5921/5198 5205/5927/5204
f 5204/5926/5203 5203/5925/5202 5206/5928/5205 4051/5929/4050
f 5206/5928/5205 5203/5925/5202 5205/5927/5204 5207/5930/5206
f 5208/5931/5207 5207/5932/5206 5205/5933/5204 5209/5934/5208
f 5206/5935/5205 5207/5932/5206 5210/5936/5209 5211/5937/5210
f 5210/5936/5209 5207/5932/5206 5208/5931/5207 5212/5938/5211
f 5210/5936/5209 5212/5938/5211 5213/5939/5212 5214/5940/5213
f 5213/5939/5212 5212/5938/5211 5215/5941/5214 5216/5942/5215
f 5215/5941/5214 5212/5938/5211 5208/5931/5207 5217/5943/5216
f 5216/5942/5215 5215/5941/5214 3649/5944/3648 3651/5945/3650
f 3649/5944/3648 5215/5941/5214 5217/5943/5216 5218/5946/5217
f 5213/5939/5212 5216/5942/5215 4269/5947/4268 5219/5948/5218
f 4269/5947/4268 5216/5942/5215 3651/5945/3650 4268/5949/4267
f 5213/5939/5212 5219/5948/5218 4186/4817/4185 5214/5940/5213
f 4186/4817/4185 5219/5948/5218 5220/5950/5219 4187/4818/4186
f 5220/5950/5219 5219/5948/5218 4269/5947/4268 4265/5951/4264
f 4187/4822/4186 5220/5952/5219 5221/5953/5220 4191/4823/4190
f 5221/5953/5220 5220/5952/5219 4265/4911/4264 4267/4913/4266
f 4191/4823/4190 5221/5953/5220 5222/5954/5221 4131/4756/4130
f 5222/5954/5221 5221/5953/5220 4267/4913/4266 5223/5955/5222
f 5222/5954/5221 5223/5955/5222 5224/5956/5223 5225/5957/5224
f 5224/5956/5223 5223/5955/5222 4161/5958/4160 4162/5959/4161
f 4161/5958/4160 5223/5955/5222 4267/4913/4266 4266/4912/4265
f 5225/5957/5224 5224/5956/5223 4112/5960/4111 4107/5961/4106
f 4112/5960/4111 5224/5956/5223 4162/5959/4161 4152/5962/4151
f 5222/5954/5221 5225/5957/5224 4128/4753/4127 4131/4756/4130
f 4128/4753/4127 5225/5957/5224 4107/5961/4106 4108/4759/4107
f 5210/5936/5209 5214/5940/5213 5226/5963/5225 5211/5937/5210
f 5226/5963/5225 5214/5940/5213 4186/4817/4185 4189/4820/4188
f 3999/4620/3998 5226/5963/5225 4189/4820/4188 4067/4690/4066
f 5211/5937/5210 5226/5963/5225 3999/4620/3998 4000/4621/3999
f 5206/5935/5205 5211/5937/5210 4000/4621/3999 4051/4674/4050
f 5217/5943/5216 5208/5931/5207 5209/5934/5208 5227/5964/5226
f 5201/5923/5200 5204/5926/5203 5228/5965/5227 5229/5966/5228
f 5228/5965/5227 5204/5926/5203 4051/5929/4050 4053/5967/4052
f 5229/5966/5228 5228/5965/5227 5230/5968/5229 5231/5969/5230
f 5230/5968/5229 5228/5965/5227 4053/5967/4052 3698/4283/3697
f 5231/5969/5230 5230/5968/5229 5232/5970/5231 5233/5971/5232
f 5232/5970/5231 5230/5968/5229 3698/4283/3697 3700/4286/3699
f 5233/5971/5232 5232/5970/5231 5234/5972/5233 5235/5973/5234
f 5234/5974/5233 5232/5975/5231 3700/5976/3699 5236/5977/5235
f 5234/5974/5233 5236/5977/5235 5237/5978/5236 5238/5979/5237
f 5237/5978/5236 5236/5977/5235 5239/5980/5238 5240/5981/5239
f 5239/5980/5238 5236/5977/5235 3700/5976/3699 3699/4538/3698
f 5240/5981/5239 5239/5980/5238 5241/5982/5240 5242/5983/5241
f 5241/5982/5240 5239/5980/5238 3699/4538/3698 3928/4541/3927
f 5242/5983/5241 5241/5982/5240 5243/5984/5242 5244/5985/5243
f 5243/5984/5242 5241/5982/5240 3928/4541/3927 5245/5986/5244
f 5246/5987/5245 5245/5986/5244 3928/4541/3927 3927/4540/3926
f 5243/5984/5242 5245/5986/5244 5247/5988/5246 5248/5989/5247
f 5247/5988/5246 5245/5986/5244 5246/5987/5245 5249/5990/5248
f 5250/5991/5249 5249/5990/5248 5246/5987/5245 5251/5992/5250
f 5247/5988/5246 5249/5990/5248 5252/5993/5251 5253/5994/5252
f 5252/5993/5251 5249/5990/5248 5250/5991/5249 5254/5995/5253
f 5255/5996/5254 5254/5995/5253 5250/5991/5249 5256/5997/5255
f 5252/5993/5251 5254/5995/5253 5257/5998/5256 5258/5999/5257
f 5257/5998/5256 5254/5995/5253 5255/5996/5254 5259/6000/5258
f 5260/6001/5259 5259/6000/5258 5255/5996/5254 5261/6002/5260
f 5257/5998/5256 5259/6000/5258 5262/6003/5261 5263/6004/5262
f 5262/6003/5261 5259/6000/5258 5260/6001/5259 5264/6005/5263
f 5265/6006/5264 5264/6005/5263 5260/6001/5259 5266/6007/5265
f 5262/6003/5261 5264/6005/5263 5267/6008/5266 5268/6009/5267
f 5267/6008/5266 5264/6005/5263 5265/6006/5264 5269/6010/5268
f 4973/5679/4972 5269/6010/5268 5265/6006/5264 4971/5677/4970
f 5267/6008/5266 5269/6010/5268 5270/6011/5269 5271/6012/5270
f 5270/6011/5269 5269/6010/5268 4973/5679/4972 4975/5681/4974
f 5271/6012/5270 5270/6011/5269 4980/5686/4979 5272/6013/5271
f 4980/5686/4979 5270/6011/5269 4975/5681/4974 4977/5683/4976
f 5271/6012/5270 5272/6013/5271 5273/6014/5272 5274/6015/5273
f 5273/6014/5272 5272/6013/5271 4983/5689/4982 4985/5691/4984
f 4983/5689/4982 5272/6013/5271 4980/5686/4979 4979/5685/4978
f 5274/6015/5273 5273/6014/5272 5275/6016/5274 5276/6017/5275
f 5275/6016/5274 5273/6014/5272 4985/5691/4984 5277/6018/5276
f 5275/6016/5274 5277/6018/5276 5278/6019/5277 5279/6020/5278
f 5278/6019/5277 5277/6018/5276 4988/5694/4987 5280/6021/5279
f 4988/5694/4987 5277/6018/5276 4985/5691/4984 4984/5690/4983
f 5278/6019/5277 5280/6021/5279 5281/6022/5280 5282/6023/5281
f 5281/6022/5280 5280/6021/5279 5283/6024/5282 5284/6025/5283
f 5283/6024/5282 5280/6021/5279 4988/5694/4987 4987/5693/4986
f 5284/6025/5283 5283/6024/5282 5285/6026/5284 5286/6027/5285
f 5285/6026/5284 5283/6024/5282 4987/5693/4986 4990/5696/4989
f 5286/6027/5285 5285/6026/5284 5287/6028/5286 5288/6029/5287
f 5287/6028/5286 5285/6026/5284 4990/5696/4989 4992/5698/4991
f 5288/6029/5287 5287/6028/5286 5289/6030/5288 5290/6031/5289
f 5289/6030/5288 5287/6028/5286 4992/5698/4991 4994/5700/4993
f 5290/6031/5289 5289/6030/5288 5291/6032/5290 5292/6033/5291
f 5291/6032/5290 5289/6030/5288 4994/5700/4993 4996/5702/4995
f 5292/6033/5291 5291/6032/5290 5293/6034/5292 5294/6035/5293
f 5293/6034/5292 5291/6032/5290 4996/5702/4995 4998/5704/4997
f 5294/6035/5293 5293/6034/5292 5295/6036/5294 5296/6037/5295
f 5295/6036/5294 5293/6034/5292 4998/5704/4997 5000/5706/4999
f 5296/6037/5295 5295/6036/5294 5297/6038/5296 5298/6039/5297
f 5297/6038/5296 5295/6036/5294 5000/5706/4999 5299/6040/5298
f 5003/5709/5002 5299/6040/5298 5000/5706/4999 4999/5705/4998
f 5297/6038/5296 5299/6040/5298 5300/6041/5299 5301/6042/5300
f 5300/6041/5299 5299/6040/5298 5003/5709/5002 5005/5711/5004
f 5301/6042/5300 5300/6041/5299 5302/6043/5301 5303/6044/5302
f 5302/6043/5301 5300/6041/5299 5005/5711/5004 5007/5713/5006
f 5303/6044/5302 5302/6043/5301 5304/6045/5303 5305/6046/5304
f 5304/6045/5303 5302/6043/5301 5007/5713/5006 5306/6047/5305
f 5011/5717/5010 5306/6047/5305 5007/5713/5006 5006/5712/5005
f 5304/6045/5303 5306/6047/5305 5307/6048/5306 5308/6049/5307
f 5307/6048/5306 5306/6047/5305 5011/5717/5010 5309/6050/5308
f 5014/5720/5013 5309/6050/5308 5011/5717/5010 5010/5716/5009
f 5307/6048/5306 5309/6050/5308 5310/6051/5309 5311/6052/5310
f 5310/6051/5309 5309/6050/5308 5014/5720/5013 5312/6053/5311
f 5313/6054/5312 5312/6053/5311 5014/5720/5013 5013/5719/5012
f 5310/6051/5309 5312/6053/5311 5314/6055/5313 5315/6056/5314
f 5314/6055/5313 5312/6053/5311 5313/6054/5312 5316/6057/5315
f 5314/6055/5313 5316/6057/5315 5317/6058/5316 5318/6059/5317
f 5317/6058/5316 5316/6057/5315 5319/6060/5318 5320/6061/5319
f 5319/6060/5318 5316/6057/5315 5313/6054/5312 5321/6062/5320
f 5016/5722/5015 5321/6062/5320 5313/6054/5312 5013/5719/5012
f 5319/6060/5318 5321/6062/5320 5322/6063/5321 5323/6064/5322
f 5322/6063/5321 5321/6062/5320 5016/5722/5015 5324/6065/5323
f 5020/5726/5019 5324/6065/5323 5016/5722/5015 5015/5721/5014
f 5322/6063/5321 5324/6065/5323 5325/6066/5324 5326/6067/5325
f 5325/6066/5324 5324/6065/5323 5020/5726/5019 5327/6068/5326
f 5025/5731/5024 5327/6068/5326 5020/5726/5019 5019/5725/5018
f 5325/6066/5324 5327/6068/5326 5328/6069/5327 5329/6070/5328
f 5328/6069/5327 5327/6068/5326 5025/5731/5024 5330/6071/5329
f 5030/5736/5029 5330/6071/5329 5025/5731/5024 5024/5730/5023
f 5328/6069/5327 5330/6071/5329 5331/6072/5330 5332/6073/5331
f 5331/6072/5330 5330/6071/5329 5030/5736/5029 5333/6074/5332
f 5035/5741/5034 5333/6074/5332 5030/5736/5029 5029/5735/5028
f 5331/6072/5330 5333/6074/5332 5334/6075/5333 5335/6076/5334
f 5334/6075/5333 5333/6074/5332 5035/5741/5034 5336/6077/5335
f 5040/5746/5039 5336/6077/5335 5035/5741/5034 5034/5740/5033
f 5334/6075/5333 5336/6077/5335 5337/6078/5336 5338/6079/5337
f 5337/6078/5336 5336/6077/5335 5040/5746/5039 5339/6080/5338
f 5044/5750/5043 5339/6080/5338 5040/5746/5039 5039/5745/5038
f 5337/6078/5336 5339/6080/5338 5340/6081/5339 5341/6082/5340
f 5340/6081/5339 5339/6080/5338 5044/5750/5043 5342/6083/5341
f 5048/5754/5047 5342/6083/5341 5044/5750/5043 5043/5749/5042
f 5340/6081/5339 5342/6083/5341 5343/6084/5342 5344/6085/5343
f 5343/6084/5342 5342/6083/5341 5048/5754/5047 5345/6086/5344
f 5052/5758/5051 5345/6086/5344 5048/5754/5047 5047/5753/5046
f 5343/6084/5342 5345/6086/5344 5346/6087/5345 5347/6088/5346
f 5346/6087/5345 5345/6086/5344 5052/5758/5051 5348/6089/5347
f 5056/5763/5055 5348/6089/5347 5052/5758/5051 5051/5757/5050
f 5346/6087/5345 5348/6089/5347 5349/6090/5348 5350/6091/5349
f 5349/6090/5348 5348/6089/5347 5056/5763/5055 5351/6092/5350
f 5060/5768/5059 5351/6092/5350 5056/5763/5055 5055/5762/5054
f 5349/6090/5348 5351/6092/5350 5352/6093/5351 5353/6094/5352
f 5352/6093/5351 5351/6092/5350 5060/5768/5059 5354/6095/5353
f 5064/5773/5063 5354/6095/5353 5060/5768/5059 5059/5767/5058
f 5352/6093/5351 5354/6095/5353 5355/6096/5354 5356/6097/5355
f 5355/6096/5354 5354/6095/5353 5064/5773/5063 5357/6098/5356
f 5068/5778/5067 5357/6098/5356 5064/5773/5063 5063/5772/5062
f 5355/6096/5354 5357/6098/5356 5358/6099/5357 5359/6100/5358
f 5358/6099/5357 5357/6098/5356 5068/5778/5067 5360/6101/5359
f 5072/5783/5071 5360/6101/5359 5068/5778/5067 5067/5777/5066
f 5358/6099/5357 5360/6101/5359 5361/6102/5360 5362/6103/5361
f 5361/6102/5360 5360/6101/5359 5072/5783/5071 5363/6104/5362
f 5076/5788/5075 5363/6104/5362 5072/5783/5071 5071/5782/5070
f 5361/6102/5360 5363/6104/5362 5364/6105/5363 5365/6106/5364
f 5364/6105/5363 5363/6104/5362 5076/5788/5075 5366/6107/5365
f 5080/5793/5079 5366/6107/5365 5076/5788/5075 5075/5787/5074
f 5364/6105/5363 5366/6107/5365 1808/6108/1808 1807/6109/1807
f 1808/6108/1808 5366/6107/5365 5080/5793/5079 1809/6110/1809
f 1518/5798/1518 1809/6110/1809 5080/5793/5079 5079/5792/5078
f 1813/2047/1813 1812/2046/1812 5367/6111/5366 5368/6112/5367
f 5367/6111/5366 1812/2046/1812 1525/1724/1525 5084/5803/5083
f 5368/6112/5367 5367/6111/5366 5369/6113/5368 5370/6114/5369
f 5369/6113/5368 5367/6111/5366 5084/5803/5083 5086/5805/5085
f 5370/6114/5369 5369/6113/5368 5371/6115/5370 5372/6116/5371
f 5371/6115/5370 5369/6113/5368 5086/5805/5085 5088/5807/5087
f 5372/6116/5371 5371/6115/5370 5373/6117/5372 5374/6118/5373
f 5373/6117/5372 5371/6115/5370 5088/5807/5087 5090/5809/5089
f 5374/6118/5373 5373/6117/5372 5375/6119/5374 5376/6120/5375
f 5375/6119/5374 5373/6117/5372 5090/5809/5089 5092/5811/5091
f 5377/6121/5376 5375/6119/5374 5092/5811/5091 5094/5813/5093
f 5376/6120/5375 5375/6119/5374 5377/6121/5376 5378/6122/5377
f 5379/6123/5378 5378/6122/5377 5377/6121/5376 5380/6124/5379
f 5376/6120/5375 5378/6122/5377 5381/6125/5380 5382/6126/5381
f 5381/6125/5380 5378/6122/5377 5379/6123/5378 5383/6127/5382
f 5384/6128/5383 5383/6127/5382 5379/6123/5378 5385/6129/5384
f 5381/6125/5380 5383/6127/5382 5386/6130/5385 5387/6131/5386
f 5386/6130/5385 5383/6127/5382 5384/6128/5383 5388/6132/5387
f 5389/6133/5388 5388/6132/5387 5384/6128/5383 5390/6134/5389
f 5386/6130/5385 5388/6132/5387 5391/6135/5390 5392/6136/5391
f 5391/6135/5390 5388/6132/5387 5389/6133/5388 5393/6137/5392
f 5394/6138/5393 5393/6137/5392 5389/6133/5388 5395/6139/5394
f 5391/6135/5390 5393/6137/5392 5396/6140/5395 5397/6141/5396
f 5396/6140/5395 5393/6137/5392 5394/6138/5393 5398/6142/5397
f 5399/6143/5398 5398/6142/5397 5394/6138/5393 5400/6144/5399
f 5396/6140/5395 5398/6142/5397 5401/6145/5400 5402/6146/5401
f 5401/6145/5400 5398/6142/5397 5399/6143/5398 5403/6147/5402
f 3908/4517/3907 5403/6147/5402 5399/6143/5398 5404/6148/5403
f 5401/6145/5400 5403/6147/5402 5405/6149/5404 5406/6150/5405
f 5405/6149/5404 5403/6147/5402 3908/4517/3907 3911/4520/3910
f 5406/6150/5405 5405/6149/5404 5407/6151/5406 5408/6152/5407
f 5407/6151/5406 5405/6149/5404 3911/4520/3910 3915/4524/3914
f 5408/6152/5407 5407/6151/5406 5409/6153/5408 5410/6154/5409
f 5409/6153/5408 5407/6151/5406 3915/4524/3914 5411/6155/5410
f 5412/6156/5411 5411/6155/5410 3915/4524/3914 3914/4523/3913
f 5409/6153/5408 5411/6155/5410 5413/6157/5412 5414/6158/5413
f 5413/6157/5412 5411/6155/5410 5412/6156/5411 5415/6159/5414
f 3937/4550/3936 5415/6159/5414 5412/6156/5411 3936/4549/3935
f 5413/6157/5412 5415/6159/5414 5416/6160/5415 5417/6161/5416
f 5416/6160/5415 5415/6159/5414 3937/4550/3936 5418/6162/5417
f 5419/6163/5418 5418/6162/5417 3937/4550/3936 3932/4545/3931
f 5416/6160/5415 5418/6162/5417 5420/6164/5419 5421/6165/5420
f 5420/6164/5419 5418/6162/5417 5419/6163/5418 5422/6166/5421
f 5423/6167/5422 5422/6166/5421 5419/6163/5418 5424/6168/5423
f 5420/6164/5419 5422/6166/5421 5425/6169/5424 5426/6170/5425
f 5425/6169/5424 5422/6166/5421 5423/6167/5422 5196/5918/5195
f 5426/6170/5425 5425/6169/5424 5427/6171/5426 5428/6172/5427
f 5427/6171/5426 5425/6169/5424 5196/5918/5195 5195/5917/5194
f 5428/6172/5427 5427/6171/5426 5202/5924/5201 5429/6173/5428
f 5202/5924/5201 5427/6171/5426 5195/5917/5194 5198/5920/5197
f 5428/6172/5427 5429/6173/5428 5430/6174/5429 5431/6175/5430
f 5430/6174/5429 5429/6173/5428 5229/5966/5228 5231/5969/5230
f 5229/5966/5228 5429/6173/5428 5202/5924/5201 5201/5923/5200
f 5431/6175/5430 5430/6174/5429 5432/6176/5431 5433/6177/5432
f 5432/6176/5431 5430/6174/5429 5231/5969/5230 5233/5971/5232
f 5433/6177/5432 5432/6176/5431 5434/6178/5433 5435/6179/5434
f 5434/6178/5433 5432/6176/5431 5233/5971/5232 5235/5973/5234
f 5435/6180/5434 5434/6181/5433 5436/6182/5435 5437/6183/5436
f 5436/6182/5435 5434/6181/5433 5235/6184/5234 5438/6185/5437
f 5436/6182/5435 5438/6185/5437 5439/6186/5438 5440/6187/5439
f 5439/6186/5438 5438/6185/5437 5238/5979/5237 5441/6188/5440
f 5238/5979/5237 5438/6185/5437 5235/6184/5234 5234/5974/5233
f 5439/6186/5438 5441/6188/5440 5442/6189/5441 5443/6190/5442
f 5442/6189/5441 5441/6188/5440 5444/6191/5443 5445/6192/5444
f 5444/6191/5443 5441/6188/5440 5238/5979/5237 5237/5978/5236
f 5445/6192/5444 5444/6191/5443 5446/6193/5445 5447/6194/5446
f 5446/6193/5445 5444/6191/5443 5237/5978/5236 5240/5981/5239
f 5447/6194/5446 5446/6193/5445 5448/6195/5447 5449/6196/5448
f 5448/6195/5447 5446/6193/5445 5240/5981/5239 5242/5983/5241
f 5449/6196/5448 5448/6195/5447 5450/6197/5449 5451/6198/5450
f 5450/6197/5449 5448/6195/5447 5242/5983/5241 5244/5985/5243
f 5451/6198/5450 5450/6197/5449 5452/6199/5451 5453/6200/5452
f 5452/6199/5451 5450/6197/5449 5244/5985/5243 5454/6201/5453
f 5248/5989/5247 5454/6201/5453 5244/5985/5243 5243/5984/5242
f 5452/6199/5451 5454/6201/5453 5455/6202/5454 5456/6203/5455
f 5455/6202/5454 5454/6201/5453 5248/5989/5247 5457/6204/5456
f 5253/5994/5252 5457/6204/5456 5248/5989/5247 5247/5988/5246
f 5455/6202/5454 5457/6204/5456 5458/6205/5457 5459/6206/5458
f 5458/6205/5457 5457/6204/5456 5253/5994/5252 5460/6207/5459
f 5258/5999/5257 5460/6207/5459 5253/5994/5252 5252/5993/5251
f 5458/6205/5457 5460/6207/5459 5461/6208/5460 5462/6209/5461
f 5461/6208/5460 5460/6207/5459 5258/5999/5257 5463/6210/5462
f 5263/6004/5262 5463/6210/5462 5258/5999/5257 5257/5998/5256
f 5461/6208/5460 5463/6210/5462 5464/6211/5463 5465/6212/5464
f 5464/6211/5463 5463/6210/5462 5263/6004/5262 5466/6213/5465
f 5268/6009/5267 5466/6213/5465 5263/6004/5262 5262/6003/5261
f 5464/6211/5463 5466/6213/5465 5276/6017/5275 5467/6214/5466
f 5276/6017/5275 5466/6213/5465 5268/6009/5267 5274/6015/5273
f 5464/6211/5463 5467/6214/5466 5468/6215/5467 5465/6212/5464
f 5468/6215/5467 5467/6214/5466 5279/6020/5278 5469/6216/5468
f 5279/6020/5278 5467/6214/5466 5276/6017/5275 5275/6016/5274
f 5468/6215/5467 5469/6216/5468 5470/6217/5469 5471/6218/5470
f 5470/6217/5469 5469/6216/5468 5282/6023/5281 5472/6219/5471
f 5282/6023/5281 5469/6216/5468 5279/6020/5278 5278/6019/5277
f 5470/6217/5469 5472/6219/5471 5473/6220/5472 5474/6221/5473
f 5473/6220/5472 5472/6219/5471 5475/6222/5474 5476/6223/5475
f 5475/6222/5474 5472/6219/5471 5282/6023/5281 5281/6022/5280
f 5476/6223/5475 5475/6222/5474 5477/6224/5476 5478/6225/5477
f 5477/6224/5476 5475/6222/5474 5281/6022/5280 5284/6025/5283
f 5478/6225/5477 5477/6224/5476 5479/6226/5478 5480/6227/5479
f 5479/6226/5478 5477/6224/5476 5284/6025/5283 5286/6027/5285
f 5480/6227/5479 5479/6226/5478 5481/6228/5480 5482/6229/5481
f 5481/6228/5480 5479/6226/5478 5286/6027/5285 5288/6029/5287
f 5482/6229/5481 5481/6228/5480 5483/6230/5482 5484/6231/5483
f 5483/6230/5482 5481/6228/5480 5288/6029/5287 5290/6031/5289
f 5484/6231/5483 5483/6230/5482 5485/6232/5484 5486/6233/5485
f 5485/6232/5484 5483/6230/5482 5290/6031/5289 5292/6033/5291
f 5486/6233/5485 5485/6232/5484 5487/6234/5486 5488/6235/5487
f 5487/6234/5486 5485/6232/5484 5292/6033/5291 5294/6035/5293
f 5488/6235/5487 5487/6234/5486 5489/6236/5488 5490/6237/5489
f 5489/6236/5488 5487/6234/5486 5294/6035/5293 5296/6037/5295
f 5490/6237/5489 5489/6236/5488 5491/6238/5490 5492/6239/5491
f 5491/6238/5490 5489/6236/5488 5296/6037/5295 5298/6039/5297
f 5492/6239/5491 5491/6238/5490 5493/6240/5492 5494/6241/5493
f 5493/6240/5492 5491/6238/5490 5298/6039/5297 5495/6242/5494
f 5301/6042/5300 5495/6242/5494 5298/6039/5297 5297/6038/5296
f 5493/6240/5492 5495/6242/5494 5496/6243/5495 5497/6244/5496
f 5496/6243/5495 5495/6242/5494 5301/6042/5300 5303/6044/5302
f 5497/6244/5496 5496/6243/5495 5498/6245/5497 5499/6246/5498
f 5498/6245/5497 5496/6243/5495 5303/6044/5302 5305/6046/5304
f 5499/6246/5498 5498/6245/5497 5500/6247/5499 5501/6248/5500
f 5500/6247/5499 5498/6245/5497 5305/6046/5304 5502/6249/5501
f 5500/6247/5499 5502/6249/5501 5503/6250/5502 5504/6251/5503
f 5503/6250/5502 5502/6249/5501 5308/6049/5307 5505/6252/5504
f 5308/6049/5307 5502/6249/5501 5305/6046/5304 5304/6045/5303
f 5311/6052/5310 5505/6252/5504 5308/6049/5307 5307/6048/5306
f 5503/6250/5502 5505/6252/5504 5506/6253/5505 5507/6254/5506
f 5506/6253/5505 5505/6252/5504 5311/6052/5310 5508/6255/5507
f 5315/6056/5314 5508/6255/5507 5311/6052/5310 5310/6051/5309
f 5506/6253/5505 5508/6255/5507 5509/6256/5508 5510/6257/5509
f 5509/6256/5508 5508/6255/5507 5315/6056/5314 5511/6258/5510
f 5318/6059/5317 5511/6258/5510 5315/6056/5314 5314/6055/5313
f 5509/6256/5508 5511/6258/5510 5512/6259/5511 5513/6260/5512
f 5512/6259/5511 5511/6258/5510 5318/6059/5317 5514/6261/5513
f 5515/6262/5514 5514/6261/5513 5318/6059/5317 5317/6058/5316
f 5512/6259/5511 5514/6261/5513 5516/6263/5515 5517/6264/5516
f 5516/6263/5515 5514/6261/5513 5515/6262/5514 5518/6265/1963
f 5516/6263/5515 5518/6265/1963 3875/4474/3874 3874/4473/3873
f 3875/4474/3874 5518/6265/1963 5519/6266/5517 3885/4490/3884
f 5519/6266/5517 5518/6265/1963 5515/6262/5514 5520/6267/5518
f 5320/6061/5319 5520/6267/5518 5515/6262/5514 5317/6058/5316
f 5519/6266/5517 5520/6267/5518 5521/6268/5519 5522/6269/5520
f 5521/6268/5519 5520/6267/5518 5320/6061/5319 5523/6270/5521
f 5323/6064/5322 5523/6270/5521 5320/6061/5319 5319/6060/5318
f 5521/6268/5519 5523/6270/5521 5524/6271/5522 5525/6272/5523
f 5524/6271/5522 5523/6270/5521 5323/6064/5322 5526/6273/5524
f 5326/6067/5325 5526/6273/5524 5323/6064/5322 5322/6063/5321
f 5524/6271/5522 5526/6273/5524 5527/6274/5525 5528/6275/5526
f 5527/6274/5525 5526/6273/5524 5326/6067/5325 5529/6276/5527
f 5329/6070/5328 5529/6276/5527 5326/6067/5325 5325/6066/5324
f 5527/6274/5525 5529/6276/5527 5530/6277/5528 5531/6278/5529
f 5530/6277/5528 5529/6276/5527 5329/6070/5328 5532/6279/5530
f 5332/6073/5331 5532/6279/5530 5329/6070/5328 5328/6069/5327
f 5530/6277/5528 5532/6279/5530 5533/6280/5531 5534/6281/5532
f 5533/6280/5531 5532/6279/5530 5332/6073/5331 5535/6282/5533
f 5335/6076/5334 5535/6282/5533 5332/6073/5331 5331/6072/5330
f 5533/6280/5531 5535/6282/5533 5536/6283/5534 5537/6284/5535
f 5536/6283/5534 5535/6282/5533 5335/6076/5334 5538/6285/5536
f 5338/6079/5337 5538/6285/5536 5335/6076/5334 5334/6075/5333
f 5536/6283/5534 5538/6285/5536 5539/6286/5537 5540/6287/5538
f 5539/6286/5537 5538/6285/5536 5338/6079/5337 5541/6288/5539
f 5341/6082/5340 5541/6288/5539 5338/6079/5337 5337/6078/5336
f 5539/6286/5537 5541/6288/5539 5542/6289/5540 5543/6290/5541
f 5542/6289/5540 5541/6288/5539 5341/6082/5340 5544/6291/5542
f 5344/6085/5343 5544/6291/5542 5341/6082/5340 5340/6081/5339
f 5542/6289/5540 5544/6291/5542 5545/6292/5543 5546/6293/5544
f 5545/6292/5543 5544/6291/5542 5344/6085/5343 5547/6294/5545
f 5347/6088/5346 5547/6294/5545 5344/6085/5343 5343/6084/5342
f 5545/6292/5543 5547/6294/5545 5548/6295/5546 5549/6296/5547
f 5548/6295/5546 5547/6294/5545 5347/6088/5346 5550/6297/5548
f 5350/6091/5349 5550/6297/5548 5347/6088/5346 5346/6087/5345
f 5548/6295/5546 5550/6297/5548 5551/6298/5549 5552/6299/5550
f 5551/6298/5549 5550/6297/5548 5350/6091/5349 5553/6300/5551
f 5353/6094/5352 5553/6300/5551 5350/6091/5349 5349/6090/5348
f 5551/6298/5549 5553/6300/5551 5554/6301/5552 5555/6302/5553
f 5554/6301/5552 5553/6300/5551 5353/6094/5352 5556/6303/5554
f 5356/6097/5355 5556/6303/5554 5353/6094/5352 5352/6093/5351
f 5554/6301/5552 5556/6303/5554 5557/6304/5555 5558/6305/5556
f 5557/6304/5555 5556/6303/5554 5356/6097/5355 5559/6306/5557
f 5359/6100/5358 5559/6306/5557 5356/6097/5355 5355/6096/5354
f 5557/6304/5555 5559/6306/5557 5560/6307/5558 5561/6308/5559
f 5560/6307/5558 5559/6306/5557 5359/6100/5358 5562/6309/5560
f 5362/6103/5361 5562/6309/5560 5359/6100/5358 5358/6099/5357
f 5560/6307/5558 5562/6309/5560 5563/6310/5561 5564/6311/5562
f 5563/6310/5561 5562/6309/5560 5362/6103/5361 5565/6312/5563
f 5365/6106/5364 5565/6312/5563 5362/6103/5361 5361/6102/5360
f 5563/6310/5561 5565/6312/5563 2012/2272/2012 2011/2271/2011
f 2012/2272/2012 5565/6312/5563 5365/6106/5364 2013/6313/2013
f 1807/6109/1807 2013/6313/2013 5365/6106/5364 5364/6105/5363
f 2017/2278/2017 2016/2277/2016 5566/6314/5564 5567/6315/5565
f 5566/6314/5564 2016/2277/2016 1813/2047/1813 5368/6112/5367
f 5567/6315/5565 5566/6314/5564 5568/6316/5566 5569/6317/5567
f 5568/6316/5566 5566/6314/5564 5368/6112/5367 5370/6114/5369
f 5569/6317/5567 5568/6316/5566 5570/6318/5568 5571/6319/5569
f 5570/6318/5568 5568/6316/5566 5370/6114/5369 5372/6116/5371
f 5571/6319/5569 5570/6318/5568 5572/6320/5570 5573/6321/5571
f 5572/6320/5570 5570/6318/5568 5372/6116/5371 5374/6118/5373
f 5382/6126/5381 5572/6320/5570 5374/6118/5373 5376/6120/5375
f 5573/6321/5571 5572/6320/5570 5382/6126/5381 5574/6322/5572
f 5387/6131/5386 5574/6322/5572 5382/6126/5381 5381/6125/5380
f 5573/6321/5571 5574/6322/5572 5575/6323/5573 5576/6324/5574
f 5575/6323/5573 5574/6322/5572 5387/6131/5386 5577/6325/5575
f 5392/6136/5391 5577/6325/5575 5387/6131/5386 5386/6130/5385
f 5575/6323/5573 5577/6325/5575 5578/6326/5576 5579/6327/5577
f 5578/6326/5576 5577/6325/5575 5392/6136/5391 5580/6328/5578
f 5397/6141/5396 5580/6328/5578 5392/6136/5391 5391/6135/5390
f 5578/6326/5576 5580/6328/5578 5581/6329/5579 5582/6330/5580
f 5581/6329/5579 5580/6328/5578 5397/6141/5396 5583/6331/5581
f 5402/6146/5401 5583/6331/5581 5397/6141/5396 5396/6140/5395
f 5581/6329/5579 5583/6331/5581 5584/6332/5582 5585/6333/5583
f 5584/6332/5582 5583/6331/5581 5402/6146/5401 5586/6334/5584
f 5406/6150/5405 5586/6334/5584 5402/6146/5401 5401/6145/5400
f 5584/6332/5582 5586/6334/5584 5587/6335/5585 5588/6336/5586
f 5587/6335/5585 5586/6334/5584 5406/6150/5405 5408/6152/5407
f 5588/6336/5586 5587/6335/5585 5589/6337/5587 5590/6338/5588
f 5589/6337/5587 5587/6335/5585 5408/6152/5407 5410/6154/5409
f 5590/6338/5588 5589/6337/5587 5591/6339/5589 5592/6340/5590
f 5591/6339/5589 5589/6337/5587 5410/6154/5409 5593/6341/5591
f 5414/6158/5413 5593/6341/5591 5410/6154/5409 5409/6153/5408
f 5591/6339/5589 5593/6341/5591 5594/6342/5592 5595/6343/5593
f 5594/6342/5592 5593/6341/5591 5414/6158/5413 5596/6344/5594
f 5417/6161/5416 5596/6344/5594 5414/6158/5413 5413/6157/5412
f 5594/6342/5592 5596/6344/5594 5597/6345/5595 5598/6346/5596
f 5597/6345/5595 5596/6344/5594 5417/6161/5416 5599/6347/5597
f 5421/6165/5420 5599/6347/5597 5417/6161/5416 5416/6160/5415
f 5597/6345/5595 5599/6347/5597 5600/6348/5598 5601/6349/5599
f 5600/6348/5598 5599/6347/5597 5421/6165/5420 5602/6350/5600
f 5426/6170/5425 5602/6350/5600 5421/6165/5420 5420/6164/5419
f 5600/6348/5598 5602/6350/5600 5431/6175/5430 5433/6177/5432
f 5431/6175/5430 5602/6350/5600 5426/6170/5425 5428/6172/5427
f 5601/6349/5599 5600/6348/5598 5433/6177/5432 5435/6179/5434
f 5597/6345/5595 5601/6349/5599 5603/6351/5601 5598/6346/5596
f 5603/6351/5601 5601/6349/5599 5435/6179/5434 5437/6352/5436
f 5598/6346/5596 5603/6351/5601 5604/6353/5602 5605/6354/5603
f 5604/6353/5602 5603/6351/5601 5437/6352/5436 5606/6355/5604
f 5604/6353/5602 5606/6355/5604 5607/6356/5605 5608/6357/5606
f 5607/6356/5605 5606/6355/5604 5440/6358/5439 5609/6359/5607
f 5440/6358/5439 5606/6355/5604 5437/6352/5436 5436/6360/5435
f 5607/6361/5605 5609/6362/5607 5610/6363/5608 5611/6364/5609
f 5610/6363/5608 5609/6362/5607 5443/6190/5442 5612/6365/5610
f 5443/6190/5442 5609/6362/5607 5440/6187/5439 5439/6186/5438
f 5610/6363/5608 5612/6365/5610 5613/6366/5611 5614/6367/5612
f 5613/6366/5611 5612/6365/5610 5615/6368/5613 5616/6369/5614
f 5615/6368/5613 5612/6365/5610 5443/6190/5442 5442/6189/5441
f 5616/6369/5614 5615/6368/5613 5617/6370/5615 5618/6371/5616
f 5617/6370/5615 5615/6368/5613 5442/6189/5441 5445/6192/5444
f 5618/6371/5616 5617/6370/5615 5619/6372/5617 5620/6373/5618
f 5619/6372/5617 5617/6370/5615 5445/6192/5444 5447/6194/5446
f 5620/6373/5618 5619/6372/5617 5621/6374/5619 5622/6375/5620
f 5621/6374/5619 5619/6372/5617 5447/6194/5446 5449/6196/5448
f 5622/6375/5620 5621/6374/5619 5623/6376/5621 5624/6377/5622
f 5623/6376/5621 5621/6374/5619 5449/6196/5448 5451/6198/5450
f 5624/6377/5622 5623/6376/5621 5625/6378/5623 5626/6379/5624
f 5625/6378/5623 5623/6376/5621 5451/6198/5450 5453/6200/5452
f 5626/6379/5624 5625/6378/5623 5627/6380/5625 5628/6381/5626
f 5627/6380/5625 5625/6378/5623 5453/6200/5452 5629/6382/5627
f 5456/6203/5455 5629/6382/5627 5453/6200/5452 5452/6199/5451
f 5627/6380/5625 5629/6382/5627 5630/6383/5628 5631/6384/5629
f 5630/6383/5628 5629/6382/5627 5456/6203/5455 5632/6385/5630
f 5459/6206/5458 5632/6385/5630 5456/6203/5455 5455/6202/5454
f 5630/6383/5628 5632/6385/5630 5633/6386/5631 5634/6387/5632
f 5633/6386/5631 5632/6385/5630 5459/6206/5458 5635/6388/5633
f 5462/6209/5461 5635/6388/5633 5459/6206/5458 5458/6205/5457
f 5633/6386/5631 5635/6388/5633 5636/6389/5634 5637/6390/5635
f 5636/6389/5634 5635/6388/5633 5462/6209/5461 5638/6391/5636
f 5465/6212/5464 5638/6391/5636 5462/6209/5461 5461/6208/5460
f 5636/6389/5634 5638/6391/5636 5471/6218/5470 5639/6392/5637
f 5471/6218/5470 5638/6391/5636 5465/6212/5464 5468/6215/5467
f 5636/6389/5634 5639/6392/5637 5640/6393/5638 5637/6390/5635
f 5640/6393/5638 5639/6392/5637 5474/6221/5473 5641/6394/5639
f 5474/6221/5473 5639/6392/5637 5471/6218/5470 5470/6217/5469
f 5640/6393/5638 5641/6394/5639 5642/6395/5640 5643/6396/5641
f 5642/6395/5640 5641/6394/5639 5644/6397/5642 5645/6398/5643
f 5644/6397/5642 5641/6394/5639 5474/6221/5473 5473/6220/5472
f 5645/6398/5643 5644/6397/5642 5646/6399/5644 5647/6400/5645
f 5646/6399/5644 5644/6397/5642 5473/6220/5472 5476/6223/5475
f 5647/6400/5645 5646/6399/5644 5648/6401/5646 5649/6402/5647
f 5648/6401/5646 5646/6399/5644 5476/6223/5475 5478/6225/5477
f 5649/6402/5647 5648/6401/5646 5650/6403/5648 5651/6404/5649
f 5650/6403/5648 5648/6401/5646 5478/6225/5477 5480/6227/5479
f 5651/6404/5649 5650/6403/5648 5652/6405/5650 5653/6406/5651
f 5652/6405/5650 5650/6403/5648 5480/6227/5479 5482/6229/5481
f 5653/6406/5651 5652/6405/5650 5654/6407/5652 5655/6408/5653
f 5654/6407/5652 5652/6405/5650 5482/6229/5481 5484/6231/5483
f 5655/6408/5653 5654/6407/5652 5656/6409/5654 5657/6410/5655
f 5656/6409/5654 5654/6407/5652 5484/6231/5483 5486/6233/5485
f 5657/6410/5655 5656/6409/5654 5658/6411/5656 5659/6412/5657
f 5658/6411/5656 5656/6409/5654 5486/6233/5485 5488/6235/5487
f 5659/6412/5657 5658/6411/5656 5660/6413/5658 5661/6414/5659
f 5660/6413/5658 5658/6411/5656 5488/6235/5487 5490/6237/5489
f 5661/6414/5659 5660/6413/5658 5662/6415/5660 5663/6416/5661
f 5662/6415/5660 5660/6413/5658 5490/6237/5489 5492/6239/5491
f 5663/6416/5661 5662/6415/5660 5664/6417/5662 5665/6418/5663
f 5664/6417/5662 5662/6415/5660 5492/6239/5491 5494/6241/5493
f 5665/6418/5663 5664/6417/5662 5666/6419/5664 5667/6420/5665
f 5666/6419/5664 5664/6417/5662 5494/6241/5493 5668/6421/5666
f 5666/6419/5664 5668/6421/5666 5669/6422/5667 5670/6423/5668
f 5669/6422/5667 5668/6421/5666 5497/6244/5496 5499/6246/5498
f 5497/6244/5496 5668/6421/5666 5494/6241/5493 5493/6240/5492
f 5670/6423/5668 5669/6422/5667 5671/6424/5669 5672/6425/5670
f 5671/6424/5669 5669/6422/5667 5499/6246/5498 5501/6248/5500
f 5672/6425/5670 5671/6424/5669 5673/6426/5671 5674/6427/5672
f 5673/6426/5671 5671/6424/5669 5501/6248/5500 5675/6428/5673
f 5673/6426/5671 5675/6428/5673 5676/6429/5674 5677/6430/5675
f 5676/6429/5674 5675/6428/5673 5504/6251/5503 5678/6431/5676
f 5504/6251/5503 5675/6428/5673 5501/6248/5500 5500/6247/5499
f 5676/6429/5674 5678/6431/5676 5679/6432/5677 5680/6433/5678
f 5679/6432/5677 5678/6431/5676 5507/6254/5506 5681/6434/5679
f 5507/6254/5506 5678/6431/5676 5504/6251/5503 5503/6250/5502
f 5679/6432/5677 5681/6434/5679 5682/6435/5680 5683/6436/5681
f 5682/6435/5680 5681/6434/5679 5510/6257/5509 5684/6437/5682
f 5510/6257/5509 5681/6434/5679 5507/6254/5506 5506/6253/5505
f 5513/6260/5512 5684/6437/5682 5510/6257/5509 5509/6256/5508
f 5682/6435/5680 5684/6437/5682 5685/6438/5683 5686/6439/5684
f 5685/6438/5683 5684/6437/5682 5513/6260/5512 5687/6440/5685
f 5517/6264/5516 5687/6440/5685 5513/6260/5512 5512/6259/5511
f 5685/6438/5683 5687/6440/5685 5688/6441/5686 5689/6442/5687
f 5688/6441/5686 5687/6440/5685 5517/6264/5516 3878/4477/3877
f 5689/6442/5687 5688/6441/5686 5690/6443/5688 5691/6444/5689
f 5690/6443/5688 5688/6441/5686 3878/4477/3877 3876/4475/3875
f 5691/6444/5689 5690/6443/5688 5692/6445/5690 5693/6446/5691
f 5692/6447/5690 5690/6448/5688 3876/6449/3875 3877/4478/3876
f 5693/6450/5691 5692/6451/5690 3859/4452/3858 5694/6452/5692
f 3859/6453/3858 5692/6447/5690 3877/4478/3876 3854/4481/3853
f 5695/6454/5693 5694/6452/5692 5696/6455/5694 5697/6456/5695
f 5696/6455/5694 5694/6452/5692 3859/4452/3858 3856/4449/3855
f 5693/6450/5691 5694/6452/5692 5695/6454/5693 5698/6457/5696
f 5693/6458/5691 5698/6459/5696 5699/6460/5697 5691/6461/5689
f 5699/6460/5697 5698/6459/5696 3865/4462/3864 5700/6462/5698
f 3865/4462/3864 5698/6459/5696 5695/6463/5693 3861/4459/3860
f 5701/6464/5699 5700/6462/5698 3865/4462/3864 3864/4461/3863
f 5699/6460/5697 5700/6462/5698 5702/6465/5700 5703/6466/5701
f 5702/6465/5700 5700/6462/5698 5701/6464/5699 5704/6467/5702
f 5705/6468/5703 5704/6467/5702 5701/6464/5699 5706/6469/5704
f 5702/6465/5700 5704/6467/5702 5707/6470/5705 5708/6471/5706
f 5707/6470/5705 5704/6467/5702 5705/6468/5703 5709/6472/5707
f 5710/6473/5708 5709/6472/5707 5705/6468/5703 5711/6474/5709
f 5707/6470/5705 5709/6472/5707 5712/6475/5710 5713/6476/5711
f 5712/6475/5710 5709/6472/5707 5710/6473/5708 5714/6477/5712
f 5715/6478/5713 5714/6477/5712 5710/6473/5708 5716/6479/5714
f 5712/6475/5710 5714/6477/5712 5717/6480/5715 5718/6481/5716
f 5717/6480/5715 5714/6477/5712 5715/6478/5713 5719/6482/5717
f 5720/6483/5718 5719/6482/5717 5715/6478/5713 5721/6484/5719
f 5717/6480/5715 5719/6482/5717 5722/6485/5720 5723/6486/5721
f 5722/6485/5720 5719/6482/5717 5720/6483/5718 5724/6487/5722
f 5725/6488/5723 5724/6487/5722 5720/6483/5718 5726/6489/5724
f 5722/6485/5720 5724/6487/5722 5727/6490/5725 5728/6491/5726
f 5727/6490/5725 5724/6487/5722 5725/6488/5723 5729/6492/5727
f 5730/6493/5728 5729/6492/5727 5725/6488/5723 5731/6494/5729
f 5727/6490/5725 5729/6492/5727 5732/6495/5730 5733/6496/5731
f 5732/6495/5730 5729/6492/5727 5730/6493/5728 5734/6497/5732
f 5735/6498/5733 5734/6497/5732 5730/6493/5728 5736/6499/5734
f 5732/6495/5730 5734/6497/5732 5737/6500/5735 5738/6501/5736
f 5737/6500/5735 5734/6497/5732 5735/6498/5733 5739/6502/5737
f 5740/6503/5738 5739/6502/5737 5735/6498/5733 5741/6504/5739
f 5737/6500/5735 5739/6502/5737 5742/6505/5740 5743/6506/5741
f 5742/6505/5740 5739/6502/5737 5740/6503/5738 5744/6507/5742
f 2196/2468/2196 5744/6507/5742 5740/6503/5738 2195/2467/2195
f 5742/6505/5740 5744/6507/5742 5745/6508/5743 5746/6509/5744
f 5745/6508/5743 5744/6507/5742 2196/2468/2196 2199/2471/2199
f 5745/6508/5743 2199/2471/2199 2201/2473/2201 5747/6510/5745
f 2204/2476/2204 2203/2475/2203 5741/6504/5739 5748/6511/5746
f 5741/6504/5739 2203/2475/2203 2195/2467/2195 5740/6503/5738
f 2204/2476/2204 5748/6511/5746 5749/6512/5747 2205/2477/2205
f 5749/6512/5747 5748/6511/5746 5736/6499/5734 5750/6513/5748
f 5736/6499/5734 5748/6511/5746 5741/6504/5739 5735/6498/5733
f 5749/6512/5747 5750/6513/5748 5751/6514/5749 5752/6515/5750
f 5751/6514/5749 5750/6513/5748 5731/6494/5729 5753/6516/5751
f 5731/6494/5729 5750/6513/5748 5736/6499/5734 5730/6493/5728
f 5751/6514/5749 5753/6516/5751 5754/6517/5752 5755/6518/5753
f 5754/6517/5752 5753/6516/5751 5726/6489/5724 5756/6519/5754
f 5726/6489/5724 5753/6516/5751 5731/6494/5729 5725/6488/5723
f 5754/6517/5752 5756/6519/5754 5757/6520/5755 5758/6521/5756
f 5757/6520/5755 5756/6519/5754 5721/6484/5719 5759/6522/5757
f 5721/6484/5719 5756/6519/5754 5726/6489/5724 5720/6483/5718
f 5757/6520/5755 5759/6522/5757 5760/6523/5758 5761/6524/5759
f 5760/6523/5758 5759/6522/5757 5716/6479/5714 5762/6525/5760
f 5716/6479/5714 5759/6522/5757 5721/6484/5719 5715/6478/5713
f 5760/6523/5758 5762/6525/5760 5763/6526/5761 5764/6527/5762
f 5763/6526/5761 5762/6525/5760 5711/6474/5709 5765/6528/5763
f 5711/6474/5709 5762/6525/5760 5716/6479/5714 5710/6473/5708
f 5763/6526/5761 5765/6528/5763 3862/4455/3861 5766/6529/5764
f 3862/4455/3861 5765/6528/5763 5706/6469/5704 3863/4456/3862
f 5706/6469/5704 5765/6528/5763 5711/6474/5709 5705/6468/5703
f 5767/6530/5765 5766/6529/5764 5768/6531/5766 5769/6532/5767
f 5768/6531/5766 5766/6529/5764 3862/4455/3861 3832/4458/3831
f 5763/6526/5761 5766/6529/5764 5767/6530/5765 5764/6527/5762
f 5769/6533/5767 5768/6534/5766 5770/6535/5768 5771/6536/5769
f 5770/6535/5768 5768/6534/5766 3832/4425/3831 3825/4418/3824
f 5771/6536/5769 5770/6535/5768 5772/6537/5770 5773/6538/5771
f 5772/6537/5770 5770/6535/5768 3825/4418/3824 3828/4421/3827
f 5773/6538/5771 5772/6537/5770 5774/6539/5772 5775/6540/5773
f 5774/6539/5772 5772/6537/5770 3828/4421/3827 5776/6541/5774
f 5774/6539/5772 5776/6541/5774 5777/6542/5775 5778/6543/5776
f 5777/6542/5775 5776/6541/5774 5779/6544/5777 5780/6545/5778
f 5779/6544/5777 5776/6541/5774 3828/4421/3827 3827/4420/3826
f 5781/6546/5779 5779/6544/5777 3827/4420/3826 5782/6547/5780
f 5780/6545/5778 5779/6544/5777 5781/6546/5779 5783/6548/5781
f 5784/6549/5782 5783/6548/5781 5781/6546/5779 5785/6550/5783
f 5780/6545/5778 5783/6548/5781 5786/6551/5784 5787/6552/5785
f 5786/6551/5784 5783/6548/5781 5784/6549/5782 5788/6553/5786
f 5789/6554/5787 5788/6555/5786 5784/6556/5782 5790/6557/5788
f 5786/6558/5784 5788/6555/5786 5791/6559/5789 5792/6560/5790
f 5791/6559/5789 5788/6555/5786 5789/6554/5787 5793/6561/5791
f 5791/6559/5789 5793/6561/5791 5794/6562/5792 5795/6563/5793
f 5794/6562/5792 5793/6561/5791 5796/6564/5794 5797/6565/5795
f 5796/6564/5794 5793/6561/5791 5789/6554/5787 5798/6566/5796
f 5796/6564/5794 5798/6566/5796 5799/6567/5797 5800/6568/5798
f 5799/6567/5797 5798/6566/5796 5801/6569/5799 5802/6570/5800
f 5801/6569/5799 5798/6566/5796 5789/6554/5787 5790/6557/5788
f 5802/6570/5800 5801/6569/5799 5803/6571/5801 5804/6572/5802
f 5803/6571/5801 5801/6569/5799 5790/6557/5788 5805/6573/5803
f 5803/6571/5801 5805/6573/5803 5806/6574/5804 5807/6575/5805
f 5806/6574/5804 5805/6573/5803 5785/6576/5783 5808/6577/5806
f 5785/6576/5783 5805/6573/5803 5790/6557/5788 5784/6556/5782
f 5806/6574/5804 5808/6577/5806 5809/6578/5807 5810/6579/5808
f 5809/6580/5807 5808/6581/5806 5782/6547/5780 5811/6582/5809
f 5782/6547/5780 5808/6581/5806 5785/6550/5783 5781/6546/5779
f 5809/6580/5807 5811/6582/5809 5812/6583/5810 3797/6584/3796
f 5812/6583/5810 5811/6582/5809 3826/4419/3825 3829/4422/3828
f 3826/4419/3825 5811/6582/5809 5782/6547/5780 3827/4420/3826
f 3797/6584/3796 5812/6583/5810 5813/6585/5811 3794/6586/3793
f 5813/6585/5811 5812/6583/5810 3829/4422/3828 5814/6587/5812
f 5813/6588/5811 5814/6589/5812 5815/6590/5813 5816/6591/5814
f 5815/6590/5813 5814/6589/5812 5697/6456/5695 5696/6455/5694
f 5697/6592/5695 5814/6587/5812 3829/4422/3828 3831/4424/3830
f 5816/6591/5814 5815/6590/5813 3858/4451/3857 5817/6593/5815
f 3858/4451/3857 5815/6590/5813 5696/6455/5694 3856/4449/3855
f 5816/6591/5814 5817/6593/5815 3740/4326/3739 3795/6594/3794
f 3740/4326/3739 5817/6593/5815 5818/6595/5816 3741/4327/3740
f 5818/6595/5816 5817/6593/5815 3858/4451/3857 3857/4450/3856
f 3741/4327/3740 5818/6595/5816 5819/6596/5817 5820/6597/5818
f 5819/6596/5817 5818/6595/5816 3857/4450/3856 5821/6598/5819
f 5819/6596/5817 5821/6598/5819 5822/6599/5820 5823/6600/5821
f 5822/6599/5820 5821/6598/5819 5824/6601/5822 5825/6602/5823
f 5824/6601/5822 5821/6598/5819 3857/4450/3856 3853/4446/3852
f 5825/6602/5823 5824/6601/5822 5826/6603/5824 5827/6604/5825
f 5826/6603/5824 5824/6601/5822 3853/4446/3852 3852/4445/3851
f 5827/6605/5825 5826/6606/5824 5828/6607/5826 5829/6608/5827
f 5828/6607/5826 5826/6606/5824 3852/6609/3851 5830/6610/5828
f 3880/4483/3879 5830/6610/5828 3852/6609/3851 3855/4480/3854
f 5828/6607/5826 5830/6610/5828 5831/6611/5829 5832/6612/5830
f 5831/6611/5829 5830/6610/5828 3880/4483/3879 5833/6613/5831
f 5834/6614/5832 5833/6613/5831 3880/4483/3879 3879/4482/3878
f 5831/6611/5829 5833/6613/5831 5835/6615/5833 5836/6616/5834
f 5835/6615/5833 5833/6613/5831 5834/6614/5832 5837/6617/5835
f 5838/6618/5836 5837/6619/5835 5834/6620/5832 5839/6621/5837
f 5835/6622/5833 5837/6623/5835 5840/6624/5838 3847/4440/3846
f 5840/6625/5838 5837/6619/5835 5838/6618/5836 5841/6626/5839
f 5842/6627/5840 5841/6626/5839 5838/6618/5836 5843/6628/5841
f 5840/6625/5838 5841/6626/5839 3883/4487/3882 3866/4486/3865
f 3883/4487/3882 5841/6626/5839 5842/6627/5840 5844/6629/5842
f 5845/6630/5843 5844/6629/5842 5842/6627/5840 5846/6631/5844
f 3883/4487/3882 5844/6629/5842 5847/6632/5845 3881/4484/3880
f 5847/6632/5845 5844/6629/5842 5845/6630/5843 5848/6633/5846
f 5849/6634/5847 5848/6633/5846 5845/6630/5843 5850/6635/5848
f 5847/6632/5845 5848/6633/5846 5851/6636/5849 5852/6637/5850
f 5851/6636/5849 5848/6633/5846 5849/6634/5847 5853/6638/5851
f 5854/6639/5852 5853/6638/5851 5849/6634/5847 5855/6640/5853
f 5851/6636/5849 5853/6638/5851 5856/6641/5854 5857/6642/5855
f 5856/6641/5854 5853/6638/5851 5854/6639/5852 5858/6643/5856
f 5859/6644/5857 5858/6643/5856 5854/6639/5852 5860/6645/5858
f 5856/6641/5854 5858/6643/5856 5861/6646/5859 5862/6647/5860
f 5861/6646/5859 5858/6643/5856 5859/6644/5857 5863/6648/5861
f 5864/6649/5862 5863/6648/5861 5859/6644/5857 5865/6650/5863
f 5861/6646/5859 5863/6648/5861 5866/6651/5864 5867/6652/5865
f 5866/6651/5864 5863/6648/5861 5864/6649/5862 5868/6653/5866
f 5869/6654/5867 5868/6653/5866 5864/6649/5862 5870/6655/5868
f 5866/6651/5864 5868/6653/5866 5871/6656/5869 5872/6657/5870
f 5871/6656/5869 5868/6653/5866 5869/6654/5867 5873/6658/5871
f 5874/6659/5872 5873/6658/5871 5869/6654/5867 5875/6660/5873
f 5871/6656/5869 5873/6658/5871 5876/6661/5874 5877/6662/5875
f 5876/6661/5874 5873/6658/5871 5874/6659/5872 5878/6663/5876
f 5879/6664/5877 5878/6663/5876 5874/6659/5872 5880/6665/5878
f 5876/6661/5874 5878/6663/5876 5881/6666/5879 5882/6667/5880
f 5881/6666/5879 5878/6663/5876 5879/6664/5877 5883/6668/5881
f 5884/6669/5882 5883/6668/5881 5879/6664/5877 5885/6670/5883
f 5881/6666/5879 5883/6668/5881 5886/6671/5884 5887/6672/5885
f 5886/6671/5884 5883/6668/5881 5884/6669/5882 5888/6673/5886
f 5889/6674/5887 5888/6673/5886 5884/6669/5882 5890/6675/5888
f 5886/6671/5884 5888/6673/5886 5891/6676/5889 5892/6677/5890
f 5891/6676/5889 5888/6673/5886 5889/6674/5887 5893/6678/5891
f 5894/6679/5892 5893/6678/5891 5889/6674/5887 5895/6680/5893
f 5891/6676/5889 5893/6678/5891 5896/6681/5894 5897/6682/5895
f 5896/6681/5894 5893/6678/5891 5894/6679/5892 5898/6683/5896
f 5899/6684/5897 5898/6683/5896 5894/6679/5892 5900/6685/5898
f 5896/6681/5894 5898/6683/5896 2359/2658/2359 2358/2657/2358
f 2359/2658/2359 5898/6683/5896 5899/6684/5897 2360/2659/2360
f 2362/2661/2362 2360/2659/2360 5899/6684/5897 5901/6686/5899
f 2011/2271/2011 2363/2662/2363 5564/6311/5562 5563/6310/5561
f 5564/6311/5562 2363/2662/2363 2362/2661/2362 5901/6686/5899
f 2367/2666/2367 2366/2665/2366 5902/6687/5900 5903/6688/5901
f 5902/6687/5900 2366/2665/2366 2369/2668/2369 5904/6689/5902
f 5904/6689/5902 2369/2668/2369 2371/2670/2371 5905/6690/5903
f 5905/6690/5903 2371/2670/2371 2373/2672/2373 5906/6691/5904
f 5904/6689/5902 5905/6690/5903 5907/6692/5905 5908/6693/5906
f 5907/6692/5905 5905/6690/5903 5906/6691/5904 5909/6694/5907
f 5907/6692/5905 5909/6694/5907 5910/6695/5908 5911/6696/5909
f 5910/6695/5908 5909/6694/5907 5912/6697/5910 5913/6698/5911
f 5912/6697/5910 5909/6694/5907 5906/6691/5904 2381/2680/2381
f 5913/6698/5911 5912/6697/5910 5914/6699/5912 5915/6700/5913
f 5914/6699/5912 5912/6697/5910 2381/2680/2381 2384/2683/2384
f 5914/6699/5912 2384/2683/2384 2386/2685/2386 5916/6701/5914
f 2386/2685/2386 2388/2687/2388 5917/6702/5915 5916/6701/5914
f 5917/6702/5915 2388/2687/2388 2017/2278/2017 5567/6315/5565
f 5916/6701/5914 5917/6702/5915 5918/6703/5916 5919/6704/5917
f 5918/6703/5916 5917/6702/5915 5567/6315/5565 5569/6317/5567
f 5919/6704/5917 5918/6703/5916 5920/6705/5918 5921/6706/5919
f 5920/6705/5918 5918/6703/5916 5569/6317/5567 5571/6319/5569
f 5921/6706/5919 5920/6705/5918 5576/6324/5574 5922/6707/5920
f 5576/6324/5574 5920/6705/5918 5571/6319/5569 5573/6321/5571
f 5579/6327/5577 5922/6707/5920 5576/6324/5574 5575/6323/5573
f 5921/6706/5919 5922/6707/5920 5923/6708/5921 5924/6709/5922
f 5923/6708/5921 5922/6707/5920 5579/6327/5577 5925/6710/5923
f 5582/6330/5580 5925/6710/5923 5579/6327/5577 5578/6326/5576
f 5923/6708/5921 5925/6710/5923 5926/6711/5924 5927/6712/5925
f 5926/6711/5924 5925/6710/5923 5582/6330/5580 5928/6713/5926
f 5585/6333/5583 5928/6713/5926 5582/6330/5580 5581/6329/5579
f 5926/6711/5924 5928/6713/5926 5929/6714/5927 5930/6715/5928
f 5929/6714/5927 5928/6713/5926 5585/6333/5583 5931/6716/5929
f 5588/6336/5586 5931/6716/5929 5585/6333/5583 5584/6332/5582
f 5929/6714/5927 5931/6716/5929 5932/6717/5930 5933/6718/5931
f 5932/6717/5930 5931/6716/5929 5588/6336/5586 5590/6338/5588
f 5933/6718/5931 5932/6717/5930 5934/6719/5932 5935/6720/5933
f 5934/6719/5932 5932/6717/5930 5590/6338/5588 5592/6340/5590
f 5935/6720/5933 5934/6719/5932 5936/6721/5934 5937/6722/5935
f 5936/6721/5934 5934/6719/5932 5592/6340/5590 5938/6723/5936
f 5595/6343/5593 5938/6723/5936 5592/6340/5590 5591/6339/5589
f 5936/6721/5934 5938/6723/5936 5939/6724/5937 5940/6725/5938
f 5939/6724/5937 5938/6723/5936 5595/6343/5593 5605/6354/5603
f 5940/6725/5938 5939/6724/5937 5608/6357/5606 5941/6726/5939
f 5608/6357/5606 5939/6724/5937 5605/6354/5603 5604/6353/5602
f 5940/6725/5938 5941/6726/5939 5942/6727/5940 5943/6728/5941
f 5942/6727/5940 5941/6726/5939 5611/6729/5609 5944/6730/5942
f 5611/6729/5609 5941/6726/5939 5608/6357/5606 5607/6356/5605
f 5942/6727/5940 5944/6730/5942 5945/6731/5943 5946/6732/5944
f 5945/6731/5943 5944/6730/5942 5614/6733/5612 5947/6734/5945
f 5614/6733/5612 5944/6730/5942 5611/6729/5609 5610/6735/5608
f 5945/6736/5943 5947/6737/5945 5948/6738/5946 5949/6739/5947
f 5948/6738/5946 5947/6737/5945 5950/6740/5948 5951/6741/5949
f 5950/6740/5948 5947/6737/5945 5614/6367/5612 5613/6366/5611
f 5951/6741/5949 5950/6740/5948 5952/6742/5950 5953/6743/5951
f 5952/6742/5950 5950/6740/5948 5613/6366/5611 5616/6369/5614
f 5953/6743/5951 5952/6742/5950 5954/6744/5952 5955/6745/5953
f 5954/6744/5952 5952/6742/5950 5616/6369/5614 5618/6371/5616
f 5955/6745/5953 5954/6744/5952 5956/6746/5954 5957/6747/5955
f 5956/6746/5954 5954/6744/5952 5618/6371/5616 5620/6373/5618
f 5957/6747/5955 5956/6746/5954 5958/6748/5956 5959/6749/5957
f 5958/6748/5956 5956/6746/5954 5620/6373/5618 5622/6375/5620
f 5959/6749/5957 5958/6748/5956 5960/6750/5958 5961/6751/5959
f 5960/6750/5958 5958/6748/5956 5622/6375/5620 5624/6377/5622
f 5961/6751/5959 5960/6750/5958 5962/6752/5960 5963/6753/5961
f 5962/6752/5960 5960/6750/5958 5624/6377/5622 5626/6379/5624
f 5963/6753/5961 5962/6752/5960 5964/6754/5962 5965/6755/5963
f 5964/6754/5962 5962/6752/5960 5626/6379/5624 5628/6381/5626
f 5965/6755/5963 5964/6754/5962 5966/6756/5964 5967/6757/5965
f 5966/6756/5964 5964/6754/5962 5628/6381/5626 5968/6758/5966
f 5966/6756/5964 5968/6758/5966 5969/6759/5967 5970/6760/5968
f 5969/6759/5967 5968/6758/5966 5631/6384/5629 5971/6761/5969
f 5631/6384/5629 5968/6758/5966 5628/6381/5626 5627/6380/5625
f 5969/6759/5967 5971/6761/5969 5972/6762/5970 5973/6763/5971
f 5972/6762/5970 5971/6761/5969 5634/6387/5632 5974/6764/5972
f 5634/6387/5632 5971/6761/5969 5631/6384/5629 5630/6383/5628
f 5637/6390/5635 5974/6764/5972 5634/6387/5632 5633/6386/5631
f 5972/6762/5970 5974/6764/5972 5643/6396/5641 5975/6765/5973
f 5643/6396/5641 5974/6764/5972 5637/6390/5635 5640/6393/5638
f 5976/6766/5974 5975/6767/5973 5977/6768/5975 5978/6769/5976
f 5977/6770/5975 5975/6765/5973 5643/6396/5641 5642/6395/5640
f 5972/6771/5970 5975/6767/5973 5976/6766/5974 5973/6772/5971
f 5978/6773/5976 5977/6770/5975 5979/6774/5977 5980/6775/5978
f 5979/6774/5977 5977/6770/5975 5642/6395/5640 5645/6398/5643
f 5980/6775/5978 5979/6774/5977 5981/6776/5979 5982/6777/5980
f 5981/6776/5979 5979/6774/5977 5645/6398/5643 5647/6400/5645
f 5982/6777/5980 5981/6776/5979 5983/6778/5981 5984/6779/5982
f 5983/6778/5981 5981/6776/5979 5647/6400/5645 5649/6402/5647
f 5984/6779/5982 5983/6778/5981 5985/6780/5983 5986/6781/5984
f 5985/6780/5983 5983/6778/5981 5649/6402/5647 5651/6404/5649
f 5986/6781/5984 5985/6780/5983 5987/6782/5985 5988/6783/5986
f 5987/6782/5985 5985/6780/5983 5651/6404/5649 5653/6406/5651
f 5988/6783/5986 5987/6782/5985 5989/6784/5987 5990/6785/5988
f 5989/6784/5987 5987/6782/5985 5653/6406/5651 5655/6408/5653
f 5990/6785/5988 5989/6784/5987 5991/6786/5989 5992/6787/5990
f 5991/6786/5989 5989/6784/5987 5655/6408/5653 5657/6410/5655
f 5992/6787/5990 5991/6786/5989 5993/6788/5991 5994/6789/5992
f 5993/6788/5991 5991/6786/5989 5657/6410/5655 5659/6412/5657
f 5994/6789/5992 5993/6788/5991 5995/6790/5993 5996/6791/5994
f 5995/6790/5993 5993/6788/5991 5659/6412/5657 5661/6414/5659
f 5996/6791/5994 5995/6790/5993 5997/6792/5995 5998/6793/5996
f 5997/6792/5995 5995/6790/5993 5661/6414/5659 5663/6416/5661
f 5998/6793/5996 5997/6792/5995 5999/6794/5997 6000/6795/5998
f 5999/6794/5997 5997/6792/5995 5663/6416/5661 5665/6418/5663
f 6000/6795/5998 5999/6794/5997 6001/6796/5999 6002/6797/6000
f 6001/6796/5999 5999/6794/5997 5665/6418/5663 5667/6420/5665
f 6002/6797/6000 6001/6796/5999 6003/6798/6001 5738/6799/5736
f 6003/6798/6001 6001/6796/5999 5667/6420/5665 6004/6800/6002
f 6003/6798/6001 6004/6800/6002 6005/6801/6003 5733/6802/5731
f 6005/6801/6003 6004/6800/6002 5670/6423/5668 5672/6425/5670
f 5670/6423/5668 6004/6800/6002 5667/6420/5665 5666/6419/5664
f 5733/6802/5731 6005/6801/6003 5728/6803/5726 5727/6804/5725
f 5728/6803/5726 6005/6801/6003 5672/6425/5670 5674/6427/5672
f 5738/6799/5736 6003/6798/6001 5733/6802/5731 5732/6805/5730
f 5743/6806/5741 6002/6797/6000 5738/6799/5736 5737/6807/5735
f 6000/6795/5998 6002/6797/6000 5743/6806/5741 6006/6808/6004
f 5746/6809/5744 6006/6808/6004 5743/6806/5741 5742/6810/5740
f 6000/6795/5998 6006/6808/6004 6007/6811/6005 5998/6793/5996
f 6007/6811/6005 6006/6808/6004 5746/6809/5744 6008/6812/6006
f 5747/6813/5745 6008/6812/6006 5746/6809/5744 5745/6814/5743
f 6007/6811/6005 6008/6812/6006 6009/6815/6007 6010/6816/6008
f 6009/6815/6007 6008/6812/6006 5747/6813/5745 6011/6817/6009
f 2483/6818/2483 6011/6817/6009 5747/6813/5745 2201/6819/2201
f 6009/6815/6007 6011/6817/6009 6012/6820/6010 6013/6821/6011
f 6012/6820/6010 6011/6817/6009 2483/6818/2483 2486/6822/2486
f 6012/6820/6010 2486/6822/2486 2488/6823/2488 6014/6824/6012
f 2491/2801/2491 2490/2800/2490 5752/6515/5750 6015/6825/6013
f 5752/6515/5750 2490/2800/2490 2205/2477/2205 5749/6512/5747
f 2491/2801/2491 6015/6825/6013 6016/6826/6014 2492/2802/2490
f 6016/6826/6014 6015/6825/6013 5755/6518/5753 6017/6827/6015
f 5755/6518/5753 6015/6825/6013 5752/6515/5750 5751/6514/5749
f 6016/6826/6014 6017/6827/6015 6018/6828/6016 6019/6829/6017
f 6018/6828/6016 6017/6827/6015 5758/6521/5756 6020/6830/6018
f 5758/6521/5756 6017/6827/6015 5755/6518/5753 5754/6517/5752
f 6018/6828/6016 6020/6830/6018 6021/6831/6019 6022/6832/6020
f 6021/6831/6019 6020/6830/6018 5761/6524/5759 6023/6833/6021
f 5761/6524/5759 6020/6830/6018 5758/6521/5756 5757/6520/5755
f 6021/6831/6019 6023/6833/6021 6024/6834/6022 3823/4415/3822
f 6024/6834/6022 6023/6833/6021 5764/6527/5762 5767/6530/5765
f 5764/6527/5762 6023/6833/6021 5761/6524/5759 5760/6523/5758
f 3823/4415/3822 6024/6834/6022 6025/6835/6023 3821/4412/3820
f 6025/6835/6023 6024/6834/6022 5767/6530/5765 5769/6532/5767
f 3821/4411/3820 6025/6836/6023 6026/6837/6024 3611/4183/3610
f 6026/6837/6024 6025/6836/6023 5769/6533/5767 5771/6536/5769
f 3611/4183/3610 6026/6837/6024 6027/6838/6025 3609/4180/3608
f 6027/6838/6025 6026/6837/6024 5771/6536/5769 5773/6538/5771
f 3609/4180/3608 6027/6838/6025 6028/6839/6026 3610/4181/3609
f 6028/6839/6026 6027/6838/6025 5773/6538/5771 5775/6540/5773
f 3610/4181/3609 6028/6839/6026 6029/6840/6027 6030/6841/6028
f 6029/6840/6027 6028/6839/6026 5775/6540/5773 6031/6842/6029
f 6029/6840/6027 6031/6842/6029 6032/6843/6030 6033/6844/6031
f 6032/6843/6030 6031/6842/6029 5778/6543/5776 6034/6845/6032
f 5778/6543/5776 6031/6842/6029 5775/6540/5773 5774/6539/5772
f 6032/6843/6030 6034/6845/6032 6035/6846/6033 6036/6847/6034
f 6035/6846/6033 6034/6845/6032 6037/6848/6035 6038/6849/6036
f 6037/6848/6035 6034/6845/6032 5778/6543/5776 5777/6542/5775
f 6038/6849/6036 6037/6848/6035 5787/6552/5785 6039/6850/6037
f 5787/6552/5785 6037/6848/6035 5777/6542/5775 5780/6545/5778
f 6038/6849/6036 6039/6850/6037 6040/6851/6038 6041/6852/6039
f 6040/6851/6038 6039/6850/6037 5792/6853/5790 6042/6854/6040
f 5792/6853/5790 6039/6850/6037 5787/6552/5785 5786/6551/5784
f 6040/6851/6038 6042/6854/6040 6043/6855/6041 6044/6856/6042
f 6043/6857/6041 6042/6858/6040 5795/6563/5793 6045/6859/6043
f 5795/6563/5793 6042/6858/6040 5792/6560/5790 5791/6559/5789
f 6043/6857/6041 6045/6859/6043 6046/6860/6044 6047/6861/6045
f 6046/6860/6044 6045/6859/6043 6048/6862/6046 6049/6863/6047
f 6048/6862/6046 6045/6859/6043 5795/6563/5793 5794/6562/5792
f 6049/6863/6047 6048/6862/6046 6050/6864/6048 6051/6865/6049
f 6050/6864/6048 6048/6862/6046 5794/6562/5792 5797/6565/5795
f 6051/6865/6049 6050/6864/6048 6052/6866/6050 6053/6867/6051
f 6052/6866/6050 6050/6864/6048 5797/6565/5795 6054/6868/6052
f 6052/6866/6050 6054/6868/6052 6055/6869/6053 6056/6870/6054
f 6055/6869/6053 6054/6868/6052 5800/6568/5798 6057/6871/6055
f 5800/6568/5798 6054/6868/6052 5797/6565/5795 5796/6564/5794
f 6055/6869/6053 6057/6871/6055 6058/6872/6056 6059/6873/6057
f 6058/6872/6056 6057/6871/6055 6060/6874/6058 6061/6875/6059
f 6060/6874/6058 6057/6871/6055 5800/6568/5798 5799/6567/5797
f 6061/6875/6059 6060/6874/6058 6062/6876/6060 6030/6877/6028
f 6062/6876/6060 6060/6874/6058 5799/6567/5797 5802/6570/5800
f 6058/6872/6056 6061/6875/6059 6033/6878/6031 6063/6879/6061
f 6033/6878/6031 6061/6875/6059 6030/6877/6028 6029/6880/6027
f 6058/6872/6056 6063/6879/6061 6064/6881/6062 6059/6873/6057
f 6064/6882/6062 6063/6883/6061 6036/6847/6034 6065/6884/6063
f 6036/6847/6034 6063/6883/6061 6033/6844/6031 6032/6843/6030
f 6064/6882/6062 6065/6884/6063 6066/6885/6064 6067/6886/6065
f 6066/6885/6064 6065/6884/6063 6068/6887/6066 6069/6888/6067
f 6068/6887/6066 6065/6884/6063 6036/6847/6034 6035/6846/6033
f 6069/6888/6067 6068/6887/6066 6041/6852/6039 6070/6889/6068
f 6041/6852/6039 6068/6887/6066 6035/6846/6033 6038/6849/6036
f 6069/6888/6067 6070/6889/6068 6071/6890/6069 6072/6891/6070
f 6071/6890/6069 6070/6889/6068 6044/6856/6042 6073/6892/6071
f 6044/6856/6042 6070/6889/6068 6041/6852/6039 6040/6851/6038
f 6071/6890/6069 6073/6892/6071 6074/6893/6072 6075/6894/6073
f 6074/6893/6072 6073/6892/6071 6047/6895/6045 6076/6896/6074
f 6047/6895/6045 6073/6892/6071 6044/6856/6042 6043/6855/6041
f 6074/6893/6072 6076/6896/6074 6077/6897/6075 6078/6898/6076
f 6077/6899/6075 6076/6900/6074 6079/6901/6077 6080/6902/6078
f 6079/6901/6077 6076/6900/6074 6047/6861/6045 6046/6860/6044
f 6080/6902/6078 6079/6901/6077 6081/6903/6079 6082/6904/6080
f 6081/6903/6079 6079/6901/6077 6046/6860/6044 6049/6863/6047
f 6082/6904/6080 6081/6903/6079 6083/6905/6081 6084/6906/6082
f 6083/6905/6081 6081/6903/6079 6049/6863/6047 6051/6865/6049
f 6084/6906/6082 6083/6905/6081 6085/6907/6083 6086/6908/6084
f 6085/6907/6083 6083/6905/6081 6051/6865/6049 6053/6867/6051
f 6086/6908/6084 6085/6907/6083 6087/6909/6085 6088/6910/6086
f 6087/6909/6085 6085/6907/6083 6053/6867/6051 6089/6911/6087
f 6087/6909/6085 6089/6911/6087 6090/6912/6088 6091/6913/6089
f 6090/6912/6088 6089/6911/6087 6056/6870/6054 6092/6914/6090
f 6056/6870/6054 6089/6911/6087 6053/6867/6051 6052/6866/6050
f 6090/6912/6088 6092/6914/6090 6067/6915/6065 6093/6916/6091
f 6067/6915/6065 6092/6914/6090 6059/6873/6057 6064/6881/6062
f 6059/6873/6057 6092/6914/6090 6056/6870/6054 6055/6869/6053
f 6090/6917/6088 6093/6918/6091 6094/6919/6092 6091/6920/6089
f 6094/6919/6092 6093/6918/6091 6095/6921/6093 6096/6922/6094
f 6095/6921/6093 6093/6918/6091 6067/6886/6065 6066/6885/6064
f 6096/6922/6094 6095/6921/6093 6072/6891/6070 6097/6923/6095
f 6072/6891/6070 6095/6921/6093 6066/6885/6064 6069/6888/6067
f 6096/6922/6094 6097/6923/6095 6098/6924/6096 6099/6925/6097
f 6098/6924/6096 6097/6923/6095 6075/6894/6073 6100/6926/6098
f 6075/6894/6073 6097/6923/6095 6072/6891/6070 6071/6890/6069
f 6098/6924/6096 6100/6926/6098 6101/6927/6099 6102/6928/6100
f 6101/6927/6099 6100/6926/6098 6078/6898/6076 6103/6929/6101
f 6078/6898/6076 6100/6926/6098 6075/6894/6073 6074/6893/6072
f 6101/6927/6099 6103/6929/6101 6104/6930/6102 6105/6931/6103
f 6104/6930/6102 6103/6929/6101 6106/6932/6104 6107/6933/6105
f 6106/6932/6104 6103/6929/6101 6078/6898/6076 6077/6897/6075
f 6107/6933/6105 6106/6932/6104 6108/6934/6106 6109/6935/6107
f 6108/6934/6106 6106/6932/6104 6077/6897/6075 6080/6936/6078
f 6109/6935/6107 6108/6934/6106 6110/6937/6108 6111/6938/6109
f 6110/6937/6108 6108/6934/6106 6080/6936/6078 6082/6939/6080
f 6111/6940/6109 6110/6941/6108 6112/6942/6110 3789/4375/3788
f 6112/6942/6110 6110/6941/6108 6082/6904/6080 6084/6906/6082
f 3789/4375/3788 6112/6942/6110 6113/6943/6111 3786/4372/3785
f 6113/6943/6111 6112/6942/6110 6084/6906/6082 6086/6908/6084
f 3786/4372/3785 6113/6943/6111 6114/6944/6112 3787/4373/3786
f 6114/6944/6112 6113/6943/6111 6086/6908/6084 6088/6910/6086
f 3787/4373/3786 6114/6944/6112 6115/6945/6113 6116/6946/6114
f 6115/6945/6113 6114/6944/6112 6088/6910/6086 6117/6947/6115
f 6115/6945/6113 6117/6947/6115 6118/6948/6116 6119/6949/6117
f 6118/6948/6116 6117/6947/6115 6091/6913/6089 6094/6950/6092
f 6091/6913/6089 6117/6947/6115 6088/6910/6086 6087/6909/6085
f 6119/6949/6117 6118/6948/6116 6099/6951/6097 6120/6952/6118
f 6099/6951/6097 6118/6948/6116 6094/6950/6092 6096/6953/6094
f 6119/6949/6117 6120/6952/6118 6121/6954/6119 6122/6955/6120
f 6121/6954/6119 6120/6952/6118 6102/6956/6100 6123/6957/6121
f 6102/6956/6100 6120/6952/6118 6099/6951/6097 6098/6958/6096
f 6121/6959/6119 6123/6960/6121 6124/6961/6122 6125/6962/6123
f 6124/6961/6122 6123/6960/6121 6105/6931/6103 6126/6963/6124
f 6105/6931/6103 6123/6960/6121 6102/6928/6100 6101/6927/6099
f 6127/6964/6125 6126/6963/6124 6105/6931/6103 6104/6930/6102
f 3783/4369/3782 6127/6964/6125 6104/6930/6102 6107/6933/6105
f 6121/6954/6119 6125/6965/6123 6128/6966/6126 6122/6955/6120
f 6129/6967/6127 6130/6968/6128 6125/6965/6123 6131/6969/6129
f 6122/6955/6120 6128/6966/6126 6130/6968/6128 6116/6946/6114
f 6116/6946/6114 6130/6968/6128 3784/4370/3783 3787/4373/3786
f 6119/6949/6117 6122/6955/6120 6116/6946/6114 6115/6945/6113
f 6109/6935/6107 6111/6938/6109 6132/6970/6130 3780/4366/3779
f 6132/6970/6130 6111/6938/6109 3789/6971/3788 3788/6972/3787
f 6107/6933/6105 6109/6935/6107 3780/4366/3779 3783/4369/3782
f 6022/6832/6020 6021/6831/6019 3823/4415/3822 3822/4414/3821
f 6133/6973/6131 6022/6832/6020 3822/4414/3821 3824/4417/3823
f 6018/6828/6016 6022/6832/6020 6133/6973/6131 6019/6829/6017
f 2611/2946/2610 6133/6973/6131 3824/4417/3823 235/265/235
f 6019/6829/6017 6133/6973/6131 2611/2946/2610 2612/2947/2203
f 6019/6829/6017 2612/2947/2203 2492/2802/2490 6016/6826/6014
f 2616/6974/2614 2615/6975/2613 6134/6976/6132 6135/6977/6133
f 6134/6976/6132 2615/6975/2613 2618/6978/2616 6136/6979/6134
f 6135/6977/6133 6134/6976/6132 6137/6980/6135 6138/6981/6136
f 6137/6980/6135 6134/6976/6132 6136/6979/6134 5804/6572/5802
f 6138/6981/6136 6137/6980/6135 5807/6575/5805 6139/6982/6137
f 5807/6575/5805 6137/6980/6135 5804/6572/5802 5803/6571/5801
f 6138/6981/6136 6139/6982/6137 3799/4386/3798 6140/6983/6138
f 3799/4386/3798 6139/6982/6137 5810/6579/5808 3796/4383/3795
f 5810/6579/5808 6139/6982/6137 5807/6575/5805 5806/6574/5804
f 6141/6984/6139 6140/6983/6138 6142/6985/6140 6143/6986/6141
f 6142/6985/6140 6140/6983/6138 3799/4386/3798 3798/4385/3797
f 6138/6981/6136 6140/6983/6138 6141/6984/6139 6135/6977/6133
f 6143/6986/6141 6142/6985/6140 6144/6987/6142 6145/6988/6143
f 6144/6987/6142 6142/6985/6140 3798/4385/3797 3801/4388/3800
f 6145/6988/6143 6144/6987/6142 6146/6989/6144 6147/6990/6145
f 6146/6989/6144 6144/6987/6142 3801/4388/3800 6148/6991/6146
f 6149/6992/6147 6148/6991/6146 6150/6993/6148 6151/6994/6149
f 6150/6993/6148 6148/6991/6146 3801/4388/3800 3800/4387/3799
f 6146/6989/6144 6148/6991/6146 6149/6992/6147 6152/6995/6150
f 6153/6996/6151 6152/6997/6150 6149/6998/6147 6154/6999/6152
f 6146/6989/6144 6152/6995/6150 6155/7000/6153 6147/6990/6145
f 6155/7001/6153 6152/6997/6150 6153/6996/6151 6156/7002/6154
f 6157/7003/6155 6156/7002/6154 6153/6996/6151 6158/7004/6156
f 6155/7001/6153 6156/7002/6154 2642/2977/2640 2641/2976/2639
f 2642/2977/2640 6156/7002/6154 6157/7003/6155 2643/2978/2641
f 2645/2980/2643 2643/2978/2641 6157/7003/6155 6159/7005/6157
f 2649/2984/2647 2648/2983/2646 6160/7006/6158 6161/7007/6159
f 6160/7006/6158 2648/2983/2646 2645/2980/2643 6159/7005/6157
f 6161/7007/6159 6160/7006/6158 6162/7008/6160 6163/7009/6161
f 6162/7008/6160 6160/7006/6158 6159/7005/6157 6164/7010/6162
f 6162/7008/6160 6164/7010/6162 6165/7011/6163 6166/7012/6164
f 6165/7011/6163 6164/7010/6162 6158/7004/6156 6167/7013/6165
f 6158/7004/6156 6164/7010/6162 6159/7005/6157 6157/7003/6155
f 6165/7011/6163 6167/7013/6165 6168/7014/6166 6169/7015/6167
f 6168/7014/6166 6167/7013/6165 6154/6999/6152 6170/7016/6168
f 6154/6999/6152 6167/7013/6165 6158/7004/6156 6153/6996/6151
f 6168/7017/6166 6170/7018/6168 6171/7019/6169 6172/7020/6170
f 6171/7019/6169 6170/7018/6168 6151/7021/6149 6173/7022/6171
f 6151/7023/6149 6170/7016/6168 6154/6999/6152 6149/6998/6147
f 6171/7019/6169 6173/7022/6171 6174/7024/6172 6175/7025/6173
f 6174/7026/6172 6173/7027/6171 6176/7028/6174 6177/7029/6175
f 6176/7030/6174 6173/7031/6171 6151/6994/6149 6150/6993/6148
f 6177/7029/6175 6176/7028/6174 3746/4332/3745 3742/4328/3741
f 3746/4389/3745 6176/7030/6174 6150/6993/6148 3800/4387/3799
f 6174/7026/6172 6177/7029/6175 6178/7032/6176 6179/7033/6177
f 6178/7032/6176 6177/7029/6175 3742/4328/3741 3744/4330/3743
f 6179/7033/6177 6178/7032/6176 6180/7034/6178 6181/7035/6179
f 6180/7034/6178 6178/7032/6176 3744/4330/3743 6182/7036/6180
f 6180/7034/6178 6182/7036/6180 3804/4392/3803 3805/4393/3804
f 3804/4392/3803 6182/7036/6180 6183/7037/6181 3809/4397/3808
f 6183/7037/6181 6182/7036/6180 3744/4330/3743 3743/4329/3742
f 3809/4397/3808 6183/7037/6181 6184/7038/6182 6185/7039/6183
f 6184/7038/6182 6183/7037/6181 3743/4329/3742 3747/4333/3746
f 6185/7039/6183 6184/7038/6182 6186/7040/6184 6187/7041/6185
f 6186/7040/6184 6184/7038/6182 3747/4333/3746 6188/7042/6186
f 6186/7040/6184 6188/7042/6186 6189/7043/6187 6190/7044/6188
f 6189/7043/6187 6188/7042/6186 6191/7045/6189 6192/7046/6190
f 6191/7045/6189 6188/7042/6186 3747/4333/3746 3738/4324/3737
f 6192/7046/6190 6191/7045/6189 5820/6597/5818 6193/7047/6191
f 5820/6597/5818 6191/7045/6189 3738/4324/3737 3741/4327/3740
f 6192/7046/6190 6193/7047/6191 6194/7048/6192 6195/7049/6193
f 6194/7048/6192 6193/7047/6191 5823/6600/5821 6196/7050/6194
f 5823/6600/5821 6193/7047/6191 5820/6597/5818 5819/6596/5817
f 6194/7048/6192 6196/7050/6194 6197/7051/6195 6198/7052/6196
f 6197/7051/6195 6196/7050/6194 6199/7053/6197 6200/7054/6198
f 6199/7053/6197 6196/7050/6194 5823/6600/5821 5822/6599/5820
f 6200/7054/6198 6199/7053/6197 6201/7055/6199 6202/7056/6200
f 6201/7055/6199 6199/7053/6197 5822/6599/5820 5825/6602/5823
f 6202/7056/6200 6201/7055/6199 6203/7057/6201 6204/7058/6202
f 6203/7057/6201 6201/7055/6199 5825/6602/5823 5827/6604/5825
f 6204/7059/6202 6203/7060/6201 6205/7061/6203 6206/7062/6204
f 6205/7061/6203 6203/7060/6201 5827/6605/5825 5829/6608/5827
f 6206/7062/6204 6205/7061/6203 6207/7063/6205 6208/7064/6206
f 6207/7063/6205 6205/7061/6203 5829/6608/5827 6209/7065/6207
f 5832/6612/5830 6209/7065/6207 5829/6608/5827 5828/6607/5826
f 6207/7063/6205 6209/7065/6207 6210/7066/6208 6211/7067/6209
f 6210/7066/6208 6209/7065/6207 5832/6612/5830 6212/7068/6210
f 5836/6616/5834 6212/7068/6210 5832/6612/5830 5831/6611/5829
f 6210/7066/6208 6212/7068/6210 3849/7069/3848 6213/7070/6211
f 3849/4442/3848 6212/7071/6210 5836/7072/5834 3846/4439/3845
f 6210/7066/6208 6213/7070/6211 6214/7073/6212 6211/7067/6209
f 6214/7073/6212 6213/7070/6211 6215/7074/6213 6216/7075/6214
f 6215/7074/6213 6213/7070/6211 3849/7069/3848 3848/7076/3847
f 6216/7075/6214 6215/7074/6213 6217/7077/6215 6218/7078/6216
f 6217/7079/6215 6215/7080/6213 3848/4441/3847 6219/7081/6217
f 6220/7082/6218 6219/7081/6217 3848/4441/3847 3845/4438/3844
f 6217/7079/6215 6219/7081/6217 6221/7083/6219 6222/7084/6220
f 6221/7083/6219 6219/7081/6217 6220/7082/6218 6223/7085/6221
f 3807/4395/3806 6223/7085/6221 6220/7082/6218 3808/4396/3807
f 6221/7083/6219 6223/7085/6221 6185/7039/6183 6187/7041/6185
f 6185/7039/6183 6223/7085/6221 3807/4395/3806 3809/4397/3808
f 6222/7084/6220 6221/7083/6219 6187/7041/6185 6224/7086/6222
f 6222/7084/6220 6224/7086/6222 6225/7087/6223 6226/7088/6224
f 6225/7087/6223 6224/7086/6222 6190/7044/6188 6227/7089/6225
f 6190/7044/6188 6224/7086/6222 6187/7041/6185 6186/7040/6184
f 6225/7087/6223 6227/7089/6225 6228/7090/6226 6229/7091/6227
f 6228/7090/6226 6227/7089/6225 6230/7092/6228 6231/7093/6229
f 6230/7092/6228 6227/7089/6225 6190/7044/6188 6189/7043/6187
f 6231/7093/6229 6230/7092/6228 6195/7049/6193 6232/7094/6230
f 6195/7049/6193 6230/7092/6228 6189/7043/6187 6192/7046/6190
f 6231/7093/6229 6232/7094/6230 6233/7095/6231 6234/7096/6232
f 6233/7095/6231 6232/7094/6230 6198/7052/6196 6235/7097/6233
f 6198/7052/6196 6232/7094/6230 6195/7049/6193 6194/7048/6192
f 6233/7095/6231 6235/7097/6233 6236/7098/6234 6237/7099/6235
f 6236/7098/6234 6235/7097/6233 6238/7100/6236 6239/7101/6237
f 6238/7100/6236 6235/7097/6233 6198/7052/6196 6197/7051/6195
f 6239/7101/6237 6238/7100/6236 6240/7102/6238 6241/7103/6239
f 6240/7102/6238 6238/7100/6236 6197/7051/6195 6200/7054/6198
f 6241/7103/6239 6240/7102/6238 6242/7104/6240 6243/7105/6241
f 6242/7104/6240 6240/7102/6238 6200/7054/6198 6202/7056/6200
f 6243/7105/6241 6242/7104/6240 6244/7106/6242 6245/7107/6243
f 6244/7106/6242 6242/7104/6240 6202/7056/6200 6204/7058/6202
f 6245/7108/6243 6244/7109/6242 6246/7110/6244 6247/7111/6245
f 6246/7110/6244 6244/7109/6242 6204/7059/6202 6206/7062/6204
f 6247/7112/6245 6246/7113/6244 6248/7114/6246 6249/7115/6247
f 6248/7116/6246 6246/7110/6244 6206/7062/6204 6208/7064/6206
f 6249/7115/6247 6248/7114/6246 6250/7117/6248 6251/7118/6249
f 6250/7119/6248 6248/7116/6246 6208/7064/6206 6252/7120/6250
f 6211/7067/6209 6252/7120/6250 6208/7064/6206 6207/7063/6205
f 6250/7119/6248 6252/7120/6250 6253/7121/6251 6254/7122/6252
f 6253/7121/6251 6252/7120/6250 6211/7067/6209 6214/7073/6212
f 6254/7123/6252 6253/7124/6251 6255/7125/6253 6256/7126/6254
f 6255/7127/6253 6253/7121/6251 6214/7073/6212 6216/7075/6214
f 6256/7126/6254 6255/7125/6253 6257/7128/6255 6258/7129/6256
f 6257/7130/6255 6255/7127/6253 6216/7075/6214 6218/7078/6216
f 6258/7129/6256 6257/7128/6255 6259/7131/6257 6260/7132/6258
f 6259/7133/6257 6257/7130/6255 6218/7078/6216 6226/7134/6224
f 6260/7135/6258 6259/7136/6257 6229/7091/6227 6261/7137/6259
f 6229/7091/6227 6259/7136/6257 6226/7088/6224 6225/7087/6223
f 6260/7135/6258 6261/7137/6259 6262/7138/6260 6263/7139/6261
f 6262/7138/6260 6261/7137/6259 6264/7140/6262 6265/7141/6263
f 6264/7140/6262 6261/7137/6259 6229/7091/6227 6228/7090/6226
f 6265/7141/6263 6264/7140/6262 6234/7096/6232 6266/7142/6264
f 6234/7096/6232 6264/7140/6262 6228/7090/6226 6231/7093/6229
f 6265/7141/6263 6266/7142/6264 6267/7143/6265 6268/7144/6266
f 6267/7143/6265 6266/7142/6264 6237/7099/6235 6269/7145/6267
f 6237/7099/6235 6266/7142/6264 6234/7096/6232 6233/7095/6231
f 6267/7143/6265 6269/7145/6267 6270/7146/6268 6271/7147/6269
f 6270/7146/6268 6269/7145/6267 6272/7148/6270 6273/7149/6271
f 6272/7148/6270 6269/7145/6267 6237/7099/6235 6236/7098/6234
f 6273/7149/6271 6272/7148/6270 6274/7150/6272 6275/7151/6273
f 6274/7150/6272 6272/7148/6270 6236/7098/6234 6239/7101/6237
f 6275/7151/6273 6274/7150/6272 6276/7152/6274 6277/7153/6275
f 6276/7152/6274 6274/7150/6272 6239/7101/6237 6241/7103/6239
f 6277/7153/6275 6276/7152/6274 6278/7154/6276 6279/7155/6277
f 6278/7154/6276 6276/7152/6274 6241/7103/6239 6243/7105/6241
f 6279/7155/6277 6278/7154/6276 6280/7156/6278 6281/7157/6279
f 6280/7156/6278 6278/7154/6276 6243/7105/6241 6245/7107/6243
f 6281/7158/6279 6280/7159/6278 6282/7160/6280 6283/7161/6281
f 6282/7160/6280 6280/7159/6278 6245/7162/6243 6247/7112/6245
f 6283/7161/6281 6282/7160/6280 6284/7163/6282 6285/7164/6283
f 6284/7163/6282 6282/7160/6280 6247/7112/6245 6249/7115/6247
f 6285/7164/6283 6284/7163/6282 6286/7165/6284 6287/7166/6285
f 6286/7165/6284 6284/7163/6282 6249/7115/6247 6251/7118/6249
f 6287/7166/6285 6286/7165/6284 6288/7167/6286 6289/7168/6287
f 6288/7167/6286 6286/7165/6284 6251/7118/6249 6290/7169/6288
f 6254/7123/6252 6290/7169/6288 6251/7118/6249 6250/7117/6248
f 6288/7167/6286 6290/7169/6288 6291/7170/6289 6292/7171/6290
f 6291/7170/6289 6290/7169/6288 6254/7123/6252 6256/7126/6254
f 6292/7171/6290 6291/7170/6289 6293/7172/6291 6294/7173/6292
f 6293/7172/6291 6291/7170/6289 6256/7126/6254 6258/7129/6256
f 6294/7173/6292 6293/7172/6291 6263/7174/6261 6295/7175/6293
f 6263/7174/6261 6293/7172/6291 6258/7129/6256 6260/7132/6258
f 6294/7173/6292 6295/7175/6293 6296/7176/6294 6297/7177/6295
f 6296/7178/6294 6295/7179/6293 6298/7180/6296 6299/7181/6297
f 6298/7180/6296 6295/7179/6293 6263/7139/6261 6262/7138/6260
f 6299/7181/6297 6298/7180/6296 6268/7144/6266 6300/7182/6298
f 6268/7144/6266 6298/7180/6296 6262/7138/6260 6265/7141/6263
f 6299/7181/6297 6300/7182/6298 6301/7183/6299 6302/7184/6300
f 6301/7183/6299 6300/7182/6298 6271/7147/6269 6303/7185/6301
f 6271/7147/6269 6300/7182/6298 6268/7144/6266 6267/7143/6265
f 6301/7183/6299 6303/7185/6301 6304/7186/6302 6305/7187/6303
f 6304/7186/6302 6303/7185/6301 6306/7188/6304 6307/7189/6305
f 6306/7188/6304 6303/7185/6301 6271/7147/6269 6270/7146/6268
f 6307/7189/6305 6306/7188/6304 6308/7190/6306 6309/7191/6307
f 6308/7190/6306 6306/7188/6304 6270/7146/6268 6273/7149/6271
f 6309/7191/6307 6308/7190/6306 6310/7192/6308 6311/7193/6309
f 6310/7192/6308 6308/7190/6306 6273/7149/6271 6275/7151/6273
f 6311/7193/6309 6310/7192/6308 6312/7194/6310 6313/7195/6311
f 6312/7194/6310 6310/7192/6308 6275/7151/6273 6277/7153/6275
f 6313/7195/6311 6312/7194/6310 6314/7196/6312 6315/7197/6313
f 6314/7196/6312 6312/7194/6310 6277/7153/6275 6279/7155/6277
f 6315/7197/6313 6314/7196/6312 6316/7198/6314 6317/7199/6315
f 6316/7198/6314 6314/7196/6312 6279/7155/6277 6281/7157/6279
f 6317/7200/6315 6316/7201/6314 6318/7202/6316 6319/7203/6317
f 6318/7202/6316 6316/7201/6314 6281/7158/6279 6283/7161/6281
f 6319/7203/6317 6318/7202/6316 6320/7204/6318 6321/7205/6319
f 6320/7204/6318 6318/7202/6316 6283/7161/6281 6285/7164/6283
f 6321/7205/6319 6320/7204/6318 6322/7206/6320 6323/7207/6321
f 6322/7206/6320 6320/7204/6318 6285/7164/6283 6287/7166/6285
f 6323/7207/6321 6322/7206/6320 6324/7208/6322 6325/7209/6323
f 6324/7208/6322 6322/7206/6320 6287/7166/6285 6289/7168/6287
f 6325/7209/6323 6324/7208/6322 6326/7210/6324 6327/7211/6325
f 6326/7210/6324 6324/7208/6322 6289/7168/6287 6328/7212/6326
f 6292/7171/6290 6328/7212/6326 6289/7168/6287 6288/7167/6286
f 6326/7210/6324 6328/7212/6326 6297/7177/6295 6329/7213/6327
f 6297/7177/6295 6328/7212/6326 6292/7171/6290 6294/7173/6292
f 6326/7210/6324 6329/7213/6327 6330/7214/6328 6327/7211/6325
f 6330/7214/6328 6329/7213/6327 6331/7215/6329 6332/7216/6330
f 6331/7215/6329 6329/7213/6327 6297/7177/6295 6296/7176/6294
f 6332/7217/6330 6331/7218/6329 6302/7184/6300 6333/7219/6331
f 6302/7184/6300 6331/7218/6329 6296/7178/6294 6299/7181/6297
f 6332/7217/6330 6333/7219/6331 6334/7220/6332 6335/7221/6333
f 6334/7220/6332 6333/7219/6331 6305/7187/6303 6336/7222/6334
f 6305/7187/6303 6333/7219/6331 6302/7184/6300 6301/7183/6299
f 6334/7220/6332 6336/7222/6334 6337/7223/6335 6338/7224/6336
f 6337/7223/6335 6336/7222/6334 6339/7225/6337 6340/7226/6338
f 6339/7225/6337 6336/7222/6334 6305/7187/6303 6304/7186/6302
f 6340/7226/6338 6339/7225/6337 6341/7227/6339 6342/7228/6340
f 6341/7227/6339 6339/7225/6337 6304/7186/6302 6307/7189/6305
f 6342/7228/6340 6341/7227/6339 6343/7229/6341 3701/4287/3700
f 6343/7229/6341 6341/7227/6339 6307/7189/6305 6309/7191/6307
f 3701/4287/3700 6343/7229/6341 6344/7230/6342 3702/4288/3701
f 6344/7230/6342 6343/7229/6341 6309/7191/6307 6311/7193/6309
f 3702/4288/3701 6344/7230/6342 6345/7231/6343 3703/4289/3702
f 6345/7231/6343 6344/7230/6342 6311/7193/6309 6313/7195/6311
f 3703/4289/3702 6345/7231/6343 6346/7232/6344 6347/7233/6345
f 6346/7232/6344 6345/7231/6343 6313/7195/6311 6315/7197/6313
f 6347/7234/6345 6346/7235/6344 6348/7236/6346 3705/4291/3704
f 6348/7236/6346 6346/7235/6344 6315/7237/6313 6317/7200/6315
f 3705/4291/3704 6348/7236/6346 3709/4295/3708 3706/4292/3705
f 3709/4295/3708 6348/7236/6346 6317/7200/6315 6319/7203/6317
f 3703/7238/3702 6347/7239/6345 6349/7240/6347 3704/7241/3703
f 6349/7240/6347 6347/7239/6345 3705/7242/3704 3708/7243/3707
f 3704/7241/3703 6349/7240/6347 6350/7244/6348 6351/7245/6349
f 6350/7244/6348 6349/7240/6347 3708/7243/3707 6352/7246/6350
f 6350/7244/6348 6352/7246/6350 6353/7247/6351 6354/7248/6352
f 6353/7247/6351 6352/7246/6350 6355/7249/6353 6356/7250/6354
f 6355/7249/6353 6352/7246/6350 3708/7243/3707 3707/7251/3706
f 6357/7252/6355 6355/7253/6353 3707/4293/3706 3710/4296/3709
f 6356/7254/6354 6355/7253/6353 6357/7252/6355 6358/7255/6356
f 6325/7209/6323 6358/7255/6356 6357/7252/6355 6323/7207/6321
f 6356/7254/6354 6358/7255/6356 6359/7256/6357 6360/7257/6358
f 6359/7256/6357 6358/7255/6356 6325/7209/6323 6327/7211/6325
f 6360/7257/6358 6359/7256/6357 6361/7258/6359 6362/7259/6360
f 6361/7258/6359 6359/7256/6357 6327/7211/6325 6330/7214/6328
f 6362/7259/6360 6361/7258/6359 6335/7260/6333 6363/7261/6361
f 6335/7260/6333 6361/7258/6359 6330/7214/6328 6332/7216/6330
f 6362/7259/6360 6363/7261/6361 6364/7262/6362 6365/7263/6363
f 6364/7262/6362 6363/7261/6361 6338/7264/6336 6366/7265/6364
f 6338/7264/6336 6363/7261/6361 6335/7260/6333 6334/7266/6332
f 6367/7267/6365 6366/7265/6364 6338/7264/6336 6337/7268/6335
f 6368/7269/6366 6367/7270/6365 6369/7271/6367 6354/7248/6352
f 6369/7272/6367 6367/7273/6365 6337/7223/6335 6340/7226/6338
f 6354/7248/6352 6369/7271/6367 6351/7245/6349 6350/7244/6348
f 6351/7274/6349 6369/7272/6367 6340/7226/6338 6342/7228/6340
f 6367/7270/6365 6368/7269/6366 6370/7275/6368 6366/7276/6364
f 6371/7277/6369 6368/7269/6366 6354/7248/6352 6353/7247/6351
f 6360/7278/6358 6371/7277/6369 6353/7247/6351 6356/7250/6354
f 6365/7263/6363 6371/7279/6369 6360/7257/6358 6362/7259/6360
f 6323/7207/6321 6357/7252/6355 3710/4296/3709 6321/7205/6319
f 3704/7241/3703 6351/7245/6349 6342/7280/6340 3701/7281/3700
f 6319/7203/6317 6321/7205/6319 3710/4296/3709 3709/4295/3708
f 6222/7282/6220 6226/7134/6224 6218/7078/6216 6217/7077/6215
f 3808/4396/3807 6220/7082/6218 3845/4438/3844 3850/4443/3849
f 6181/7035/6179 6180/7034/6178 3805/4393/3804 6372/7283/6370
f 6373/7284/6371 6372/7285/6370 6374/7286/6372 6375/7287/6373
f 6374/7288/6372 6372/7283/6370 3805/4393/3804 3802/4390/3801
f 6181/7289/6179 6372/7285/6370 6373/7284/6371 6376/7290/6374
f 6377/7291/6375 6376/7290/6374 6373/7284/6371 6378/7292/6376
f 6181/7289/6179 6376/7290/6374 6379/7293/6377 6179/7294/6177
f 6379/7293/6377 6376/7290/6374 6377/7291/6375 6380/7295/6378
f 6381/7296/6379 6380/7295/6378 6377/7291/6375 6382/7297/6380
f 6379/7293/6377 6380/7295/6378 6383/7298/6381 6175/7025/6173
f 6383/7298/6381 6380/7295/6378 6381/7296/6379 6384/7299/6382
f 6385/7300/6383 6384/7299/6382 6381/7296/6379 6386/7301/6384
f 6383/7298/6381 6384/7299/6382 6387/7302/6385 6172/7020/6170
f 6387/7302/6385 6384/7299/6382 6385/7300/6383 6388/7303/6386
f 6389/7304/6387 6388/7303/6386 6385/7300/6383 6390/7305/6388
f 6387/7302/6385 6388/7303/6386 6391/7306/6389 6169/7307/6167
f 6391/7306/6389 6388/7303/6386 6389/7304/6387 6392/7308/6390
f 6393/7309/6391 6392/7308/6390 6389/7304/6387 6394/7310/6392
f 6391/7306/6389 6392/7308/6390 6395/7311/6393 6166/7312/6164
f 6395/7311/6393 6392/7308/6390 6393/7309/6391 6396/7313/6394
f 6397/7314/6395 6396/7313/6394 6393/7309/6391 6398/7315/6396
f 6395/7316/6393 6396/7317/6394 6399/7318/6397 6163/7009/6161
f 6399/7318/6397 6396/7317/6394 6397/7319/6395 6400/7320/6398
f 6401/7321/6399 6400/7320/6398 6397/7319/6395 6402/7322/6400
f 6399/7318/6397 6400/7320/6398 6403/7323/6401 6404/7324/6402
f 6403/7323/6401 6400/7320/6398 6401/7321/6399 6405/7325/6403
f 6406/7326/6404 6405/7325/6403 6401/7321/6399 6407/7327/6405
f 6403/7323/6401 6405/7325/6403 2897/3278/2895 2896/3277/2894
f 2897/3278/2895 6405/7325/6403 6406/7326/6404 2898/3279/2896
f 2900/3281/2898 2898/3279/2896 6406/7326/6404 6408/7328/6406
f 2904/3285/2902 2903/3284/2901 6409/7329/6407 6410/7330/6408
f 6409/7329/6407 2903/3284/2901 2900/3281/2898 6408/7328/6406
f 6410/7330/6408 6409/7329/6407 6411/7331/6409 6412/7332/6410
f 6411/7331/6409 6409/7329/6407 6408/7328/6406 6413/7333/6411
f 6411/7331/6409 6413/7333/6411 6414/7334/6412 6415/7335/6413
f 6414/7334/6412 6413/7333/6411 6407/7327/6405 6416/7336/6414
f 6407/7327/6405 6413/7333/6411 6408/7328/6406 6406/7326/6404
f 6414/7337/6412 6416/7338/6414 6417/7339/6415 6418/7340/6416
f 6417/7339/6415 6416/7338/6414 6402/7341/6400 6419/7342/6417
f 6402/7322/6400 6416/7336/6414 6407/7327/6405 6401/7321/6399
f 6417/7339/6415 6419/7342/6417 6420/7343/6418 6421/7344/6419
f 6420/7343/6418 6419/7342/6417 6398/7315/6396 6422/7345/6420
f 6398/7315/6396 6419/7342/6417 6402/7341/6400 6397/7314/6395
f 6420/7343/6418 6422/7345/6420 6423/7346/6421 6424/7347/6422
f 6423/7346/6421 6422/7345/6420 6394/7310/6392 6425/7348/6423
f 6394/7310/6392 6422/7345/6420 6398/7315/6396 6393/7309/6391
f 6423/7346/6421 6425/7348/6423 6426/7349/6424 6427/7350/6425
f 6426/7349/6424 6425/7348/6423 6390/7305/6388 6428/7351/6426
f 6390/7305/6388 6425/7348/6423 6394/7310/6392 6389/7304/6387
f 6426/7349/6424 6428/7351/6426 6429/7352/6427 6430/7353/6428
f 6429/7352/6427 6428/7351/6426 6386/7301/6384 6431/7354/6429
f 6386/7301/6384 6428/7351/6426 6390/7305/6388 6385/7300/6383
f 6429/7352/6427 6431/7354/6429 6432/7355/6430 6433/7356/6431
f 6432/7355/6430 6431/7354/6429 6382/7297/6380 6434/7357/6432
f 6382/7297/6380 6431/7354/6429 6386/7301/6384 6381/7296/6379
f 6432/7355/6430 6434/7357/6432 6435/7358/6433 6436/7359/6434
f 6435/7358/6433 6434/7357/6432 6378/7292/6376 6437/7360/6435
f 6378/7292/6376 6434/7357/6432 6382/7297/6380 6377/7291/6375
f 6435/7358/6433 6437/7360/6435 6438/7361/6436 6439/7362/6437
f 6438/7361/6436 6437/7360/6435 6375/7287/6373 6440/7363/6438
f 6375/7287/6373 6437/7360/6435 6378/7292/6376 6373/7284/6371
f 6438/7361/6436 6440/7363/6438 6441/7364/6439 6442/7365/6440
f 6441/7364/6439 6440/7363/6438 6443/7366/6441 6444/7367/6442
f 6443/7366/6441 6440/7363/6438 6375/7287/6373 6374/7286/6372
f 6444/7367/6442 6443/7366/6441 3792/7368/3791 3790/7369/3789
f 3792/7368/3791 6443/7366/6441 6374/7286/6372 3802/7370/3801
f 6441/7364/6439 6444/7367/6442 2940/3328/2938 2939/3327/2937
f 2940/3328/2938 6444/7367/6442 3790/7369/3789 199/7371/199
f 2942/7372/2940 2941/7373/2939 6141/6984/6139 6143/6986/6141
f 6141/6984/6139 2941/7373/2939 2616/6974/2614 6135/6977/6133
f 2943/7374/2941 2942/7372/2940 6143/6986/6141 6145/6988/6143
f 2944/7375/2942 2943/7374/2941 6145/6988/6143 6147/6990/6145
f 2641/7376/2639 2944/7375/2942 6147/6990/6145 6155/7000/6153
f 2896/3277/2894 2945/3334/2943 6404/7324/6402 6403/7323/6401
f 6404/7324/6402 2945/3334/2943 2649/2984/2647 6161/7007/6159
f 2948/3337/2946 2947/3336/2945 3776/4362/3775 6445/7377/6443
f 3776/4362/3775 2947/3336/2945 2949/3338/2947 3773/4359/3772
f 3773/4359/3772 2949/3338/2947 2950/3339/2948 3779/4365/3778
f 3779/4365/3778 2950/3339/2948 2904/3285/2902 6410/7330/6408
f 2948/3337/2946 6445/7377/6443 6446/7378/6444 2951/3340/2949
f 6446/7379/6444 6445/7380/6443 6447/7381/6445 6448/7382/6446
f 6447/7383/6445 6445/7377/6443 3776/4362/3775 3775/4361/3774
f 6448/7382/6446 6447/7381/6445 6449/7384/6447 6450/7385/6448
f 6449/7384/6447 6447/7381/6445 3775/7386/3774 3778/7387/3777
f 6450/7385/6448 6449/7384/6447 6451/7388/6449 6452/7389/6450
f 6451/7388/6449 6449/7384/6447 3778/7387/3777 6453/7390/6451
f 6451/7388/6449 6453/7390/6451 6415/7391/6413 6454/7392/6452
f 6415/7335/6413 6453/7393/6451 6412/7332/6410 6411/7331/6409
f 6412/7332/6410 6453/7393/6451 3778/4364/3777 3777/4363/3776
f 6451/7388/6449 6454/7392/6452 6455/7394/6453 6452/7389/6450
f 6455/7394/6453 6454/7392/6452 6418/7340/6416 6456/7395/6454
f 6418/7340/6416 6454/7392/6452 6415/7391/6413 6414/7337/6412
f 6455/7394/6453 6456/7395/6454 6457/7396/6455 6458/7397/6456
f 6457/7396/6455 6456/7395/6454 6421/7344/6419 6459/7398/6457
f 6421/7344/6419 6456/7395/6454 6418/7340/6416 6417/7339/6415
f 6457/7396/6455 6459/7398/6457 6460/7399/6458 6461/7400/6459
f 6460/7399/6458 6459/7398/6457 6424/7347/6422 6462/7401/6460
f 6424/7347/6422 6459/7398/6457 6421/7344/6419 6420/7343/6418
f 6460/7399/6458 6462/7401/6460 6463/7402/6461 6464/7403/6462
f 6463/7402/6461 6462/7401/6460 6427/7350/6425 6465/7404/6463
f 6427/7350/6425 6462/7401/6460 6424/7347/6422 6423/7346/6421
f 6463/7402/6461 6465/7404/6463 6466/7405/6464 6467/7406/6465
f 6466/7405/6464 6465/7404/6463 6430/7353/6428 6468/7407/6466
f 6430/7353/6428 6465/7404/6463 6427/7350/6425 6426/7349/6424
f 6466/7405/6464 6468/7407/6466 6469/7408/6467 6470/7409/6468
f 6469/7408/6467 6468/7407/6466 6433/7356/6431 6471/7410/6469
f 6433/7356/6431 6468/7407/6466 6430/7353/6428 6429/7352/6427
f 6469/7408/6467 6471/7410/6469 6472/7411/6470 6473/7412/6471
f 6472/7411/6470 6471/7410/6469 6436/7359/6434 6474/7413/6472
f 6436/7359/6434 6471/7410/6469 6433/7356/6431 6432/7355/6430
f 6472/7411/6470 6474/7413/6472 6475/7414/6473 6476/7415/6474
f 6475/7414/6473 6474/7413/6472 6439/7362/6437 6477/7416/6475
f 6439/7362/6437 6474/7413/6472 6436/7359/6434 6435/7358/6433
f 6475/7414/6473 6477/7416/6475 2985/3377/2983 2984/3376/2982
f 2985/3377/2983 6477/7416/6475 6442/7365/6440 2986/3378/2984
f 6442/7365/6440 6477/7416/6475 6439/7362/6437 6438/7361/6436
f 2939/3327/2937 2986/3378/2984 6442/7365/6440 6441/7364/6439
f 2990/7417/2988 2989/7418/2987 6478/7419/6476 6479/7420/6477
f 6478/7421/6476 2989/3381/2987 2951/3340/2949 6446/7378/6444
f 6479/7420/6477 6478/7419/6476 6480/7422/6478 6481/7423/6479
f 6480/7422/6478 6478/7419/6476 6446/7379/6444 6448/7382/6446
f 6481/7423/6479 6480/7422/6478 6482/7424/6480 6483/7425/6481
f 6482/7424/6480 6480/7422/6478 6448/7382/6446 6450/7385/6448
f 6483/7425/6481 6482/7424/6480 6484/7426/6482 6485/7427/6483
f 6484/7426/6482 6482/7424/6480 6450/7385/6448 6452/7389/6450
f 6485/7427/6483 6484/7426/6482 6458/7397/6456 6486/7428/6484
f 6458/7397/6456 6484/7426/6482 6452/7389/6450 6455/7394/6453
f 6485/7427/6483 6486/7428/6484 6487/7429/6485 6488/7430/6486
f 6487/7429/6485 6486/7428/6484 6461/7400/6459 6489/7431/6487
f 6461/7400/6459 6486/7428/6484 6458/7397/6456 6457/7396/6455
f 6487/7429/6485 6489/7431/6487 6490/7432/6488 6491/7433/6489
f 6490/7432/6488 6489/7431/6487 6464/7403/6462 6492/7434/6490
f 6464/7403/6462 6489/7431/6487 6461/7400/6459 6460/7399/6458
f 6490/7432/6488 6492/7434/6490 6493/7435/6491 6494/7436/6492
f 6493/7435/6491 6492/7434/6490 6467/7406/6465 6495/7437/6493
f 6467/7406/6465 6492/7434/6490 6464/7403/6462 6463/7402/6461
f 6493/7435/6491 6495/7437/6493 6496/7438/6494 6497/7439/6495
f 6496/7438/6494 6495/7437/6493 6470/7409/6468 6498/7440/6496
f 6470/7409/6468 6495/7437/6493 6467/7406/6465 6466/7405/6464
f 6496/7438/6494 6498/7440/6496 6499/7441/6497 6500/7442/6498
f 6499/7441/6497 6498/7440/6496 6473/7412/6471 6501/7443/6499
f 6473/7412/6471 6498/7440/6496 6470/7409/6468 6469/7408/6467
f 6499/7441/6497 6501/7443/6499 3014/3409/3012 3013/3408/3011
f 3014/3409/3012 6501/7443/6499 6476/7415/6474 3015/3410/3013
f 6476/7415/6474 6501/7443/6499 6473/7412/6471 6472/7411/6470
f 2984/3376/2982 3015/3410/3013 6476/7415/6474 6475/7414/6473
f 3019/3420/3017 3018/7444/3016 6502/7445/6500 6503/7446/6501
f 6502/7445/6500 3018/7444/3016 2990/7417/2988 6479/7420/6477
f 6503/7446/6501 6502/7445/6500 6504/7447/6502 3769/4355/3768
f 6504/7447/6502 6502/7445/6500 6479/7420/6477 6481/7423/6479
f 3769/4355/3768 6504/7447/6502 6505/7448/6503 3766/4352/3765
f 6505/7448/6503 6504/7447/6502 6481/7423/6479 6483/7425/6481
f 3766/4352/3765 6505/7448/6503 6488/7430/6486 3772/4358/3771
f 6488/7430/6486 6505/7448/6503 6483/7425/6481 6485/7427/6483
f 3019/3420/3017 6503/7446/6501 6506/7449/6504 3022/3417/3020
f 6506/7449/6504 6503/7446/6501 3769/4355/3768 3768/4354/3767
f 3022/3417/3020 6506/7449/6504 6507/7450/6505 3024/3422/3022
f 6507/7450/6505 6506/7449/6504 3768/4354/3767 3771/4357/3770
f 3024/3422/3022 6507/7450/6505 6508/7451/6506 3026/3425/3024
f 6508/7451/6506 6507/7450/6505 3771/4357/3770 6509/7452/6507
f 6508/7451/6506 6509/7452/6507 6510/7453/6508 6511/7454/6509
f 6510/7453/6508 6509/7452/6507 6512/7455/6510 6494/7436/6492
f 6512/7455/6510 6509/7452/6507 3771/4357/3770 3770/4356/3769
f 6494/7436/6492 6512/7455/6510 6491/7433/6489 6490/7432/6488
f 6491/7433/6489 6512/7455/6510 3770/4356/3769 3772/4358/3771
f 6511/7454/6509 6510/7453/6508 6497/7439/6495 6513/7456/6511
f 6497/7439/6495 6510/7453/6508 6494/7436/6492 6493/7435/6491
f 6511/7454/6509 6513/7456/6511 3034/3437/3032 3033/3436/3031
f 3034/3437/3032 6513/7456/6511 6500/7442/6498 3035/3438/3033
f 6500/7442/6498 6513/7456/6511 6497/7439/6495 6496/7438/6494
f 3013/3408/3011 3035/3438/3033 6500/7442/6498 6499/7441/6497
f 6511/7454/6509 3033/3436/3031 3026/3425/3024 6508/7451/6506
f 6487/7429/6485 6491/7433/6489 3772/4358/3771 6488/7430/6486
f 3039/7457/3037 3038/7458/3036 6514/7459/6512 6515/7460/6513
f 6514/7459/6512 3038/7458/3036 3041/7461/3039 6516/7462/6514
f 6514/7459/6512 6516/7462/6514 6517/7463/6515 6518/7464/6516
f 6517/7463/6515 6516/7462/6514 6519/7465/6517 6520/7466/6518
f 6519/7465/6517 6516/7462/6514 3041/7461/3039 3046/7467/3044
f 6519/7465/6517 3046/7467/3044 3048/7468/3046 6521/7469/6519
f 3052/3455/3050 3051/3454/3049 6522/7470/6520 6523/7471/6521
f 6522/7470/6520 3051/3454/3049 3054/3457/3052 6524/7472/6522
f 6523/7471/6521 6522/7470/6520 6525/7473/6523 6526/7474/6524
f 6525/7473/6523 6522/7470/6520 6524/7472/6522 6527/7475/6525
f 3607/4176/3606 6527/7475/6525 6524/7472/6522 9/11/9
f 6525/7473/6523 6527/7475/6525 6528/7476/6526 6529/7477/6527
f 6528/7476/6526 6527/7475/6525 3607/4176/3606 6530/7478/6528
f 6531/7479/6529 6530/7478/6528 3607/4176/3606 3608/4177/3607
f 6528/7476/6526 6530/7478/6528 3843/4436/3842 3839/4432/3838
f 3843/4436/3842 6530/7478/6528 6531/7479/6529 6532/7480/6530
f 6533/7481/6531 6532/7480/6530 6531/7479/6529 3810/4398/3809
f 3843/4436/3842 6532/7480/6530 6534/7482/6532 3841/4434/3840
f 6534/7482/6532 6532/7480/6530 6533/7481/6531 6535/7483/6533
f 6534/7482/6532 6535/7483/6533 6536/7484/6534 6537/7485/6535
f 6536/7484/6534 6535/7483/6533 3869/4466/3868 3868/4465/3867
f 3869/4466/3868 6535/7483/6533 6533/7481/6531 6538/7486/6536
f 3869/4466/3868 6538/7486/6536 3850/4443/3849 3851/4444/3850
f 3850/4443/3849 6538/7486/6536 3806/4394/3805 3808/4396/3807
f 3806/4394/3805 6538/7486/6536 6533/7481/6531 3810/4398/3809
f 6537/7487/6535 6536/7488/6534 6539/7489/6537 6540/7490/6538
f 6539/7489/6537 6536/7488/6534 3868/4467/3867 3871/4470/3870
f 6541/7491/6539 6539/7489/6537 3871/4470/3870 3884/4488/3883
f 6540/7490/6538 6539/7489/6537 6541/7491/6539 6542/7492/6540
f 6543/7493/6541 6542/7492/6540 6541/7491/6539 6544/7494/6542
f 6540/7490/6538 6542/7492/6540 6545/7495/6543 6546/7496/6544
f 6545/7495/6543 6542/7492/6540 6543/7493/6541 6547/7497/6545
f 6548/7498/6546 6547/7497/6545 6543/7493/6541 6549/7499/6547
f 6545/7495/6543 6547/7497/6545 6550/7500/6548 6551/7501/6549
f 6550/7500/6548 6547/7497/6545 6548/7498/6546 6552/7502/6550
f 6553/7503/6551 6552/7502/6550 6548/7498/6546 6554/7504/6552
f 6550/7500/6548 6552/7502/6550 6555/7505/6553 6556/7506/6554
f 6555/7505/6553 6552/7502/6550 6553/7503/6551 6557/7507/6555
f 6558/7508/6556 6557/7507/6555 6553/7503/6551 6559/7509/6557
f 6555/7505/6553 6557/7507/6555 6560/7510/6558 6561/7511/6559
f 6560/7510/6558 6557/7507/6555 6558/7508/6556 6562/7512/6560
f 6563/7513/6561 6562/7512/6560 6558/7508/6556 6564/7514/6562
f 6560/7510/6558 6562/7512/6560 6565/7515/6563 6566/7516/6564
f 6565/7515/6563 6562/7512/6560 6563/7513/6561 6567/7517/6565
f 6568/7518/6566 6567/7517/6565 6563/7513/6561 6569/7519/6567
f 6565/7515/6563 6567/7517/6565 6570/7520/6568 6571/7521/6569
f 6570/7520/6568 6567/7517/6565 6568/7518/6566 6572/7522/6570
f 6573/7523/6571 6572/7522/6570 6568/7518/6566 6574/7524/6572
f 6570/7520/6568 6572/7522/6570 3106/3522/3104 3105/3521/3103
f 3106/3522/3104 6572/7522/6570 6573/7523/6571 3107/3523/3105
f 3109/3525/3107 3107/3523/3105 6573/7523/6571 6575/7525/6573
f 3112/3528/3110 3111/3527/3109 6576/7526/6574 5897/6682/5895
f 6576/7526/6574 3111/3527/3109 3109/3525/3107 6575/7525/6573
f 5897/6682/5895 6576/7526/6574 5892/6677/5890 5891/6676/5889
f 5892/6677/5890 6576/7526/6574 6575/7525/6573 6577/7527/6575
f 5892/6677/5890 6577/7527/6575 5887/6672/5885 5886/6671/5884
f 5887/6672/5885 6577/7527/6575 6574/7524/6572 6578/7528/6576
f 6574/7524/6572 6577/7527/6575 6575/7525/6573 6573/7523/6571
f 5887/6672/5885 6578/7528/6576 5882/6667/5880 5881/6666/5879
f 5882/6667/5880 6578/7528/6576 6569/7519/6567 6579/7529/6577
f 6569/7519/6567 6578/7528/6576 6574/7524/6572 6568/7518/6566
f 5882/6667/5880 6579/7529/6577 5877/6662/5875 5876/6661/5874
f 5877/6662/5875 6579/7529/6577 6564/7514/6562 6580/7530/6578
f 6564/7514/6562 6579/7529/6577 6569/7519/6567 6563/7513/6561
f 5877/6662/5875 6580/7530/6578 5872/6657/5870 5871/6656/5869
f 5872/6657/5870 6580/7530/6578 6559/7509/6557 6581/7531/6579
f 6559/7509/6557 6580/7530/6578 6564/7514/6562 6558/7508/6556
f 5872/6657/5870 6581/7531/6579 5867/6652/5865 5866/6651/5864
f 5867/6652/5865 6581/7531/6579 6554/7504/6552 6582/7532/6580
f 6554/7504/6552 6581/7531/6579 6559/7509/6557 6553/7503/6551
f 5867/6652/5865 6582/7532/6580 5862/6647/5860 5861/6646/5859
f 5862/6647/5860 6582/7532/6580 6549/7499/6547 6583/7533/6581
f 6549/7499/6547 6582/7532/6580 6554/7504/6552 6548/7498/6546
f 5862/6647/5860 6583/7533/6581 5857/6642/5855 5856/6641/5854
f 5857/6642/5855 6583/7533/6581 6544/7494/6542 6584/7534/6582
f 6544/7494/6542 6583/7533/6581 6549/7499/6547 6543/7493/6541
f 5857/6642/5855 6584/7534/6582 5852/6637/5850 5851/6636/5849
f 5852/6637/5850 6584/7534/6582 3884/4488/3883 3882/4485/3881
f 3884/4488/3883 6584/7534/6582 6544/7494/6542 6541/7491/6539
f 2358/2657/2358 3112/3528/3110 5897/6682/5895 5896/6681/5894
f 3124/7535/3122 3123/7536/3121 6585/7537/6583 6586/7538/6584
f 6585/7539/6583 3123/3542/3121 3126/3545/3124 6587/7540/6585
f 6585/7539/6583 6587/7540/6585 6588/7541/6586 6589/7542/6587
f 6588/7541/6586 6587/7540/6585 5903/6688/5901 6590/7543/6588
f 5903/6688/5901 6587/7540/6585 3126/3545/3124 2367/2666/2367
f 6588/7541/6586 6590/7543/6588 6591/7544/6589 6592/7545/6590
f 6591/7544/6589 6590/7543/6588 6593/7546/6591 6594/7547/6592
f 6593/7546/6591 6590/7543/6588 5903/6688/5901 5902/6687/5900
f 6594/7547/6592 6593/7546/6591 5908/6693/5906 6595/7548/6593
f 5908/6693/5906 6593/7546/6591 5902/6687/5900 5904/6689/5902
f 6594/7547/6592 6595/7548/6593 6596/7549/6594 6597/7550/6595
f 6596/7549/6594 6595/7548/6593 5911/6696/5909 6598/7551/6596
f 5911/6696/5909 6595/7548/6593 5908/6693/5906 5907/6692/5905
f 6596/7549/6594 6598/7551/6596 6599/7552/6597 6600/7553/6598
f 6599/7552/6597 6598/7551/6596 6601/7554/6599 6602/7555/6600
f 6601/7554/6599 6598/7551/6596 5911/6696/5909 5910/6695/5908
f 6602/7555/6600 6601/7554/6599 6603/7556/6601 5927/6712/5925
f 6603/7556/6601 6601/7554/6599 5910/6695/5908 5913/6698/5911
f 5927/6712/5925 6603/7556/6601 5924/6709/5922 5923/6708/5921
f 5924/6709/5922 6603/7556/6601 5913/6698/5911 5915/6700/5913
f 5930/6715/5928 6602/7555/6600 5927/6712/5925 5926/6711/5924
f 6599/7552/6597 6602/7555/6600 5930/6715/5928 6604/7557/6602
f 5933/6718/5931 6604/7557/6602 5930/6715/5928 5929/6714/5927
f 6599/7552/6597 6604/7557/6602 6605/7558/6603 6600/7553/6598
f 6605/7558/6603 6604/7557/6602 5933/6718/5931 5935/6720/5933
f 6600/7553/6598 6605/7558/6603 6606/7559/6604 6607/7560/6605
f 6606/7559/6604 6605/7558/6603 5935/6720/5933 5937/6722/5935
f 6607/7560/6605 6606/7559/6604 6608/7561/6606 6609/7562/6607
f 6608/7561/6606 6606/7559/6604 5937/6722/5935 5943/6728/5941
f 6609/7562/6607 6608/7561/6606 5946/6732/5944 6610/7563/6608
f 5946/6732/5944 6608/7561/6606 5943/6728/5941 5942/6727/5940
f 6609/7562/6607 6610/7563/6608 6611/7564/6609 6612/7565/6610
f 6611/7564/6609 6610/7563/6608 5949/7566/5947 6613/7567/6611
f 5949/7566/5947 6610/7563/6608 5946/6732/5944 5945/6731/5943
f 6614/7568/6612 6613/7569/6611 6615/7570/6613 6616/7571/6614
f 6615/7570/6613 6613/7569/6611 5949/6739/5947 5948/6738/5946
f 6611/7564/6609 6613/7567/6611 6614/7572/6612 6592/7545/6590
f 6616/7571/6614 6615/7570/6613 6617/7573/6615 6618/7574/6616
f 6617/7573/6615 6615/7570/6613 5948/6738/5946 5951/6741/5949
f 6618/7574/6616 6617/7573/6615 6619/7575/6617 6620/7576/6618
f 6619/7575/6617 6617/7573/6615 5951/6741/5949 5953/6743/5951
f 6620/7576/6618 6619/7575/6617 6621/7577/6619 6622/7578/6620
f 6621/7577/6619 6619/7575/6617 5953/6743/5951 5955/6745/5953
f 6622/7578/6620 6621/7577/6619 6623/7579/6621 6624/7580/6622
f 6623/7579/6621 6621/7577/6619 5955/6745/5953 5957/6747/5955
f 6624/7580/6622 6623/7579/6621 6625/7581/6623 6626/7582/6624
f 6625/7581/6623 6623/7579/6621 5957/6747/5955 5959/6749/5957
f 6626/7582/6624 6625/7581/6623 6627/7583/6625 6628/7584/6626
f 6627/7583/6625 6625/7581/6623 5959/6749/5957 5961/6751/5959
f 6628/7584/6626 6627/7583/6625 6629/7585/6627 6630/7586/6628
f 6629/7585/6627 6627/7583/6625 5961/6751/5959 5963/6753/5961
f 6630/7586/6628 6629/7585/6627 6631/7587/6629 6632/7588/6630
f 6631/7587/6629 6629/7585/6627 5963/6753/5961 5965/6755/5963
f 6632/7588/6630 6631/7587/6629 6633/7589/6631 6634/7590/6632
f 6633/7589/6631 6631/7587/6629 5965/6755/5963 5967/6757/5965
f 6634/7590/6632 6633/7589/6631 6635/7591/6633 6636/7592/6634
f 6635/7591/6633 6633/7589/6631 5967/6757/5965 6637/7593/6635
f 6635/7591/6633 6637/7593/6635 6638/7594/6636 6639/7595/6637
f 6638/7596/6636 6637/7597/6635 5970/7598/5968 6640/7599/6638
f 5970/6760/5968 6637/7593/6635 5967/6757/5965 5966/6756/5964
f 6638/7596/6636 6640/7599/6638 6641/7600/6639 6642/7601/6640
f 6641/7600/6639 6640/7599/6638 5973/6772/5971 5976/6766/5974
f 5973/6772/5971 6640/7599/6638 5970/7598/5968 5969/7602/5967
f 6642/7603/6640 6641/7604/6639 6643/7605/6641 6644/7606/6642
f 6643/7605/6641 6641/7604/6639 5976/7607/5974 5978/6773/5976
f 6644/7606/6642 6643/7605/6641 6645/7608/6643 6646/7609/6644
f 6645/7608/6643 6643/7605/6641 5978/6773/5976 5980/6775/5978
f 6646/7609/6644 6645/7608/6643 6647/7610/6645 6648/7611/6646
f 6647/7610/6645 6645/7608/6643 5980/6775/5978 5982/6777/5980
f 6648/7611/6646 6647/7610/6645 6649/7612/6647 6650/7613/6648
f 6649/7612/6647 6647/7610/6645 5982/6777/5980 5984/6779/5982
f 6650/7613/6648 6649/7612/6647 6651/7614/6649 6652/7615/6650
f 6651/7614/6649 6649/7612/6647 5984/6779/5982 5986/6781/5984
f 6652/7615/6650 6651/7614/6649 6653/7616/6651 6654/7617/6652
f 6653/7616/6651 6651/7614/6649 5986/6781/5984 5988/6783/5986
f 6654/7617/6652 6653/7616/6651 6655/7618/6653 6656/7619/6654
f 6655/7618/6653 6653/7616/6651 5988/6783/5986 5990/6785/5988
f 6656/7619/6654 6655/7618/6653 6657/7620/6655 6658/7621/6656
f 6657/7620/6655 6655/7618/6653 5990/6785/5988 5992/6787/5990
f 6658/7621/6656 6657/7620/6655 6659/7622/6657 6013/6821/6011
f 6659/7622/6657 6657/7620/6655 5992/6787/5990 5994/6789/5992
f 6013/6821/6011 6659/7622/6657 6010/6816/6008 6009/6815/6007
f 6010/6816/6008 6659/7622/6657 5994/6789/5992 5996/6791/5994
f 6014/6824/6012 6658/7621/6656 6013/6821/6011 6012/6820/6010
f 6656/7619/6654 6658/7621/6656 6014/6824/6012 6660/7623/6658
f 3200/7624/3198 6660/7623/6658 6014/6824/6012 2488/6823/2488
f 6656/7619/6654 6660/7623/6658 6661/7625/6659 6654/7617/6652
f 6661/7625/6659 6660/7623/6658 3200/7624/3198 3202/7626/3200
f 6661/7625/6659 3202/7626/3200 3204/7627/3202 6662/7628/6660
f 3208/7629/3206 3207/7630/3205 6663/7631/6661 6664/7632/6662
f 6663/7631/6661 3207/7630/3205 3210/7633/3208 6665/7634/6663
f 6663/7631/6661 6665/7634/6663 6666/7635/6664 6667/7636/6665
f 6666/7635/6664 6665/7634/6663 6515/7460/6513 6668/7637/6666
f 6515/7460/6513 6665/7634/6663 3210/7633/3208 3039/7457/3037
f 6666/7635/6664 6668/7637/6666 6669/7638/6667 6670/7639/6668
f 6669/7638/6667 6668/7637/6666 6518/7464/6516 6671/7640/6669
f 6518/7464/6516 6668/7637/6666 6515/7460/6513 6514/7459/6512
f 6669/7638/6667 6671/7640/6669 6672/7641/6670 3836/4429/3835
f 6672/7641/6670 6671/7640/6669 6673/7642/6671 6674/7643/6672
f 6673/7642/6671 6671/7640/6669 6518/7464/6516 6517/7463/6515
f 6674/7643/6672 6673/7642/6671 6675/7644/6673 6676/7645/6674
f 6675/7644/6673 6673/7642/6671 6517/7463/6515 6520/7466/6518
f 6676/7645/6674 6675/7644/6673 6677/7646/6675 6678/7647/6676
f 6677/7646/6675 6675/7644/6673 6520/7466/6518 6679/7648/6677
f 6677/7649/6675 6679/7650/6677 6680/7651/6678 6681/7652/6679
f 6680/7653/6678 6679/7648/6677 6521/7469/6519 6682/7654/6680
f 6521/7469/6519 6679/7648/6677 6520/7466/6518 6519/7465/6517
f 6680/7655/6678 6682/7656/6680 6683/7657/6681 6684/7658/6682
f 6683/7659/6681 6682/7654/6680 3231/7660/3229 3230/7661/3228
f 3231/7660/3229 6682/7654/6680 6521/7469/6519 3048/7468/3046
f 3235/3662/3233 3234/3661/3232 6685/7662/6683 6686/7663/6684
f 6685/7662/6683 3234/3661/3232 3052/3455/3050 6523/7471/6521
f 6686/7663/6684 6685/7662/6683 6687/7664/6685 6688/7665/6686
f 6687/7664/6685 6685/7662/6683 6523/7471/6521 6526/7474/6524
f 6688/7665/6686 6687/7664/6685 6689/7666/6687 6690/7667/6688
f 6689/7666/6687 6687/7664/6685 6526/7474/6524 6691/7668/6689
f 6529/7477/6527 6691/7668/6689 6526/7474/6524 6525/7473/6523
f 6689/7666/6687 6691/7668/6689 6692/7669/6690 6693/7670/6691
f 6692/7669/6690 6691/7668/6689 6529/7477/6527 3840/4433/3839
f 6693/7670/6691 6692/7669/6690 6694/7671/6692 6695/7672/6693
f 6694/7671/6692 6692/7669/6690 3840/4433/3839 3833/4426/3832
f 6695/7672/6693 6694/7671/6692 6672/7641/6670 6674/7643/6672
f 6672/7641/6670 6694/7671/6692 3833/4426/3832 3836/4429/3835
f 6693/7670/6691 6695/7672/6693 6696/7673/6694 6697/7674/6695
f 6696/7673/6694 6695/7672/6693 6674/7643/6672 6676/7645/6674
f 6697/7674/6695 6696/7673/6694 6698/7675/6696 6699/7676/6697
f 6698/7675/6696 6696/7673/6694 6676/7645/6674 6678/7647/6676
f 6699/7676/6697 6698/7675/6696 6700/7677/6698 6701/7678/6699
f 6700/7677/6698 6698/7675/6696 6678/7647/6676 6702/7679/6700
f 6700/7680/6698 6702/7681/6700 6703/7682/6701 6704/7683/6702
f 6703/7682/6701 6702/7681/6700 6681/7652/6679 6705/7684/6703
f 6681/7652/6679 6702/7681/6700 6678/7685/6676 6677/7649/6675
f 6703/7682/6701 6705/7684/6703 6706/7686/6704 6707/7687/6705
f 6706/7688/6704 6705/7689/6703 6684/7658/6682 6708/7690/6706
f 6684/7691/6682 6705/7684/6703 6681/7652/6679 6680/7651/6678
f 6706/7688/6704 6708/7690/6706 6709/7692/6707 6710/7693/6708
f 6709/7692/6707 6708/7690/6706 6711/7694/6709 6712/7695/6710
f 6711/7694/6709 6708/7690/6706 6684/7658/6682 6683/7657/6681
f 6712/7695/6710 6711/7694/6709 3263/7696/3261 3262/7697/3260
f 3263/7696/3261 6711/7694/6709 6683/7657/6681 3230/7698/3228
f 3267/3699/3265 3266/3698/3264 6713/7699/6711 6714/7700/6712
f 6713/7699/6711 3266/3698/3264 3235/3662/3233 6686/7663/6684
f 6714/7700/6712 6713/7699/6711 6715/7701/6713 6716/7702/6714
f 6715/7701/6713 6713/7699/6711 6686/7663/6684 6688/7665/6686
f 6716/7702/6714 6715/7701/6713 6717/7703/6715 6718/7704/6716
f 6717/7703/6715 6715/7701/6713 6688/7665/6686 6690/7667/6688
f 6718/7704/6716 6717/7703/6715 6699/7676/6697 6701/7678/6699
f 6699/7676/6697 6717/7703/6715 6690/7667/6688 6697/7674/6695
f 6716/7705/6714 6718/7706/6716 6719/7707/6717 6720/7708/6718
f 6719/7707/6717 6718/7706/6716 6701/7709/6699 6721/7710/6719
f 6719/7707/6717 6721/7710/6719 6722/7711/6720 6723/7712/6721
f 6722/7711/6720 6721/7710/6719 6704/7683/6702 6724/7713/6722
f 6704/7683/6702 6721/7710/6719 6701/7709/6699 6700/7680/6698
f 6722/7714/6720 6724/7715/6722 6725/7716/6723 6726/7717/6724
f 6725/7716/6723 6724/7715/6722 6707/7718/6705 6727/7719/6725
f 6707/7687/6705 6724/7713/6722 6704/7683/6702 6703/7682/6701
f 6725/7716/6723 6727/7719/6725 6728/7720/6726 6729/7721/6727
f 6728/7720/6726 6727/7719/6725 6710/7693/6708 6730/7722/6728
f 6710/7693/6708 6727/7719/6725 6707/7718/6705 6706/7688/6704
f 6728/7720/6726 6730/7722/6728 6731/7723/6729 6732/7724/6730
f 6731/7723/6729 6730/7722/6728 6733/7725/6731 6734/7726/6732
f 6733/7725/6731 6730/7722/6728 6710/7693/6708 6709/7692/6707
f 6734/7726/6732 6733/7725/6731 6735/7727/6733 6736/7728/6734
f 6735/7727/6733 6733/7725/6731 6709/7692/6707 6712/7695/6710
f 6736/7728/6734 6735/7727/6733 3291/7729/3289 3290/7730/3288
f 3291/7729/3289 6735/7727/6733 6712/7695/6710 3262/7697/3260
f 3295/3730/3293 3294/3729/3292 6737/7731/6735 6738/7732/6736
f 6737/7731/6735 3294/3729/3292 3267/3732/3265 6714/7733/6712
f 6738/7732/6736 6737/7731/6735 6720/7708/6718 6739/7734/6737
f 6720/7708/6718 6737/7731/6735 6714/7733/6712 6716/7705/6714
f 6738/7732/6736 6739/7734/6737 6740/7735/6738 6741/7736/6739
f 6740/7735/6738 6739/7734/6737 6723/7712/6721 6742/7737/6740
f 6723/7712/6721 6739/7734/6737 6720/7708/6718 6719/7707/6717
f 6740/7735/6738 6742/7737/6740 6743/7738/6741 6744/7739/6742
f 6743/7740/6741 6742/7741/6740 6726/7717/6724 6745/7742/6743
f 6726/7743/6724 6742/7737/6740 6723/7712/6721 6722/7711/6720
f 6743/7738/6741 6745/7744/6743 6746/7745/6744 6747/7746/6745
f 6746/7747/6744 6745/7742/6743 6729/7721/6727 6748/7748/6746
f 6729/7721/6727 6745/7742/6743 6726/7717/6724 6725/7716/6723
f 6746/7747/6744 6748/7748/6746 6749/7749/6747 6750/7750/6748
f 6749/7749/6747 6748/7748/6746 6732/7724/6730 6751/7751/6749
f 6732/7724/6730 6748/7748/6746 6729/7721/6727 6728/7720/6726
f 6749/7749/6747 6751/7751/6749 6752/7752/6750 6753/7753/6751
f 6752/7752/6750 6751/7751/6749 6754/7754/6752 3765/4351/3764
f 6754/7754/6752 6751/7751/6749 6732/7724/6730 6731/7723/6729
f 3765/4351/3764 6754/7754/6752 6755/7755/6753 3761/4347/3760
f 6755/7755/6753 6754/7754/6752 6731/7723/6729 6734/7726/6732
f 3761/4347/3760 6755/7755/6753 6756/7756/6754 3762/4348/3761
f 6756/7756/6754 6755/7755/6753 6734/7726/6732 6736/7728/6734
f 3762/4348/3761 6756/7756/6754 3315/3757/3313 3314/3756/3312
f 3315/3757/3313 6756/7756/6754 6736/7728/6734 3290/7730/3288
f 3319/3762/3317 3318/3761/3316 6757/7757/6755 6758/7758/6756
f 6757/7757/6755 3318/3761/3316 3320/3763/3318 6741/7736/6739
f 6758/7758/6756 6757/7757/6755 6744/7739/6742 6759/7759/6757
f 6744/7739/6742 6757/7757/6755 6741/7736/6739 6740/7735/6738
f 6758/7758/6756 6759/7759/6757 6760/7760/6758 3606/7761/3605
f 6760/7760/6758 6759/7759/6757 6747/7746/6745 6761/7762/6759
f 6747/7746/6745 6759/7759/6757 6744/7739/6742 6743/7738/6741
f 6760/7763/6758 6761/7764/6759 6762/7765/6760 3753/4339/3752
f 6762/7766/6760 6761/7762/6759 6750/7767/6748 6763/7768/6761
f 6750/7767/6748 6761/7762/6759 6747/7746/6745 6746/7745/6744
f 6762/7765/6760 6763/7769/6761 3750/4336/3749 3749/4335/3748
f 3750/4336/3749 6763/7769/6761 6753/7753/6751 3757/4343/3756
f 6753/7753/6751 6763/7769/6761 6750/7750/6748 6749/7749/6747
f 3753/4339/3752 6762/7765/6760 3749/4335/3748 3748/4334/3747
f 3606/4175/3605 6760/7763/6758 3753/4339/3752 3604/4172/3603
f 3319/3762/3317 6758/7758/6756 3606/7761/3605 6/6/6
f 3762/4348/3761 3314/3756/3312 173/196/173 3759/4345/3758
f 6753/7753/6751 6752/7752/6750 3758/4344/3757 3757/4343/3756
f 3758/4344/3757 6752/7752/6750 3765/4351/3764 3763/4349/3762
f 6738/7732/6736 6741/7736/6739 3320/3763/3318 3295/3730/3293
f 6693/7670/6691 6697/7674/6695 6690/7667/6688 6689/7666/6687
f 6670/7639/6668 6669/7638/6667 3836/4429/3835 3835/4428/3834
f 6764/7770/6762 6670/7639/6668 3835/4428/3834 3838/4431/3837
f 6666/7635/6664 6670/7639/6668 6764/7770/6762 6667/7636/6665
f 6765/7771/6763 6764/7770/6762 3838/4431/3837 6766/7772/6764
f 6667/7636/6665 6764/7770/6762 6765/7771/6763 6767/7773/6765
f 6768/7774/6766 6767/7775/6765 6765/7776/6763 6769/7777/6767
f 6667/7636/6665 6767/7773/6765 6664/7632/6662 6663/7631/6661
f 6664/7778/6662 6767/7775/6765 6768/7774/6766 6770/7779/6768
f 6771/7780/6769 6770/7779/6768 6768/7774/6766 6772/7781/6770
f 6664/7778/6662 6770/7779/6768 3335/3785/3333 3208/3784/3206
f 3335/3785/3333 6770/7779/6768 6771/7780/6769 3336/3786/3334
f 3338/3788/3336 3336/3786/3334 6771/7780/6769 6773/7782/6771
f 3341/3791/3339 3340/3790/3338 6774/7783/6772 6571/7521/6569
f 6774/7783/6772 3340/3790/3338 3338/3788/3336 6773/7782/6771
f 6571/7521/6569 6774/7783/6772 6566/7516/6564 6565/7515/6563
f 6566/7516/6564 6774/7783/6772 6773/7782/6771 6775/7784/6773
f 6566/7516/6564 6775/7784/6773 6561/7511/6559 6560/7510/6558
f 6561/7511/6559 6775/7784/6773 6772/7781/6770 6776/7785/6774
f 6772/7781/6770 6775/7784/6773 6773/7782/6771 6771/7780/6769
f 6561/7511/6559 6776/7785/6774 6556/7506/6554 6555/7505/6553
f 6556/7506/6554 6776/7785/6774 6769/7777/6767 6777/7786/6775
f 6769/7777/6767 6776/7785/6774 6772/7781/6770 6768/7774/6766
f 6556/7506/6554 6777/7786/6775 6551/7501/6549 6550/7500/6548
f 6551/7501/6549 6777/7786/6775 6766/7787/6764 6778/7788/6776
f 6766/7787/6764 6777/7786/6775 6769/7777/6767 6765/7776/6763
f 6551/7501/6549 6778/7788/6776 6546/7496/6544 6545/7495/6543
f 6546/7496/6544 6778/7788/6776 3837/7789/3836 3842/7790/3841
f 3837/7789/3836 6778/7788/6776 6766/7787/6764 3838/7791/3837
f 3105/3521/3103 3341/3791/3339 6571/7521/6569 6570/7520/6568
f 3349/7792/3347 3348/7793/3346 6779/7794/6777 6780/7795/6778
f 6779/7794/6777 3348/7793/3346 3351/7796/3349 6781/7797/6779
f 6779/7794/6777 6781/7797/6779 6782/7798/6780 6783/7799/6781
f 6782/7798/6780 6781/7797/6779 6586/7538/6584 6784/7800/6782
f 6586/7538/6584 6781/7797/6779 3351/7796/3349 3124/7535/3122
f 6782/7798/6780 6784/7800/6782 6616/7571/6614 6618/7574/6616
f 6616/7571/6614 6784/7800/6782 6589/7801/6587 6614/7568/6612
f 6589/7801/6587 6784/7800/6782 6586/7538/6584 6585/7537/6583
f 6783/7799/6781 6782/7798/6780 6618/7574/6616 6620/7576/6618
f 6779/7794/6777 6783/7799/6781 6785/7802/6783 6780/7795/6778
f 6785/7802/6783 6783/7799/6781 6620/7576/6618 6622/7578/6620
f 6780/7795/6778 6785/7802/6783 6786/7803/6784 6787/7804/6785
f 6786/7803/6784 6785/7802/6783 6622/7578/6620 6624/7580/6622
f 6787/7804/6785 6786/7803/6784 6788/7805/6786 6789/7806/6787
f 6788/7805/6786 6786/7803/6784 6624/7580/6622 6626/7582/6624
f 6789/7806/6787 6788/7805/6786 6790/7807/6788 6791/7808/6789
f 6790/7807/6788 6788/7805/6786 6626/7582/6624 6628/7584/6626
f 6791/7808/6789 6790/7807/6788 6792/7809/6790 6793/7810/6791
f 6792/7809/6790 6790/7807/6788 6628/7584/6626 6630/7586/6628
f 6793/7810/6791 6792/7809/6790 6794/7811/6792 6795/7812/6793
f 6794/7811/6792 6792/7809/6790 6630/7586/6628 6632/7588/6630
f 6795/7812/6793 6794/7811/6792 6796/7813/6794 6797/7814/6795
f 6796/7813/6794 6794/7811/6792 6632/7588/6630 6634/7590/6632
f 6797/7814/6795 6796/7813/6794 3812/4400/3811 3811/4399/3810
f 3812/4400/3811 6796/7813/6794 6634/7590/6632 6636/7592/6634
f 3369/7815/3367 6797/7814/6795 3811/4399/3810 3368/7816/3366
f 6795/7812/6793 6797/7814/6795 3369/7815/3367 3370/7817/3368
f 6795/7812/6793 3370/7817/3368 3371/7818/3369 6793/7810/6791
f 3373/7819/3371 3372/7820/3370 6787/7804/6785 6789/7806/6787
f 6787/7804/6785 3372/7820/3370 3349/7792/3347 6780/7795/6778
f 3374/7821/3372 3373/7819/3371 6789/7806/6787 6791/7808/6789
f 3371/7818/3369 3374/7821/3372 6791/7808/6789 6793/7810/6791
f 3375/7822/3373 3368/7816/3366 3811/4399/3810 3814/4402/3813
f 3377/7823/3375 3375/7822/3373 3814/4402/3813 6798/7824/6796
f 3377/7825/3375 6798/7826/6796 6799/7827/6797 3378/7828/3376
f 6799/7827/6797 6798/7826/6796 6800/7829/6798 6801/7830/6799
f 6800/7829/6798 6798/7826/6796 3814/7831/3813 3813/4403/3812
f 6801/7830/6799 6800/7829/6798 6802/7832/6800 6803/7833/6801
f 6802/7832/6800 6800/7829/6798 3813/4403/3812 3816/4406/3815
f 6803/7833/6801 6802/7832/6800 3728/4314/3727 3732/4318/3731
f 3728/4314/3727 6802/7832/6800 3816/4406/3815 3727/4313/3726
f 6801/7830/6799 6803/7833/6801 6804/7834/6802 6805/7835/6803
f 6804/7834/6802 6803/7833/6801 3732/4318/3731 3731/4317/3730
f 6805/7835/6803 6804/7834/6802 6806/7836/6804 6807/7837/6805
f 6806/7836/6804 6804/7834/6802 3731/4317/3730 3733/4319/3732
f 6807/7837/6805 6806/7836/6804 6808/7838/6806 6809/7839/6807
f 6808/7838/6806 6806/7836/6804 3733/4319/3732 3734/4320/3733
f 6809/7839/6807 6808/7838/6806 6810/7840/6808 6811/7841/6809
f 6810/7840/6808 6808/7838/6806 3734/4320/3733 3735/4321/3734
f 6811/7841/6809 6810/7840/6808 6812/7842/6810 3818/4408/3817
f 6812/7842/6810 6810/7840/6808 3735/4321/3734 6813/7843/6811
f 3818/4408/3817 6812/7842/6810 6814/7844/6812 3819/4409/3818
f 6814/7844/6812 6812/7842/6810 6813/7843/6811 3720/4306/3719
f 6815/7845/6813 6807/7846/6805 6809/7847/6807 6816/7848/6814
f 6805/7835/6803 6807/7837/6805 6815/7849/6813 6817/7850/6815
f 3399/7851/3397 6817/7852/6815 6815/7845/6813 3398/7853/3396
f 6805/7835/6803 6817/7850/6815 6799/7827/6797 6801/7830/6799
f 6799/7827/6797 6817/7850/6815 3399/7854/3397 3378/7828/3376
f 3400/7855/3398 3398/7853/3396 6815/7845/6813 6816/7848/6814
f 3402/7856/3400 3400/7855/3398 6816/7848/6814 6818/7857/6816
f 3404/7858/3402 3402/7856/3400 6818/7857/6816 6819/7859/6817
f 3404/7858/3402 6819/7859/6817 6820/7860/6818 3405/7861/3403
f 6820/7860/6818 6819/7859/6817 6644/7606/6642 6646/7609/6644
f 6644/7606/6642 6819/7859/6817 6818/7857/6816 6642/7603/6640
f 3405/7861/3403 6820/7860/6818 6821/7862/6819 3407/7863/3405
f 6821/7862/6819 6820/7860/6818 6646/7609/6644 6648/7611/6646
f 3407/7863/3405 6821/7862/6819 6822/7864/6820 3409/7865/3407
f 6822/7864/6820 6821/7862/6819 6648/7611/6646 6650/7613/6648
f 3409/7865/3407 6822/7864/6820 6662/7628/6660 3204/7627/3202
f 6662/7628/6660 6822/7864/6820 6650/7613/6648 6652/7615/6650
f 6661/7625/6659 6662/7628/6660 6652/7615/6650 6654/7617/6652
f 6592/7545/6590 6614/7572/6612 6589/7542/6587 6588/7541/6586
f 6612/7565/6610 6611/7564/6609 6592/7545/6590 6591/7544/6589
f 6609/7562/6607 6612/7565/6610 6597/7550/6595 6607/7560/6605
f 6597/7550/6595 6612/7565/6610 6591/7544/6589 6594/7547/6592
f 6600/7553/6598 6607/7560/6605 6597/7550/6595 6596/7549/6594
f 6540/7490/6538 6546/7496/6544 3842/7790/3841 6537/7487/6535
f 6534/7482/6532 6537/7485/6535 3842/4435/3841 3841/4434/3840
f 3810/4398/3809 6531/7479/6529 3608/4177/3607 3791/4377/3790
f 6529/7477/6527 6528/7476/6526 3839/4432/3838 3840/4433/3839
f 6410/7330/6408 6412/7332/6410 3777/4363/3776 3779/4365/3778
f 6399/7318/6397 6404/7324/6402 6161/7007/6159 6163/7009/6161
f 6166/7012/6164 6395/7316/6393 6163/7009/6161 6162/7008/6160
f 6169/7015/6167 6391/7866/6389 6166/7012/6164 6165/7011/6163
f 6172/7020/6170 6387/7302/6385 6169/7307/6167 6168/7017/6166
f 6175/7025/6173 6383/7298/6381 6172/7020/6170 6171/7019/6169
f 6179/7294/6177 6379/7293/6377 6175/7025/6173 6174/7024/6172
f 6007/6811/6005 6010/6816/6008 5996/6791/5994 5998/6793/5996
f 5940/6725/5938 5943/6728/5941 5937/6722/5935 5936/6721/5934
f 5921/6706/5919 5924/6709/5922 5915/6700/5913 5919/6704/5917
f 5916/6701/5914 5919/6704/5917 5915/6700/5913 5914/6699/5912
f 5564/6311/5562 5901/6686/5899 5561/6308/5559 5560/6307/5558
f 5561/6308/5559 5901/6686/5899 5899/6684/5897 5900/6685/5898
f 5561/6308/5559 5900/6685/5898 5558/6305/5556 5557/6304/5555
f 5558/6305/5556 5900/6685/5898 5894/6679/5892 5895/6680/5893
f 5558/6305/5556 5895/6680/5893 5555/6302/5553 5554/6301/5552
f 5555/6302/5553 5895/6680/5893 5889/6674/5887 5890/6675/5888
f 5555/6302/5553 5890/6675/5888 5552/6299/5550 5551/6298/5549
f 5552/6299/5550 5890/6675/5888 5884/6669/5882 5885/6670/5883
f 5552/6299/5550 5885/6670/5883 5549/6296/5547 5548/6295/5546
f 5549/6296/5547 5885/6670/5883 5879/6664/5877 5880/6665/5878
f 5549/6296/5547 5880/6665/5878 5546/6293/5544 5545/6292/5543
f 5546/6293/5544 5880/6665/5878 5874/6659/5872 5875/6660/5873
f 5546/6293/5544 5875/6660/5873 5543/6290/5541 5542/6289/5540
f 5543/6290/5541 5875/6660/5873 5869/6654/5867 5870/6655/5868
f 5543/6290/5541 5870/6655/5868 5540/6287/5538 5539/6286/5537
f 5540/6287/5538 5870/6655/5868 5864/6649/5862 5865/6650/5863
f 5540/6287/5538 5865/6650/5863 5537/6284/5535 5536/6283/5534
f 5537/6284/5535 5865/6650/5863 5859/6644/5857 5860/6645/5858
f 5537/6284/5535 5860/6645/5858 5534/6281/5532 5533/6280/5531
f 5534/6281/5532 5860/6645/5858 5854/6639/5852 5855/6640/5853
f 5534/6281/5532 5855/6640/5853 5531/6278/5529 5530/6277/5528
f 5531/6278/5529 5855/6640/5853 5849/6634/5847 5850/6635/5848
f 5847/6632/5845 5852/6637/5850 3882/4485/3881 3881/4484/3880
f 5531/6278/5529 5850/6635/5848 5528/6275/5526 5527/6274/5525
f 5528/6275/5526 5850/6635/5848 5845/6630/5843 5846/6631/5844
f 5528/6275/5526 5846/6631/5844 5525/6272/5523 5524/6271/5522
f 5525/6272/5523 5846/6631/5844 5842/6627/5840 5843/6628/5841
f 5525/6272/5523 5843/6628/5841 5522/6269/5520 5521/6268/5519
f 5522/6269/5520 5843/6628/5841 5838/6618/5836 5839/6621/5837
f 3847/4440/3846 5840/6624/5838 3866/4463/3865 3844/4437/3843
f 5522/6269/5520 5839/6621/5837 3885/4490/3884 5519/6266/5517
f 3885/4490/3884 5839/6621/5837 5834/6620/5832 3879/4489/3878
f 5836/7072/5834 5835/6622/5833 3847/4440/3846 3846/4439/3845
f 5813/6585/5811 5816/7867/5814 3795/7868/3794 3794/6586/3793
f 5810/6579/5808 5809/6578/5807 3797/4384/3796 3796/4383/3795
f 5802/6570/5800 5804/6572/5802 6136/6979/6134 6062/6876/6060
f 5722/7869/5720 5728/6803/5726 5674/6427/5672 5723/7870/5721
f 5717/7871/5715 5723/7870/5721 5677/6430/5675 5718/7872/5716
f 5677/6430/5675 5723/7870/5721 5674/6427/5672 5673/6426/5671
f 5712/7873/5710 5718/7872/5716 5680/6433/5678 5713/7874/5711
f 5680/6433/5678 5718/7872/5716 5677/6430/5675 5676/6429/5674
f 5707/7875/5705 5713/7874/5711 5683/6436/5681 5708/7876/5706
f 5683/6436/5681 5713/7874/5711 5680/6433/5678 5679/6432/5677
f 5702/7877/5700 5708/7876/5706 5686/6439/5684 5703/7878/5701
f 5686/6439/5684 5708/7876/5706 5683/6436/5681 5682/6435/5680
f 3863/4456/3862 5706/6469/5704 5701/6464/5699 3864/4461/3863
f 5689/6442/5687 5703/7878/5701 5686/6439/5684 5685/6438/5683
f 5699/7879/5697 5703/7878/5701 5689/6442/5687 5691/6444/5689
f 5695/7880/5693 5697/6592/5695 3831/4424/3830 3861/4454/3860
f 5598/6346/5596 5605/6354/5603 5595/6343/5593 5594/6342/5592
f 5517/6264/5516 5516/6263/5515 3874/4473/3873 3878/4477/3877
f 6823/7881/6821 5424/6168/5423 3935/4548/3934 6824/7882/6822
f 3935/4548/3934 5424/6168/5423 5419/6163/5418 3932/4545/3931
f 5423/6167/5422 5424/6168/5423 6823/7881/6821 5193/5915/5192
f 3916/4525/3915 6824/7882/6822 3935/4548/3934 3934/4547/3933
f 6823/7881/6821 6824/7882/6822 6825/7883/6823 5190/5912/5189
f 6825/7883/6823 6824/7882/6822 3916/4525/3915 3918/4527/3917
f 5190/5912/5189 6825/7883/6823 5187/5909/5186 5186/5908/5185
f 5187/5909/5186 6825/7883/6823 3918/4527/3917 6826/7884/6824
f 6827/7885/6825 6826/7884/6824 3918/4527/3917 3917/4526/3916
f 5187/5909/5186 6826/7884/6824 5184/5906/5183 5183/5905/5182
f 5184/5906/5183 6826/7884/6824 6827/7885/6825 6828/7886/6826
f 6829/7887/6827 6828/7886/6826 6827/7885/6825 6830/7888/6828
f 5184/5906/5183 6828/7886/6826 5181/5903/5180 5180/5902/5179
f 5181/5903/5180 6828/7886/6826 6829/7887/6827 6831/7889/6829
f 6832/7890/6830 6831/7889/6829 6829/7887/6827 6833/7891/6831
f 5181/5903/5180 6831/7889/6829 5178/5900/5177 5177/5899/5176
f 5178/5900/5177 6831/7889/6829 6832/7890/6830 6834/7892/6832
f 6835/7893/6833 6834/7892/6832 6832/7890/6830 6836/7894/6834
f 5178/5900/5177 6834/7892/6832 5175/5897/5174 5174/5896/5173
f 5175/5897/5174 6834/7892/6832 6835/7893/6833 6837/7895/6835
f 6838/7896/6836 6837/7895/6835 6835/7893/6833 6839/7897/6837
f 5175/5897/5174 6837/7895/6835 6840/7898/6838 5173/5895/5172
f 6840/7898/6838 6837/7895/6835 6838/7896/6836 5100/5819/5099
f 5173/5895/5172 6840/7898/6838 5103/5822/5102 5171/5893/5170
f 5103/5822/5102 6840/7898/6838 5100/5819/5099 5099/5818/5098
f 6838/7896/6836 6839/7897/6837 5385/6129/5384 6841/7899/6839
f 5385/6129/5384 6839/7897/6837 5390/6134/5389 5384/6128/5383
f 5390/6134/5389 6839/7897/6837 6835/7893/6833 6836/7894/6834
f 5380/6124/5379 6841/7899/6839 5385/6129/5384 5379/6123/5378
f 6838/7896/6836 6841/7899/6839 5098/5817/5097 5100/5819/5099
f 5098/5817/5097 6841/7899/6839 5380/6124/5379 5096/5815/5095
f 5390/6134/5389 6836/7894/6834 5395/6139/5394 5389/6133/5388
f 5395/6139/5394 6836/7894/6834 6832/7890/6830 6833/7891/6831
f 5395/6139/5394 6833/7891/6831 5400/6144/5399 5394/6138/5393
f 5400/6144/5399 6833/7891/6831 6829/7887/6827 6830/7888/6828
f 5400/6144/5399 6830/7888/6828 5404/6148/5403 5399/6143/5398
f 5404/6148/5403 6830/7888/6828 6827/7885/6825 3917/4526/3916
f 5193/5915/5192 6823/7881/6821 5190/5912/5189 5189/5911/5188
f 5196/5918/5195 5423/6167/5422 5193/5915/5192 5192/5914/5191
f 3936/4549/3935 5412/6156/5411 3914/4523/3913 3938/4551/3937
f 3908/4517/3907 5404/6148/5403 3917/4526/3916 3909/4518/3908
f 5096/5815/5095 5380/6124/5379 5377/6121/5376 5094/5813/5093
f 5271/6012/5270 5274/6015/5273 5268/6009/5267 5267/6008/5266
f 4968/5674/4967 5266/6007/5265 6842/7900/6840 4969/5675/4968
f 6842/7900/6840 5266/6007/5265 5260/6001/5259 5261/6002/5260
f 5265/6006/5264 5266/6007/5265 4968/5674/4967 4971/5677/4970
f 4969/5675/4968 6842/7900/6840 6843/7901/6841 4309/4974/4308
f 6843/7901/6841 6842/7900/6840 5261/6002/5260 6844/7902/6842
f 6843/7901/6841 6844/7902/6842 4185/4956/4184 4294/4955/4293
f 4185/7903/4184 6844/7904/6842 5256/7905/5255 4183/7906/4182
f 5256/7905/5255 6844/7904/6842 5261/7907/5260 5255/7908/5254
f 4309/4974/4308 6843/7901/6841 4294/4955/4293 4307/4972/4306
f 4183/7906/4182 5256/7905/5255 5250/7909/5249 5251/7910/5250
f 4183/7906/4182 5251/7910/5250 6845/7911/6843 4062/7912/4061
f 6845/7911/6843 5251/7910/5250 5246/7913/5245 3927/4537/3926
f 4062/7912/4061 6845/7911/6843 6846/7914/6844 4065/7915/4064
f 6846/7914/6844 6845/7911/6843 3927/4537/3926 3683/4267/3682
f 5106/5825/5105 5171/5893/5170 5103/5822/5102 5102/5821/5101
f 5109/5828/5108 5169/5891/5168 5106/5825/5105 5105/5824/5104
f 5118/5837/5117 5167/5889/5166 5113/5832/5112 5115/5834/5114
f 5121/5840/5120 5163/5885/5162 5118/5837/5117 5117/5836/5116
f 5124/5843/5123 5159/5881/5158 5121/5840/5120 5120/5839/5119
f 5127/5846/5126 5155/5877/5154 5124/5843/5123 5123/5842/5122
f 5130/5849/5129 5151/5873/5150 5127/5846/5126 5126/5845/5125
f 5133/5852/5132 5147/5869/5146 5130/5849/5129 5129/5848/5128
f 1081/1247/1081 1521/3907/1521 4653/5350/4652 4652/5349/4651
f 4653/5350/4652 5082/5801/5081 4650/5347/4649 4649/5346/4648
f 4650/5796/4649 5078/5790/5077 4647/5791/4646 4646/7916/4645
f 4647/5791/4646 5074/5785/5073 4644/5786/4643 4643/7917/4642
f 4644/5786/4643 5070/5780/5069 4641/5781/4640 4640/7918/4639
f 4641/5781/4640 5066/5775/5065 4638/5776/4637 4637/7919/4636
f 4638/5776/4637 5062/5770/5061 4635/5771/4634 4634/7920/4633
f 4635/5771/4634 5058/5765/5057 4632/5766/4631 4631/7921/4630
f 4632/5766/4631 5054/5760/5053 4629/5761/4628 4628/7922/4627
f 4629/5761/4628 5050/5756/5049 4626/5321/4625 4625/5320/4624
f 4626/5321/4625 5046/5752/5045 4623/5317/4622 4622/5316/4621
f 4623/5317/4622 5042/5748/5041 4620/5314/4619 4619/5313/4618
f 4618/5312/4617 5038/5744/5037 6847/7923/6845 4616/5310/4615
f 6847/7923/6845 5038/5744/5037 5032/5738/5031 5033/5739/5032
f 5037/5743/5036 5038/5744/5037 4618/5312/4617 4620/5314/4619
f 4616/5310/4615 6847/7923/6845 6848/7924/6846 4614/5308/4613
f 6848/7924/6846 6847/7923/6845 5033/5739/5032 6849/7925/6847
f 6848/7924/6846 6849/7925/6847 6850/7926/6848 6851/7927/6849
f 6850/7926/6848 6849/7925/6847 5028/5734/5027 6852/7928/6850
f 5028/5734/5027 6849/7925/6847 5033/5739/5032 5027/5733/5026
f 6850/7926/6848 6852/7928/6850 6853/7929/6851 6854/7930/6852
f 6853/7929/6851 6852/7928/6850 5023/5729/5022 4056/4679/4055
f 5023/5729/5022 6852/7928/6850 5028/5734/5027 5022/5728/5021
f 6854/7930/6852 6853/7929/6851 6855/7931/6853 6856/7932/6854
f 6855/7931/6853 6853/7929/6851 4056/4679/4055 4054/4677/4053
f 6856/7932/6854 6855/7931/6853 4014/4637/4013 6857/7933/6855
f 4014/4637/4013 6855/7931/6853 4054/4677/4053 4012/4635/4011
f 6858/7934/6856 6857/7933/6855 3897/4502/3896 3931/4544/3930
f 3897/4502/3896 6857/7933/6855 4014/4637/4013 3900/4505/3899
f 6856/7932/6854 6857/7933/6855 6858/7934/6856 6859/7935/6857
f 4610/5304/4609 6859/7935/6857 6858/7934/6856 6860/7936/6858
f 6856/7932/6854 6859/7935/6857 6861/7937/6859 6854/7930/6852
f 6861/7937/6859 6859/7935/6857 4610/5304/4609 4609/5303/4608
f 6854/7930/6852 6861/7937/6859 6851/7927/6849 6850/7926/6848
f 6851/7927/6849 6861/7937/6859 4609/5303/4608 4612/5306/4611
f 4607/5301/4606 6860/7936/6858 4099/4724/4098 4181/4811/4180
f 4099/4724/4098 6860/7936/6858 6858/7934/6856 3931/4544/3930
f 4610/5304/4609 6860/7936/6858 4607/5301/4606 4606/5300/4605
f 6848/7924/6846 6851/7927/6849 4612/5306/4611 4614/5308/4613
f 4056/4679/4055 5023/5729/5022 5018/5724/5017 4057/4680/4056
f 4966/5672/4965 4969/5675/4968 4309/4974/4308 4305/4970/4304
f 4963/5669/4962 4962/5668/4961 4303/4968/4302 4304/4969/4303
f 6862/7938/6860 4963/5669/4962 4304/4969/4303 6863/7939/6861
f 4959/5665/4958 4963/5669/4962 6862/7938/6860 4960/5666/4959
f 4314/4982/4313 6863/7939/6861 6864/7940/6862 3617/7941/3616
f 6864/7940/6862 6863/7939/6861 4304/4969/4303 4301/4966/4300
f 6862/7938/6860 6863/7939/6861 4314/4982/4313 4315/4983/4314
f 3617/4191/3616 6864/7942/6862 4289/7943/4288 3614/4188/3613
f 4289/7943/4288 6864/7942/6862 4301/7944/4300 4283/7945/4282
f 4960/5666/4959 6862/7938/6860 4315/4983/4314 6865/7946/6863
f 4297/4962/4296 6865/7946/6863 4315/4983/4314 4296/4960/4295
f 4960/5666/4959 6865/7946/6863 4957/5663/4956 4956/5662/4955
f 4957/5663/4956 6865/7946/6863 4297/4962/4296 4299/4964/4298
f 4953/5659/4952 4957/5663/4956 4299/4964/4298 4954/5660/4953
f 5137/5858/5136 4954/5660/4953 4299/4964/4298 4298/4963/4297
f 4950/5656/4949 4954/5660/4953 5137/5858/5136 4951/5657/4950
f 4924/5627/4923 4927/5630/4926 3922/4531/3921 3921/4530/3920
f 4921/5624/4920 4920/5623/4919 3923/4532/3922 3924/4533/3923
f 4891/5594/4890 4893/5596/4892 3454/3936/3452 4896/5599/4895
f 4882/5585/4881 4888/5591/4887 4663/5360/4662 6866/7947/6864
f 4663/5360/4662 4888/5591/4887 4660/5357/4659 4659/5356/4658
f 4882/5585/4881 6866/7947/6864 6867/7948/6865 4880/5583/4879
f 6867/7948/6865 6866/7947/6864 4666/5363/4665 6868/7949/6866
f 4666/5363/4665 6866/7947/6864 4663/5360/4662 4662/5359/4661
f 6867/7948/6865 6868/7949/6866 6869/7950/6867 6870/7951/6868
f 6869/7950/6867 6868/7949/6866 4669/5366/4668 6871/7952/6869
f 4669/5366/4668 6868/7949/6866 4666/5363/4665 4665/5362/4664
f 6869/7950/6867 6871/7952/6869 6872/7953/6870 6873/7954/6871
f 6872/7953/6870 6871/7952/6869 4672/5369/4671 6874/7955/6872
f 4672/5369/4671 6871/7952/6869 4669/5366/4668 4668/5365/4667
f 6872/7953/6870 6874/7955/6872 6875/7956/6873 6876/7957/6874
f 6875/7956/6873 6874/7955/6872 4675/5372/4674 6877/7958/6875
f 4675/5372/4674 6874/7955/6872 4672/5369/4671 4671/5368/4670
f 6875/7956/6873 6877/7958/6875 6878/7959/6876 6879/7960/6877
f 6878/7959/6876 6877/7958/6875 4678/5375/4677 6880/7961/6878
f 4678/5375/4677 6877/7958/6875 4675/5372/4674 4674/5371/4673
f 6878/7959/6876 6880/7961/6878 6881/7962/6879 6882/7963/6880
f 6881/7962/6879 6880/7961/6878 4681/5378/4680 6883/7964/6881
f 4681/5378/4680 6880/7961/6878 4678/5375/4677 4677/5374/4676
f 6881/7962/6879 6883/7964/6881 6884/7965/6882 6885/7966/6883
f 6884/7965/6882 6883/7964/6881 4684/5381/4683 6886/7967/6884
f 4684/5381/4683 6883/7964/6881 4681/5378/4680 4680/5377/4679
f 6884/7965/6882 6886/7967/6884 6887/7968/6885 6888/7969/6886
f 6887/7968/6885 6886/7967/6884 4687/5384/4686 6889/7970/6887
f 4687/5384/4686 6886/7967/6884 4684/5381/4683 4683/5380/4682
f 6887/7968/6885 6889/7970/6887 6890/7971/6888 6891/7972/6889
f 6890/7971/6888 6889/7970/6887 4690/5387/4689 6892/7973/6890
f 4690/5387/4689 6889/7970/6887 4687/5384/4686 4686/5383/4685
f 6890/7971/6888 6892/7973/6890 6893/7974/6891 6894/7975/6892
f 6893/7974/6891 6892/7973/6890 4693/5390/4692 6895/7976/6893
f 4693/5390/4692 6892/7973/6890 4690/5387/4689 4689/5386/4688
f 6893/7974/6891 6895/7976/6893 6896/7977/6894 6897/7978/6895
f 6896/7977/6894 6895/7976/6893 4696/5393/4695 6898/7979/6896
f 4696/5393/4695 6895/7976/6893 4693/5390/4692 4692/5389/4691
f 6896/7977/6894 6898/7979/6896 6899/7980/6897 6900/7981/6898
f 6899/7980/6897 6898/7979/6896 4699/5396/4698 6901/7982/6899
f 4699/5396/4698 6898/7979/6896 4696/5393/4695 4695/5392/4694
f 6899/7980/6897 6901/7982/6899 6902/7983/6900 6903/7984/6901
f 6902/7985/6900 6901/7986/6899 4702/7987/4701 6904/7988/6902
f 4702/5399/4701 6901/7982/6899 4699/5396/4698 4698/5395/4697
f 6902/7985/6900 6904/7988/6902 6905/7989/6903 6906/7990/6904
f 6905/7989/6903 6904/7988/6902 4705/5403/4704 4707/5406/4706
f 4705/5403/4704 6904/7988/6902 4702/7987/4701 4701/7991/4700
f 6906/7990/6904 6905/7989/6903 6907/7992/6905 4808/5508/4807
f 6907/7992/6905 6905/7989/6903 4707/5406/4706 4709/5409/4708
f 4808/5508/4807 6907/7992/6905 4803/5503/4802 4802/5502/4801
f 4803/5503/4802 6907/7992/6905 4709/5409/4708 4711/5411/4710
f 4813/7993/4812 6906/7990/6904 4808/5508/4807 4807/5507/4806
f 6902/7985/6900 6906/7990/6904 4813/7993/4812 6903/7994/6901
f 4818/5521/4817 6903/7984/6901 4813/5516/4812 4812/5515/4811
f 6899/7980/6897 6903/7984/6901 4818/5521/4817 6900/7981/6898
f 4823/5526/4822 6900/7981/6898 4818/5521/4817 4817/5520/4816
f 6896/7977/6894 6900/7981/6898 4823/5526/4822 6897/7978/6895
f 4828/5531/4827 6897/7978/6895 4823/5526/4822 4822/5525/4821
f 6893/7974/6891 6897/7978/6895 4828/5531/4827 6894/7975/6892
f 4833/5536/4832 6894/7975/6892 4828/5531/4827 4827/5530/4826
f 6890/7971/6888 6894/7975/6892 4833/5536/4832 6891/7972/6889
f 4838/5541/4837 6891/7972/6889 4833/5536/4832 4832/5535/4831
f 6887/7968/6885 6891/7972/6889 4838/5541/4837 6888/7969/6886
f 4843/5546/4842 6888/7969/6886 4838/5541/4837 4837/5540/4836
f 6884/7965/6882 6888/7969/6886 4843/5546/4842 6885/7966/6883
f 4848/5551/4847 6885/7966/6883 4843/5546/4842 4842/5545/4841
f 6881/7962/6879 6885/7966/6883 4848/5551/4847 6882/7963/6880
f 4853/5556/4852 6882/7963/6880 4848/5551/4847 4847/5550/4846
f 6878/7959/6876 6882/7963/6880 4853/5556/4852 6879/7960/6877
f 4858/5561/4857 6879/7960/6877 4853/5556/4852 4852/5555/4851
f 6875/7956/6873 6879/7960/6877 4858/5561/4857 6876/7957/6874
f 4863/5566/4862 6876/7957/6874 4858/5561/4857 4857/5560/4856
f 6872/7953/6870 6876/7957/6874 4863/5566/4862 6873/7954/6871
f 4868/5571/4867 6873/7954/6871 4863/5566/4862 4862/5565/4861
f 6869/7950/6867 6873/7954/6871 4868/5571/4867 6870/7951/6868
f 4873/5576/4872 6870/7951/6868 4868/5571/4867 4867/5570/4866
f 6867/7948/6865 6870/7951/6868 4873/5576/4872 4880/5583/4879
f 4798/5498/4797 4803/5503/4802 4711/5411/4710 4713/5413/4712
f 4716/5416/4715 4794/5494/4793 4713/5413/4712 4712/5412/4711
f 4719/5419/4718 4790/5490/4789 4716/5416/4715 4715/5415/4714
f 4722/5422/4721 4786/5486/4785 4719/5419/4718 4718/5418/4717
f 4770/5470/4769 4769/5469/4768 4728/5428/4727 4730/5430/4729
f 4765/5465/4764 4770/5470/4769 4751/5451/4750 4753/5453/4752
f 4751/5451/4750 4770/5470/4769 4730/5430/4729 4732/5432/4731
f 4603/5297/4602 4607/5301/4606 4181/4811/4180 4604/5298/4603
f 4523/5213/4522 947/1094/947 861/1002/861 4441/5131/4440
f 4222/4859/4221 4383/5073/4382 4378/5066/4377 4219/4856/4218
f 4308/4973/4307 4307/4972/4306 4294/4955/4293 4291/4950/4290
f 4284/4942/4283 4308/4973/4307 6908/7995/6906 4280/4939/4279
f 6908/7995/6906 4308/4973/4307 4291/4950/4290 4292/4953/4291
f 4280/4939/4279 6908/7995/6906 6909/7996/6907 6910/7997/6908
f 6909/7996/6907 6908/7995/6906 4292/4953/4291 6911/7998/6909
f 6909/7996/6907 6911/7998/6909 4272/4921/4271 4277/7999/4276
f 4272/4921/4271 6911/7998/6909 6912/8000/6910 4273/4922/4272
f 6912/8000/6910 6911/7998/6909 4292/4953/4291 4293/4954/4292
f 4273/4922/4272 6912/8000/6910 6913/8001/6911 6914/8002/6912
f 6913/8001/6911 6912/8000/6910 4293/4954/4292 6915/8003/6913
f 6913/8001/6911 6915/8003/6913 4091/8004/4090 4092/8005/4091
f 4091/8004/4090 6915/8003/6913 4030/8006/4029 4031/8007/4030
f 4030/8006/4029 6915/8003/6913 4293/4954/4292 4290/4949/4289
f 6914/8002/6912 6913/8001/6911 4092/8005/4091 6916/8008/6914
f 6914/8009/6912 6916/8010/6914 4233/4873/4232 4232/4872/4231
f 4233/4873/4232 6916/8010/6914 6917/8011/6915 6918/8012/6916
f 6917/8011/6915 6916/8010/6914 4092/4717/4091 4087/4712/4086
f 6918/8012/6916 6917/8011/6915 6919/8013/6917 6920/8014/6918
f 6919/8013/6917 6917/8011/6915 4087/4712/4086 4090/4715/4089
f 6920/8014/6918 6919/8013/6917 4042/4665/4041 4038/4661/4037
f 4042/4665/4041 6919/8013/6917 4090/4715/4089 6921/8015/6919
f 4042/4665/4041 6921/8015/6919 6922/8016/6920 4041/4664/4040
f 6922/8016/6920 6921/8015/6919 4020/4643/4019 4019/4642/4018
f 4020/4643/4019 6921/8015/6919 4090/4715/4089 4089/4714/4088
f 4041/4664/4040 6922/8016/6920 4025/4648/4024 4024/4647/4023
f 4025/4648/4024 6922/8016/6920 4019/4642/4018 4021/4644/4020
f 6918/8012/6916 6920/8014/6918 4095/4720/4094 4098/4723/4097
f 4095/4720/4094 6920/8014/6918 4038/4661/4037 4040/4663/4039
f 4233/4873/4232 6918/8012/6916 4098/4723/4097 4230/4870/4229
f 4273/4922/4272 6914/8002/6912 4232/4874/4231 4235/4877/4234
f 6910/8017/6908 6909/8018/6907 4277/8019/4276 6923/8020/6921
f 6924/8021/6922 6923/8020/6921 4213/4849/4212 4212/4848/4211
f 4213/4849/4212 6923/8020/6921 4277/8019/4276 4276/8022/4275
f 6910/8017/6908 6923/8020/6921 6924/8021/6922 6925/8023/6923
f 6926/8024/6924 6925/8025/6923 6924/8026/6922 6927/8027/6925
f 6910/8017/6908 6925/8023/6923 4281/8028/4280 4280/8029/4279
f 4281/4934/4280 6925/8025/6923 6926/8024/6924 6928/8030/6926
f 6929/8031/6927 6928/8030/6926 6926/8024/6924 6930/8032/6928
f 4281/4934/4280 6928/8030/6926 6931/8033/6929 4278/4931/4277
f 6931/8033/6929 6928/8030/6926 6929/8031/6927 6932/8034/6930
f 6933/8035/6931 6932/8034/6930 6929/8031/6927 6934/8036/6932
f 6931/8033/6929 6932/8034/6930 6935/8037/6933 4300/8038/4299
f 6935/8037/6933 6932/8034/6930 6933/8035/6931 6936/8039/6934
f 6937/8040/6935 6936/8039/6934 6933/8035/6931 6938/8041/6936
f 6935/8037/6933 6936/8039/6934 6939/8042/6937 4248/8043/4247
f 6939/8042/6937 6936/8039/6934 6937/8040/6935 6940/8044/6938
f 6941/8045/6939 6940/8044/6938 6937/8040/6935 6942/8046/6940
f 6939/8042/6937 6940/8044/6938 6943/8047/6941 6944/8048/6942
f 6943/8047/6941 6940/8044/6938 6941/8045/6939 6945/8049/6943
f 6946/8050/6944 6945/8051/6943 6941/8052/6939 6947/8053/6945
f 6943/8054/6941 6945/8051/6943 4172/8055/4171 4168/8056/4167
f 4172/8055/4171 6945/8051/6943 6946/8050/6944 6948/8057/6946
f 4122/4747/4121 6948/8057/6946 6946/8050/6944 4123/4748/4122
f 4172/8055/4171 6948/8057/6946 6949/8058/6947 4171/8059/4170
f 6949/8058/6947 6948/8057/6946 4122/4747/4121 4124/4749/4123
f 4171/4801/4170 6949/8060/6947 4160/4790/4159 4159/4789/4158
f 4160/8061/4159 6949/8058/6947 4124/4749/4123 6950/8062/6948
f 6951/8063/6949 6950/8062/6948 4124/4749/4123 4118/4743/4117
f 4160/8061/4159 6950/8062/6948 4153/4782/4152 4157/8064/4156
f 4153/4782/4152 6950/8062/6948 6951/8063/6949 4150/4779/4149
f 4150/4779/4149 6951/8063/6949 6952/8065/6950 4111/4736/4110
f 6952/8065/6950 6951/8063/6949 4118/4743/4117 4121/4746/4120
f 4111/4736/4110 6952/8065/6950 6953/8066/6951 4109/4734/4108
f 6953/8066/6951 6952/8065/6950 4121/4746/4120 6954/8067/6952
f 6953/8066/6951 6954/8067/6952 6955/8068/6953 6956/8069/6954
f 6955/8068/6953 6954/8067/6952 6957/8070/6955 6958/8071/6956
f 6957/8070/6955 6954/8067/6952 4121/4746/4120 4120/4745/4119
f 6958/8071/6956 6957/8070/6955 6959/8072/6957 6960/8073/6958
f 6959/8072/6957 6957/8070/6955 4120/4745/4119 4123/4748/4122
f 6960/8073/6958 6959/8072/6957 6947/8053/6945 6961/8074/6959
f 6947/8053/6945 6959/8072/6957 4123/4748/4122 6946/8050/6944
f 6960/8073/6958 6961/8074/6959 4149/8075/4148 4143/8076/4142
f 4149/4778/4148 6961/8077/6959 6942/8046/6940 6962/8078/6960
f 6942/8079/6940 6961/8074/6959 6947/8053/6945 6941/8052/6939
f 4149/4778/4148 6962/8078/6960 6963/8080/6961 4147/4776/4146
f 6963/8080/6961 6962/8078/6960 6938/8041/6936 6964/8081/6962
f 6938/8041/6936 6962/8078/6960 6942/8046/6940 6937/8040/6935
f 6963/8080/6961 6964/8081/6962 6965/8082/6963 6966/8083/6964
f 6965/8082/6963 6964/8081/6962 6934/8036/6932 6967/8084/6965
f 6934/8036/6932 6964/8081/6962 6938/8041/6936 6933/8035/6931
f 6965/8082/6963 6967/8084/6965 6968/8085/6966 6969/8086/6967
f 6968/8085/6966 6967/8084/6965 6930/8032/6928 6970/8087/6968
f 6930/8032/6928 6967/8084/6965 6934/8036/6932 6929/8031/6927
f 6968/8085/6966 6970/8087/6968 6971/8088/6969 6972/8089/6970
f 6971/8088/6969 6970/8087/6968 6927/8027/6925 6973/8090/6971
f 6927/8027/6925 6970/8087/6968 6930/8032/6928 6926/8024/6924
f 6971/8088/6969 6973/8090/6971 4207/8091/4206 6974/8092/6972
f 4207/8091/4206 6973/8090/6971 4212/8093/4211 4208/8094/4207
f 4212/8093/4211 6973/8090/6971 6927/8027/6925 6924/8026/6922
f 6975/8095/6973 6974/8092/6972 6976/8096/6974 6977/8097/6975
f 6976/8096/6974 6974/8092/6972 4207/8091/4206 4203/8098/4202
f 6971/8088/6969 6974/8092/6972 6975/8095/6973 6972/8089/6970
f 6977/8097/6975 6976/8096/6974 4141/8099/4140 4126/8100/4125
f 4141/8099/4140 6976/8096/6974 4203/8098/4202 4142/8101/4141
f 4137/4763/4136 6977/8097/6975 4126/8100/4125 4125/8102/4124
f 6975/8095/6973 6977/8097/6975 4137/4763/4136 4136/4762/4135
f 6972/8089/6970 6975/8095/6973 4136/4762/4135 4139/4765/4138
f 6968/8085/6966 6972/8089/6970 4139/4765/4138 6969/8086/6967
f 6978/8103/6976 6969/8086/6967 4139/4765/4138 4138/4764/4137
f 6965/8082/6963 6969/8086/6967 6978/8103/6976 6966/8083/6964
f 6979/8104/6977 6978/8103/6976 4138/4764/4137 4140/4766/4139
f 6966/8083/6964 6978/8103/6976 6979/8104/6977 4148/4777/4147
f 4148/4777/4147 6979/8104/6977 6980/8105/6978 4145/4774/4144
f 6980/8105/6978 6979/8104/6977 4140/4766/4139 6981/8106/6979
f 4127/4752/4126 6981/8107/6979 4140/8108/4139 4134/8109/4133
f 6980/8110/6978 6981/8107/6979 6982/8111/6980 6983/8112/6981
f 6982/8111/6980 6981/8107/6979 4127/4752/4126 4115/4740/4114
f 6983/8112/6981 6982/8111/6980 6956/8069/6954 6955/8068/6953
f 6956/8069/6954 6982/8111/6980 4115/4740/4114 4113/4738/4112
f 6980/8110/6978 6983/8112/6981 4146/8113/4145 4145/8114/4144
f 4146/8113/4145 6983/8112/6981 6955/8068/6953 6958/8071/6956
f 6963/8080/6961 6966/8083/6964 4148/4777/4147 4147/4776/4146
f 6958/8071/6956 6960/8073/6958 4143/8076/4142 4146/8113/4145
f 6953/8066/6951 6956/8069/6954 4113/4738/4112 4109/4734/4108
f 6944/8048/6942 6943/8047/6941 4168/8115/4167 4170/8116/4169
f 6939/8042/6937 6944/8048/6942 4246/8117/4245 4248/8043/4247
f 4246/4890/4245 6944/8118/6942 4170/4800/4169 4200/4833/4199
f 4300/8038/4299 6935/8037/6933 4248/8043/4247 4247/8119/4246
f 4278/4931/4277 6931/8033/6929 4300/8038/4299 4282/8120/4281
f 4030/8006/4029 4290/4949/4289 4043/4952/4042 4018/8121/4017
f 4165/4795/4164 4288/4946/4287 4201/4834/4200 4163/4793/4162
f 4201/4834/4200 4288/4946/4287 4216/4853/4215 6984/8122/6982
f 4216/4853/4215 4288/4946/4287 4249/4895/4248 4214/4851/4213
f 4201/4834/4200 6984/8122/6982 4210/4845/4209 4202/4835/4201
f 4210/4845/4209 6984/8122/6982 4206/4841/4205 4205/4840/4204
f 4206/4841/4205 6984/8122/6982 4216/4853/4215 4215/4852/4214
f 4213/4849/4212 4276/8022/4275 4217/4854/4216 4211/4846/4210
f 4274/4923/4273 4275/4926/4274 4155/4785/4154 6985/8123/6983
f 4155/4785/4154 4275/4926/4274 4190/4821/4189 4156/4786/4155
f 4190/4821/4189 4275/4926/4274 4270/4925/4269 4192/4825/4191
f 4274/4923/4273 6985/8123/6983 4218/8124/4217 4217/4928/4216
f 4218/8124/4217 6985/8123/6983 4154/4784/4153 4204/4837/4203
f 4154/4784/4153 6985/8123/6983 4155/4785/4154 4133/4758/4132
f 4192/8125/4191 4270/4919/4269 4234/4876/4233 4237/4881/4236
f 4161/4791/4160 4266/4914/4265 4164/4794/4163 4158/4788/4157
f 4177/4807/4176 4255/4901/4254 6986/8126/6984 4175/4805/4174
f 6986/8126/6984 4255/4901/4254 4086/4711/4085 4085/4710/4084
f 4175/4805/4174 6986/8126/6984 4047/4670/4046 4050/4673/4049
f 4047/4670/4046 6986/8126/6984 4085/4710/4084 4048/4671/4047
f 4192/8125/4191 4237/4881/4236 4068/8127/4067 4188/8128/4187
f 4068/8127/4067 4237/4881/4236 4236/4878/4235 4059/8129/4058
f 4059/4682/4058 4236/8130/4235 4081/4706/4080 4060/4683/4059
f 4231/4871/4230 4230/4870/4229 4079/4702/4078 4078/4701/4077
f 4079/4702/4078 4230/4870/4229 4098/4723/4097 4096/4721/4095
f 4215/4852/4214 4218/4855/4217 4204/4838/4203 4206/4841/4205
f 4156/4786/4155 4191/4823/4190 4131/4756/4130 4130/4755/4129
f 4189/4820/4188 4188/4819/4187 4068/4691/4067 4067/4690/4066
f 4043/4666/4042 4184/8131/4183 4036/4659/4035 4032/4655/4031
f 4152/5962/4151 4162/5959/4161 4157/8132/4156 4153/8133/4152
f 4134/8109/4133 4137/8134/4136 4125/4750/4124 4127/4752/4126
f 4105/4783/4104 4132/4757/4131 4108/4759/4107 4102/8135/4101
f 4096/4721/4095 4097/4722/4096 4076/4699/4075 4079/4702/4078
f 4076/4699/4075 4097/4722/4096 6987/8136/6985 4083/4708/4082
f 6987/8136/6985 4097/4722/4096 4093/4718/4092 4026/4649/4025
f 4083/4708/4082 6987/8136/6985 4035/4658/4034 4034/4657/4033
f 4035/4658/4034 6987/8136/6985 4026/4649/4025 4023/4646/4022
f 4026/4649/4025 4093/4718/4092 4040/4663/4039 4027/4650/4026
f 4020/4643/4019 4089/4714/4088 4031/4654/4030 4017/4640/4016
f 4082/4707/4081 4083/4708/4082 4034/4657/4033 4037/4660/4036
f 3985/4601/3984 4082/8137/4081 4037/8138/4036 4064/4687/4063
f 4077/4704/4076 4082/8137/4081 3985/4601/3984 3984/4600/3983
f 4080/4705/4079 4077/4704/4076 3984/4600/3983 3989/4607/3988
f 4081/4706/4080 4080/4705/4079 6988/8139/6986 4060/4683/4059
f 6988/8139/6986 4080/4705/4079 3989/4607/3988 3906/8140/3905
f 4060/4683/4059 6988/8139/6986 6989/8141/6987 3998/4619/3997
f 6989/8141/6987 6988/8139/6986 3906/8140/3905 3905/4511/3904
f 3998/4619/3997 6989/8141/6987 6990/8142/6988 3995/4616/3994
f 6990/8142/6988 6989/8141/6987 3905/4511/3904 3691/4512/3690
f 3995/4616/3994 6990/8142/6988 4052/4675/4051 4000/4621/3999
f 4052/4675/4051 6990/8142/6988 3691/4512/3690 3693/8143/3692
f 4075/4698/4074 4074/4697/4073 3895/4500/3894 3902/4507/3901
f 3895/4500/3894 4074/4697/4073 3930/4543/3929 3896/4501/3895
f 4036/4814/4035 4061/4684/4060 4064/4687/4063 4037/8138/4036
f 4066/8144/4065 4065/7915/4064 3686/4270/3685 3992/4613/3991
f 3686/4270/3685 4065/7915/4064 6846/7914/6844 3685/4269/3684
f 3680/4264/3679 4048/4671/4047 4005/4628/4004 3678/4262/3677
f 6991/8145/6989 4045/4668/4044 3969/4582/3968 3967/4580/3966
f 4044/4667/4043 4045/4668/4044 6991/8145/6989 6992/8146/6990
f 6993/8147/6991 6992/8148/6990 6991/8149/6989 6994/8150/6992
f 4044/8151/4043 6992/8148/6990 3986/8152/3985 3985/8153/3984
f 3986/8152/3985 6992/8148/6990 6993/8147/6991 6995/8154/6993
f 3948/4561/3947 6995/8154/6993 6993/8147/6991 3949/4562/3948
f 3986/8152/3985 6995/8154/6993 6996/8155/6994 3983/4605/3982
f 6996/8155/6994 6995/8154/6993 3948/4561/3947 3944/4557/3943
f 3983/4605/3982 6996/8155/6994 6997/8156/6995 3988/4606/3987
f 6997/8156/6995 6996/8155/6994 3944/4557/3943 3943/4556/3942
f 3988/4606/3987 6997/8156/6995 3961/4574/3960 6998/8157/6996
f 3961/4574/3960 6997/8156/6995 3943/4556/3942 3945/4558/3944
f 3988/4606/3987 6998/8157/6996 4002/8158/4001 3987/4603/3986
f 4002/4625/4001 6998/8159/6996 3974/4590/3973 6999/8160/6997
f 3974/4590/3973 6998/8159/6996 3961/8161/3960 3959/4588/3958
f 4002/4625/4001 6999/8160/6997 3982/4598/3981 4001/4622/4000
f 3982/4598/3981 6999/8160/6997 3978/4594/3977 3979/4595/3978
f 3978/4594/3977 6999/8160/6997 3974/4590/3973 3973/4589/3972
f 7000/8162/6998 6994/8150/6992 3968/8163/3967 3976/8164/3975
f 3968/8163/3967 6994/8150/6992 6991/8149/6989 3967/8165/3966
f 6993/8147/6991 6994/8150/6992 7000/8162/6998 3949/4562/3948
f 7001/8166/6999 7000/8162/6998 3976/8164/3975 7002/8167/7000
f 3949/4562/3948 7000/8162/6998 7001/8166/6999 3947/4560/3946
f 3971/4585/3970 7002/8168/7000 3952/4565/3951 3955/4568/3954
f 3952/4565/3951 7002/8168/7000 3976/4592/3975 3953/4566/3952
f 7001/8166/6999 7002/8167/7000 3971/8169/3970 3972/8170/3971
f 3947/4560/3946 7001/8166/6999 3972/8170/3971 3942/4555/3941
f 4033/4656/4032 4035/4658/4034 4023/4646/4022 7003/8171/7001
f 4029/4652/4028 4033/4656/4032 7003/8171/7001 7004/8172/7002
f 4015/4638/4014 4029/4652/4028 7004/8172/7002 4021/4644/4020
f 4022/4645/4021 4025/4648/4024 4021/4644/4020 7004/8172/7002
f 4011/4634/4010 4010/4633/4009 3899/4504/3898 3900/4505/3899
f 3990/4610/3989 3992/4613/3991 3690/4274/3689 3904/4510/3903
f 3690/4274/3689 3992/4613/3991 3686/4270/3685 3681/4265/3680
f 3989/4607/3988 3990/4609/3989 3904/8173/3903 3906/8140/3905
f 3963/4576/3962 3975/4591/3974 3970/4583/3969 3956/4569/3955
f 3942/4555/3941 3972/8170/3971 3957/4570/3956 3939/4552/3938
f 3956/4569/3955 3970/4583/3969 3955/4568/3954 3954/4567/3953
f 7005/8174/7003 3907/8175/3906 3692/4279/3691 3694/4278/3693
f 3692/4276/3691 3907/4515/3906 3687/4271/3686 3689/4273/3688
f 3696/4281/3695 3907/8175/3906 7005/8174/7003 7006/8176/7004
f 7007/8177/7005 3817/4407/3816 3723/4309/3722 3726/4312/3725
f 3723/4309/3722 3817/4407/3816 3820/4410/3819 3724/4310/3723
f 3815/4405/3814 7007/8177/7005 3726/4312/3725 3737/4323/3736
f 3816/4406/3815 3815/4405/3814 3737/4323/3736 3727/4313/3726
f 3745/4331/3744 3795/6594/3794 3740/4326/3739 3739/4325/3738
f 3724/4310/3723 3820/4410/3819 7008/8178/7006 3719/4305/3718
f 7008/8178/7006 6814/7844/6812 3720/4306/3719 3719/4305/3718
f 3714/4300/3713 3732/4318/3731 3728/4314/3727 3711/4297/3710
f 3712/4298/3711 3724/4310/3723 3719/4305/3718 3713/4299/3712
f 3693/4277/3692 3697/4282/3696 4053/8179/4052 4052/8180/4051
f 4053/8179/4052 3697/4282/3696 3688/4272/3687 3698/8181/3697
f 3682/4266/3681 3685/4269/3684 6846/7914/6844 3683/4267/3682
f 3671/4255/3670 3672/4256/3671 3659/4243/3658 3662/4246/3661
f 3659/4243/3658 3672/4256/3671 3665/4249/3664 3658/4242/3657
f 3665/4249/3664 3672/4256/3671 3667/4251/3666 3666/4250/3665
f 3658/4242/3657 3665/4249/3664 3663/4247/3662 3656/4240/3655
f 7009/8182/7007 4311/4976/4310 4310/4975/4309 3650/8183/3649
f 5218/8184/5217 7009/8182/7007 3650/8183/3649 3649/8185/3648
f 3641/4223/3640 7010/8186/7008 3633/4208/3632 3631/4205/3630
f 3633/4208/3632 7010/8186/7008 3625/4199/3624 3624/4198/3623
f 3629/4203/3628 3633/4208/3632 3624/4198/3623 4285/4943/4284
f 6136/6979/6134 2618/6978/2616 6030/6877/6028 6062/6876/6060
f 2618/4156/2616 14/16/14 3610/8187/3609 6030/8188/6028
f 3729/4315/3728 3720/4306/3719 6813/7843/6811 3735/4321/3734
f 6814/7844/6812 7008/8178/7006 3820/4410/3819 3819/4409/3818
f 3864/4461/3863 3860/4460/3859 3830/4457/3829 3863/4456/3862
f 7003/8171/7001 4023/4646/4022 4022/4645/4021 7004/8172/7002
f 3616/4190/3615 4295/4981/4294 4314/8189/4313 3617/4191/3616
f 5227/8190/5226 7011/8191/7009 5218/8184/5217 5217/8192/5216
f 3640/4222/3639 3625/4199/3624 7010/8186/7008 3641/4223/3640
f 4893/5596/4892 4897/5600/4896 1332/1518/1332 3454/3936/3452
f 6371/7277/6369 6365/8193/6363 6370/7275/6368 6368/7269/6366
f 4289/4947/4288 4250/4896/4249 4249/4895/4248 4287/4945/4286
f 4268/4917/4267 3645/4227/3644 3615/4189/3614 3620/4194/3619
f 3643/4225/3642 3642/4224/3641 3647/8194/3646 3646/8195/3645
f 3645/4227/3644 3644/4226/3643 4264/4910/4263 3615/4189/3614
f 3636/8196/3635 4295/4979/4294 3644/4226/3643 3647/4229/3646
f 3637/4217/3636 3636/8197/3635 3647/8194/3646 3642/4224/3641
f 3624/4198/3623 3623/4197/3622 7012/8198/7010 4285/4943/4284
f 5137/5858/5136 4298/4963/4297 7012/8199/7010 5135/5856/5134
f 3650/4233/3649 4310/8200/4309 3623/4197/3622 3622/4196/3621
f 3626/4961/3625 4286/8201/4285 7012/8199/7010 4298/4963/4297
f 5199/5921/5198 4312/4977/4311 5209/8202/5208 5205/5927/5204
f 7009/8182/7007 5218/8184/5217 7011/8191/7009 5209/8202/5208
f 4311/4976/4310 7009/8182/7007 5209/8202/5208 4312/4977/4311
f 3725/4311/3724 3722/4308/3721 3712/4298/3711 3715/4301/3714
f 3736/4322/3735 3725/4311/3724 3715/4301/3714 3716/4302/3715
f 6131/8203/6129 3782/4368/3781 3781/4367/3780 6129/8204/6127
f 3784/4370/3783 6129/6967/6127 3788/4374/3787 3785/4371/3784
f 6132/6970/6130 6129/8204/6127 3781/4367/3780 3780/4366/3779
f 6131/8203/6129 6124/6961/6122 7013/8205/7011 3782/4368/3781
f 3783/4369/3782 3782/4368/3781 7013/8205/7011 6127/6964/6125
f 6126/6963/6124 6127/6964/6125 7013/8205/7011 6124/6961/6122
f 7007/8177/7005 3815/4405/3814 3812/4404/3811 6636/8206/6634
f 6639/7595/6637 7007/8207/7005 6636/7592/6634 6635/7591/6633
f 3817/4407/3816 7007/8177/7005 6639/8208/6637 3818/4408/3817
f 6809/7847/6807 6811/8209/6809 7014/8210/7012 6816/7848/6814
f 6818/7857/6816 6816/7848/6814 7014/8210/7012 6642/7603/6640
f 3818/4408/3817 6642/7601/6640 7014/8211/7012 6811/7841/6809
f 6638/7596/6636 6642/7601/6640 3818/4408/3817 6639/8208/6637
f 3934/4547/3933 3938/4551/3937 3909/4518/3908 3916/4525/3915
f 3914/4523/3913 3910/4519/3909 7015/8212/7013 3938/4551/3937
f 3909/4518/3908 3938/4551/3937 7015/8212/7013 3912/4521/3911
f 4063/8213/4062 4066/8144/4065 3992/4613/3991 3991/4612/3990
f 4044/8214/4043 4063/4686/4062 3991/8215/3990 4003/8216/4002
f 4064/4687/4063 4063/4686/4062 4044/8214/4043 3985/4601/3984
f 45/54/45 44/53/44 50/4162/50
f 43/51/43 42/48/42 45/54/45
f 2858/3233/2856 2853/3225/2851 2852/3224/2850
f 7016/8217/7014 7017/8218/7015 7018/8219/7016
f 1649/1852/1649 650/737/650 649/736/649
f 649/736/649 725/839/725 1580/1782/1580
f 32/69/32 49/59/49 46/58/46
f 2605/2937/2604 2607/2940/2606 2601/2938/2600
f 2608/2941/2607 2607/2940/2606 196/219/196
f 7019/8220/7017 7020/8221/7018 7021/8222/7019
f 9/11/9 3054/3457/3052 3053/3456/3051
f 2381/2680/2381 2373/2672/2373 2372/2671/2372
f 3454/3936/3452 1327/1513/1327 1329/1515/1329
f 16/18/16 20/22/20 19/21/19
f 2854/3226/2852 2853/3225/2851 2858/3233/2856
f 711/843/711 54/65/54 679/771/679
f 701/806/701 700/805/700 3600/4164/3599
f 1577/1780/1577 725/8223/725 727/8224/727
f 1577/1780/1577 727/8224/727 31/33/31
f 1577/1780/1577 31/33/31 3600/4164/3599
f 2608/2941/2607 198/221/198 2609/2943/2608
f 7022/8225/7020 7023/8226/7021 7024/8227/7022
f 3642/4224/3641 3638/4218/3637 3637/4217/3636
f 3637/4217/3636 3634/4216/3633 3636/8197/3635
f 6365/8193/6363 6364/8228/6362 6370/7275/6368
f 7025/8229/7023 7026/8230/7024 7027/8231/7025
f 7028/8232/7026 7029/8233/7027 7030/8234/7028
f 5139/5861/5138 4313/4978/4312 4312/4977/4311
f 3639/4221/3638 3643/4225/3642 3622/4196/3621
f 6125/6965/6123 6130/6968/6128 6128/6966/6126
f 3784/4370/3783 6130/6968/6128 6129/6967/6127
f 7031/8235/7029 7032/8236/7030 7033/8237/7031
f 6524/7472/6522 3054/3457/3052 9/11/9
f 5906/6691/5904 2373/2672/2373 2381/2680/2381
f 1329/1515/1329 4896/5599/4895 3454/3936/3452
f 19/4185/19 3612/4184/3611 16/4182/16
f 6370/7275/6368 6364/8228/6362 6366/7276/6364
f 4264/4910/4263 3644/4226/3643 4295/4979/4294
f 7012/8198/7010 4286/4944/4285 4285/4943/4284
f 4310/4975/4309 4313/4978/4312 5135/5854/5134
f 3623/4197/3622 4310/8200/4309 5135/8238/5134
f 7012/8198/7010 3623/4197/3622 5135/8238/5134
f 6132/6970/6130 3788/6972/3787 6129/8204/6127
f 7034/8239/7032 7035/8240/7033 7036/8241/7034
f 2602/2934/2601 2601/2933/2600 2606/4167/2605
f 7037/8242/7035 7038/8243/7036 7039/8244/7037
f 7021/8245/7019 7020/8221/7018 7019/8220/7017
f 7023/8246/7021 7022/8225/7020 7024/8227/7022
f 3913/4522/3912 3912/4521/3911 7015/8212/7013
f 7040/8247/7038 7041/8248/7039 7042/8249/7040
f 7029/8250/7027 7028/8232/7026 7030/8234/7028
f 5227/8190/5226 5209/8202/5208 7011/8191/7009
f 7043/8251/7041 7044/8252/7042 7045/8253/7043
f 7006/8176/7004 3694/4278/3693 3696/4281/3695
f 7025/8229/7023 7027/8231/7025 7026/8254/7024
f 7046/8255/7044 7047/8256/7045 7048/8257/7046
f 7015/8212/7013 3910/4519/3909 3913/4522/3912
f 7049/8258/7047 7050/8259/7048 7051/8260/7049
f 7049/8258/7047 7051/8260/7049 7050/8261/7048
f 7041/8248/7039 7040/8247/7038 7042/8262/7040
f 7006/8176/7004 7005/8174/7003 3694/4278/3693
f 7043/8251/7041 7045/8253/7043 7044/8263/7042
f 3603/4171/3602 324/364/324 323/363/323
f 7052/8264/7050 7053/8265/7051 7054/8266/7052
f 7055/8267/7053 7056/8268/7054 7057/8269/7055
f 103/122/103 3595/8270/3593 101/119/101
f 7017/8271/7015 7016/8217/7014 7018/8219/7016
f 7039/8272/7037 7038/8243/7036 7037/8242/7035
f 323/363/323 320/360/320 3603/4171/3602
f 7058/8273/7056 7059/8274/7057 7060/8275/7058
f 7058/8276/7056 7060/8275/7058 7059/8274/7057
f 7053/8265/7051 7052/8264/7050 7054/8277/7052
f 103/122/103 3594/8278/3592 3595/8270/3593
f 7055/8267/7053 7057/8269/7055 7056/8279/7054
f 6131/6969/6129 6125/6965/6123 6124/8280/6122
f 7046/8255/7044 7048/8257/7046 7047/8281/7045
f 7033/8237/7031 7032/8236/7030 7031/8282/7029
f 7036/8241/7034 7035/8283/7033 7034/8239/7032
